edad,acostumbra_leer,lee_libros,lee_revistas,lee_periodicos,lee_historietas,lee_sitios_web_blogs,formato_libro_digital,formato_libro_impreso,formato_revista_digital,formato_revista_impresa,formato_periodico_digital,formato_periodico_impreso,minutos_lectura_continua,comprension_lectura,motivo_no_leer,libros_en_casa_niñez,anio
52,No,No,No,No,No,No,NA,NA,NA,NA,NA,NA,0,NA,Falta de tiempo,No,2019
75,No,No,No,No,No,No,NA,NA,NA,NA,NA,NA,0,NA,Problemas de salud,Sí,2019
67,No,No,No,Sí,No,No,NA,NA,NA,NA,Sí,No,15,La mitad,NA,Sí,2019
65,No,No,No,No,No,No,NA,NA,NA,NA,NA,NA,0,NA,Problemas de salud,Sí,2019
66,No,No,No,No,No,No,NA,NA,NA,NA,NA,NA,0,NA,Prefiere otras actividades,Sí,2019
39,Sí,No,Sí,Sí,No,Sí,NA,NA,No,Sí,No,Sí,10,Toda,NA,Sí,2019
47,Sí,Sí,No,No,No,Sí,No,Sí,NA,NA,NA,NA,60,La mayor parte,NA,Sí,2019
42,Sí,No,No,Sí,No,No,NA,NA,NA,NA,No,Sí,15,La mayor parte,NA,Sí,2019
67,No,No,No,No,No,No,NA,NA,NA,NA,NA,NA,0,NA,Falta de interés/gusto,No recuerda,2019
45,Sí,No,No,Sí,No,No,NA,NA,NA,NA,No,Sí,20,La mayor parte,NA,Sí,2019
51,No,No,No,No,No,No,NA,NA,NA,NA,NA,NA,0,NA,Falta de tiempo,Sí,2019
50,Sí,Sí,No,No,No,Sí,No,Sí,NA,NA,NA,NA,30,La mayor parte,NA,Sí,2019
29,Sí,Sí,No,No,No,Sí,Sí,Sí,NA,NA,NA,NA,40,La mayor parte,NA,Sí,2019
62,No,No,No,No,No,No,NA,NA,NA,NA,NA,NA,0,NA,Falta de tiempo,Sí,2019
63,Sí,Sí,No,No,No,No,No,Sí,NA,NA,NA,NA,40,La mayor parte,NA,Sí,2019
73,Sí,Sí,No,No,No,No,No,Sí,NA,NA,NA,NA,30,La mayor parte,NA,Sí,2019
56,No,No,No,No,No,No,NA,NA,NA,NA,NA,NA,0,NA,Falta de tiempo,Sí,2019
24,No,No,No,No,No,No,NA,NA,NA,NA,NA,NA,0,NA,Falta de tiempo,Sí,2019
47,Sí,Sí,No,No,No,No,Sí,No,NA,NA,NA,NA,30,La mayor parte,NA,No,2019
41,No,No,No,No,No,No,NA,NA,NA,NA,NA,NA,0,NA,Falta de tiempo,No,2019
28,No,No,No,Sí,No,Sí,NA,NA,NA,NA,No,Sí,10,La mayor parte,NA,Sí,2019
56,No,No,No,No,No,No,NA,NA,NA,NA,NA,NA,0,NA,Falta de tiempo,No,2019
31,No,No,No,No,No,No,NA,NA,NA,NA,NA,NA,0,NA,Falta de tiempo,Sí,2019
37,No,No,No,No,No,No,NA,NA,NA,NA,NA,NA,0,NA,Falta de tiempo,Sí,2019
43,Sí,Sí,No,Sí,No,Sí,Sí,No,NA,NA,Sí,No,30,La mayor parte,NA,Sí,2019
52,Sí,Sí,No,No,No,Sí,No,Sí,NA,NA,NA,NA,40,La mayor parte,NA,Sí,2019
19,No,No,No,Sí,No,Sí,NA,NA,NA,NA,No,Sí,10,La mayor parte,NA,Sí,2019
21,No,No,No,No,No,Sí,NA,NA,NA,NA,NA,NA,10,La mayor parte,NA,Sí,2019
25,No,No,No,Sí,No,No,NA,NA,NA,NA,No,Sí,10,La mayor parte,NA,Sí,2019
50,No,No,No,No,No,No,NA,NA,NA,NA,NA,NA,0,NA,Falta de tiempo,Sí,2019
25,Sí,Sí,No,No,No,Sí,Sí,Sí,NA,NA,NA,NA,30,La mayor parte,NA,Sí,2019
20,Sí,Sí,No,No,No,Sí,Sí,Sí,NA,NA,NA,NA,45,La mayor parte,NA,Sí,2019
62,Sí,Sí,No,No,No,Sí,Sí,No,NA,NA,NA,NA,30,La mayor parte,NA,Sí,2019
18,No,No,No,No,No,No,NA,NA,NA,NA,NA,NA,0,NA,Prefiere otras actividades,Sí,2019
43,No,No,No,No,No,No,NA,NA,NA,NA,NA,NA,0,NA,Prefiere otras actividades,Sí,2019
35,No,No,No,No,No,Sí,NA,NA,NA,NA,NA,NA,15,La mayor parte,NA,Sí,2019
40,No,No,No,No,No,No,NA,NA,NA,NA,NA,NA,0,NA,Falta de tiempo,Sí,2019
38,No,No,No,No,No,Sí,NA,NA,NA,NA,NA,NA,15,La mayor parte,NA,Sí,2019
40,No,No,No,No,No,No,NA,NA,NA,NA,NA,NA,0,NA,Falta de tiempo,Sí,2019
47,No,No,No,No,No,No,NA,NA,NA,NA,NA,NA,0,NA,Falta de tiempo,No,2019
21,Sí,Sí,No,No,No,Sí,Sí,Sí,NA,NA,NA,NA,30,La mayor parte,NA,Sí,2019
75,No,No,No,No,No,No,NA,NA,NA,NA,NA,NA,0,NA,Problemas de salud,No,2019
37,No,No,No,No,No,Sí,NA,NA,NA,NA,NA,NA,15,La mayor parte,NA,Sí,2019
41,No,No,No,No,No,No,NA,NA,NA,NA,NA,NA,0,NA,Falta de tiempo,Sí,2019
34,Sí,No,No,Sí,No,No,NA,NA,NA,NA,No,Sí,20,Poca,NA,Sí,2019
43,No,No,No,No,No,Sí,NA,NA,NA,NA,NA,NA,15,La mayor parte,NA,Sí,2019
50,Sí,Sí,Sí,Sí,No,Sí,No,Sí,No,Sí,No,Sí,60,La mayor parte,NA,Sí,2019
57,Sí,Sí,Sí,Sí,No,Sí,No,Sí,No,Sí,No,Sí,40,La mayor parte,NA,Sí,2019
78,Sí,Sí,Sí,Sí,No,Sí,No,Sí,No,Sí,No,Sí,120,La mayor parte,NA,Sí,2019
41,Sí,Sí,No,No,No,Sí,No,Sí,NA,NA,NA,NA,30,La mayor parte,NA,No,2019
24,No,Sí,No,No,No,Sí,No,Sí,NA,NA,NA,NA,30,La mayor parte,NA,Sí,2019
33,No,No,No,No,No,No,NA,NA,NA,NA,NA,NA,0,NA,Falta de interés/gusto,No,2019
43,Sí,Sí,Sí,No,Sí,Sí,No,Sí,No,Sí,NA,NA,20,La mayor parte,NA,Sí,2019
36,No,No,Sí,No,No,Sí,NA,NA,Sí,No,NA,NA,5,La mitad,NA,Sí,2019
35,Sí,Sí,Sí,Sí,No,Sí,No,Sí,No,Sí,No,Sí,20,La mayor parte,NA,Sí,2019
25,Sí,No,No,No,No,Sí,NA,NA,NA,NA,NA,NA,10,La mitad,NA,No,2019
45,No,No,No,No,No,Sí,NA,NA,NA,NA,NA,NA,20,Toda,NA,No,2019
46,No,No,No,Sí,No,Sí,NA,NA,NA,NA,No,Sí,30,La mayor parte,NA,Sí,2019
56,Sí,No,No,Sí,No,Sí,NA,NA,NA,NA,Sí,No,60,La mayor parte,NA,Sí,2019
60,Sí,Sí,No,Sí,No,Sí,No,Sí,NA,NA,No,Sí,60,La mayor parte,NA,Sí,2019
65,Sí,No,Sí,No,No,No,NA,NA,No,Sí,NA,NA,20,La mitad,NA,No,2019
47,No,No,No,No,No,No,NA,NA,NA,NA,NA,NA,0,NA,Falta de tiempo,No,2019
36,Sí,No,No,No,No,Sí,NA,NA,NA,NA,NA,NA,60,Toda,NA,Sí,2019
55,No,No,No,No,No,No,NA,NA,NA,NA,NA,NA,0,NA,Falta de tiempo,Sí,2019
57,No,No,Sí,No,No,Sí,NA,NA,No,Sí,NA,NA,15,La mitad,NA,Sí,2019
73,Sí,Sí,No,No,No,No,No,Sí,NA,NA,NA,NA,30,La mayor parte,NA,No,2019
41,Sí,Sí,No,Sí,No,Sí,No,Sí,NA,NA,No,Sí,30,La mitad,NA,No,2019
36,Sí,Sí,Sí,Sí,No,Sí,No,Sí,No,Sí,No,Sí,30,La mayor parte,NA,Sí,2019
58,Sí,No,Sí,Sí,No,No,NA,NA,No,Sí,No,Sí,40,La mayor parte,NA,No,2019
28,No,No,No,No,No,No,NA,NA,NA,NA,NA,NA,0,NA,Falta de interés/gusto,No,2019
77,No,No,No,No,No,No,NA,NA,NA,NA,NA,NA,0,NA,Problemas de salud,No,2019
37,No,No,No,No,No,No,NA,NA,NA,NA,NA,NA,0,NA,Falta de interés/gusto,No recuerda,2019
35,No,No,No,No,No,No,NA,NA,NA,NA,NA,NA,0,NA,Problemas de salud,No,2019
25,Sí,Sí,No,No,No,No,Sí,No,NA,NA,NA,NA,15,La mayor parte,NA,No,2019
55,No,No,No,No,No,No,NA,NA,NA,NA,NA,NA,0,NA,Falta de interés/gusto,No,2019
38,No,No,No,No,No,No,NA,NA,NA,NA,NA,NA,0,NA,Falta de interés/gusto,No,2019
43,Sí,Sí,No,No,No,Sí,No,Sí,NA,NA,NA,NA,15,La mayor parte,NA,Sí,2019
65,Sí,Sí,Sí,No,No,Sí,Sí,No,No,Sí,NA,NA,90,La mayor parte,NA,No,2019
73,No,No,No,No,No,No,NA,NA,NA,NA,NA,NA,0,NA,Falta de interés/gusto,Sí,2019
40,Sí,No,Sí,No,No,Sí,NA,NA,No,Sí,NA,NA,20,Toda,NA,Sí,2019
55,Sí,No,No,Sí,No,No,NA,NA,NA,NA,No,Sí,30,La mayor parte,NA,No,2019
39,Sí,Sí,Sí,No,No,Sí,Sí,No,No,Sí,NA,NA,80,Toda,NA,Sí,2019
42,Sí,Sí,No,No,No,No,No,Sí,NA,NA,NA,NA,10,La mayor parte,NA,No,2019
55,Sí,Sí,No,No,No,No,No,Sí,NA,NA,NA,NA,30,Toda,NA,No,2019
43,Sí,Sí,Sí,No,No,No,No,Sí,No,Sí,NA,NA,15,Toda,NA,Sí,2019
45,Sí,No,Sí,No,No,No,NA,NA,No,Sí,NA,NA,30,Toda,NA,No,2019
46,Sí,Sí,No,No,No,Sí,Sí,Sí,NA,NA,NA,NA,20,La mayor parte,NA,Sí,2019
64,No,No,No,No,No,No,NA,NA,NA,NA,NA,NA,0,NA,Problemas de salud,No,2019
40,Sí,Sí,No,Sí,No,Sí,No,Sí,NA,NA,No,Sí,30,Toda,NA,Sí,2019
53,Sí,No,No,Sí,No,No,NA,NA,NA,NA,No,Sí,15,La mayor parte,NA,No,2019
64,No,No,No,No,No,No,NA,NA,NA,NA,NA,NA,0,NA,Problemas de salud,No,2019
37,No,No,No,No,No,No,NA,NA,NA,NA,NA,NA,0,NA,Falta de tiempo,Sí,2019
26,No,No,Sí,No,No,Sí,NA,NA,No,Sí,NA,NA,20,La mayor parte,NA,No,2019
33,No,No,No,No,No,No,NA,NA,NA,NA,NA,NA,0,NA,Falta de tiempo,No,2019
45,Sí,No,Sí,No,No,Sí,NA,NA,No,Sí,NA,NA,25,Toda,NA,Sí,2019
52,Sí,Sí,No,No,No,No,No,Sí,NA,NA,NA,NA,40,La mayor parte,NA,Sí,2019
41,Sí,Sí,Sí,Sí,No,Sí,No,Sí,Sí,No,Sí,No,40,Toda,NA,Sí,2019
31,Sí,No,No,No,No,Sí,NA,NA,NA,NA,NA,NA,25,Toda,NA,Sí,2019
65,No,No,No,No,No,No,NA,NA,NA,NA,NA,NA,0,NA,Problemas de salud,No,2019
72,Sí,Sí,Sí,No,No,No,No,Sí,No,Sí,NA,NA,60,La mayor parte,NA,No,2019
48,Sí,Sí,No,No,No,Sí,No,Sí,NA,NA,NA,NA,25,Toda,NA,Sí,2019
57,Sí,Sí,No,No,No,No,No,Sí,NA,NA,NA,NA,20,La mayor parte,NA,No,2019
71,Sí,No,Sí,No,No,No,NA,NA,No,Sí,NA,NA,20,La mitad,NA,No,2019
53,Sí,No,Sí,No,No,Sí,NA,NA,Sí,No,NA,NA,20,Toda,NA,No,2019
32,Sí,No,Sí,No,No,Sí,NA,NA,No,Sí,NA,NA,15,La mayor parte,NA,No,2019
23,Sí,Sí,No,No,No,Sí,Sí,No,NA,NA,NA,NA,60,La mayor parte,NA,No,2019
50,No,No,No,No,No,No,NA,NA,NA,NA,NA,NA,0,NA,Falta de tiempo,No,2019
47,Sí,Sí,No,Sí,No,Sí,No,Sí,NA,NA,Sí,No,60,Toda,NA,No,2019
29,No,No,No,No,No,Sí,NA,NA,NA,NA,NA,NA,30,Toda,NA,Sí,2019
29,Sí,Sí,Sí,No,No,No,No,Sí,No,Sí,NA,NA,80,Toda,NA,Sí,2019
36,Sí,No,Sí,No,No,Sí,NA,NA,No,Sí,NA,NA,25,Toda,NA,Sí,2019
28,Sí,No,No,No,No,Sí,NA,NA,NA,NA,NA,NA,30,Toda,NA,No,2019
19,No,Sí,No,No,No,Sí,No,Sí,NA,NA,NA,NA,15,La mayor parte,NA,Sí,2019
77,No,No,No,No,No,No,NA,NA,NA,NA,NA,NA,0,NA,Problemas de salud,No,2019
39,Sí,No,Sí,No,No,Sí,NA,NA,Sí,No,NA,NA,25,Toda,NA,Sí,2019
31,Sí,Sí,Sí,No,No,No,No,Sí,No,Sí,NA,NA,60,Toda,NA,Sí,2019
48,Sí,Sí,Sí,No,No,Sí,No,Sí,No,Sí,NA,NA,40,Toda,NA,Sí,2019
44,Sí,Sí,No,No,No,No,No,Sí,NA,NA,NA,NA,60,Toda,NA,Sí,2019
54,Sí,No,No,Sí,No,Sí,NA,NA,NA,NA,No,Sí,25,Toda,NA,Sí,2019
57,No,Sí,No,Sí,No,No,No,Sí,NA,NA,No,Sí,60,La mitad,NA,No,2019
73,Sí,Sí,No,Sí,No,No,No,Sí,NA,NA,No,Sí,60,La mayor parte,NA,No,2019
57,Sí,Sí,Sí,Sí,No,No,No,Sí,No,Sí,No,Sí,30,La mayor parte,NA,Sí,2019
39,No,No,No,Sí,No,No,NA,NA,NA,NA,No,Sí,10,La mitad,NA,Sí,2019
70,Sí,Sí,No,Sí,No,No,No,Sí,NA,NA,No,Sí,120,La mayor parte,NA,Sí,2019
60,Sí,No,No,Sí,No,No,NA,NA,NA,NA,No,Sí,20,La mitad,NA,Sí,2019
60,Sí,No,Sí,Sí,No,Sí,NA,NA,Sí,No,No,Sí,40,La mayor parte,NA,Sí,2019
75,No,No,No,No,No,No,NA,NA,NA,NA,NA,NA,0,NA,Problemas de salud,No,2019
72,NA,NA,NA,NA,NA,NA,NA,NA,NA,NA,NA,NA,0,NA,NA,NA,2019
27,Sí,No,No,No,No,No,NA,NA,NA,NA,NA,NA,0,NA,Falta de tiempo,Sí,2019
36,Sí,Sí,No,No,No,No,No,Sí,NA,NA,NA,NA,60,La mayor parte,NA,Sí,2019
63,Sí,No,No,Sí,No,No,NA,NA,NA,NA,No,Sí,30,La mayor parte,NA,No,2019
56,Sí,No,No,Sí,No,Sí,NA,NA,NA,NA,No,Sí,30,La mayor parte,NA,Sí,2019
19,No,No,No,Sí,No,Sí,NA,NA,NA,NA,No,Sí,30,La mayor parte,NA,Sí,2019
24,Sí,Sí,No,No,No,Sí,No,Sí,NA,NA,NA,NA,60,Toda,NA,Sí,2019
74,Sí,No,No,Sí,No,No,NA,NA,NA,NA,No,Sí,20,La mayor parte,NA,Sí,2019
60,Sí,Sí,No,Sí,No,Sí,No,Sí,NA,NA,No,Sí,60,La mayor parte,NA,No,2019
46,Sí,Sí,Sí,Sí,No,No,No,Sí,No,Sí,No,Sí,30,La mayor parte,NA,Sí,2019
24,Sí,Sí,No,No,Sí,Sí,No,Sí,NA,NA,NA,NA,60,La mayor parte,NA,Sí,2019
36,Sí,Sí,No,Sí,No,Sí,Sí,Sí,NA,NA,No,Sí,120,Toda,NA,Sí,2019
33,Sí,Sí,No,No,No,Sí,No,Sí,NA,NA,NA,NA,60,Toda,NA,Sí,2019
32,No,No,No,Sí,No,Sí,NA,NA,NA,NA,No,Sí,30,La mitad,NA,No,2019
44,No,No,No,Sí,No,Sí,NA,NA,NA,NA,No,Sí,20,Toda,NA,Sí,2019
64,Sí,Sí,No,Sí,No,No,No,Sí,NA,NA,No,Sí,20,La mitad,NA,No,2019
23,Sí,No,No,Sí,No,Sí,NA,NA,NA,NA,No,Sí,30,La mayor parte,NA,Sí,2019
37,No,No,No,No,No,No,NA,NA,NA,NA,NA,NA,0,NA,Falta de interés/gusto,No,2019
30,No,No,No,Sí,No,No,NA,NA,NA,NA,No,Sí,15,Poca,NA,No,2019
38,No,No,No,No,No,No,NA,NA,NA,NA,NA,NA,0,NA,Problemas de salud,Sí,2019
80,Sí,Sí,No,Sí,No,No,No,Sí,NA,NA,No,Sí,30,La mitad,NA,No,2019
69,Sí,Sí,No,Sí,No,Sí,No,Sí,NA,NA,No,Sí,30,Toda,NA,No,2019
69,Sí,No,No,Sí,No,No,NA,NA,NA,NA,No,Sí,60,Toda,NA,No,2019
36,Sí,No,No,Sí,No,Sí,NA,NA,NA,NA,Sí,No,10,La mayor parte,NA,Sí,2019
43,Sí,No,Sí,No,No,Sí,NA,NA,No,Sí,NA,NA,15,La mitad,NA,Sí,2019
43,Sí,No,No,Sí,No,Sí,NA,NA,NA,NA,No,Sí,30,La mitad,NA,Sí,2019
63,No,No,No,No,No,No,NA,NA,NA,NA,NA,NA,0,NA,Falta de tiempo,No,2019
55,Sí,Sí,No,No,No,No,No,Sí,NA,NA,NA,NA,60,Toda,NA,No,2019
26,Sí,Sí,No,No,Sí,Sí,No,Sí,NA,NA,NA,NA,30,Toda,NA,No,2019
43,Sí,Sí,Sí,Sí,No,No,No,Sí,No,Sí,No,Sí,60,La mayor parte,NA,Sí,2019
49,Sí,Sí,No,No,No,Sí,No,Sí,NA,NA,NA,NA,30,La mayor parte,NA,No,2019
39,Sí,No,Sí,No,No,Sí,NA,NA,No,Sí,NA,NA,20,Toda,NA,No,2019
42,No,No,No,No,No,No,NA,NA,NA,NA,NA,NA,0,NA,Falta de tiempo,No,2019
51,No,No,No,No,No,No,NA,NA,NA,NA,NA,NA,0,NA,Prefiere otras actividades,No,2019
32,Sí,Sí,No,No,Sí,Sí,Sí,No,NA,NA,NA,NA,30,La mayor parte,NA,Sí,2019
43,No,No,No,Sí,No,No,NA,NA,NA,NA,No,Sí,6,Poca,NA,No,2019
68,No,No,No,No,No,No,NA,NA,NA,NA,NA,NA,0,NA,Falta de interés/gusto,No,2019
48,Sí,Sí,Sí,Sí,No,Sí,No,Sí,No,Sí,Sí,No,30,Toda,NA,Sí,2019
39,No,No,No,No,No,No,NA,NA,NA,NA,NA,NA,0,NA,Falta de tiempo,Sí,2019
65,Sí,No,No,Sí,No,No,NA,NA,NA,NA,No,Sí,15,La mitad,NA,No,2019
63,No,No,No,No,No,No,NA,NA,NA,NA,NA,NA,0,NA,Falta de interés/gusto,No,2019
39,Sí,Sí,Sí,Sí,No,No,No,Sí,No,Sí,No,Sí,20,La mayor parte,NA,Sí,2019
20,Sí,Sí,No,No,No,Sí,No,Sí,NA,NA,NA,NA,20,Toda,NA,Sí,2019
39,Sí,No,Sí,Sí,No,No,NA,NA,No,Sí,No,Sí,10,La mayor parte,NA,No,2019
56,Sí,No,Sí,Sí,No,Sí,NA,NA,Sí,No,No,Sí,60,La mayor parte,NA,Sí,2019
63,Sí,Sí,Sí,Sí,No,No,Sí,No,No,Sí,No,Sí,60,Toda,NA,Sí,2019
37,No,No,No,No,No,No,NA,NA,NA,NA,NA,NA,0,NA,Falta de tiempo,Sí,2019
69,Sí,No,Sí,Sí,No,No,NA,NA,No,Sí,No,Sí,30,Toda,NA,Sí,2019
39,No,No,No,No,No,Sí,NA,NA,NA,NA,NA,NA,30,La mayor parte,NA,Sí,2019
60,Sí,Sí,Sí,Sí,No,Sí,No,Sí,No,Sí,No,Sí,5,La mitad,NA,No,2019
52,Sí,No,No,No,No,No,NA,NA,NA,NA,NA,NA,0,NA,Falta de interés/gusto,Sí,2019
25,Sí,No,Sí,No,No,Sí,NA,NA,No,Sí,NA,NA,30,La mayor parte,NA,Sí,2019
49,Sí,Sí,No,No,No,Sí,No,Sí,NA,NA,NA,NA,20,La mayor parte,NA,No,2019
61,Sí,Sí,Sí,Sí,No,No,No,Sí,No,Sí,No,Sí,15,Toda,NA,No,2019
36,Sí,No,Sí,Sí,No,No,NA,NA,No,Sí,No,Sí,5,Toda,NA,No,2019
65,Sí,Sí,No,Sí,No,No,No,Sí,NA,NA,No,Sí,20,Poca,NA,Sí,2019
49,No,No,No,Sí,No,No,NA,NA,NA,NA,No,Sí,5,Toda,NA,Sí,2019
40,No,No,No,No,No,No,NA,NA,NA,NA,NA,NA,0,NA,Falta de interés/gusto,Sí,2019
33,No,No,Sí,No,No,Sí,NA,NA,No,Sí,NA,NA,60,La mayor parte,NA,Sí,2019
67,Sí,Sí,No,Sí,No,No,No,Sí,NA,NA,No,Sí,20,La mayor parte,NA,No,2019
44,No,No,No,No,No,Sí,NA,NA,NA,NA,NA,NA,5,La mayor parte,NA,Sí,2019
40,No,No,No,No,No,No,NA,NA,NA,NA,NA,NA,0,NA,Falta de tiempo,Sí,2019
21,Sí,Sí,Sí,Sí,No,Sí,No,Sí,No,Sí,Sí,No,60,Toda,NA,Sí,2019
46,Sí,No,No,No,No,Sí,NA,NA,NA,NA,NA,NA,20,Toda,NA,Sí,2019
28,Sí,No,Sí,No,Sí,Sí,NA,NA,Sí,No,NA,NA,15,La mayor parte,NA,Sí,2019
23,Sí,Sí,Sí,Sí,Sí,Sí,No,Sí,No,Sí,No,Sí,20,Toda,NA,Sí,2019
45,No,No,No,No,No,No,NA,NA,NA,NA,NA,NA,0,NA,Falta de interés/gusto,Sí,2019
55,Sí,No,Sí,Sí,No,No,NA,NA,No,Sí,No,Sí,45,La mayor parte,NA,Sí,2019
40,No,No,No,No,No,No,NA,NA,NA,NA,NA,NA,0,NA,Falta de tiempo,No,2019
23,Sí,Sí,No,No,No,Sí,No,Sí,NA,NA,NA,NA,120,La mayor parte,NA,Sí,2019
27,Sí,Sí,No,No,No,No,Sí,No,NA,NA,NA,NA,90,La mayor parte,NA,No,2019
82,NA,NA,NA,NA,NA,NA,NA,NA,NA,NA,NA,NA,0,NA,NA,NA,2019
32,Sí,No,Sí,No,No,No,NA,NA,No,Sí,NA,NA,45,La mitad,NA,No,2019
56,No,No,No,No,No,No,NA,NA,NA,NA,NA,NA,0,NA,Falta de interés/gusto,No,2019
22,Sí,Sí,No,No,No,No,Sí,No,NA,NA,NA,NA,120,Toda,NA,Sí,2019
18,No,No,Sí,No,No,No,NA,NA,No,Sí,NA,NA,20,La mayor parte,NA,Sí,2019
55,Sí,Sí,No,No,No,No,No,Sí,NA,NA,NA,NA,45,La mayor parte,NA,No,2019
23,No,No,No,No,No,No,NA,NA,NA,NA,NA,NA,0,NA,Falta de interés/gusto,No,2019
70,No,No,No,No,No,No,NA,NA,NA,NA,NA,NA,0,NA,Problemas de salud,No,2019
67,Sí,No,Sí,No,No,No,NA,NA,No,Sí,NA,NA,60,La mayor parte,NA,No,2019
68,Sí,Sí,No,No,No,No,No,Sí,NA,NA,NA,NA,40,La mayor parte,NA,Sí,2019
54,Sí,Sí,Sí,No,No,Sí,Sí,No,No,Sí,NA,NA,120,Toda,NA,Sí,2019
69,Sí,Sí,No,No,No,No,No,Sí,NA,NA,NA,NA,45,La mayor parte,NA,Sí,2019
86,No,No,No,No,No,No,NA,NA,NA,NA,NA,NA,0,NA,Problemas de salud,No,2019
52,Sí,Sí,Sí,No,No,No,Sí,No,No,Sí,NA,NA,60,La mayor parte,NA,Sí,2019
39,Sí,No,No,No,No,No,NA,NA,NA,NA,NA,NA,0,NA,Prefiere otras actividades,Sí,2019
58,Sí,Sí,No,No,No,No,No,Sí,NA,NA,NA,NA,120,Toda,NA,No,2019
80,No,No,No,No,No,No,NA,NA,NA,NA,NA,NA,0,NA,Problemas de salud,No,2019
50,No,No,No,No,No,No,NA,NA,NA,NA,NA,NA,0,NA,Falta de interés/gusto,No,2019
33,No,No,No,No,No,No,NA,NA,NA,NA,NA,NA,0,NA,Falta de interés/gusto,No,2019
39,Sí,No,No,Sí,No,No,NA,NA,NA,NA,No,Sí,45,La mitad,NA,No,2019
49,Sí,Sí,No,No,No,No,No,Sí,NA,NA,NA,NA,60,La mayor parte,NA,Sí,2019
19,Sí,No,Sí,No,No,No,NA,NA,No,Sí,NA,NA,50,La mayor parte,NA,Sí,2019
70,No,No,No,No,No,No,NA,NA,NA,NA,NA,NA,0,NA,Problemas de salud,No,2019
44,No,No,No,No,No,No,NA,NA,NA,NA,NA,NA,0,NA,Prefiere otras actividades,Sí,2019
29,Sí,Sí,No,Sí,No,Sí,Sí,No,NA,NA,No,Sí,60,La mayor parte,NA,Sí,2019
23,Sí,No,No,Sí,No,No,NA,NA,NA,NA,No,Sí,60,La mitad,NA,No,2019
49,Sí,Sí,Sí,Sí,No,Sí,Sí,No,No,Sí,No,Sí,60,Toda,NA,Sí,2019
68,Sí,No,No,Sí,No,No,NA,NA,NA,NA,No,Sí,60,La mayor parte,NA,Sí,2019
74,Sí,Sí,Sí,Sí,No,No,No,Sí,No,Sí,No,Sí,120,Toda,NA,Sí,2019
68,No,No,No,No,No,No,NA,NA,NA,NA,NA,NA,0,NA,Problemas de salud,No,2019
47,No,No,No,No,No,No,NA,NA,NA,NA,NA,NA,0,NA,Prefiere otras actividades,Sí,2019
20,No,No,No,No,No,No,NA,NA,NA,NA,NA,NA,0,NA,Falta de interés/gusto,No,2019
37,No,No,No,No,No,No,NA,NA,NA,NA,NA,NA,0,NA,Falta de interés/gusto,No,2019
28,No,No,No,Sí,No,No,NA,NA,NA,NA,No,Sí,45,La mitad,NA,No,2019
66,No,No,No,No,No,No,NA,NA,NA,NA,NA,NA,0,NA,Falta de interés/gusto,No,2019
41,Sí,No,No,Sí,No,No,NA,NA,NA,NA,No,Sí,120,La mayor parte,NA,Sí,2019
65,Sí,Sí,No,No,No,No,No,Sí,NA,NA,NA,NA,30,La mitad,NA,No,2019
43,Sí,No,Sí,Sí,No,No,NA,NA,No,Sí,No,Sí,45,Toda,NA,Sí,2019
60,Sí,No,Sí,No,No,No,NA,NA,No,Sí,NA,NA,60,La mayor parte,NA,Sí,2019
47,Sí,No,No,Sí,No,No,NA,NA,NA,NA,No,Sí,60,La mayor parte,NA,Sí,2019
23,No,No,No,No,No,No,NA,NA,NA,NA,NA,NA,0,NA,Falta de tiempo,No,2019
19,Sí,Sí,No,No,Sí,Sí,Sí,No,NA,NA,NA,NA,10,La mayor parte,NA,Sí,2019
35,Sí,No,Sí,Sí,No,No,NA,NA,No,Sí,No,Sí,10,La mitad,NA,No,2019
44,Sí,Sí,Sí,Sí,No,No,No,Sí,Sí,Sí,No,Sí,60,Toda,NA,Sí,2019
60,Sí,Sí,Sí,Sí,No,Sí,No,Sí,No,Sí,No,Sí,60,La mayor parte,NA,No,2019
19,Sí,Sí,No,No,No,Sí,No,Sí,NA,NA,NA,NA,30,La mayor parte,NA,Sí,2019
59,Sí,Sí,Sí,No,No,No,No,Sí,No,Sí,NA,NA,15,La mitad,NA,No,2019
20,Sí,Sí,No,No,No,Sí,Sí,No,NA,NA,NA,NA,20,Toda,NA,Sí,2019
78,Sí,Sí,Sí,Sí,No,No,No,Sí,No,Sí,No,Sí,120,La mayor parte,NA,Sí,2019
25,Sí,Sí,No,No,No,Sí,Sí,Sí,NA,NA,NA,NA,30,La mayor parte,NA,Sí,2019
19,No,No,No,No,No,No,NA,NA,NA,NA,NA,NA,0,NA,Falta de interés/gusto,Sí,2019
33,No,No,No,No,No,No,NA,NA,NA,NA,NA,NA,0,NA,Falta de tiempo,No,2019
41,Sí,Sí,Sí,No,No,Sí,No,Sí,No,Sí,NA,NA,45,La mitad,NA,Sí,2019
59,Sí,No,Sí,No,No,No,NA,NA,No,Sí,NA,NA,10,La mitad,NA,Sí,2019
28,Sí,No,No,No,No,No,NA,NA,NA,NA,NA,NA,0,NA,Falta de interés/gusto,No,2019
58,No,No,No,Sí,No,Sí,NA,NA,NA,NA,No,Sí,30,La mayor parte,NA,No,2019
59,Sí,Sí,Sí,No,No,Sí,Sí,Sí,Sí,Sí,NA,NA,60,La mayor parte,NA,Sí,2019
59,Sí,Sí,Sí,Sí,Sí,Sí,No,Sí,No,Sí,Sí,No,60,La mayor parte,NA,No,2019
28,Sí,Sí,No,No,No,No,No,Sí,NA,NA,NA,NA,20,La mitad,NA,Sí,2019
58,Sí,Sí,No,No,No,Sí,No,Sí,NA,NA,NA,NA,15,Toda,NA,No,2019
47,Sí,No,No,No,No,Sí,NA,NA,NA,NA,NA,NA,20,La mayor parte,NA,No,2019
62,NA,NA,NA,NA,NA,NA,NA,NA,NA,NA,NA,NA,0,NA,NA,NA,2019
24,Sí,Sí,Sí,No,No,Sí,Sí,Sí,No,Sí,NA,NA,60,La mayor parte,NA,Sí,2019
25,Sí,Sí,Sí,No,Sí,No,No,Sí,No,Sí,NA,NA,30,La mitad,NA,Sí,2019
28,No,No,No,No,No,Sí,NA,NA,NA,NA,NA,NA,3,La mayor parte,NA,Sí,2019
29,Sí,Sí,Sí,No,Sí,No,No,Sí,No,Sí,NA,NA,30,La mayor parte,NA,Sí,2019
37,Sí,Sí,Sí,No,No,No,No,Sí,No,Sí,NA,NA,40,La mayor parte,NA,Sí,2019
33,No,No,No,No,No,Sí,NA,NA,NA,NA,NA,NA,60,Toda,NA,Sí,2019
41,Sí,No,No,No,No,Sí,NA,NA,NA,NA,NA,NA,10,La mitad,NA,Sí,2019
42,Sí,No,Sí,No,No,Sí,NA,NA,No,Sí,NA,NA,30,La mayor parte,NA,Sí,2019
63,NA,NA,NA,NA,NA,NA,NA,NA,NA,NA,NA,NA,0,NA,NA,NA,2019
29,No,No,Sí,No,No,Sí,NA,NA,No,Sí,NA,NA,60,La mitad,NA,Sí,2019
39,No,No,No,Sí,No,Sí,NA,NA,NA,NA,No,Sí,10,La mitad,NA,No,2019
51,Sí,Sí,Sí,No,No,Sí,Sí,No,Sí,No,NA,NA,30,La mayor parte,NA,Sí,2019
23,No,Sí,No,No,Sí,Sí,No,Sí,NA,NA,NA,NA,30,La mitad,NA,Sí,2019
31,Sí,Sí,No,No,No,Sí,No,Sí,NA,NA,NA,NA,10,La mayor parte,NA,No,2019
54,Sí,Sí,No,No,No,No,No,Sí,NA,NA,NA,NA,20,La mitad,NA,No,2019
19,Sí,Sí,Sí,No,No,Sí,No,Sí,No,Sí,NA,NA,60,La mayor parte,NA,Sí,2019
26,No,No,Sí,No,No,No,NA,NA,No,Sí,NA,NA,5,La mayor parte,NA,Sí,2019
59,Sí,No,Sí,No,No,No,NA,NA,No,Sí,NA,NA,5,Poca,NA,Sí,2019
24,No,No,Sí,Sí,No,No,NA,NA,No,Sí,No,Sí,15,La mayor parte,NA,Sí,2019
33,No,No,No,Sí,No,No,NA,NA,NA,NA,Sí,No,30,La mitad,NA,Sí,2019
55,Sí,Sí,Sí,Sí,No,No,No,Sí,No,Sí,No,Sí,60,La mayor parte,NA,Sí,2019
31,Sí,Sí,Sí,No,Sí,Sí,No,Sí,No,Sí,NA,NA,30,La mayor parte,NA,Sí,2019
65,No,No,No,No,No,No,NA,NA,NA,NA,NA,NA,0,NA,Falta de interés/gusto,No recuerda,2019
37,Sí,Sí,No,Sí,No,Sí,No,Sí,NA,NA,No,Sí,30,La mayor parte,NA,No,2019
24,Sí,Sí,No,Sí,No,No,No,Sí,NA,NA,No,Sí,60,Toda,NA,Sí,2019
31,No,Sí,Sí,No,No,Sí,No,Sí,No,Sí,NA,NA,60,Toda,NA,Sí,2019
25,Sí,Sí,Sí,No,No,Sí,Sí,No,No,Sí,NA,NA,120,Toda,NA,Sí,2019
28,No,No,No,Sí,No,Sí,NA,NA,NA,NA,Sí,No,30,Toda,NA,Sí,2019
24,Sí,Sí,Sí,No,No,Sí,No,Sí,No,Sí,NA,NA,30,La mayor parte,NA,Sí,2019
36,No,No,No,No,No,No,NA,NA,NA,NA,NA,NA,0,NA,Falta de interés/gusto,No,2019
26,No,No,No,No,No,No,NA,NA,NA,NA,NA,NA,0,NA,Falta de interés/gusto,Sí,2019
21,Sí,Sí,No,No,No,Sí,No,Sí,NA,NA,NA,NA,90,La mayor parte,NA,Sí,2019
47,No,No,No,Sí,No,No,NA,NA,NA,NA,Sí,No,20,Toda,NA,No,2019
43,No,No,No,Sí,No,No,NA,NA,NA,NA,No,Sí,20,La mitad,NA,No,2019
59,No,No,No,No,No,No,NA,NA,NA,NA,NA,NA,0,NA,Falta de interés/gusto,No recuerda,2019
26,No,No,Sí,No,No,No,NA,NA,No,Sí,NA,NA,15,La mayor parte,NA,Sí,2019
45,Sí,Sí,No,Sí,No,No,No,Sí,NA,NA,Sí,No,60,Toda,NA,No,2019
42,Sí,Sí,Sí,Sí,No,No,Sí,No,Sí,No,Sí,No,60,La mitad,NA,Sí,2019
58,Sí,No,No,Sí,No,No,NA,NA,NA,NA,No,Sí,10,Toda,NA,No,2019
77,Sí,Sí,No,No,No,No,No,Sí,NA,NA,NA,NA,30,Poca,NA,No,2019
33,Sí,Sí,No,No,No,No,Sí,No,NA,NA,NA,NA,60,La mitad,NA,Sí,2019
23,Sí,Sí,No,Sí,No,Sí,No,Sí,NA,NA,Sí,No,30,La mayor parte,NA,Sí,2019
75,Sí,Sí,Sí,No,No,No,No,Sí,No,Sí,NA,NA,60,La mitad,NA,Sí,2019
32,Sí,No,No,Sí,No,No,NA,NA,NA,NA,No,Sí,15,Poca,NA,Sí,2019
49,No,Sí,No,No,No,No,No,Sí,NA,NA,NA,NA,15,Toda,NA,No,2019
40,Sí,Sí,No,No,No,Sí,No,Sí,NA,NA,NA,NA,20,La mayor parte,NA,No,2019
24,No,No,Sí,Sí,No,No,NA,NA,No,Sí,No,Sí,10,Poca,NA,Sí,2019
23,Sí,No,No,Sí,No,Sí,NA,NA,NA,NA,No,Sí,30,Toda,NA,Sí,2019
44,No,Sí,No,No,No,No,No,Sí,NA,NA,NA,NA,20,Toda,NA,No,2019
51,No,No,No,No,No,No,NA,NA,NA,NA,NA,NA,0,NA,Falta de tiempo,No,2019
40,No,No,No,No,No,No,NA,NA,NA,NA,NA,NA,0,NA,Falta de interés/gusto,No,2019
29,Sí,Sí,No,No,Sí,Sí,No,Sí,NA,NA,NA,NA,30,Toda,NA,Sí,2019
24,No,No,No,Sí,No,No,NA,NA,NA,NA,No,Sí,10,La mitad,NA,Sí,2019
64,Sí,No,Sí,No,No,No,NA,NA,No,Sí,NA,NA,30,La mitad,NA,No,2019
63,NA,NA,NA,NA,NA,NA,NA,NA,NA,NA,NA,NA,0,NA,NA,NA,2019
25,Sí,Sí,No,No,No,Sí,Sí,No,NA,NA,NA,NA,60,La mayor parte,NA,No,2019
48,No,No,No,No,No,No,NA,NA,NA,NA,NA,NA,0,NA,Falta de tiempo,No recuerda,2019
72,No,No,No,No,No,No,NA,NA,NA,NA,NA,NA,0,NA,Problemas de salud,No,2019
25,Sí,Sí,No,No,No,Sí,Sí,No,NA,NA,NA,NA,120,La mayor parte,NA,Sí,2019
33,No,No,No,Sí,No,Sí,NA,NA,NA,NA,No,Sí,15,La mitad,NA,No,2019
80,No,No,No,No,No,No,NA,NA,NA,NA,NA,NA,0,NA,Falta de interés/gusto,No,2019
42,No,No,Sí,Sí,No,Sí,NA,NA,No,Sí,No,Sí,20,La mitad,NA,No,2019
38,No,No,No,No,No,No,NA,NA,NA,NA,NA,NA,0,NA,Falta de tiempo,No,2019
32,Sí,Sí,Sí,Sí,No,No,No,Sí,No,Sí,No,Sí,30,Toda,NA,Sí,2019
46,No,No,Sí,Sí,No,No,NA,NA,No,Sí,No,Sí,20,La mayor parte,NA,Sí,2019
46,No,No,No,Sí,No,No,NA,NA,NA,NA,No,Sí,15,La mayor parte,NA,Sí,2019
66,Sí,No,Sí,No,No,No,NA,NA,No,Sí,NA,NA,20,La mayor parte,NA,No,2019
53,Sí,Sí,No,Sí,No,No,No,Sí,NA,NA,No,Sí,90,Toda,NA,Sí,2019
81,No,No,No,No,No,No,NA,NA,NA,NA,NA,NA,0,NA,Falta de interés/gusto,No,2019
70,Sí,No,No,Sí,No,No,NA,NA,NA,NA,No,Sí,30,La mayor parte,NA,No recuerda,2019
42,Sí,Sí,No,No,No,Sí,No,Sí,NA,NA,NA,NA,120,La mayor parte,NA,Sí,2019
55,No,No,No,No,No,No,NA,NA,NA,NA,NA,NA,0,NA,Falta de interés/gusto,No recuerda,2019
58,Sí,No,No,No,No,No,NA,NA,NA,NA,NA,NA,0,NA,Falta de tiempo,No recuerda,2019
45,Sí,Sí,No,No,No,No,No,Sí,NA,NA,NA,NA,120,La mayor parte,NA,Sí,2019
40,Sí,Sí,Sí,Sí,No,Sí,No,Sí,No,Sí,No,Sí,40,Toda,NA,Sí,2019
49,Sí,Sí,Sí,Sí,No,Sí,No,Sí,No,Sí,No,Sí,60,Toda,NA,Sí,2019
46,Sí,Sí,Sí,No,No,Sí,Sí,No,Sí,No,NA,NA,40,Toda,NA,Sí,2019
63,No,No,Sí,Sí,No,No,NA,NA,No,Sí,No,Sí,20,La mayor parte,NA,Sí,2019
41,Sí,Sí,No,Sí,No,Sí,No,Sí,NA,NA,Sí,No,60,Toda,NA,Sí,2019
56,No,No,Sí,No,No,No,NA,NA,No,Sí,NA,NA,30,La mitad,NA,Sí,2019
29,Sí,Sí,Sí,Sí,No,Sí,No,Sí,No,Sí,Sí,No,60,La mayor parte,NA,Sí,2019
38,Sí,No,Sí,Sí,No,Sí,NA,NA,No,Sí,No,Sí,35,La mayor parte,NA,Sí,2019
25,Sí,Sí,Sí,Sí,No,No,No,Sí,No,Sí,No,Sí,45,La mayor parte,NA,Sí,2019
64,No,No,No,No,No,No,NA,NA,NA,NA,NA,NA,0,NA,Falta de tiempo,Sí,2019
64,No,No,Sí,No,No,No,NA,NA,No,Sí,NA,NA,30,La mayor parte,NA,Sí,2019
60,Sí,No,No,Sí,No,No,NA,NA,NA,NA,No,Sí,35,La mayor parte,NA,No,2019
45,No,No,No,No,No,No,NA,NA,NA,NA,NA,NA,0,NA,Falta de interés/gusto,No,2019
48,Sí,No,No,Sí,No,No,NA,NA,NA,NA,No,Sí,20,La mayor parte,NA,No,2019
43,Sí,Sí,Sí,Sí,No,No,No,Sí,No,Sí,No,Sí,90,Toda,NA,Sí,2019
35,Sí,Sí,Sí,Sí,No,Sí,No,Sí,No,Sí,No,Sí,30,La mayor parte,NA,Sí,2019
24,Sí,Sí,Sí,Sí,No,Sí,No,Sí,No,Sí,No,Sí,30,La mayor parte,NA,Sí,2019
71,No,No,No,No,No,No,NA,NA,NA,NA,NA,NA,0,NA,Problemas de salud,No,2019
33,No,No,Sí,Sí,No,Sí,NA,NA,No,Sí,No,Sí,30,La mayor parte,NA,Sí,2019
27,Sí,Sí,Sí,No,No,Sí,No,Sí,No,Sí,NA,NA,120,La mayor parte,NA,Sí,2019
46,No,No,Sí,No,No,Sí,NA,NA,No,Sí,NA,NA,30,Poca,NA,Sí,2019
95,Sí,Sí,No,Sí,No,No,No,Sí,NA,NA,No,Sí,120,La mayor parte,NA,Sí,2019
44,Sí,Sí,Sí,No,No,Sí,No,Sí,No,Sí,NA,NA,45,La mayor parte,NA,Sí,2019
31,No,No,No,No,No,No,NA,NA,NA,NA,NA,NA,0,NA,Falta de interés/gusto,Sí,2019
25,Sí,No,Sí,No,No,Sí,NA,NA,No,Sí,NA,NA,50,La mayor parte,NA,Sí,2019
24,Sí,No,Sí,No,No,Sí,NA,NA,No,Sí,NA,NA,25,La mayor parte,NA,Sí,2019
22,Sí,No,No,No,No,Sí,NA,NA,NA,NA,NA,NA,50,La mayor parte,NA,Sí,2019
29,Sí,No,No,Sí,No,No,NA,NA,NA,NA,No,Sí,30,La mayor parte,NA,Sí,2019
35,No,No,Sí,No,No,No,NA,NA,No,Sí,NA,NA,30,La mayor parte,NA,Sí,2019
32,No,No,No,Sí,No,No,NA,NA,NA,NA,No,Sí,20,La mayor parte,NA,Sí,2019
34,NA,NA,NA,NA,NA,NA,NA,NA,NA,NA,NA,NA,0,NA,NA,NA,2019
57,No,No,No,No,No,No,NA,NA,NA,NA,NA,NA,0,NA,Falta de tiempo,No,2019
45,Sí,No,No,Sí,No,No,NA,NA,NA,NA,No,Sí,40,Toda,NA,Sí,2019
29,Sí,No,Sí,Sí,No,Sí,NA,NA,Sí,No,No,Sí,60,Toda,NA,Sí,2019
54,No,No,No,No,No,No,NA,NA,NA,NA,NA,NA,0,NA,Falta de interés/gusto,Sí,2019
37,No,No,No,Sí,No,No,NA,NA,NA,NA,No,Sí,15,La mayor parte,NA,Sí,2019
63,No,No,Sí,Sí,No,No,NA,NA,No,Sí,No,Sí,30,La mitad,NA,Sí,2019
49,Sí,Sí,Sí,No,No,No,No,Sí,Sí,No,NA,NA,60,Toda,NA,Sí,2019
28,Sí,No,No,Sí,No,Sí,NA,NA,NA,NA,No,Sí,30,La mayor parte,NA,Sí,2019
53,Sí,Sí,Sí,Sí,No,Sí,Sí,Sí,No,Sí,No,Sí,120,Toda,NA,Sí,2019
40,No,No,No,Sí,No,No,NA,NA,NA,NA,No,Sí,10,Poca,NA,No,2019
44,No,No,Sí,No,No,No,NA,NA,No,Sí,NA,NA,15,La mitad,NA,Sí,2019
44,No,No,No,No,No,No,NA,NA,NA,NA,NA,NA,0,NA,Falta de tiempo,Sí,2019
35,Sí,No,No,Sí,No,Sí,NA,NA,NA,NA,No,Sí,30,La mitad,NA,Sí,2019
75,No,No,No,No,No,No,NA,NA,NA,NA,NA,NA,0,NA,Problemas de salud,Sí,2019
21,Sí,No,Sí,No,No,Sí,NA,NA,Sí,No,NA,NA,60,La mayor parte,NA,Sí,2019
41,Sí,Sí,Sí,Sí,No,Sí,Sí,No,No,Sí,Sí,No,150,La mayor parte,NA,No,2019
75,No,No,No,No,No,No,NA,NA,NA,NA,NA,NA,0,NA,Problemas de salud,Sí,2019
46,No,No,Sí,Sí,No,No,NA,NA,No,Sí,No,Sí,20,Toda,NA,No,2019
45,No,No,No,No,No,No,NA,NA,NA,NA,NA,NA,0,NA,Falta de tiempo,No recuerda,2019
28,No,No,No,No,No,No,NA,NA,NA,NA,NA,NA,0,NA,Falta de tiempo,Sí,2019
74,No,No,No,No,No,No,NA,NA,NA,NA,NA,NA,0,NA,Problemas de salud,No,2019
41,No,No,No,No,No,No,NA,NA,NA,NA,NA,NA,0,NA,Prefiere otras actividades,Sí,2019
77,Sí,No,No,No,No,No,NA,NA,NA,NA,NA,NA,0,NA,Problemas de salud,Sí,2019
60,Sí,Sí,Sí,Sí,No,Sí,No,Sí,No,Sí,Sí,No,120,Toda,NA,Sí,2019
43,Sí,Sí,Sí,Sí,No,Sí,No,Sí,No,Sí,Sí,No,120,La mayor parte,NA,Sí,2019
40,No,No,No,No,No,No,NA,NA,NA,NA,NA,NA,0,NA,Falta de interés/gusto,Sí,2019
21,No,No,No,No,No,No,NA,NA,NA,NA,NA,NA,0,NA,Falta de tiempo,Sí,2019
38,No,No,No,Sí,No,No,NA,NA,NA,NA,No,Sí,20,La mitad,NA,Sí,2019
60,Sí,Sí,Sí,Sí,No,Sí,No,Sí,No,Sí,No,Sí,60,Toda,NA,Sí,2019
50,No,No,No,Sí,No,Sí,NA,NA,NA,NA,No,Sí,10,Poca,NA,No,2019
46,Sí,Sí,No,No,No,Sí,Sí,No,NA,NA,NA,NA,60,La mayor parte,NA,Sí,2019
27,No,No,No,No,No,No,NA,NA,NA,NA,NA,NA,0,NA,Falta de tiempo,No,2019
73,Sí,Sí,No,Sí,No,No,No,Sí,NA,NA,No,Sí,40,Toda,NA,Sí,2019
46,Sí,Sí,No,Sí,No,No,Sí,No,NA,NA,No,Sí,60,La mayor parte,NA,Sí,2019
54,Sí,Sí,No,Sí,No,Sí,Sí,No,NA,NA,No,Sí,60,Toda,NA,Sí,2019
70,No,No,No,No,No,No,NA,NA,NA,NA,NA,NA,0,NA,Problemas de salud,No,2019
54,No,No,No,No,No,No,NA,NA,NA,NA,NA,NA,0,NA,Falta de tiempo,No,2019
53,No,No,No,No,No,No,NA,NA,NA,NA,NA,NA,0,NA,Falta de interés/gusto,No,2019
21,No,No,No,No,No,Sí,NA,NA,NA,NA,NA,NA,20,La mayor parte,NA,No,2019
22,Sí,Sí,No,No,No,Sí,No,Sí,NA,NA,NA,NA,60,La mayor parte,NA,No,2019
42,No,No,No,No,No,No,NA,NA,NA,NA,NA,NA,0,NA,Falta de tiempo,No,2019
50,Sí,No,Sí,Sí,No,No,NA,NA,No,Sí,No,Sí,30,La mayor parte,NA,No,2019
45,No,No,No,No,No,No,NA,NA,NA,NA,NA,NA,0,NA,Falta de tiempo,No,2019
47,No,No,No,No,No,No,NA,NA,NA,NA,NA,NA,0,NA,Falta de tiempo,No,2019
49,No,No,No,Sí,Sí,No,NA,NA,NA,NA,No,Sí,15,La mitad,NA,No,2019
19,Sí,Sí,No,No,No,Sí,Sí,No,NA,NA,NA,NA,60,Toda,NA,Sí,2019
46,Sí,No,Sí,Sí,No,Sí,NA,NA,No,Sí,No,Sí,60,La mayor parte,NA,No,2019
32,Sí,Sí,No,No,No,Sí,Sí,No,NA,NA,NA,NA,60,Toda,NA,No,2019
40,No,No,No,No,No,No,NA,NA,NA,NA,NA,NA,0,NA,Falta de tiempo,No,2019
34,No,No,No,Sí,No,Sí,NA,NA,NA,NA,No,Sí,20,La mayor parte,NA,No,2019
63,No,No,No,No,No,No,NA,NA,NA,NA,NA,NA,0,NA,Falta de interés/gusto,No,2019
64,No,No,No,No,No,No,NA,NA,NA,NA,NA,NA,0,NA,Problemas de salud,No recuerda,2019
70,Sí,No,No,Sí,No,No,NA,NA,NA,NA,No,Sí,30,La mayor parte,NA,No,2019
35,Sí,No,Sí,No,No,Sí,NA,NA,No,Sí,NA,NA,30,La mayor parte,NA,Sí,2019
40,No,No,No,No,No,No,NA,NA,NA,NA,NA,NA,0,NA,Falta de interés/gusto,No,2019
30,No,No,No,Sí,No,Sí,NA,NA,NA,NA,No,Sí,30,La mayor parte,NA,No recuerda,2019
60,No,No,No,No,No,No,NA,NA,NA,NA,NA,NA,0,NA,Falta de interés/gusto,No,2019
48,Sí,No,No,Sí,No,No,NA,NA,NA,NA,No,Sí,30,La mayor parte,NA,Sí,2019
55,Sí,No,Sí,No,No,No,NA,NA,No,Sí,NA,NA,20,La mayor parte,NA,No recuerda,2019
55,No,No,No,No,No,No,NA,NA,NA,NA,NA,NA,0,NA,Falta de tiempo,Sí,2019
67,No,No,No,No,No,No,NA,NA,NA,NA,NA,NA,0,NA,Problemas de salud,Sí,2019
43,No,No,No,No,No,No,NA,NA,NA,NA,NA,NA,0,NA,Falta de tiempo,Sí,2019
44,Sí,No,No,Sí,No,No,NA,NA,NA,NA,No,Sí,40,La mayor parte,NA,Sí,2019
44,No,No,No,No,No,No,NA,NA,NA,NA,NA,NA,0,NA,Falta de tiempo,No,2019
49,No,No,No,No,No,No,NA,NA,NA,NA,NA,NA,0,NA,Falta de interés/gusto,No,2019
39,No,No,No,No,No,No,NA,NA,NA,NA,NA,NA,0,NA,Falta de interés/gusto,No,2019
57,No,No,No,No,No,No,NA,NA,NA,NA,NA,NA,0,NA,Falta de tiempo,No,2019
51,Sí,No,Sí,Sí,No,Sí,NA,NA,No,Sí,No,Sí,30,La mitad,NA,No,2019
53,Sí,Sí,Sí,Sí,No,Sí,No,Sí,No,Sí,No,Sí,30,La mayor parte,NA,No,2019
31,Sí,Sí,Sí,Sí,No,Sí,No,Sí,No,Sí,No,Sí,20,La mayor parte,NA,Sí,2019
38,Sí,Sí,Sí,Sí,No,Sí,No,Sí,No,Sí,No,Sí,30,La mayor parte,NA,Sí,2019
21,Sí,Sí,Sí,No,No,Sí,No,Sí,No,Sí,NA,NA,60,La mayor parte,NA,Sí,2019
56,No,No,Sí,Sí,No,Sí,NA,NA,No,Sí,No,Sí,20,La mitad,NA,Sí,2019
64,No,No,No,Sí,No,No,NA,NA,NA,NA,No,Sí,40,La mitad,NA,Sí,2019
32,No,No,Sí,Sí,No,No,NA,NA,No,Sí,No,Sí,20,La mayor parte,NA,Sí,2019
27,Sí,Sí,Sí,Sí,No,Sí,No,Sí,No,Sí,No,Sí,60,Toda,NA,Sí,2019
49,Sí,Sí,No,No,No,No,No,Sí,NA,NA,NA,NA,20,La mayor parte,NA,No,2019
40,Sí,Sí,Sí,Sí,No,Sí,No,Sí,No,Sí,No,Sí,30,La mayor parte,NA,Sí,2019
31,Sí,Sí,Sí,No,No,Sí,No,Sí,No,Sí,NA,NA,30,La mayor parte,NA,Sí,2019
41,Sí,No,Sí,Sí,No,Sí,NA,NA,No,Sí,No,Sí,20,La mayor parte,NA,No,2019
19,Sí,Sí,Sí,Sí,No,Sí,No,Sí,No,Sí,No,Sí,90,La mayor parte,NA,Sí,2019
69,No,No,No,No,No,No,NA,NA,NA,NA,NA,NA,0,NA,Falta de tiempo,No recuerda,2019
19,No,No,No,No,No,No,NA,NA,NA,NA,NA,NA,0,NA,Falta de tiempo,No,2019
18,No,No,No,No,No,Sí,NA,NA,NA,NA,NA,NA,40,La mayor parte,NA,Sí,2019
37,Sí,No,Sí,Sí,No,Sí,NA,NA,No,Sí,No,Sí,60,La mayor parte,NA,Sí,2019
25,Sí,No,Sí,No,No,Sí,NA,NA,No,Sí,NA,NA,30,La mayor parte,NA,Sí,2019
86,Sí,No,No,Sí,No,No,NA,NA,NA,NA,No,Sí,40,La mitad,NA,No,2019
66,Sí,Sí,Sí,Sí,No,No,No,Sí,No,Sí,No,Sí,90,Toda,NA,Sí,2019
23,No,No,Sí,Sí,No,Sí,NA,NA,No,Sí,No,Sí,20,La mitad,NA,No,2019
82,No,No,No,No,No,No,NA,NA,NA,NA,NA,NA,0,NA,Problemas de salud,No,2019
46,No,No,Sí,Sí,No,No,NA,NA,No,Sí,No,Sí,20,La mayor parte,NA,Sí,2019
45,No,No,Sí,No,No,No,NA,NA,No,Sí,NA,NA,25,La mayor parte,NA,Sí,2019
27,Sí,Sí,Sí,Sí,No,No,No,Sí,No,Sí,No,Sí,30,La mayor parte,NA,Sí,2019
62,No,No,No,No,No,No,NA,NA,NA,NA,NA,NA,0,NA,Problemas de salud,Sí,2019
46,Sí,No,Sí,No,No,No,NA,NA,No,Sí,NA,NA,30,La mayor parte,NA,Sí,2019
45,No,No,No,No,No,No,NA,NA,NA,NA,NA,NA,0,NA,Falta de tiempo,Sí,2019
52,Sí,No,Sí,Sí,No,Sí,NA,NA,No,Sí,No,Sí,35,La mayor parte,NA,Sí,2019
57,Sí,No,No,Sí,No,No,NA,NA,NA,NA,No,Sí,30,La mayor parte,NA,No,2019
41,Sí,No,Sí,Sí,No,Sí,NA,NA,No,Sí,No,Sí,60,La mayor parte,NA,Sí,2019
48,Sí,Sí,Sí,No,No,No,No,Sí,No,Sí,NA,NA,60,Toda,NA,Sí,2019
67,Sí,No,Sí,No,No,No,NA,NA,No,Sí,NA,NA,30,La mayor parte,NA,Sí,2019
58,Sí,No,No,Sí,No,No,NA,NA,NA,NA,No,Sí,20,La mayor parte,NA,No recuerda,2019
45,Sí,No,No,Sí,No,No,NA,NA,NA,NA,No,Sí,30,La mayor parte,NA,No,2019
46,No,No,No,Sí,No,No,NA,NA,NA,NA,No,Sí,30,La mayor parte,NA,No,2019
74,No,No,No,No,No,No,NA,NA,NA,NA,NA,NA,0,NA,Problemas de salud,No,2019
29,Sí,Sí,No,No,No,No,No,Sí,NA,NA,NA,NA,20,La mayor parte,NA,Sí,2019
18,Sí,Sí,No,No,No,Sí,Sí,No,NA,NA,NA,NA,20,La mayor parte,NA,Sí,2019
18,Sí,Sí,No,Sí,No,Sí,No,Sí,NA,NA,No,Sí,30,Toda,NA,Sí,2019
51,Sí,Sí,Sí,No,No,Sí,No,Sí,No,Sí,NA,NA,60,La mayor parte,NA,Sí,2019
23,Sí,Sí,No,No,No,Sí,No,Sí,NA,NA,NA,NA,30,Toda,NA,Sí,2019
19,Sí,Sí,Sí,No,No,Sí,No,Sí,No,Sí,NA,NA,60,La mayor parte,NA,Sí,2019
29,No,No,No,No,No,No,NA,NA,NA,NA,NA,NA,0,NA,Falta de tiempo,No,2019
34,Sí,Sí,Sí,Sí,No,Sí,Sí,No,No,Sí,No,Sí,30,La mayor parte,NA,Sí,2019
35,Sí,Sí,Sí,Sí,No,Sí,No,Sí,No,Sí,Sí,No,60,La mayor parte,NA,Sí,2019
85,Sí,No,Sí,Sí,No,Sí,NA,NA,No,Sí,No,Sí,30,La mayor parte,NA,No,2019
33,Sí,Sí,Sí,No,No,Sí,Sí,No,No,Sí,NA,NA,60,La mayor parte,NA,Sí,2019
76,No,No,No,No,No,No,NA,NA,NA,NA,NA,NA,0,NA,Otro,No,2019
32,No,No,Sí,Sí,No,Sí,NA,NA,No,Sí,No,Sí,20,La mayor parte,NA,Sí,2019
19,Sí,Sí,No,Sí,No,Sí,No,Sí,NA,NA,No,Sí,120,Toda,NA,Sí,2019
66,No,No,No,No,No,Sí,NA,NA,NA,NA,NA,NA,30,La mayor parte,NA,No,2019
48,No,No,No,No,No,No,NA,NA,NA,NA,NA,NA,0,NA,Falta de tiempo,No,2019
45,No,No,No,No,No,No,NA,NA,NA,NA,NA,NA,0,NA,Falta de tiempo,Sí,2019
29,No,No,No,No,No,No,NA,NA,NA,NA,NA,NA,0,NA,Falta de tiempo,Sí,2019
38,No,No,No,Sí,No,No,NA,NA,NA,NA,No,Sí,20,La mayor parte,NA,No recuerda,2019
72,No,No,No,No,No,No,NA,NA,NA,NA,NA,NA,0,NA,Problemas de salud,No,2019
59,Sí,No,No,Sí,No,No,NA,NA,NA,NA,No,Sí,30,La mayor parte,NA,No recuerda,2019
31,Sí,Sí,No,Sí,No,Sí,No,Sí,NA,NA,No,Sí,60,Toda,NA,Sí,2019
29,Sí,Sí,Sí,Sí,No,No,Sí,No,No,Sí,No,Sí,90,Toda,NA,Sí,2019
55,Sí,Sí,Sí,Sí,No,No,No,Sí,No,Sí,No,Sí,40,La mayor parte,NA,Sí,2019
29,Sí,Sí,No,No,No,Sí,No,Sí,NA,NA,NA,NA,30,La mayor parte,NA,Sí,2019
45,No,No,No,No,No,No,NA,NA,NA,NA,NA,NA,0,NA,Falta de tiempo,Sí,2019
63,No,No,No,No,No,No,NA,NA,NA,NA,NA,NA,0,NA,Problemas de salud,No,2019
52,Sí,No,No,Sí,No,No,NA,NA,NA,NA,No,Sí,40,La mayor parte,NA,Sí,2019
20,Sí,No,Sí,No,No,Sí,NA,NA,No,Sí,NA,NA,30,La mayor parte,NA,No,2019
39,Sí,No,Sí,Sí,No,No,NA,NA,No,Sí,No,Sí,30,La mayor parte,NA,Sí,2019
71,Sí,Sí,Sí,Sí,No,No,No,Sí,No,Sí,No,Sí,15,La mitad,NA,Sí,2019
41,No,No,No,Sí,No,No,NA,NA,NA,NA,No,Sí,30,La mayor parte,NA,Sí,2019
26,No,No,Sí,Sí,No,Sí,NA,NA,No,Sí,No,Sí,20,La mitad,NA,No,2019
39,No,No,Sí,Sí,No,Sí,NA,NA,No,Sí,No,Sí,30,La mayor parte,NA,No,2019
70,No,No,Sí,No,No,Sí,NA,NA,No,Sí,NA,NA,15,La mayor parte,NA,Sí,2019
20,Sí,Sí,No,Sí,No,Sí,Sí,No,NA,NA,No,Sí,120,La mayor parte,NA,Sí,2019
74,No,No,No,No,No,No,NA,NA,NA,NA,NA,NA,0,NA,Falta de interés/gusto,No recuerda,2019
58,No,No,No,No,No,No,NA,NA,NA,NA,NA,NA,0,NA,Falta de interés/gusto,No recuerda,2019
36,Sí,Sí,No,No,No,Sí,No,Sí,NA,NA,NA,NA,120,La mayor parte,NA,Sí,2019
28,No,No,No,No,No,No,NA,NA,NA,NA,NA,NA,0,NA,Falta de tiempo,No,2019
73,No,No,Sí,Sí,No,No,NA,NA,No,Sí,No,Sí,30,La mayor parte,NA,No,2019
20,Sí,Sí,No,No,No,Sí,Sí,No,NA,NA,NA,NA,60,La mayor parte,NA,No,2019
53,No,No,No,No,No,No,NA,NA,NA,NA,NA,NA,0,NA,Falta de tiempo,No recuerda,2019
34,No,No,No,No,No,No,NA,NA,NA,NA,NA,NA,0,NA,Prefiere otras actividades,Sí,2019
57,Sí,Sí,No,Sí,No,No,No,Sí,NA,NA,No,Sí,60,La mayor parte,NA,No,2019
63,No,No,No,No,No,No,NA,NA,NA,NA,NA,NA,0,NA,Problemas de salud,Sí,2019
78,Sí,Sí,Sí,Sí,No,No,No,Sí,No,Sí,No,Sí,120,La mitad,NA,No,2019
81,No,No,No,No,No,No,NA,NA,NA,NA,NA,NA,0,NA,Problemas de salud,No recuerda,2019
74,No,No,No,No,No,No,NA,NA,NA,NA,NA,NA,0,NA,Problemas de salud,No recuerda,2019
38,Sí,Sí,Sí,No,No,Sí,No,Sí,No,Sí,NA,NA,30,La mayor parte,NA,No recuerda,2019
43,No,No,No,No,No,No,NA,NA,NA,NA,NA,NA,0,NA,Falta de interés/gusto,No,2019
72,Sí,Sí,No,No,No,No,No,Sí,NA,NA,NA,NA,60,Toda,NA,Sí,2019
67,Sí,Sí,Sí,Sí,No,No,No,Sí,No,Sí,No,Sí,60,La mayor parte,NA,Sí,2019
70,Sí,Sí,Sí,No,No,No,No,Sí,No,Sí,NA,NA,60,Toda,NA,Sí,2019
67,Sí,Sí,Sí,Sí,No,Sí,No,Sí,No,Sí,No,Sí,90,Toda,NA,Sí,2019
56,Sí,No,No,Sí,No,No,NA,NA,NA,NA,No,Sí,20,La mayor parte,NA,Sí,2019
55,No,No,No,No,No,No,NA,NA,NA,NA,NA,NA,0,NA,Falta de tiempo,Sí,2019
65,No,No,No,No,No,No,NA,NA,NA,NA,NA,NA,0,NA,Problemas de salud,Sí,2019
50,Sí,Sí,Sí,Sí,No,No,No,Sí,No,Sí,No,Sí,60,La mayor parte,NA,Sí,2019
51,No,No,No,Sí,No,No,NA,NA,NA,NA,No,Sí,15,La mitad,NA,No,2019
49,Sí,Sí,No,Sí,No,No,No,Sí,NA,NA,No,Sí,30,La mitad,NA,No,2019
63,No,No,No,Sí,No,No,NA,NA,NA,NA,No,Sí,15,Poca,NA,No,2019
20,Sí,Sí,Sí,No,No,Sí,No,Sí,No,Sí,NA,NA,25,La mayor parte,NA,Sí,2019
23,Sí,Sí,No,Sí,No,Sí,No,Sí,NA,NA,No,Sí,35,La mayor parte,NA,Sí,2019
47,No,No,No,Sí,No,No,NA,NA,NA,NA,No,Sí,15,La mitad,NA,Sí,2019
29,Sí,No,No,Sí,Sí,Sí,NA,NA,NA,NA,No,Sí,15,La mitad,NA,No,2019
75,Sí,Sí,Sí,Sí,No,No,No,Sí,No,Sí,No,Sí,60,La mitad,NA,Sí,2019
28,Sí,Sí,No,No,Sí,Sí,No,Sí,NA,NA,NA,NA,120,La mitad,NA,Sí,2019
30,No,No,No,Sí,Sí,No,NA,NA,NA,NA,No,Sí,10,La mayor parte,NA,No,2019
42,No,No,Sí,No,No,Sí,NA,NA,No,Sí,NA,NA,20,La mayor parte,NA,Sí,2019
21,Sí,Sí,Sí,No,Sí,Sí,No,Sí,Sí,No,NA,NA,30,La mayor parte,NA,Sí,2019
46,Sí,Sí,No,Sí,No,No,No,Sí,NA,NA,No,Sí,20,La mayor parte,NA,Sí,2019
57,Sí,No,No,Sí,No,No,NA,NA,NA,NA,No,Sí,10,La mitad,NA,Sí,2019
85,Sí,No,No,Sí,No,No,NA,NA,NA,NA,No,Sí,20,La mitad,NA,No,2019
82,Sí,Sí,No,Sí,No,Sí,Sí,No,NA,NA,No,Sí,60,La mayor parte,NA,Sí,2019
43,Sí,Sí,No,No,No,Sí,No,Sí,NA,NA,NA,NA,20,La mayor parte,NA,Sí,2019
51,Sí,No,Sí,Sí,Sí,No,NA,NA,No,Sí,No,Sí,15,La mitad,NA,Sí,2019
33,No,No,No,No,No,No,NA,NA,NA,NA,NA,NA,0,NA,Falta de tiempo,No,2019
57,Sí,Sí,Sí,Sí,No,No,No,Sí,No,Sí,No,Sí,30,Poca,NA,Sí,2019
47,No,No,No,Sí,No,No,NA,NA,NA,NA,No,Sí,25,La mitad,NA,No,2019
39,No,Sí,No,No,Sí,Sí,No,Sí,NA,NA,NA,NA,60,La mayor parte,NA,No,2019
35,No,No,Sí,No,No,Sí,NA,NA,No,Sí,NA,NA,20,La mayor parte,NA,Sí,2019
42,Sí,Sí,Sí,No,No,Sí,No,Sí,No,Sí,NA,NA,60,La mayor parte,NA,Sí,2019
32,Sí,Sí,Sí,No,No,Sí,No,Sí,No,Sí,NA,NA,30,La mayor parte,NA,Sí,2019
23,Sí,Sí,Sí,Sí,No,Sí,No,Sí,No,Sí,No,Sí,30,La mayor parte,NA,Sí,2019
67,Sí,Sí,No,No,No,No,No,Sí,NA,NA,NA,NA,30,La mitad,NA,No,2019
27,Sí,Sí,Sí,Sí,No,Sí,Sí,No,No,Sí,No,Sí,30,La mayor parte,NA,Sí,2019
49,Sí,No,Sí,Sí,No,Sí,NA,NA,No,Sí,No,Sí,20,La mayor parte,NA,No,2019
24,Sí,Sí,No,No,Sí,Sí,No,Sí,NA,NA,NA,NA,30,La mayor parte,NA,Sí,2019
37,Sí,No,No,No,No,No,NA,NA,NA,NA,NA,NA,0,NA,Falta de tiempo,Sí,2019
31,No,No,No,No,No,Sí,NA,NA,NA,NA,NA,NA,15,La mitad,NA,No,2019
25,No,No,Sí,Sí,No,No,NA,NA,No,Sí,No,Sí,20,La mitad,NA,No,2019
39,Sí,No,No,No,No,No,NA,NA,NA,NA,NA,NA,0,NA,Falta de tiempo,Sí,2019
29,No,No,No,Sí,No,No,NA,NA,NA,NA,No,Sí,20,La mayor parte,NA,No,2019
47,No,No,No,No,No,No,NA,NA,NA,NA,NA,NA,0,NA,Problemas de salud,No,2019
33,Sí,Sí,No,Sí,No,Sí,No,Sí,NA,NA,No,Sí,20,La mayor parte,NA,No,2019
20,Sí,Sí,No,Sí,No,Sí,No,Sí,NA,NA,No,Sí,25,La mitad,NA,Sí,2019
24,Sí,Sí,Sí,No,Sí,Sí,Sí,No,No,Sí,NA,NA,60,La mayor parte,NA,Sí,2019
50,No,No,No,Sí,No,No,NA,NA,NA,NA,No,Sí,20,La mitad,NA,No,2019
42,No,No,No,Sí,No,No,NA,NA,NA,NA,No,Sí,15,La mitad,NA,Sí,2019
45,No,No,No,Sí,No,No,NA,NA,NA,NA,No,Sí,15,La mitad,NA,No,2019
23,No,No,No,No,No,No,NA,NA,NA,NA,NA,NA,0,NA,Prefiere otras actividades,Sí,2019
55,No,No,No,No,No,No,NA,NA,NA,NA,NA,NA,0,NA,Problemas de salud,No,2019
66,No,No,No,No,No,No,NA,NA,NA,NA,NA,NA,0,NA,Problemas de salud,No,2019
47,Sí,No,No,Sí,No,No,NA,NA,NA,NA,No,Sí,30,La mayor parte,NA,Sí,2019
44,Sí,Sí,Sí,Sí,No,Sí,No,Sí,No,Sí,No,Sí,30,La mayor parte,NA,No,2019
18,Sí,Sí,No,No,No,Sí,No,Sí,NA,NA,NA,NA,30,La mayor parte,NA,Sí,2019
55,Sí,Sí,Sí,Sí,No,Sí,No,Sí,No,Sí,No,Sí,60,Toda,NA,Sí,2019
71,Sí,No,Sí,No,No,No,NA,NA,No,Sí,NA,NA,10,La mayor parte,NA,Sí,2019
36,No,No,No,No,No,No,NA,NA,NA,NA,NA,NA,0,NA,Falta de tiempo,Sí,2019
39,Sí,No,No,Sí,No,No,NA,NA,NA,NA,No,Sí,30,La mitad,NA,No,2019
50,Sí,No,No,No,No,No,NA,NA,NA,NA,NA,NA,0,NA,Prefiere otras actividades,Sí,2019
39,No,No,Sí,No,No,No,NA,NA,No,Sí,NA,NA,20,La mitad,NA,No,2019
50,Sí,No,No,Sí,Sí,No,NA,NA,NA,NA,No,Sí,15,Poca,NA,Sí,2019
61,Sí,Sí,No,No,No,No,No,Sí,NA,NA,NA,NA,60,Toda,NA,No,2019
23,No,No,No,No,No,No,NA,NA,NA,NA,NA,NA,0,NA,Falta de tiempo,No,2019
39,No,No,No,No,No,No,NA,NA,NA,NA,NA,NA,0,NA,Falta de tiempo,No,2019
53,No,No,No,No,No,No,NA,NA,NA,NA,NA,NA,0,NA,Falta de interés/gusto,No,2019
24,Sí,Sí,No,Sí,No,No,No,Sí,NA,NA,No,Sí,20,La mayor parte,NA,Sí,2019
47,No,Sí,No,Sí,No,No,No,Sí,NA,NA,No,Sí,15,La mayor parte,NA,Sí,2019
23,No,Sí,Sí,Sí,No,Sí,Sí,Sí,No,Sí,No,Sí,45,Toda,NA,Sí,2019
74,NA,NA,NA,NA,NA,NA,NA,NA,NA,NA,NA,NA,0,NA,NA,NA,2019
38,Sí,Sí,No,Sí,No,Sí,No,Sí,NA,NA,No,Sí,120,Toda,NA,Sí,2019
18,Sí,Sí,No,No,No,No,No,Sí,NA,NA,NA,NA,60,La mayor parte,NA,Sí,2019
22,Sí,Sí,Sí,No,No,No,No,Sí,No,Sí,NA,NA,240,Toda,NA,No,2019
48,No,No,No,No,No,No,NA,NA,NA,NA,NA,NA,0,NA,Problemas de salud,No,2019
47,No,No,No,No,No,No,NA,NA,NA,NA,NA,NA,0,NA,Problemas de salud,Sí,2019
41,Sí,No,Sí,No,No,Sí,NA,NA,No,Sí,NA,NA,60,Toda,NA,No,2019
62,Sí,Sí,No,No,No,No,No,Sí,NA,NA,NA,NA,20,Toda,NA,Sí,2019
29,No,No,No,Sí,No,No,NA,NA,NA,NA,No,Sí,15,La mayor parte,NA,Sí,2019
70,NA,NA,NA,NA,NA,NA,NA,NA,NA,NA,NA,NA,0,NA,NA,NA,2019
68,No,No,No,No,No,No,NA,NA,NA,NA,NA,NA,0,NA,Problemas de salud,No,2019
34,No,No,No,No,No,No,NA,NA,NA,NA,NA,NA,0,NA,Falta de tiempo,No,2019
61,Sí,No,Sí,No,No,No,NA,NA,No,Sí,NA,NA,15,La mitad,NA,No,2019
56,No,No,No,No,No,No,NA,NA,NA,NA,NA,NA,0,NA,Problemas de salud,No,2019
46,No,No,No,No,No,Sí,NA,NA,NA,NA,NA,NA,10,La mayor parte,NA,Sí,2019
46,Sí,Sí,Sí,Sí,Sí,Sí,No,Sí,No,Sí,No,Sí,10,La mayor parte,NA,No,2019
28,Sí,No,No,Sí,No,No,NA,NA,NA,NA,No,Sí,20,La mayor parte,NA,No,2019
60,NA,NA,NA,NA,NA,NA,NA,NA,NA,NA,NA,NA,0,NA,NA,NA,2019
48,Sí,No,No,Sí,No,Sí,NA,NA,NA,NA,Sí,Sí,15,La mayor parte,NA,Sí,2019
23,No,No,No,No,No,No,NA,NA,NA,NA,NA,NA,0,NA,Falta de tiempo,No,2019
21,No,No,No,No,No,No,NA,NA,NA,NA,NA,NA,0,NA,Falta de interés/gusto,No,2019
53,No,No,No,No,No,No,NA,NA,NA,NA,NA,NA,0,NA,Problemas de salud,No,2019
62,No,No,No,No,No,No,NA,NA,NA,NA,NA,NA,0,NA,Falta de interés/gusto,No,2019
30,No,No,No,No,No,No,NA,NA,NA,NA,NA,NA,0,NA,Falta de tiempo,Sí,2019
59,Sí,Sí,No,Sí,No,No,No,Sí,NA,NA,No,Sí,30,Toda,NA,Sí,2019
65,Sí,Sí,No,Sí,No,No,No,Sí,NA,NA,No,Sí,45,Toda,NA,Sí,2019
34,Sí,Sí,No,Sí,No,Sí,No,Sí,NA,NA,No,Sí,60,Toda,NA,Sí,2019
33,Sí,No,Sí,Sí,No,No,NA,NA,No,Sí,No,Sí,30,La mayor parte,NA,Sí,2019
20,No,No,No,Sí,No,No,NA,NA,NA,NA,No,Sí,20,Toda,NA,Sí,2019
41,Sí,No,Sí,Sí,Sí,No,NA,NA,No,Sí,No,Sí,120,Toda,NA,Sí,2019
29,Sí,No,Sí,Sí,No,No,NA,NA,No,Sí,No,Sí,15,Toda,NA,Sí,2019
89,Sí,Sí,Sí,Sí,No,No,No,Sí,No,Sí,No,Sí,120,La mayor parte,NA,No,2019
40,No,No,No,Sí,No,No,NA,NA,NA,NA,No,Sí,20,Toda,NA,Sí,2019
30,No,No,No,Sí,No,No,NA,NA,NA,NA,No,Sí,10,Toda,NA,Sí,2019
29,Sí,Sí,No,Sí,No,No,No,Sí,NA,NA,No,Sí,15,La mayor parte,NA,Sí,2019
56,Sí,Sí,Sí,Sí,No,Sí,No,Sí,No,Sí,Sí,No,30,La mayor parte,NA,Sí,2019
44,No,No,No,No,No,No,NA,NA,NA,NA,NA,NA,0,NA,Falta de tiempo,Sí,2019
31,No,No,No,No,No,No,NA,NA,NA,NA,NA,NA,0,NA,Falta de tiempo,Sí,2019
30,Sí,No,No,Sí,No,No,NA,NA,NA,NA,No,Sí,15,Toda,NA,No,2019
54,Sí,Sí,No,No,No,No,No,Sí,NA,NA,NA,NA,60,La mayor parte,NA,Sí,2019
52,Sí,Sí,No,No,No,No,No,Sí,NA,NA,NA,NA,30,La mayor parte,NA,No,2019
36,No,No,No,No,No,No,NA,NA,NA,NA,NA,NA,0,NA,Falta de interés/gusto,No,2019
42,No,No,No,No,No,No,NA,NA,NA,NA,NA,NA,0,NA,Problemas de salud,No,2019
20,Sí,No,Sí,Sí,No,Sí,NA,NA,Sí,No,No,Sí,30,La mayor parte,NA,Sí,2019
33,Sí,No,Sí,No,No,Sí,NA,NA,No,Sí,NA,NA,25,La mayor parte,NA,Sí,2019
24,Sí,No,Sí,No,No,Sí,NA,NA,No,Sí,NA,NA,30,La mayor parte,NA,Sí,2019
30,Sí,Sí,No,No,No,No,No,Sí,NA,NA,NA,NA,30,Poca,NA,No,2019
65,Sí,No,No,No,No,No,NA,NA,NA,NA,NA,NA,0,NA,Prefiere otras actividades,No,2019
58,NA,NA,NA,NA,NA,NA,NA,NA,NA,NA,NA,NA,0,NA,NA,NA,2019
50,Sí,No,No,Sí,No,No,NA,NA,NA,NA,No,Sí,60,La mayor parte,NA,Sí,2019
50,Sí,Sí,Sí,Sí,No,Sí,No,Sí,No,Sí,No,Sí,90,La mayor parte,NA,No,2019
28,Sí,Sí,No,No,No,No,No,Sí,NA,NA,NA,NA,30,Toda,NA,No,2019
37,No,No,Sí,No,No,No,NA,NA,No,Sí,NA,NA,20,Toda,NA,Sí,2019
84,No,No,No,No,No,No,NA,NA,NA,NA,NA,NA,0,NA,Problemas de salud,No,2019
45,No,No,No,Sí,No,No,NA,NA,NA,NA,No,Sí,40,Toda,NA,Sí,2019
49,No,No,Sí,No,No,No,NA,NA,No,Sí,NA,NA,20,Toda,NA,Sí,2019
27,No,No,No,Sí,No,No,NA,NA,NA,NA,No,Sí,35,Toda,NA,Sí,2019
58,No,No,No,No,No,No,NA,NA,NA,NA,NA,NA,0,NA,Falta de interés/gusto,No,2019
76,No,No,Sí,No,No,No,NA,NA,No,Sí,NA,NA,20,Poca,NA,No,2019
20,No,No,Sí,Sí,No,No,NA,NA,No,Sí,No,Sí,30,Toda,NA,No,2019
70,No,No,No,Sí,No,No,NA,NA,NA,NA,No,Sí,20,La mayor parte,NA,No,2019
40,No,No,Sí,Sí,No,No,NA,NA,No,Sí,No,Sí,30,Toda,NA,No,2019
41,No,No,No,No,No,No,NA,NA,NA,NA,NA,NA,0,NA,Falta de interés/gusto,No,2019
43,Sí,Sí,No,No,No,No,No,Sí,NA,NA,NA,NA,30,La mayor parte,NA,No,2019
29,Sí,Sí,No,No,No,No,Sí,No,NA,NA,NA,NA,20,Toda,NA,No,2019
19,Sí,Sí,Sí,No,No,No,No,Sí,No,Sí,NA,NA,30,La mayor parte,NA,No,2019
44,No,No,No,No,No,No,NA,NA,NA,NA,NA,NA,0,NA,Falta de interés/gusto,No,2019
39,Sí,Sí,No,No,No,No,No,Sí,NA,NA,NA,NA,60,La mayor parte,NA,Sí,2019
22,No,No,No,Sí,No,No,NA,NA,NA,NA,No,Sí,30,Toda,NA,Sí,2019
72,No,No,No,No,No,No,NA,NA,NA,NA,NA,NA,0,NA,Falta de interés/gusto,No,2019
47,No,No,Sí,Sí,No,No,NA,NA,No,Sí,No,Sí,30,Toda,NA,Sí,2019
77,NA,NA,NA,NA,NA,NA,NA,NA,NA,NA,NA,NA,0,NA,NA,NA,2019
41,No,No,No,No,No,No,NA,NA,NA,NA,NA,NA,0,NA,Falta de interés/gusto,No,2019
59,No,No,No,No,No,No,NA,NA,NA,NA,NA,NA,0,NA,Falta de interés/gusto,No,2019
41,Sí,Sí,No,Sí,No,No,No,Sí,NA,NA,No,Sí,60,La mayor parte,NA,Sí,2019
54,No,No,Sí,No,No,No,NA,NA,No,Sí,NA,NA,40,La mayor parte,NA,No,2019
63,No,No,Sí,No,No,No,NA,NA,No,Sí,NA,NA,40,La mayor parte,NA,No,2019
78,NA,NA,NA,NA,NA,NA,NA,NA,NA,NA,NA,NA,0,NA,NA,NA,2019
65,Sí,Sí,Sí,No,No,No,No,Sí,No,Sí,NA,NA,40,La mayor parte,NA,No,2019
53,NA,NA,NA,NA,NA,NA,NA,NA,NA,NA,NA,NA,0,NA,NA,NA,2019
50,NA,NA,NA,NA,NA,NA,NA,NA,NA,NA,NA,NA,0,NA,NA,NA,2019
32,No,No,Sí,Sí,No,No,NA,NA,No,Sí,No,Sí,25,Toda,NA,No,2019
28,Sí,Sí,Sí,No,No,No,No,Sí,No,Sí,NA,NA,120,La mayor parte,NA,Sí,2019
31,No,No,Sí,No,No,No,NA,NA,No,Sí,NA,NA,40,La mayor parte,NA,No,2019
70,NA,NA,NA,NA,NA,NA,NA,NA,NA,NA,NA,NA,0,NA,NA,NA,2019
45,No,No,No,No,No,No,NA,NA,NA,NA,NA,NA,0,NA,Falta de interés/gusto,No,2019
50,No,No,Sí,Sí,No,No,NA,NA,No,Sí,No,Sí,25,La mayor parte,NA,No,2019
76,No,No,No,No,No,No,NA,NA,NA,NA,NA,NA,0,NA,Problemas de salud,No,2019
41,No,No,No,No,No,No,NA,NA,NA,NA,NA,NA,0,NA,Falta de interés/gusto,No,2019
50,NA,NA,NA,NA,NA,NA,NA,NA,NA,NA,NA,NA,0,NA,NA,NA,2019
50,No,No,No,Sí,No,No,NA,NA,NA,NA,No,Sí,20,La mayor parte,NA,No,2019
73,NA,NA,NA,NA,NA,NA,NA,NA,NA,NA,NA,NA,0,NA,NA,NA,2019
54,No,No,Sí,Sí,No,No,NA,NA,No,Sí,No,Sí,30,La mayor parte,NA,No,2019
31,No,No,No,No,No,No,NA,NA,NA,NA,NA,NA,0,NA,Falta de interés/gusto,No,2019
24,No,No,Sí,No,No,No,NA,NA,No,Sí,NA,NA,40,La mayor parte,NA,Sí,2019
67,No,No,No,No,No,No,NA,NA,NA,NA,NA,NA,0,NA,Problemas de salud,Sí,2019
65,Sí,Sí,No,No,No,No,No,Sí,NA,NA,NA,NA,15,Poca,NA,Sí,2019
75,No,No,Sí,No,No,No,NA,NA,No,Sí,NA,NA,30,La mayor parte,NA,Sí,2019
70,No,No,No,No,No,No,NA,NA,NA,NA,NA,NA,0,NA,Prefiere otras actividades,Sí,2019
39,No,No,Sí,No,No,No,NA,NA,No,Sí,NA,NA,40,La mayor parte,NA,Sí,2019
66,No,Sí,Sí,No,No,No,No,Sí,No,Sí,NA,NA,60,La mayor parte,NA,Sí,2019
61,No,No,No,No,No,No,NA,NA,NA,NA,NA,NA,0,NA,Problemas de salud,No,2019
49,No,No,No,No,No,No,NA,NA,NA,NA,NA,NA,0,NA,Falta de interés/gusto,No,2019
66,Sí,Sí,Sí,Sí,No,No,Sí,Sí,Sí,Sí,Sí,No,40,La mayor parte,NA,Sí,2019
68,No,No,No,No,No,No,NA,NA,NA,NA,NA,NA,0,NA,Problemas de salud,Sí,2019
35,No,No,No,No,No,No,NA,NA,NA,NA,NA,NA,0,NA,Prefiere otras actividades,No,2019
44,Sí,Sí,No,No,No,No,No,Sí,NA,NA,NA,NA,30,La mayor parte,NA,Sí,2019
40,Sí,Sí,No,No,No,No,No,Sí,NA,NA,NA,NA,30,La mitad,NA,No,2019
62,Sí,No,Sí,No,No,No,NA,NA,No,Sí,NA,NA,20,La mitad,NA,Sí,2019
42,No,No,No,No,No,No,NA,NA,NA,NA,NA,NA,0,NA,Falta de tiempo,Sí,2019
48,No,No,No,No,No,No,NA,NA,NA,NA,NA,NA,0,NA,Prefiere otras actividades,Sí,2019
20,Sí,Sí,Sí,Sí,No,Sí,Sí,Sí,Sí,Sí,No,Sí,30,La mayor parte,NA,Sí,2019
33,No,No,No,No,No,No,NA,NA,NA,NA,NA,NA,0,NA,Prefiere otras actividades,Sí,2019
74,Sí,No,Sí,No,No,No,NA,NA,No,Sí,NA,NA,20,La mayor parte,NA,Sí,2019
36,Sí,Sí,Sí,No,No,No,Sí,Sí,No,Sí,NA,NA,30,La mayor parte,NA,Sí,2019
21,Sí,Sí,Sí,No,No,No,No,Sí,No,Sí,NA,NA,60,La mayor parte,NA,Sí,2019
36,Sí,Sí,No,Sí,No,No,No,Sí,NA,NA,Sí,Sí,45,La mayor parte,NA,Sí,2019
55,Sí,No,Sí,No,No,No,NA,NA,No,Sí,NA,NA,40,La mayor parte,NA,Sí,2019
29,Sí,Sí,Sí,No,No,No,Sí,No,No,Sí,NA,NA,25,La mayor parte,NA,Sí,2019
22,Sí,Sí,Sí,No,No,No,Sí,Sí,No,Sí,NA,NA,40,La mayor parte,NA,Sí,2019
39,Sí,Sí,Sí,Sí,No,No,Sí,Sí,No,Sí,No,Sí,50,Toda,NA,Sí,2019
30,Sí,Sí,No,Sí,No,No,No,Sí,NA,NA,Sí,No,60,La mayor parte,NA,Sí,2019
18,Sí,Sí,No,No,No,No,No,Sí,NA,NA,NA,NA,60,La mayor parte,NA,Sí,2019
72,No,No,Sí,Sí,No,No,NA,NA,No,Sí,No,Sí,20,La mayor parte,NA,Sí,2019
31,No,No,No,No,No,No,NA,NA,NA,NA,NA,NA,0,NA,Prefiere otras actividades,No,2019
48,Sí,Sí,No,Sí,No,No,Sí,No,NA,NA,No,Sí,30,La mayor parte,NA,Sí,2019
61,No,No,No,No,No,No,NA,NA,NA,NA,NA,NA,0,NA,Falta de interés/gusto,No,2019
51,Sí,Sí,No,Sí,No,No,Sí,No,NA,NA,No,Sí,40,La mayor parte,NA,Sí,2019
56,No,No,No,Sí,No,No,NA,NA,NA,NA,No,Sí,20,La mayor parte,NA,Sí,2019
19,Sí,Sí,No,No,No,Sí,No,Sí,NA,NA,NA,NA,40,Toda,NA,Sí,2019
25,No,No,No,No,No,No,NA,NA,NA,NA,NA,NA,0,NA,Prefiere otras actividades,Sí,2019
28,Sí,Sí,Sí,No,No,No,No,Sí,No,Sí,NA,NA,30,La mayor parte,NA,Sí,2019
40,No,Sí,No,No,No,No,No,Sí,NA,NA,NA,NA,30,La mayor parte,NA,Sí,2019
33,Sí,No,Sí,Sí,No,No,NA,NA,No,Sí,No,Sí,30,La mayor parte,NA,Sí,2019
25,No,No,No,Sí,No,No,NA,NA,NA,NA,No,Sí,20,La mayor parte,NA,Sí,2019
44,No,No,No,No,No,No,NA,NA,NA,NA,NA,NA,0,NA,Prefiere otras actividades,Sí,2019
71,No,No,No,No,No,No,NA,NA,NA,NA,NA,NA,0,NA,Problemas de salud,Sí,2019
58,No,Sí,Sí,No,No,No,No,Sí,Sí,Sí,NA,NA,20,La mitad,NA,No,2019
74,Sí,No,Sí,Sí,No,No,NA,NA,No,Sí,No,Sí,20,Poca,NA,No,2019
25,No,No,No,No,No,No,NA,NA,NA,NA,NA,NA,0,NA,Falta de tiempo,Sí,2019
35,No,No,No,No,No,Sí,NA,NA,NA,NA,NA,NA,10,La mitad,NA,Sí,2019
23,Sí,No,No,Sí,No,Sí,NA,NA,NA,NA,No,Sí,20,La mayor parte,NA,Sí,2019
27,No,No,Sí,No,No,No,NA,NA,No,Sí,NA,NA,5,Poca,NA,No,2019
52,Sí,No,Sí,Sí,No,No,NA,NA,No,Sí,No,Sí,25,La mayor parte,NA,Sí,2019
31,No,No,No,No,No,No,NA,NA,NA,NA,NA,NA,0,NA,Falta de interés/gusto,No,2019
26,Sí,Sí,Sí,No,No,No,No,Sí,No,Sí,NA,NA,30,La mayor parte,NA,Sí,2019
72,Sí,No,Sí,No,No,No,NA,NA,No,Sí,NA,NA,30,La mayor parte,NA,No,2019
42,No,No,No,No,No,No,NA,NA,NA,NA,NA,NA,0,NA,Prefiere otras actividades,No,2019
48,No,No,No,No,No,No,NA,NA,NA,NA,NA,NA,0,NA,Falta de tiempo,No,2019
24,Sí,Sí,No,No,No,Sí,No,Sí,NA,NA,NA,NA,40,La mayor parte,NA,Sí,2019
43,No,No,No,No,No,No,NA,NA,NA,NA,NA,NA,0,NA,Falta de interés/gusto,Sí,2019
29,No,No,No,No,No,Sí,NA,NA,NA,NA,NA,NA,20,La mayor parte,NA,Sí,2019
52,No,No,No,No,No,No,NA,NA,NA,NA,NA,NA,0,NA,Falta de tiempo,No,2019
39,No,No,No,No,No,No,NA,NA,NA,NA,NA,NA,0,NA,Falta de tiempo,No,2019
46,No,No,Sí,No,No,No,NA,NA,No,Sí,NA,NA,10,Poca,NA,No,2019
55,Sí,Sí,Sí,No,No,Sí,No,Sí,No,Sí,NA,NA,30,La mayor parte,NA,No,2019
49,No,No,No,No,No,No,NA,NA,NA,NA,NA,NA,0,NA,Falta de tiempo,Sí,2019
54,Sí,No,No,Sí,No,No,NA,NA,NA,NA,No,Sí,15,La mitad,NA,No,2019
62,Sí,Sí,Sí,No,No,No,No,Sí,No,Sí,NA,NA,30,La mitad,NA,Sí,2019
53,No,No,No,No,No,No,NA,NA,NA,NA,NA,NA,0,NA,Falta de interés/gusto,No recuerda,2019
38,No,No,No,No,No,No,NA,NA,NA,NA,NA,NA,0,NA,Falta de interés/gusto,No,2019
29,No,No,No,No,No,No,NA,NA,NA,NA,NA,NA,0,NA,Falta de tiempo,No,2019
24,Sí,Sí,No,No,No,Sí,No,Sí,NA,NA,NA,NA,30,La mitad,NA,Sí,2019
73,No,No,No,No,No,No,NA,NA,NA,NA,NA,NA,0,NA,Problemas de salud,No,2019
42,Sí,Sí,No,Sí,No,Sí,No,Sí,NA,NA,No,Sí,60,Poca,NA,Sí,2019
20,Sí,No,No,No,No,Sí,NA,NA,NA,NA,NA,NA,90,La mayor parte,NA,Sí,2019
26,Sí,Sí,No,No,No,No,No,Sí,NA,NA,NA,NA,30,La mitad,NA,No,2019
55,NA,NA,NA,NA,NA,NA,NA,NA,NA,NA,NA,NA,0,NA,NA,NA,2019
58,Sí,Sí,No,No,No,Sí,No,Sí,NA,NA,NA,NA,30,La mayor parte,NA,Sí,2019
40,Sí,No,No,Sí,No,No,NA,NA,NA,NA,No,Sí,15,La mayor parte,NA,Sí,2019
27,No,No,No,No,No,No,NA,NA,NA,NA,NA,NA,0,NA,Problemas de salud,Sí,2019
49,No,No,No,No,No,No,NA,NA,NA,NA,NA,NA,0,NA,Falta de tiempo,No,2019
28,No,No,Sí,No,No,No,NA,NA,No,Sí,NA,NA,60,Toda,NA,No,2019
33,No,No,No,No,No,Sí,NA,NA,NA,NA,NA,NA,30,La mitad,NA,Sí,2019
27,No,No,No,No,No,No,NA,NA,NA,NA,NA,NA,0,NA,Falta de interés/gusto,No,2019
18,No,Sí,No,No,No,Sí,No,Sí,NA,NA,NA,NA,45,La mitad,NA,No,2019
85,No,No,No,No,No,No,NA,NA,NA,NA,NA,NA,0,NA,Problemas de salud,No,2019
45,Sí,No,Sí,Sí,No,Sí,NA,NA,No,Sí,No,Sí,40,La mayor parte,NA,Sí,2019
62,NA,NA,NA,NA,NA,NA,NA,NA,NA,NA,NA,NA,0,NA,NA,NA,2019
29,No,No,No,No,No,No,NA,NA,NA,NA,NA,NA,0,NA,Falta de tiempo,No,2019
43,Sí,No,No,No,No,No,NA,NA,NA,NA,NA,NA,0,NA,Falta de tiempo,Sí,2019
30,No,No,No,No,No,No,NA,NA,NA,NA,NA,NA,0,NA,Falta de interés/gusto,No,2019
60,No,No,No,No,No,No,NA,NA,NA,NA,NA,NA,0,NA,Falta de tiempo,No,2019
23,Sí,Sí,No,No,No,Sí,No,Sí,NA,NA,NA,NA,45,Toda,NA,Sí,2019
57,Sí,No,No,No,No,Sí,NA,NA,NA,NA,NA,NA,30,La mayor parte,NA,Sí,2019
46,No,No,No,No,No,Sí,NA,NA,NA,NA,NA,NA,20,Toda,NA,Sí,2019
37,No,No,No,No,No,Sí,NA,NA,NA,NA,NA,NA,30,La mitad,NA,Sí,2019
53,Sí,Sí,No,No,No,No,No,Sí,NA,NA,NA,NA,15,La mitad,NA,No,2019
72,No,No,No,No,No,No,NA,NA,NA,NA,NA,NA,0,NA,Problemas de salud,No,2019
21,Sí,Sí,No,Sí,No,No,No,Sí,NA,NA,Sí,No,40,La mayor parte,NA,Sí,2019
29,Sí,Sí,No,No,No,Sí,No,Sí,NA,NA,NA,NA,60,Toda,NA,Sí,2019
20,Sí,Sí,Sí,No,No,Sí,No,Sí,Sí,No,NA,NA,20,La mitad,NA,Sí,2019
19,Sí,Sí,No,No,No,No,No,Sí,NA,NA,NA,NA,40,La mayor parte,NA,Sí,2019
19,Sí,Sí,Sí,No,No,Sí,No,Sí,No,Sí,NA,NA,60,La mayor parte,NA,Sí,2019
50,Sí,Sí,Sí,No,No,Sí,No,Sí,No,Sí,NA,NA,30,La mayor parte,NA,Sí,2019
21,Sí,Sí,No,No,No,Sí,No,Sí,NA,NA,NA,NA,60,La mayor parte,NA,Sí,2019
20,No,No,No,No,No,No,NA,NA,NA,NA,NA,NA,0,NA,Falta de interés/gusto,No,2019
27,Sí,Sí,No,No,No,Sí,No,Sí,NA,NA,NA,NA,45,La mitad,NA,Sí,2019
77,No,No,No,No,No,No,NA,NA,NA,NA,NA,NA,0,NA,Problemas de salud,No,2019
26,No,No,No,No,No,No,NA,NA,NA,NA,NA,NA,0,NA,Prefiere otras actividades,No,2019
26,Sí,No,Sí,No,No,No,NA,NA,No,Sí,NA,NA,30,La mayor parte,NA,Sí,2019
33,Sí,Sí,Sí,No,No,Sí,No,Sí,No,Sí,NA,NA,30,La mayor parte,NA,Sí,2019
50,Sí,Sí,No,No,No,Sí,No,Sí,NA,NA,NA,NA,30,La mayor parte,NA,Sí,2019
45,Sí,No,Sí,No,No,Sí,NA,NA,No,Sí,NA,NA,30,La mayor parte,NA,Sí,2019
45,Sí,Sí,No,No,No,No,No,Sí,NA,NA,NA,NA,40,La mitad,NA,Sí,2019
28,Sí,Sí,No,No,No,No,No,Sí,NA,NA,NA,NA,30,La mitad,NA,Sí,2019
43,Sí,No,No,No,No,No,NA,NA,NA,NA,NA,NA,0,NA,Otro,No,2019
42,Sí,No,No,No,No,No,NA,NA,NA,NA,NA,NA,0,NA,Falta de tiempo,No,2019
41,No,No,No,No,No,No,NA,NA,NA,NA,NA,NA,0,NA,Falta de tiempo,No,2019
48,Sí,No,Sí,No,No,No,NA,NA,No,Sí,NA,NA,30,La mitad,NA,No,2019
58,No,No,No,No,No,No,NA,NA,NA,NA,NA,NA,0,NA,Falta de tiempo,No,2019
35,Sí,No,Sí,No,No,No,NA,NA,No,Sí,NA,NA,15,La mayor parte,NA,No,2019
53,Sí,Sí,Sí,No,No,No,No,Sí,No,Sí,NA,NA,20,La mayor parte,NA,No,2019
27,Sí,Sí,Sí,No,No,Sí,No,Sí,No,Sí,NA,NA,30,La mayor parte,NA,Sí,2019
62,No,No,No,No,No,No,NA,NA,NA,NA,NA,NA,0,NA,Falta de tiempo,No,2019
24,No,No,No,No,No,No,NA,NA,NA,NA,NA,NA,0,NA,Prefiere otras actividades,Sí,2019
55,Sí,Sí,No,Sí,No,No,No,Sí,NA,NA,No,Sí,30,La mayor parte,NA,Sí,2019
41,Sí,Sí,Sí,Sí,No,No,No,Sí,No,Sí,No,Sí,120,La mayor parte,NA,Sí,2019
33,Sí,Sí,No,No,No,Sí,No,Sí,NA,NA,NA,NA,50,La mayor parte,NA,Sí,2019
31,Sí,Sí,No,Sí,No,Sí,No,Sí,NA,NA,No,Sí,30,La mayor parte,NA,Sí,2019
42,No,No,No,No,No,No,NA,NA,NA,NA,NA,NA,0,NA,Falta de tiempo,No,2019
32,No,No,No,No,No,No,NA,NA,NA,NA,NA,NA,0,NA,Falta de interés/gusto,No recuerda,2019
19,Sí,No,No,No,Sí,No,NA,NA,NA,NA,NA,NA,45,Toda,NA,No,2019
62,No,No,No,Sí,No,No,NA,NA,NA,NA,No,Sí,3,Poca,NA,No,2019
59,Sí,No,Sí,No,No,No,NA,NA,No,Sí,NA,NA,35,Poca,NA,No,2019
25,No,No,No,No,No,No,NA,NA,NA,NA,NA,NA,0,NA,Falta de tiempo,No,2019
77,No,No,No,No,No,No,NA,NA,NA,NA,NA,NA,0,NA,Problemas de salud,No,2019
76,No,No,No,No,No,No,NA,NA,NA,NA,NA,NA,0,NA,Problemas de salud,Sí,2019
68,No,No,No,No,No,No,NA,NA,NA,NA,NA,NA,0,NA,Prefiere otras actividades,No,2019
57,Sí,No,No,No,No,Sí,NA,NA,NA,NA,NA,NA,30,La mayor parte,NA,No,2019
56,Sí,No,No,No,No,Sí,NA,NA,NA,NA,NA,NA,45,Toda,NA,Sí,2019
61,Sí,Sí,No,No,No,Sí,No,Sí,NA,NA,NA,NA,60,Toda,NA,Sí,2019
30,No,No,Sí,No,No,Sí,NA,NA,No,Sí,NA,NA,40,Toda,NA,Sí,2019
62,Sí,No,Sí,Sí,No,No,NA,NA,No,Sí,No,Sí,20,La mitad,NA,Sí,2019
32,Sí,No,No,No,No,Sí,NA,NA,NA,NA,NA,NA,30,La mayor parte,NA,Sí,2019
32,No,No,No,No,No,Sí,NA,NA,NA,NA,NA,NA,15,La mayor parte,NA,Sí,2019
75,No,No,No,No,No,No,NA,NA,NA,NA,NA,NA,0,NA,Problemas de salud,No,2019
24,Sí,Sí,No,No,No,Sí,No,Sí,NA,NA,NA,NA,120,La mayor parte,NA,No,2019
28,No,No,No,No,No,No,NA,NA,NA,NA,NA,NA,0,NA,Falta de tiempo,No,2019
42,No,No,No,No,No,No,NA,NA,NA,NA,NA,NA,0,NA,Falta de tiempo,No,2019
86,No,No,No,No,No,No,NA,NA,NA,NA,NA,NA,0,NA,Problemas de salud,Sí,2019
51,Sí,Sí,Sí,Sí,No,Sí,No,Sí,No,Sí,No,Sí,40,Toda,NA,Sí,2019
21,Sí,Sí,No,No,Sí,Sí,No,Sí,NA,NA,NA,NA,60,Toda,NA,Sí,2019
31,Sí,Sí,Sí,Sí,No,Sí,No,Sí,No,Sí,No,Sí,40,Toda,NA,Sí,2019
35,No,No,No,No,No,No,NA,NA,NA,NA,NA,NA,0,NA,Falta de tiempo,No,2019
45,No,No,No,No,No,No,NA,NA,NA,NA,NA,NA,0,NA,Prefiere otras actividades,No,2019
71,No,No,No,No,No,No,NA,NA,NA,NA,NA,NA,0,NA,Problemas de salud,No,2019
35,No,No,No,No,No,No,NA,NA,NA,NA,NA,NA,0,NA,Falta de dinero,No,2019
58,Sí,Sí,No,No,No,No,No,Sí,NA,NA,NA,NA,30,La mayor parte,NA,Sí,2019
48,Sí,Sí,No,No,No,Sí,No,Sí,NA,NA,NA,NA,120,Toda,NA,Sí,2019
51,Sí,Sí,No,No,No,Sí,No,Sí,NA,NA,NA,NA,40,La mayor parte,NA,Sí,2019
30,No,No,Sí,No,No,No,NA,NA,No,Sí,NA,NA,15,La mayor parte,NA,Sí,2019
34,Sí,Sí,No,No,No,Sí,No,Sí,NA,NA,NA,NA,40,La mayor parte,NA,Sí,2019
21,Sí,Sí,Sí,No,No,Sí,Sí,No,Sí,No,NA,NA,60,La mayor parte,NA,Sí,2019
57,Sí,No,No,Sí,No,No,NA,NA,NA,NA,No,Sí,30,La mitad,NA,Sí,2019
48,Sí,Sí,No,Sí,No,Sí,No,Sí,NA,NA,No,Sí,45,La mayor parte,NA,Sí,2019
53,No,No,No,Sí,No,No,NA,NA,NA,NA,Sí,No,15,La mayor parte,NA,No recuerda,2019
84,Sí,Sí,No,No,No,No,No,Sí,NA,NA,NA,NA,15,Poca,NA,No,2019
33,Sí,Sí,No,Sí,No,Sí,No,Sí,NA,NA,No,Sí,30,La mayor parte,NA,Sí,2019
56,Sí,No,No,Sí,No,No,NA,NA,NA,NA,No,Sí,30,La mayor parte,NA,No,2019
83,No,No,No,No,No,No,NA,NA,NA,NA,NA,NA,0,NA,Problemas de salud,No,2019
36,Sí,No,Sí,No,No,Sí,NA,NA,Sí,No,NA,NA,10,La mayor parte,NA,No,2019
43,Sí,Sí,Sí,No,No,Sí,Sí,No,No,Sí,NA,NA,40,La mayor parte,NA,Sí,2019
41,No,No,No,Sí,No,No,NA,NA,NA,NA,No,Sí,20,Poca,NA,No,2019
54,No,No,Sí,Sí,No,No,NA,NA,No,Sí,No,Sí,15,La mayor parte,NA,No recuerda,2019
31,Sí,Sí,Sí,No,No,No,No,Sí,No,Sí,NA,NA,30,La mayor parte,NA,Sí,2019
64,No,No,No,No,No,No,NA,NA,NA,NA,NA,NA,0,NA,Falta de interés/gusto,Sí,2019
37,Sí,No,No,Sí,No,No,NA,NA,NA,NA,No,Sí,10,Toda,NA,No,2019
39,Sí,No,Sí,Sí,No,Sí,NA,NA,Sí,Sí,Sí,Sí,50,La mitad,NA,Sí,2019
61,No,No,No,No,No,No,NA,NA,NA,NA,NA,NA,0,NA,Falta de tiempo,No,2019
23,Sí,Sí,Sí,No,No,Sí,Sí,Sí,Sí,Sí,NA,NA,35,La mayor parte,NA,Sí,2019
21,Sí,Sí,Sí,Sí,No,Sí,Sí,Sí,Sí,Sí,Sí,Sí,45,La mayor parte,NA,Sí,2019
70,Sí,Sí,No,No,No,No,No,Sí,NA,NA,NA,NA,20,La mitad,NA,No,2019
20,No,No,No,No,No,No,NA,NA,NA,NA,NA,NA,0,NA,Prefiere otras actividades,No,2019
55,No,No,Sí,Sí,No,No,NA,NA,No,Sí,No,Sí,15,Poca,NA,Sí,2019
51,Sí,No,No,Sí,No,No,NA,NA,NA,NA,No,Sí,20,Poca,NA,Sí,2019
78,No,No,No,No,No,No,NA,NA,NA,NA,NA,NA,0,NA,Problemas de salud,No,2019
52,No,No,Sí,No,No,No,NA,NA,No,Sí,NA,NA,5,Toda,NA,Sí,2019
58,No,No,No,No,No,No,NA,NA,NA,NA,NA,NA,0,NA,Falta de interés/gusto,No recuerda,2019
58,No,No,No,No,No,No,NA,NA,NA,NA,NA,NA,0,NA,Problemas de salud,No recuerda,2019
65,No,No,No,Sí,No,No,NA,NA,NA,NA,No,Sí,30,La mayor parte,NA,No,2019
61,Sí,Sí,No,Sí,No,No,No,Sí,NA,NA,No,Sí,40,La mayor parte,NA,No,2019
34,Sí,Sí,No,No,No,Sí,Sí,No,NA,NA,NA,NA,40,La mayor parte,NA,Sí,2019
21,Sí,Sí,No,No,No,Sí,No,Sí,NA,NA,NA,NA,120,La mitad,NA,No,2019
22,No,No,No,No,No,No,NA,NA,NA,NA,NA,NA,0,NA,Prefiere otras actividades,Sí,2019
46,Sí,Sí,No,No,No,Sí,No,Sí,NA,NA,NA,NA,60,Toda,NA,Sí,2019
24,No,No,No,Sí,No,No,NA,NA,NA,NA,No,Sí,20,La mayor parte,NA,No,2019
20,No,No,No,No,No,No,NA,NA,NA,NA,NA,NA,0,NA,Falta de tiempo,Sí,2019
55,Sí,No,Sí,Sí,No,No,NA,NA,No,Sí,No,Sí,25,Toda,NA,Sí,2019
23,No,No,No,No,No,No,NA,NA,NA,NA,NA,NA,0,NA,Falta de tiempo,No,2019
60,Sí,Sí,Sí,No,No,No,No,Sí,No,Sí,NA,NA,20,Poca,NA,Sí,2019
58,Sí,No,Sí,No,No,Sí,NA,NA,No,Sí,NA,NA,60,La mitad,NA,No,2019
35,Sí,No,Sí,No,No,Sí,NA,NA,No,Sí,NA,NA,30,La mayor parte,NA,Sí,2019
52,Sí,Sí,No,Sí,No,No,No,Sí,NA,NA,No,Sí,45,Toda,NA,Sí,2019
58,NA,NA,NA,NA,NA,NA,NA,NA,NA,NA,NA,NA,0,NA,NA,NA,2019
49,No,No,No,Sí,No,No,NA,NA,NA,NA,No,Sí,20,La mayor parte,NA,No,2019
43,Sí,Sí,No,No,No,Sí,No,Sí,NA,NA,NA,NA,60,Toda,NA,Sí,2019
42,Sí,No,Sí,No,No,Sí,NA,NA,No,Sí,NA,NA,20,La mayor parte,NA,Sí,2019
33,No,No,No,No,No,No,NA,NA,NA,NA,NA,NA,0,NA,Falta de tiempo,No,2019
70,No,No,No,No,No,No,NA,NA,NA,NA,NA,NA,0,NA,Falta de interés/gusto,No,2019
31,No,No,No,No,No,No,NA,NA,NA,NA,NA,NA,0,NA,Prefiere otras actividades,No,2019
36,No,No,No,No,No,No,NA,NA,NA,NA,NA,NA,0,NA,Prefiere otras actividades,No,2019
22,Sí,Sí,Sí,Sí,No,Sí,No,Sí,No,Sí,No,Sí,90,La mayor parte,NA,Sí,2019
32,No,No,No,No,No,No,NA,NA,NA,NA,NA,NA,0,NA,Falta de tiempo,Sí,2019
64,No,No,No,No,No,No,NA,NA,NA,NA,NA,NA,0,NA,Falta de interés/gusto,Sí,2019
23,No,No,No,No,No,No,NA,NA,NA,NA,NA,NA,0,NA,Falta de interés/gusto,Sí,2019
48,Sí,Sí,Sí,Sí,No,Sí,No,Sí,No,Sí,No,Sí,40,Toda,NA,Sí,2019
41,No,No,No,No,No,No,NA,NA,NA,NA,NA,NA,0,NA,Prefiere otras actividades,Sí,2019
25,No,No,Sí,No,No,No,NA,NA,No,Sí,NA,NA,5,Poca,NA,No,2019
49,No,No,No,No,No,No,NA,NA,NA,NA,NA,NA,0,NA,Falta de tiempo,No,2019
25,Sí,No,No,No,No,Sí,NA,NA,NA,NA,NA,NA,45,Toda,NA,Sí,2019
44,Sí,Sí,No,No,No,Sí,No,Sí,NA,NA,NA,NA,30,La mayor parte,NA,No,2019
55,No,No,No,No,No,No,NA,NA,NA,NA,NA,NA,0,NA,Prefiere otras actividades,No,2019
83,No,No,No,No,No,No,NA,NA,NA,NA,NA,NA,0,NA,Problemas de salud,No,2019
72,Sí,No,Sí,Sí,No,No,NA,NA,No,Sí,No,Sí,30,La mitad,NA,No recuerda,2019
61,No,No,No,No,No,No,NA,NA,NA,NA,NA,NA,0,NA,Falta de tiempo,No,2019
44,No,No,No,No,No,Sí,NA,NA,NA,NA,NA,NA,20,Poca,NA,No,2019
48,No,Sí,Sí,No,No,No,No,Sí,No,Sí,NA,NA,15,Poca,NA,No,2019
46,No,No,No,No,No,No,NA,NA,NA,NA,NA,NA,0,NA,Prefiere otras actividades,No,2019
30,No,No,No,No,No,No,NA,NA,NA,NA,NA,NA,0,NA,Prefiere otras actividades,No,2019
81,No,No,No,No,No,No,NA,NA,NA,NA,NA,NA,0,NA,Problemas de salud,No,2019
45,No,No,No,No,No,No,NA,NA,NA,NA,NA,NA,0,NA,Falta de interés/gusto,Sí,2019
47,No,No,No,No,No,No,NA,NA,NA,NA,NA,NA,0,NA,Falta de tiempo,No recuerda,2019
22,No,No,No,No,No,No,NA,NA,NA,NA,NA,NA,0,NA,Falta de tiempo,No,2019
71,No,No,Sí,No,No,No,NA,NA,No,Sí,NA,NA,5,Poca,NA,Sí,2019
40,No,No,No,No,No,No,NA,NA,NA,NA,NA,NA,0,NA,Falta de tiempo,No,2019
53,No,No,No,No,No,No,NA,NA,NA,NA,NA,NA,0,NA,Falta de interés/gusto,No,2019
50,Sí,No,Sí,No,No,Sí,NA,NA,Sí,Sí,NA,NA,20,Toda,NA,Sí,2019
56,No,No,No,No,No,No,NA,NA,NA,NA,NA,NA,0,NA,Prefiere otras actividades,No,2019
26,No,No,No,No,No,No,NA,NA,NA,NA,NA,NA,0,NA,Prefiere otras actividades,No,2019
40,No,No,No,No,No,No,NA,NA,NA,NA,NA,NA,0,NA,Falta de tiempo,Sí,2019
65,Sí,No,Sí,No,No,No,NA,NA,No,Sí,NA,NA,45,La mayor parte,NA,Sí,2019
48,Sí,Sí,No,No,No,No,No,Sí,NA,NA,NA,NA,40,Toda,NA,Sí,2019
22,Sí,Sí,No,Sí,No,Sí,No,Sí,NA,NA,No,Sí,120,Toda,NA,Sí,2019
46,No,No,No,No,No,No,NA,NA,NA,NA,NA,NA,0,NA,Falta de tiempo,No,2019
29,Sí,Sí,No,No,No,Sí,No,Sí,NA,NA,NA,NA,120,Toda,NA,Sí,2019
57,Sí,Sí,Sí,No,No,No,No,Sí,No,Sí,NA,NA,29,La mayor parte,NA,No,2019
67,Sí,No,Sí,Sí,No,No,NA,NA,No,Sí,No,Sí,10,La mayor parte,NA,Sí,2019
35,Sí,No,Sí,No,No,Sí,NA,NA,No,Sí,NA,NA,18,La mayor parte,NA,No,2019
27,Sí,Sí,No,No,No,Sí,No,Sí,NA,NA,NA,NA,60,Toda,NA,Sí,2019
36,Sí,No,No,Sí,No,Sí,NA,NA,NA,NA,No,Sí,30,La mayor parte,NA,Sí,2019
43,No,No,No,No,No,No,NA,NA,NA,NA,NA,NA,0,NA,Falta de tiempo,No,2019
25,Sí,No,No,No,No,Sí,NA,NA,NA,NA,NA,NA,30,Toda,NA,Sí,2019
50,Sí,Sí,No,Sí,No,No,No,Sí,NA,NA,No,Sí,60,Toda,NA,Sí,2019
51,No,No,No,No,No,No,NA,NA,NA,NA,NA,NA,0,NA,Falta de tiempo,No,2019
60,No,No,Sí,No,No,No,NA,NA,No,Sí,NA,NA,20,La mayor parte,NA,Sí,2019
74,No,No,No,No,No,No,NA,NA,NA,NA,NA,NA,0,NA,Falta de interés/gusto,No recuerda,2019
79,No,No,No,No,No,No,NA,NA,NA,NA,NA,NA,0,NA,Problemas de salud,No,2019
22,Sí,No,Sí,No,No,No,NA,NA,No,Sí,NA,NA,30,Toda,NA,Sí,2019
22,No,No,No,No,No,Sí,NA,NA,NA,NA,NA,NA,15,La mitad,NA,Sí,2019
23,No,No,No,No,No,Sí,NA,NA,NA,NA,NA,NA,30,La mayor parte,NA,No,2019
59,No,No,No,No,No,No,NA,NA,NA,NA,NA,NA,0,NA,Falta de tiempo,No,2019
34,No,No,No,No,No,No,NA,NA,NA,NA,NA,NA,0,NA,Falta de tiempo,No,2019
48,No,No,No,No,No,No,NA,NA,NA,NA,NA,NA,0,NA,Prefiere otras actividades,No,2019
22,Sí,Sí,No,No,No,Sí,Sí,No,NA,NA,NA,NA,60,La mayor parte,NA,No,2019
22,Sí,Sí,No,No,No,Sí,Sí,No,NA,NA,NA,NA,10,La mayor parte,NA,Sí,2019
47,Sí,Sí,Sí,Sí,No,Sí,No,Sí,No,Sí,No,Sí,30,La mayor parte,NA,Sí,2019
70,No,No,No,No,No,No,NA,NA,NA,NA,NA,NA,0,NA,Problemas de salud,No recuerda,2019
32,Sí,Sí,Sí,No,Sí,Sí,No,Sí,No,Sí,NA,NA,25,Toda,NA,Sí,2019
22,Sí,No,Sí,No,No,Sí,NA,NA,No,Sí,NA,NA,15,La mayor parte,NA,Sí,2019
83,No,No,No,No,No,No,NA,NA,NA,NA,NA,NA,0,NA,Problemas de salud,No,2019
21,Sí,Sí,Sí,Sí,No,Sí,Sí,No,No,Sí,No,Sí,10,Toda,NA,Sí,2019
28,Sí,Sí,No,Sí,No,Sí,Sí,No,NA,NA,No,Sí,60,La mayor parte,NA,Sí,2019
53,Sí,Sí,Sí,Sí,No,Sí,No,Sí,No,Sí,No,Sí,15,Poca,NA,Sí,2019
20,Sí,Sí,Sí,Sí,No,Sí,No,Sí,No,Sí,No,Sí,30,La mayor parte,NA,Sí,2019
43,Sí,Sí,Sí,No,No,Sí,No,Sí,No,Sí,NA,NA,30,La mayor parte,NA,Sí,2019
36,Sí,Sí,Sí,No,No,Sí,No,Sí,No,Sí,NA,NA,30,La mayor parte,NA,Sí,2019
67,No,No,Sí,No,No,No,NA,NA,No,Sí,NA,NA,30,La mayor parte,NA,No,2019
77,NA,NA,NA,NA,NA,NA,NA,NA,NA,NA,NA,NA,0,NA,NA,NA,2019
37,Sí,Sí,No,Sí,No,Sí,No,Sí,NA,NA,No,Sí,60,La mayor parte,NA,Sí,2019
47,Sí,Sí,Sí,Sí,No,No,No,Sí,No,Sí,No,Sí,35,La mayor parte,NA,No,2019
28,Sí,Sí,Sí,No,No,Sí,No,Sí,No,Sí,NA,NA,30,La mayor parte,NA,No,2019
56,Sí,No,Sí,Sí,No,No,NA,NA,No,Sí,No,Sí,20,La mitad,NA,No recuerda,2019
29,Sí,Sí,Sí,Sí,No,Sí,No,Sí,No,Sí,No,Sí,40,La mayor parte,NA,No,2019
55,Sí,Sí,No,Sí,No,No,No,Sí,NA,NA,No,Sí,30,La mitad,NA,Sí,2019
59,No,No,No,No,No,No,NA,NA,NA,NA,NA,NA,0,NA,Falta de tiempo,No,2019
24,Sí,Sí,Sí,No,No,Sí,No,Sí,No,Sí,NA,NA,40,La mayor parte,NA,Sí,2019
38,Sí,Sí,Sí,No,No,Sí,No,Sí,No,Sí,NA,NA,30,La mayor parte,NA,Sí,2019
57,No,No,Sí,No,No,No,NA,NA,No,Sí,NA,NA,15,La mitad,NA,No,2019
25,Sí,Sí,Sí,No,No,Sí,No,Sí,No,Sí,NA,NA,30,La mayor parte,NA,Sí,2019
37,Sí,Sí,Sí,No,No,Sí,No,Sí,No,Sí,NA,NA,30,La mayor parte,NA,Sí,2019
26,Sí,Sí,Sí,No,No,Sí,No,Sí,No,Sí,NA,NA,30,La mayor parte,NA,Sí,2019
71,NA,NA,NA,NA,NA,NA,NA,NA,NA,NA,NA,NA,0,NA,NA,NA,2019
30,No,No,No,Sí,No,No,NA,NA,NA,NA,No,Sí,15,La mitad,NA,No,2019
48,Sí,Sí,No,No,No,No,No,Sí,NA,NA,NA,NA,20,La mayor parte,NA,Sí,2019
63,Sí,Sí,No,No,No,No,No,Sí,NA,NA,NA,NA,40,Poca,NA,No,2019
65,Sí,No,No,Sí,No,No,NA,NA,NA,NA,No,Sí,30,La mayor parte,NA,No,2019
49,Sí,No,Sí,Sí,No,Sí,NA,NA,No,Sí,No,Sí,10,La mayor parte,NA,Sí,2019
23,Sí,Sí,No,No,No,No,No,Sí,NA,NA,NA,NA,60,La mayor parte,NA,Sí,2019
52,Sí,Sí,Sí,No,No,Sí,Sí,No,No,Sí,NA,NA,20,La mayor parte,NA,Sí,2019
60,Sí,Sí,No,No,No,No,No,Sí,NA,NA,NA,NA,20,Toda,NA,Sí,2019
62,Sí,Sí,No,Sí,No,No,No,Sí,NA,NA,No,Sí,30,La mayor parte,NA,No,2019
33,NA,NA,NA,NA,NA,NA,NA,NA,NA,NA,NA,NA,0,NA,NA,NA,2019
28,Sí,Sí,Sí,Sí,No,Sí,No,Sí,Sí,No,No,Sí,30,La mayor parte,NA,No,2019
27,Sí,Sí,No,No,No,No,No,Sí,NA,NA,NA,NA,20,Poca,NA,Sí,2019
42,Sí,Sí,No,No,No,Sí,No,Sí,NA,NA,NA,NA,60,La mayor parte,NA,Sí,2019
30,No,No,No,No,No,No,NA,NA,NA,NA,NA,NA,0,NA,Falta de interés/gusto,Sí,2019
76,Sí,No,No,No,No,No,NA,NA,NA,NA,NA,NA,0,NA,Falta de tiempo,No,2019
54,Sí,No,No,Sí,No,Sí,NA,NA,NA,NA,No,Sí,30,Toda,NA,Sí,2019
44,Sí,Sí,No,No,Sí,No,No,Sí,NA,NA,NA,NA,10,La mitad,NA,Sí,2019
32,Sí,Sí,Sí,Sí,Sí,Sí,No,Sí,No,Sí,No,Sí,60,Toda,NA,No,2019
32,Sí,Sí,Sí,Sí,No,Sí,No,Sí,Sí,No,No,Sí,60,La mayor parte,NA,Sí,2019
66,Sí,Sí,No,No,No,Sí,No,Sí,NA,NA,NA,NA,60,Toda,NA,No,2019
55,No,No,No,No,No,No,NA,NA,NA,NA,NA,NA,0,NA,Falta de interés/gusto,Sí,2019
75,Sí,No,Sí,No,No,No,NA,NA,No,Sí,NA,NA,30,La mitad,NA,Sí,2019
57,No,No,Sí,No,No,No,NA,NA,No,Sí,NA,NA,30,Toda,NA,Sí,2019
33,Sí,Sí,Sí,No,No,No,No,Sí,No,Sí,NA,NA,15,La mitad,NA,No,2019
32,Sí,Sí,Sí,Sí,Sí,Sí,No,Sí,No,Sí,No,Sí,30,Toda,NA,Sí,2019
20,Sí,Sí,No,No,No,Sí,No,Sí,NA,NA,NA,NA,30,Toda,NA,Sí,2019
24,Sí,No,Sí,Sí,No,Sí,NA,NA,No,Sí,No,Sí,5,La mayor parte,NA,No,2019
26,Sí,Sí,No,No,No,Sí,No,Sí,NA,NA,NA,NA,10,La mayor parte,NA,Sí,2019
60,Sí,Sí,No,No,No,No,No,Sí,NA,NA,NA,NA,15,La mitad,NA,Sí,2019
31,Sí,Sí,No,No,No,Sí,Sí,No,NA,NA,NA,NA,30,La mayor parte,NA,Sí,2019
43,Sí,Sí,Sí,No,No,Sí,No,Sí,No,Sí,NA,NA,40,La mayor parte,NA,Sí,2019
88,No,No,No,No,No,No,NA,NA,NA,NA,NA,NA,0,NA,Problemas de salud,No recuerda,2019
37,Sí,Sí,Sí,Sí,No,Sí,No,Sí,No,Sí,No,Sí,40,La mayor parte,NA,Sí,2019
20,No,No,No,No,No,No,NA,NA,NA,NA,NA,NA,0,NA,Falta de tiempo,Sí,2019
56,Sí,Sí,No,No,No,No,No,Sí,NA,NA,NA,NA,20,Toda,NA,Sí,2019
64,NA,NA,NA,NA,NA,NA,NA,NA,NA,NA,NA,NA,0,NA,NA,NA,2019
59,Sí,Sí,Sí,Sí,No,No,No,Sí,No,Sí,No,Sí,20,La mitad,NA,No,2019
72,No,No,Sí,Sí,No,No,NA,NA,No,Sí,No,Sí,20,La mitad,NA,No,2019
44,Sí,Sí,Sí,Sí,No,Sí,No,Sí,No,Sí,No,Sí,40,La mitad,NA,No,2019
41,Sí,No,No,No,No,No,NA,NA,NA,NA,NA,NA,0,NA,Prefiere otras actividades,No,2019
51,No,No,No,Sí,No,No,NA,NA,NA,NA,No,Sí,20,Poca,NA,No,2019
54,Sí,Sí,Sí,Sí,No,Sí,No,Sí,No,Sí,No,Sí,30,La mayor parte,NA,No,2019
19,Sí,Sí,Sí,Sí,No,Sí,Sí,Sí,Sí,Sí,No,Sí,40,La mayor parte,NA,No,2019
42,Sí,Sí,Sí,Sí,No,No,No,Sí,No,Sí,No,Sí,30,La mayor parte,NA,Sí,2019
32,Sí,Sí,Sí,Sí,No,No,No,Sí,No,Sí,No,Sí,20,La mitad,NA,No,2019
37,Sí,Sí,Sí,Sí,No,No,No,Sí,No,Sí,No,Sí,20,La mitad,NA,No,2019
42,Sí,No,No,Sí,No,No,NA,NA,NA,NA,No,Sí,20,La mitad,NA,No,2019
43,Sí,Sí,Sí,Sí,No,Sí,No,Sí,Sí,Sí,No,Sí,30,La mayor parte,NA,Sí,2019
31,No,No,No,No,No,No,NA,NA,NA,NA,NA,NA,0,NA,Falta de tiempo,No,2019
53,Sí,Sí,Sí,No,No,Sí,Sí,No,Sí,No,NA,NA,30,La mayor parte,NA,Sí,2019
33,Sí,Sí,No,No,No,No,No,Sí,NA,NA,NA,NA,15,Poca,NA,Sí,2019
43,Sí,No,Sí,No,No,No,NA,NA,No,Sí,NA,NA,60,La mayor parte,NA,No,2019
55,Sí,Sí,No,Sí,No,Sí,No,Sí,NA,NA,No,Sí,30,La mayor parte,NA,Sí,2019
74,Sí,Sí,Sí,No,No,No,No,Sí,No,Sí,NA,NA,90,La mitad,NA,No,2019
42,Sí,Sí,No,No,No,No,No,Sí,NA,NA,NA,NA,15,Toda,NA,Sí,2019
69,Sí,Sí,No,No,No,No,No,Sí,NA,NA,NA,NA,60,Toda,NA,Sí,2019
42,Sí,Sí,Sí,No,No,No,No,Sí,No,Sí,NA,NA,30,La mayor parte,NA,No,2019
52,Sí,Sí,Sí,No,No,No,Sí,Sí,No,Sí,NA,NA,120,Toda,NA,Sí,2019
30,Sí,Sí,Sí,No,No,Sí,No,Sí,No,Sí,NA,NA,20,La mayor parte,NA,Sí,2019
41,Sí,Sí,Sí,Sí,No,Sí,No,Sí,No,Sí,No,Sí,60,La mayor parte,NA,Sí,2019
37,Sí,Sí,No,No,No,No,No,Sí,NA,NA,NA,NA,10,La mitad,NA,Sí,2019
77,NA,NA,NA,NA,NA,NA,NA,NA,NA,NA,NA,NA,0,NA,NA,NA,2019
82,Sí,Sí,No,No,No,No,No,Sí,NA,NA,NA,NA,5,Poca,NA,Sí,2019
24,No,No,No,No,No,No,NA,NA,NA,NA,NA,NA,0,NA,Falta de tiempo,No,2019
54,Sí,Sí,No,No,No,No,No,Sí,NA,NA,NA,NA,30,La mayor parte,NA,Sí,2019
33,No,No,No,No,No,No,NA,NA,NA,NA,NA,NA,0,NA,Falta de tiempo,Sí,2019
49,Sí,No,No,Sí,No,No,NA,NA,NA,NA,No,Sí,5,La mitad,NA,No,2019
32,Sí,Sí,No,No,No,Sí,Sí,Sí,NA,NA,NA,NA,120,La mayor parte,NA,Sí,2019
50,Sí,No,Sí,Sí,No,No,NA,NA,No,Sí,No,Sí,5,Poca,NA,Sí,2019
80,Sí,No,No,Sí,Sí,No,NA,NA,NA,NA,No,Sí,30,La mayor parte,NA,Sí,2019
50,Sí,Sí,Sí,No,No,Sí,No,Sí,No,Sí,NA,NA,40,La mayor parte,NA,Sí,2019
33,Sí,Sí,No,No,No,No,No,Sí,NA,NA,NA,NA,120,Toda,NA,No,2019
35,Sí,Sí,Sí,No,No,No,No,Sí,No,Sí,NA,NA,30,La mitad,NA,Sí,2019
33,Sí,Sí,No,No,No,Sí,No,Sí,NA,NA,NA,NA,120,La mayor parte,NA,Sí,2019
53,No,No,No,No,No,No,NA,NA,NA,NA,NA,NA,0,NA,Falta de interés/gusto,No,2019
23,Sí,Sí,No,No,No,No,No,Sí,NA,NA,NA,NA,20,Poca,NA,No,2019
58,Sí,Sí,Sí,No,No,No,No,Sí,No,Sí,NA,NA,20,La mitad,NA,Sí,2019
48,Sí,Sí,No,No,No,No,No,Sí,NA,NA,NA,NA,30,Poca,NA,Sí,2019
54,Sí,Sí,Sí,Sí,No,No,No,Sí,No,Sí,No,Sí,30,La mayor parte,NA,Sí,2019
67,Sí,Sí,Sí,Sí,No,Sí,No,Sí,No,Sí,No,Sí,30,La mayor parte,NA,Sí,2019
57,Sí,Sí,Sí,No,No,No,No,Sí,No,Sí,NA,NA,20,La mitad,NA,Sí,2019
22,Sí,Sí,No,No,No,Sí,No,Sí,NA,NA,NA,NA,40,La mayor parte,NA,Sí,2019
73,Sí,Sí,No,No,No,Sí,No,Sí,NA,NA,NA,NA,60,La mitad,NA,Sí,2019
55,Sí,No,No,No,No,No,NA,NA,NA,NA,NA,NA,0,NA,Falta de tiempo,No,2019
38,No,No,No,No,No,No,NA,NA,NA,NA,NA,NA,0,NA,Prefiere otras actividades,Sí,2019
30,Sí,No,No,Sí,No,No,NA,NA,NA,NA,No,Sí,30,La mayor parte,NA,Sí,2019
51,No,No,No,No,No,No,NA,NA,NA,NA,NA,NA,0,NA,Falta de interés/gusto,No,2019
30,Sí,Sí,Sí,No,No,No,No,Sí,No,Sí,NA,NA,30,La mayor parte,NA,Sí,2019
37,Sí,Sí,No,Sí,No,No,No,Sí,NA,NA,No,Sí,60,La mayor parte,NA,Sí,2019
50,No,No,No,No,No,No,NA,NA,NA,NA,NA,NA,0,NA,Falta de interés/gusto,Sí,2019
25,No,No,No,No,No,No,NA,NA,NA,NA,NA,NA,0,NA,Falta de tiempo,Sí,2019
64,NA,NA,NA,NA,NA,NA,NA,NA,NA,NA,NA,NA,0,NA,NA,NA,2019
46,Sí,Sí,Sí,Sí,No,No,Sí,No,No,Sí,No,Sí,45,La mayor parte,NA,Sí,2019
42,Sí,Sí,No,No,No,No,No,Sí,NA,NA,NA,NA,30,La mayor parte,NA,Sí,2019
39,No,No,No,No,No,No,NA,NA,NA,NA,NA,NA,0,NA,Falta de tiempo,No,2019
36,Sí,Sí,Sí,No,No,No,No,Sí,No,Sí,NA,NA,30,La mayor parte,NA,Sí,2019
34,No,No,No,No,No,Sí,NA,NA,NA,NA,NA,NA,60,La mayor parte,NA,Sí,2019
23,Sí,Sí,No,No,No,Sí,No,Sí,NA,NA,NA,NA,45,La mayor parte,NA,Sí,2019
22,Sí,Sí,No,No,No,No,No,Sí,NA,NA,NA,NA,60,La mayor parte,NA,Sí,2019
35,Sí,Sí,Sí,No,No,No,No,Sí,No,Sí,NA,NA,60,La mayor parte,NA,Sí,2019
59,No,No,No,No,No,No,NA,NA,NA,NA,NA,NA,0,NA,Problemas de salud,No,2019
47,Sí,Sí,Sí,Sí,No,No,No,Sí,No,Sí,No,Sí,45,La mayor parte,NA,Sí,2019
44,Sí,Sí,No,Sí,No,No,No,Sí,NA,NA,No,Sí,120,La mayor parte,NA,Sí,2019
30,Sí,Sí,No,Sí,No,Sí,No,Sí,NA,NA,No,Sí,45,La mayor parte,NA,Sí,2019
48,Sí,Sí,Sí,Sí,No,Sí,No,Sí,No,Sí,Sí,No,40,La mayor parte,NA,Sí,2019
79,Sí,No,No,No,No,No,NA,NA,NA,NA,NA,NA,0,NA,Problemas de salud,No,2019
41,No,No,No,No,No,No,NA,NA,NA,NA,NA,NA,0,NA,Falta de tiempo,No,2019
63,No,No,No,No,No,No,NA,NA,NA,NA,NA,NA,0,NA,Prefiere otras actividades,No,2019
37,No,No,No,No,No,No,NA,NA,NA,NA,NA,NA,0,NA,Prefiere otras actividades,Sí,2019
33,No,No,No,No,No,No,NA,NA,NA,NA,NA,NA,0,NA,Falta de tiempo,No,2019
22,Sí,No,Sí,No,No,No,NA,NA,No,Sí,NA,NA,30,La mayor parte,NA,No,2019
59,Sí,No,No,No,No,No,NA,NA,NA,NA,NA,NA,0,NA,Falta de tiempo,No,2019
40,No,No,No,No,No,No,NA,NA,NA,NA,NA,NA,0,NA,Falta de interés/gusto,Sí,2019
34,Sí,No,No,Sí,No,No,NA,NA,NA,NA,No,Sí,30,La mayor parte,NA,Sí,2019
45,No,No,No,No,No,No,NA,NA,NA,NA,NA,NA,0,NA,Falta de tiempo,No,2019
36,No,No,No,No,No,No,NA,NA,NA,NA,NA,NA,0,NA,Falta de interés/gusto,No,2019
40,No,No,No,No,No,No,NA,NA,NA,NA,NA,NA,0,NA,Falta de tiempo,Sí,2019
40,No,No,No,No,No,No,NA,NA,NA,NA,NA,NA,0,NA,Prefiere otras actividades,No,2019
28,Sí,Sí,No,No,No,No,No,Sí,NA,NA,NA,NA,60,La mayor parte,NA,Sí,2019
48,No,No,No,No,No,No,NA,NA,NA,NA,NA,NA,0,NA,Falta de tiempo,No,2019
55,Sí,Sí,No,No,No,No,No,Sí,NA,NA,NA,NA,30,La mayor parte,NA,No,2019
24,Sí,Sí,No,No,No,No,No,Sí,NA,NA,NA,NA,60,La mayor parte,NA,Sí,2019
55,No,No,No,No,No,No,NA,NA,NA,NA,NA,NA,0,NA,Falta de interés/gusto,No,2019
73,NA,NA,NA,NA,NA,NA,NA,NA,NA,NA,NA,NA,0,NA,NA,NA,2019
78,NA,NA,NA,NA,NA,NA,NA,NA,NA,NA,NA,NA,0,NA,NA,NA,2019
69,Sí,Sí,Sí,No,No,No,No,Sí,No,Sí,NA,NA,30,Poca,NA,Sí,2019
43,No,No,Sí,Sí,No,No,NA,NA,No,Sí,No,Sí,20,La mayor parte,NA,Sí,2019
80,Sí,No,No,Sí,No,No,NA,NA,NA,NA,No,Sí,60,La mayor parte,NA,No,2019
28,Sí,Sí,Sí,Sí,No,Sí,No,Sí,No,Sí,No,Sí,45,Toda,NA,Sí,2019
60,Sí,No,Sí,No,No,No,NA,NA,No,Sí,NA,NA,30,La mayor parte,NA,No,2019
58,Sí,No,Sí,Sí,No,No,NA,NA,No,Sí,No,Sí,30,Toda,NA,Sí,2019
56,Sí,No,No,No,No,No,NA,NA,NA,NA,NA,NA,0,NA,Problemas de salud,No,2019
42,Sí,No,No,No,No,No,NA,NA,NA,NA,NA,NA,0,NA,Falta de dinero,No,2019
21,Sí,Sí,No,No,No,No,Sí,No,NA,NA,NA,NA,120,La mayor parte,NA,Sí,2019
52,NA,NA,NA,NA,NA,NA,NA,NA,NA,NA,NA,NA,0,NA,NA,NA,2019
54,No,Sí,No,No,No,No,No,Sí,NA,NA,NA,NA,20,La mayor parte,NA,No,2019
31,No,No,No,No,No,No,NA,NA,NA,NA,NA,NA,0,NA,Prefiere otras actividades,No,2019
19,Sí,Sí,No,Sí,No,No,No,Sí,NA,NA,No,Sí,60,La mayor parte,NA,Sí,2019
45,Sí,Sí,Sí,No,No,No,No,Sí,No,Sí,NA,NA,60,La mayor parte,NA,Sí,2019
18,Sí,No,No,No,No,Sí,NA,NA,NA,NA,NA,NA,60,Poca,NA,Sí,2019
24,No,No,No,No,No,No,NA,NA,NA,NA,NA,NA,0,NA,Prefiere otras actividades,Sí,2019
41,Sí,Sí,Sí,No,No,Sí,No,Sí,No,Sí,NA,NA,60,La mayor parte,NA,No,2019
20,Sí,Sí,No,No,No,Sí,No,Sí,NA,NA,NA,NA,30,Toda,NA,Sí,2019
63,No,No,No,Sí,No,No,NA,NA,NA,NA,No,Sí,30,Toda,NA,Sí,2019
33,Sí,No,No,No,No,No,NA,NA,NA,NA,NA,NA,0,NA,Prefiere otras actividades,No,2019
58,Sí,Sí,No,Sí,No,No,No,Sí,NA,NA,No,Sí,15,La mayor parte,NA,No,2019
43,Sí,No,Sí,Sí,Sí,Sí,NA,NA,No,Sí,No,Sí,20,La mayor parte,NA,No,2019
54,Sí,Sí,Sí,No,No,No,No,Sí,Sí,No,NA,NA,120,Toda,NA,Sí,2019
62,Sí,No,No,Sí,No,No,NA,NA,NA,NA,No,Sí,30,La mitad,NA,No,2019
68,Sí,No,No,No,No,No,NA,NA,NA,NA,NA,NA,0,NA,Falta de tiempo,No,2019
21,Sí,Sí,No,No,No,No,No,Sí,NA,NA,NA,NA,60,La mayor parte,NA,Sí,2019
43,No,No,No,No,No,No,NA,NA,NA,NA,NA,NA,0,NA,Falta de interés/gusto,Sí,2019
49,Sí,Sí,Sí,Sí,No,Sí,Sí,No,Sí,No,Sí,No,60,La mayor parte,NA,Sí,2019
26,Sí,No,Sí,No,No,Sí,NA,NA,No,Sí,NA,NA,60,Toda,NA,Sí,2019
54,No,No,No,No,No,No,NA,NA,NA,NA,NA,NA,0,NA,Falta de tiempo,Sí,2019
53,Sí,No,No,Sí,No,No,NA,NA,NA,NA,No,Sí,5,La mayor parte,NA,No,2019
41,Sí,No,Sí,No,No,No,NA,NA,No,Sí,NA,NA,10,La mayor parte,NA,Sí,2019
30,Sí,No,No,Sí,No,Sí,NA,NA,NA,NA,No,Sí,30,La mitad,NA,Sí,2019
27,Sí,Sí,No,No,No,Sí,No,Sí,NA,NA,NA,NA,15,La mayor parte,NA,Sí,2019
23,Sí,Sí,No,Sí,No,Sí,Sí,Sí,NA,NA,No,Sí,30,La mayor parte,NA,Sí,2019
18,Sí,Sí,No,No,No,Sí,No,Sí,NA,NA,NA,NA,40,Poca,NA,Sí,2019
30,Sí,Sí,No,No,No,No,No,Sí,NA,NA,NA,NA,60,Toda,NA,No,2019
21,Sí,Sí,Sí,No,No,Sí,No,Sí,No,Sí,NA,NA,60,La mayor parte,NA,Sí,2019
24,Sí,Sí,Sí,Sí,No,No,No,Sí,No,Sí,No,Sí,90,La mayor parte,NA,Sí,2019
59,Sí,Sí,No,No,No,No,No,Sí,NA,NA,NA,NA,30,La mayor parte,NA,No,2019
58,Sí,No,No,Sí,No,Sí,NA,NA,NA,NA,No,Sí,10,La mayor parte,NA,Sí,2019
50,Sí,No,No,No,No,No,NA,NA,NA,NA,NA,NA,0,NA,Falta de tiempo,No,2019
66,Sí,Sí,Sí,Sí,No,Sí,No,Sí,No,Sí,No,Sí,60,Toda,NA,Sí,2019
38,Sí,Sí,No,No,No,Sí,No,Sí,NA,NA,NA,NA,60,La mayor parte,NA,No,2019
55,Sí,Sí,No,No,No,No,No,Sí,NA,NA,NA,NA,30,Poca,NA,No,2019
27,Sí,Sí,Sí,Sí,No,No,No,Sí,No,Sí,No,Sí,40,La mitad,NA,Sí,2019
23,No,Sí,No,No,No,No,No,Sí,NA,NA,NA,NA,15,La mitad,NA,Sí,2019
28,Sí,No,Sí,No,Sí,No,NA,NA,No,Sí,NA,NA,60,La mitad,NA,No,2019
53,Sí,No,Sí,No,No,No,NA,NA,No,Sí,NA,NA,60,La mayor parte,NA,Sí,2019
65,Sí,No,No,Sí,No,Sí,NA,NA,NA,NA,No,Sí,60,Poca,NA,No,2019
59,Sí,Sí,Sí,No,No,No,No,Sí,No,Sí,NA,NA,30,Poca,NA,No,2019
36,No,No,No,No,No,No,NA,NA,NA,NA,NA,NA,0,NA,Prefiere otras actividades,Sí,2019
35,Sí,No,No,Sí,No,Sí,NA,NA,NA,NA,No,Sí,15,Toda,NA,No,2019
35,No,No,No,No,No,No,NA,NA,NA,NA,NA,NA,0,NA,Falta de tiempo,No,2019
39,No,No,No,No,No,No,NA,NA,NA,NA,NA,NA,0,NA,Prefiere otras actividades,Sí,2019
21,Sí,Sí,No,No,No,Sí,No,Sí,NA,NA,NA,NA,15,La mayor parte,NA,Sí,2019
41,No,No,No,No,No,Sí,NA,NA,NA,NA,NA,NA,5,La mitad,NA,Sí,2019
76,Sí,Sí,Sí,No,No,No,No,Sí,No,Sí,NA,NA,60,La mayor parte,NA,Sí,2019
24,No,Sí,No,No,Sí,Sí,Sí,Sí,NA,NA,NA,NA,30,La mitad,NA,Sí,2019
54,Sí,Sí,Sí,No,No,No,No,Sí,No,Sí,NA,NA,20,La mitad,NA,No,2019
48,Sí,Sí,No,No,No,No,No,Sí,NA,NA,NA,NA,10,La mitad,NA,No,2019
29,Sí,Sí,Sí,No,No,No,No,Sí,No,Sí,NA,NA,40,La mayor parte,NA,Sí,2019
30,Sí,Sí,No,No,No,Sí,Sí,No,NA,NA,NA,NA,30,La mayor parte,NA,Sí,2019
75,Sí,Sí,No,No,No,No,No,Sí,NA,NA,NA,NA,20,Poca,NA,No,2019
42,Sí,Sí,Sí,No,No,Sí,No,Sí,No,Sí,NA,NA,10,La mayor parte,NA,Sí,2019
18,Sí,No,No,No,No,Sí,NA,NA,NA,NA,NA,NA,15,Toda,NA,Sí,2019
39,No,No,Sí,Sí,No,Sí,NA,NA,No,Sí,Sí,No,30,Toda,NA,Sí,2019
69,NA,NA,NA,NA,NA,NA,NA,NA,NA,NA,NA,NA,0,NA,NA,NA,2019
71,Sí,Sí,No,No,No,No,No,Sí,NA,NA,NA,NA,20,La mayor parte,NA,Sí,2019
69,Sí,Sí,No,No,No,No,No,Sí,NA,NA,NA,NA,15,La mitad,NA,Sí,2019
29,No,No,No,No,No,No,NA,NA,NA,NA,NA,NA,0,NA,Falta de tiempo,No,2019
44,No,No,No,No,No,No,NA,NA,NA,NA,NA,NA,0,NA,Prefiere otras actividades,No,2019
31,Sí,Sí,Sí,No,No,Sí,No,Sí,No,Sí,NA,NA,45,La mayor parte,NA,Sí,2019
39,Sí,Sí,Sí,Sí,No,Sí,No,Sí,Sí,No,Sí,No,30,La mayor parte,NA,Sí,2019
28,Sí,No,No,No,No,Sí,NA,NA,NA,NA,NA,NA,5,La mayor parte,NA,Sí,2019
53,Sí,Sí,Sí,Sí,No,Sí,No,Sí,Sí,Sí,No,Sí,20,La mitad,NA,Sí,2019
30,Sí,No,Sí,No,No,No,NA,NA,No,Sí,NA,NA,20,La mayor parte,NA,No,2019
58,Sí,Sí,No,No,Sí,No,No,Sí,NA,NA,NA,NA,60,Toda,NA,No,2019
25,No,Sí,No,Sí,No,No,No,Sí,NA,NA,No,Sí,5,La mayor parte,NA,Sí,2019
24,Sí,Sí,No,No,No,Sí,No,Sí,NA,NA,NA,NA,10,Poca,NA,Sí,2019
27,Sí,Sí,No,Sí,No,Sí,No,Sí,NA,NA,No,Sí,30,La mitad,NA,Sí,2019
57,Sí,No,No,No,No,No,NA,NA,NA,NA,NA,NA,0,NA,Problemas de salud,No,2019
45,No,No,No,No,No,Sí,NA,NA,NA,NA,NA,NA,60,Toda,NA,Sí,2019
18,Sí,Sí,No,No,No,Sí,No,Sí,NA,NA,NA,NA,60,Toda,NA,Sí,2019
63,Sí,No,No,No,No,No,NA,NA,NA,NA,NA,NA,0,NA,Falta de tiempo,No,2019
24,Sí,Sí,Sí,No,No,Sí,No,Sí,No,Sí,NA,NA,60,La mitad,NA,Sí,2019
23,Sí,Sí,Sí,No,No,Sí,Sí,No,No,Sí,NA,NA,10,La mayor parte,NA,No,2019
25,Sí,No,No,No,No,Sí,NA,NA,NA,NA,NA,NA,30,Toda,NA,Sí,2019
20,Sí,Sí,No,No,Sí,Sí,No,Sí,NA,NA,NA,NA,60,Toda,NA,Sí,2019
39,Sí,Sí,No,No,No,Sí,No,Sí,NA,NA,NA,NA,30,La mayor parte,NA,No,2019
37,No,No,No,Sí,No,Sí,NA,NA,NA,NA,No,Sí,10,La mitad,NA,No,2019
60,Sí,Sí,No,Sí,No,Sí,No,Sí,NA,NA,No,Sí,180,Toda,NA,No,2019
55,Sí,No,Sí,Sí,No,No,NA,NA,No,Sí,No,Sí,30,La mitad,NA,Sí,2019
49,No,No,No,No,No,Sí,NA,NA,NA,NA,NA,NA,15,Toda,NA,Sí,2019
51,Sí,Sí,Sí,No,No,No,No,Sí,No,Sí,NA,NA,60,La mayor parte,NA,Sí,2019
68,Sí,Sí,Sí,Sí,Sí,No,No,Sí,No,Sí,No,Sí,30,La mayor parte,NA,No,2019
19,Sí,Sí,Sí,No,No,Sí,No,Sí,No,Sí,NA,NA,60,La mayor parte,NA,Sí,2019
62,Sí,Sí,No,No,No,No,No,Sí,NA,NA,NA,NA,60,La mayor parte,NA,Sí,2019
45,Sí,No,No,No,No,Sí,NA,NA,NA,NA,NA,NA,5,Poca,NA,No,2019
55,Sí,No,No,No,No,Sí,NA,NA,NA,NA,NA,NA,20,La mayor parte,NA,Sí,2019
29,Sí,Sí,No,No,No,Sí,No,Sí,NA,NA,NA,NA,60,La mayor parte,NA,No,2019
67,No,No,No,Sí,No,No,NA,NA,NA,NA,No,Sí,15,Toda,NA,Sí,2019
23,No,No,No,No,No,Sí,NA,NA,NA,NA,NA,NA,60,La mayor parte,NA,Sí,2019
65,Sí,Sí,No,No,No,No,No,Sí,NA,NA,NA,NA,15,Poca,NA,No,2019
42,Sí,Sí,No,No,No,No,No,Sí,NA,NA,NA,NA,45,La mayor parte,NA,Sí,2019
64,No,No,Sí,Sí,No,No,NA,NA,No,Sí,No,Sí,10,Poca,NA,No,2019
41,No,Sí,No,No,No,Sí,No,Sí,NA,NA,NA,NA,60,La mitad,NA,Sí,2019
61,No,No,No,No,No,No,NA,NA,NA,NA,NA,NA,0,NA,Falta de tiempo,No,2019
52,No,No,No,No,No,No,NA,NA,NA,NA,NA,NA,0,NA,Falta de tiempo,No,2019
60,No,No,No,No,No,No,NA,NA,NA,NA,NA,NA,0,NA,Problemas de salud,Sí,2019
64,Sí,Sí,No,Sí,No,No,No,Sí,NA,NA,No,Sí,20,La mayor parte,NA,Sí,2019
85,NA,NA,NA,NA,NA,NA,NA,NA,NA,NA,NA,NA,0,NA,NA,NA,2019
40,No,No,Sí,No,No,No,NA,NA,No,Sí,NA,NA,20,Toda,NA,No,2019
54,Sí,Sí,Sí,Sí,No,Sí,No,Sí,No,Sí,No,Sí,20,Poca,NA,Sí,2019
53,Sí,Sí,No,No,No,No,No,Sí,NA,NA,NA,NA,40,La mayor parte,NA,Sí,2019
50,Sí,Sí,Sí,Sí,No,No,No,Sí,No,Sí,No,Sí,30,La mitad,NA,Sí,2019
59,Sí,Sí,Sí,No,No,Sí,Sí,No,Sí,No,NA,NA,60,La mayor parte,NA,Sí,2019
18,Sí,Sí,No,No,No,Sí,No,Sí,NA,NA,NA,NA,30,La mitad,NA,No,2019
38,Sí,Sí,No,No,No,Sí,No,Sí,NA,NA,NA,NA,120,Toda,NA,No,2019
55,Sí,Sí,No,No,No,No,No,Sí,NA,NA,NA,NA,30,La mitad,NA,No,2019
54,Sí,No,No,No,No,No,NA,NA,NA,NA,NA,NA,0,NA,Falta de tiempo,No,2019
73,NA,NA,NA,NA,NA,NA,NA,NA,NA,NA,NA,NA,0,NA,NA,NA,2019
80,NA,NA,NA,NA,NA,NA,NA,NA,NA,NA,NA,NA,0,NA,NA,NA,2019
87,No,No,No,No,No,No,NA,NA,NA,NA,NA,NA,0,NA,Problemas de salud,No,2019
68,NA,NA,NA,NA,NA,NA,NA,NA,NA,NA,NA,NA,0,NA,NA,NA,2019
37,No,No,No,No,No,No,NA,NA,NA,NA,NA,NA,0,NA,Falta de interés/gusto,No,2019
28,No,No,No,No,No,No,NA,NA,NA,NA,NA,NA,0,NA,Falta de tiempo,Sí,2019
46,Sí,No,No,Sí,No,No,NA,NA,NA,NA,No,Sí,30,La mayor parte,NA,No,2019
53,No,No,No,No,No,No,NA,NA,NA,NA,NA,NA,0,NA,Falta de tiempo,Sí,2019
43,Sí,No,No,Sí,No,Sí,NA,NA,NA,NA,No,Sí,30,Toda,NA,Sí,2019
40,Sí,No,No,Sí,No,No,NA,NA,NA,NA,No,Sí,30,Toda,NA,No,2019
77,NA,NA,NA,NA,NA,NA,NA,NA,NA,NA,NA,NA,0,NA,NA,NA,2019
85,Sí,Sí,No,Sí,No,No,No,Sí,NA,NA,No,Sí,45,La mitad,NA,No,2019
52,Sí,No,Sí,No,No,No,NA,NA,Sí,No,NA,NA,30,Toda,NA,Sí,2019
34,Sí,No,Sí,No,Sí,Sí,NA,NA,Sí,No,NA,NA,60,Toda,NA,Sí,2019
43,Sí,No,Sí,Sí,No,Sí,NA,NA,No,Sí,No,Sí,10,La mayor parte,NA,Sí,2019
36,Sí,No,Sí,Sí,No,Sí,NA,NA,No,Sí,No,Sí,30,La mayor parte,NA,Sí,2019
58,Sí,No,No,No,No,Sí,NA,NA,NA,NA,NA,NA,60,La mitad,NA,Sí,2019
54,No,No,No,No,No,No,NA,NA,NA,NA,NA,NA,0,NA,Falta de tiempo,No,2019
29,Sí,No,No,Sí,No,No,NA,NA,NA,NA,No,Sí,15,La mayor parte,NA,Sí,2019
64,No,No,No,No,No,No,NA,NA,NA,NA,NA,NA,0,NA,Falta de tiempo,No,2019
44,Sí,No,No,Sí,No,No,NA,NA,NA,NA,No,Sí,25,Toda,NA,Sí,2019
33,No,No,No,No,No,No,NA,NA,NA,NA,NA,NA,0,NA,Falta de tiempo,No recuerda,2019
35,No,No,No,No,No,No,NA,NA,NA,NA,NA,NA,0,NA,Falta de dinero,No,2019
63,No,No,No,No,No,No,NA,NA,NA,NA,NA,NA,0,NA,Prefiere otras actividades,Sí,2019
66,No,No,No,Sí,No,No,NA,NA,NA,NA,No,Sí,20,La mayor parte,NA,Sí,2019
41,Sí,Sí,Sí,Sí,No,Sí,No,Sí,No,Sí,No,Sí,30,La mayor parte,NA,Sí,2019
61,No,No,No,No,No,No,NA,NA,NA,NA,NA,NA,0,NA,Falta de tiempo,No,2019
57,No,No,No,No,No,No,NA,NA,NA,NA,NA,NA,0,NA,Problemas de salud,No,2019
49,No,No,No,No,No,No,NA,NA,NA,NA,NA,NA,0,NA,Problemas de salud,Sí,2019
18,No,No,No,No,No,No,NA,NA,NA,NA,NA,NA,0,NA,Falta de tiempo,No,2019
33,Sí,Sí,No,Sí,No,Sí,No,Sí,NA,NA,No,Sí,60,Toda,NA,No,2019
22,Sí,Sí,Sí,No,No,Sí,Sí,No,No,Sí,NA,NA,30,Toda,NA,Sí,2019
79,NA,NA,NA,NA,NA,NA,NA,NA,NA,NA,NA,NA,0,NA,NA,NA,2019
61,Sí,Sí,No,No,No,No,No,Sí,NA,NA,NA,NA,15,Poca,NA,No,2019
45,Sí,No,Sí,No,No,No,NA,NA,No,Sí,NA,NA,20,La mayor parte,NA,Sí,2019
70,Sí,Sí,Sí,Sí,No,No,No,Sí,No,Sí,No,Sí,30,La mitad,NA,No,2019
76,NA,NA,NA,NA,NA,NA,NA,NA,NA,NA,NA,NA,0,NA,NA,NA,2019
39,Sí,No,Sí,Sí,No,Sí,NA,NA,No,Sí,No,Sí,20,Toda,NA,Sí,2019
51,Sí,Sí,No,No,No,No,No,Sí,NA,NA,NA,NA,60,La mitad,NA,Sí,2019
55,Sí,No,No,Sí,No,No,NA,NA,NA,NA,No,Sí,20,La mayor parte,NA,No,2019
42,No,No,No,No,No,No,NA,NA,NA,NA,NA,NA,0,NA,Otro,Sí,2019
19,Sí,Sí,No,No,Sí,Sí,No,Sí,NA,NA,NA,NA,40,La mayor parte,NA,Sí,2019
51,No,No,No,No,No,No,NA,NA,NA,NA,NA,NA,0,NA,Falta de tiempo,No,2019
71,No,No,No,Sí,No,No,NA,NA,NA,NA,No,Sí,30,La mitad,NA,No,2019
43,Sí,Sí,No,Sí,No,Sí,No,Sí,NA,NA,No,Sí,20,Toda,NA,Sí,2019
72,Sí,Sí,No,No,No,No,No,Sí,NA,NA,NA,NA,60,La mitad,NA,Sí,2019
64,Sí,Sí,No,No,No,No,No,Sí,NA,NA,NA,NA,60,Toda,NA,No,2019
37,Sí,Sí,Sí,No,No,Sí,No,Sí,No,Sí,NA,NA,20,Toda,NA,No,2019
54,No,Sí,Sí,No,No,No,No,Sí,No,Sí,NA,NA,30,La mitad,NA,Sí,2019
48,Sí,Sí,Sí,No,No,No,No,Sí,No,Sí,NA,NA,30,La mayor parte,NA,No,2019
21,Sí,No,Sí,Sí,No,Sí,NA,NA,No,Sí,No,Sí,10,La mayor parte,NA,Sí,2019
45,No,No,No,No,No,No,NA,NA,NA,NA,NA,NA,0,NA,Falta de tiempo,No,2019
81,No,No,No,No,No,No,NA,NA,NA,NA,NA,NA,0,NA,Problemas de salud,No,2019
52,Sí,Sí,Sí,No,Sí,No,No,Sí,No,Sí,NA,NA,45,La mayor parte,NA,No,2019
27,Sí,No,No,Sí,No,No,NA,NA,NA,NA,No,Sí,10,La mitad,NA,No,2019
35,Sí,Sí,Sí,Sí,No,Sí,Sí,Sí,Sí,No,Sí,No,60,La mayor parte,NA,Sí,2019
73,No,No,No,No,No,No,NA,NA,NA,NA,NA,NA,0,NA,Falta de tiempo,No,2019
67,Sí,Sí,No,No,No,No,No,Sí,NA,NA,NA,NA,60,La mitad,NA,No,2019
47,Sí,Sí,No,No,No,Sí,No,Sí,NA,NA,NA,NA,30,La mitad,NA,Sí,2019
36,Sí,No,Sí,Sí,No,Sí,NA,NA,Sí,No,Sí,No,20,Toda,NA,Sí,2019
32,Sí,Sí,Sí,No,No,Sí,Sí,No,Sí,No,NA,NA,60,Toda,NA,Sí,2019
63,No,Sí,No,No,No,No,No,Sí,NA,NA,NA,NA,45,La mayor parte,NA,No,2019
24,Sí,Sí,No,No,Sí,No,Sí,No,NA,NA,NA,NA,60,La mayor parte,NA,Sí,2019
54,No,No,Sí,No,No,Sí,NA,NA,No,Sí,NA,NA,30,Toda,NA,Sí,2019
59,Sí,No,Sí,Sí,No,No,NA,NA,No,Sí,No,Sí,30,La mayor parte,NA,No,2019
61,Sí,No,No,Sí,No,No,NA,NA,NA,NA,No,Sí,15,Toda,NA,No,2019
51,Sí,No,No,Sí,No,No,NA,NA,NA,NA,No,Sí,15,La mayor parte,NA,Sí,2019
78,Sí,No,Sí,No,No,No,NA,NA,No,Sí,NA,NA,30,La mitad,NA,No,2019
71,No,No,No,No,No,No,NA,NA,NA,NA,NA,NA,0,NA,Falta de interés/gusto,No,2019
87,Sí,Sí,No,No,No,Sí,No,Sí,NA,NA,NA,NA,90,Toda,NA,Sí,2019
73,No,Sí,Sí,No,No,Sí,No,Sí,No,Sí,NA,NA,15,La mayor parte,NA,Sí,2019
51,Sí,Sí,Sí,No,No,Sí,No,Sí,No,Sí,NA,NA,30,Toda,NA,Sí,2019
71,No,No,No,No,No,No,NA,NA,NA,NA,NA,NA,0,NA,Problemas de salud,No,2019
47,Sí,Sí,No,Sí,No,Sí,Sí,Sí,NA,NA,No,Sí,30,La mayor parte,NA,No,2019
53,No,No,No,No,No,No,NA,NA,NA,NA,NA,NA,0,NA,Falta de interés/gusto,No,2019
58,No,No,No,Sí,No,No,NA,NA,NA,NA,No,Sí,30,Poca,NA,Sí,2019
46,Sí,No,No,Sí,No,No,NA,NA,NA,NA,No,Sí,10,La mayor parte,NA,No,2019
27,No,No,No,No,No,No,NA,NA,NA,NA,NA,NA,0,NA,Falta de tiempo,Sí,2019
22,No,No,No,No,No,No,NA,NA,NA,NA,NA,NA,0,NA,Falta de interés/gusto,No,2019
37,No,No,No,No,No,No,NA,NA,NA,NA,NA,NA,0,NA,Falta de tiempo,Sí,2019
37,Sí,No,Sí,No,No,Sí,NA,NA,No,Sí,NA,NA,30,Toda,NA,Sí,2019
53,Sí,Sí,Sí,Sí,No,Sí,Sí,No,No,Sí,No,Sí,60,Toda,NA,Sí,2019
19,No,No,No,No,No,Sí,NA,NA,NA,NA,NA,NA,30,Toda,NA,Sí,2019
39,Sí,Sí,No,No,No,No,No,Sí,NA,NA,NA,NA,40,La mayor parte,NA,Sí,2019
24,Sí,Sí,Sí,No,No,Sí,No,Sí,No,Sí,NA,NA,40,La mayor parte,NA,Sí,2019
39,Sí,No,No,Sí,No,No,NA,NA,NA,NA,No,Sí,10,La mitad,NA,No,2019
71,No,No,No,Sí,No,No,NA,NA,NA,NA,No,Sí,30,La mitad,NA,No,2019
77,NA,NA,NA,NA,NA,NA,NA,NA,NA,NA,NA,NA,0,NA,NA,NA,2019
44,No,No,No,No,No,No,NA,NA,NA,NA,NA,NA,0,NA,Falta de tiempo,Sí,2019
59,Sí,No,No,Sí,No,No,NA,NA,NA,NA,No,Sí,15,Toda,NA,Sí,2019
50,Sí,No,Sí,Sí,No,No,NA,NA,No,Sí,No,Sí,30,La mayor parte,NA,Sí,2019
58,Sí,No,No,Sí,No,Sí,NA,NA,NA,NA,No,Sí,20,Toda,NA,Sí,2019
68,Sí,Sí,No,No,No,No,No,Sí,NA,NA,NA,NA,30,Toda,NA,Sí,2019
26,Sí,Sí,No,No,Sí,Sí,No,Sí,NA,NA,NA,NA,120,Toda,NA,Sí,2019
27,Sí,Sí,Sí,Sí,No,Sí,No,Sí,No,Sí,No,Sí,120,La mayor parte,NA,No,2019
42,Sí,Sí,No,No,No,Sí,Sí,Sí,NA,NA,NA,NA,60,Toda,NA,Sí,2019
37,Sí,No,Sí,Sí,No,No,NA,NA,No,Sí,No,Sí,30,Toda,NA,Sí,2019
55,Sí,No,No,Sí,No,No,NA,NA,NA,NA,No,Sí,30,La mayor parte,NA,Sí,2019
88,No,No,No,No,No,No,NA,NA,NA,NA,NA,NA,0,NA,Problemas de salud,Sí,2019
47,No,No,No,No,No,No,NA,NA,NA,NA,NA,NA,0,NA,Falta de tiempo,Sí,2019
41,No,No,No,Sí,No,No,NA,NA,NA,NA,No,Sí,40,La mitad,NA,No recuerda,2019
55,Sí,Sí,No,No,No,No,No,Sí,NA,NA,NA,NA,20,La mitad,NA,No,2019
31,Sí,Sí,No,No,No,No,No,Sí,NA,NA,NA,NA,45,Toda,NA,Sí,2019
46,Sí,No,No,Sí,No,No,NA,NA,NA,NA,No,Sí,20,La mayor parte,NA,Sí,2019
51,Sí,No,No,Sí,No,No,NA,NA,NA,NA,Sí,No,25,La mayor parte,NA,Sí,2019
39,Sí,Sí,Sí,Sí,No,Sí,Sí,Sí,No,Sí,No,Sí,30,La mayor parte,NA,No,2019
19,Sí,Sí,No,No,No,Sí,No,Sí,NA,NA,NA,NA,70,La mitad,NA,Sí,2019
54,Sí,Sí,Sí,Sí,No,Sí,No,Sí,No,Sí,No,Sí,30,La mayor parte,NA,No,2019
66,Sí,No,No,Sí,No,No,NA,NA,NA,NA,No,Sí,20,La mayor parte,NA,No,2019
38,Sí,No,Sí,No,No,Sí,NA,NA,No,Sí,NA,NA,40,La mayor parte,NA,No,2019
54,Sí,No,No,Sí,No,No,NA,NA,NA,NA,No,Sí,20,La mayor parte,NA,No,2019
36,Sí,Sí,No,Sí,No,No,No,Sí,NA,NA,No,Sí,45,Toda,NA,Sí,2019
36,No,No,Sí,Sí,No,No,NA,NA,No,Sí,No,Sí,20,La mayor parte,NA,No,2019
61,Sí,No,No,Sí,No,No,NA,NA,NA,NA,No,Sí,20,La mitad,NA,Sí,2019
24,Sí,Sí,No,Sí,Sí,No,No,Sí,NA,NA,No,Sí,120,La mitad,NA,No,2019
26,No,No,Sí,No,No,Sí,NA,NA,No,Sí,NA,NA,20,La mayor parte,NA,Sí,2019
39,No,No,Sí,Sí,No,Sí,NA,NA,No,Sí,No,Sí,20,La mayor parte,NA,Sí,2019
59,Sí,No,Sí,Sí,No,No,NA,NA,No,Sí,No,Sí,30,La mayor parte,NA,No,2019
75,Sí,No,Sí,No,No,No,NA,NA,No,Sí,NA,NA,120,Toda,NA,Sí,2019
49,Sí,No,No,No,No,No,NA,NA,NA,NA,NA,NA,0,NA,Falta de tiempo,Sí,2019
77,Sí,Sí,No,No,No,No,No,Sí,NA,NA,NA,NA,30,Toda,NA,Sí,2019
63,No,No,No,No,No,No,NA,NA,NA,NA,NA,NA,0,NA,Falta de interés/gusto,No,2019
23,No,No,Sí,Sí,No,Sí,NA,NA,No,Sí,No,Sí,15,Toda,NA,Sí,2019
52,Sí,No,No,Sí,No,No,NA,NA,NA,NA,No,Sí,20,La mayor parte,NA,No,2019
89,Sí,No,Sí,No,No,No,NA,NA,No,Sí,NA,NA,30,La mitad,NA,Sí,2019
61,No,No,No,Sí,No,No,NA,NA,NA,NA,Sí,No,30,Toda,NA,No,2019
47,Sí,Sí,Sí,Sí,No,Sí,Sí,No,No,Sí,No,Sí,50,La mayor parte,NA,Sí,2019
56,No,No,No,No,No,No,NA,NA,NA,NA,NA,NA,0,NA,Falta de interés/gusto,No,2019
47,Sí,No,Sí,Sí,No,Sí,NA,NA,No,Sí,No,Sí,35,La mayor parte,NA,Sí,2019
48,Sí,Sí,Sí,Sí,No,Sí,Sí,No,No,Sí,No,Sí,90,La mayor parte,NA,Sí,2019
32,Sí,No,No,No,No,Sí,NA,NA,NA,NA,NA,NA,60,La mayor parte,NA,Sí,2019
48,Sí,No,Sí,No,Sí,Sí,NA,NA,No,Sí,NA,NA,60,Poca,NA,No,2019
48,NA,NA,NA,NA,NA,NA,NA,NA,NA,NA,NA,NA,0,NA,NA,NA,2019
37,NA,NA,NA,NA,NA,NA,NA,NA,NA,NA,NA,NA,0,NA,NA,NA,2019
21,No,No,No,No,No,No,NA,NA,NA,NA,NA,NA,0,NA,Falta de tiempo,No,2019
42,No,No,No,No,No,Sí,NA,NA,NA,NA,NA,NA,30,Toda,NA,Sí,2019
63,Sí,No,No,Sí,No,No,NA,NA,NA,NA,No,Sí,40,La mayor parte,NA,No,2019
60,Sí,No,No,Sí,No,No,NA,NA,NA,NA,No,Sí,20,La mitad,NA,No,2019
29,Sí,Sí,No,Sí,No,Sí,No,Sí,NA,NA,Sí,No,30,La mayor parte,NA,Sí,2019
46,Sí,No,Sí,Sí,No,Sí,NA,NA,No,Sí,No,Sí,30,La mitad,NA,Sí,2019
79,NA,NA,NA,NA,NA,NA,NA,NA,NA,NA,NA,NA,0,NA,NA,NA,2019
63,No,No,No,Sí,No,No,NA,NA,NA,NA,No,Sí,25,La mitad,NA,No,2019
30,Sí,Sí,No,Sí,No,No,No,Sí,NA,NA,No,Sí,30,Toda,NA,Sí,2019
18,Sí,No,Sí,No,No,Sí,NA,NA,Sí,No,NA,NA,60,La mayor parte,NA,Sí,2019
46,No,No,No,No,No,Sí,NA,NA,NA,NA,NA,NA,120,La mitad,NA,No,2019
48,Sí,No,No,Sí,No,Sí,NA,NA,NA,NA,No,Sí,40,La mayor parte,NA,Sí,2019
43,Sí,No,No,Sí,No,Sí,NA,NA,NA,NA,No,Sí,20,Toda,NA,Sí,2019
24,Sí,Sí,Sí,No,No,No,No,Sí,No,Sí,NA,NA,30,La mayor parte,NA,Sí,2019
43,Sí,No,Sí,No,No,No,NA,NA,No,Sí,NA,NA,60,La mitad,NA,No,2019
26,Sí,Sí,No,No,No,Sí,No,Sí,NA,NA,NA,NA,30,Toda,NA,No,2019
45,No,No,No,No,No,No,NA,NA,NA,NA,NA,NA,0,NA,Falta de interés/gusto,No,2019
24,Sí,Sí,No,No,No,Sí,No,Sí,NA,NA,NA,NA,180,La mayor parte,NA,No,2019
33,No,No,No,Sí,No,Sí,NA,NA,NA,NA,No,Sí,30,La mayor parte,NA,No,2019
45,Sí,No,No,No,No,Sí,NA,NA,NA,NA,NA,NA,15,La mayor parte,NA,No,2019
39,Sí,No,No,Sí,Sí,No,NA,NA,NA,NA,No,Sí,10,La mayor parte,NA,No,2019
59,Sí,Sí,No,Sí,No,Sí,No,Sí,NA,NA,No,Sí,30,Toda,NA,Sí,2019
55,No,No,No,No,No,No,NA,NA,NA,NA,NA,NA,0,NA,Falta de tiempo,No,2019
56,Sí,Sí,No,No,No,No,No,Sí,NA,NA,NA,NA,45,La mitad,NA,Sí,2019
36,No,No,No,No,No,No,NA,NA,NA,NA,NA,NA,0,NA,Falta de tiempo,No,2019
52,Sí,No,Sí,No,No,No,NA,NA,No,Sí,NA,NA,30,La mitad,NA,Sí,2019
33,Sí,Sí,Sí,Sí,No,No,Sí,No,No,Sí,No,Sí,45,Toda,NA,Sí,2019
41,No,No,No,No,No,No,NA,NA,NA,NA,NA,NA,0,NA,Falta de tiempo,Sí,2019
23,No,No,No,No,No,No,NA,NA,NA,NA,NA,NA,0,NA,Falta de tiempo,No,2019
41,Sí,No,Sí,Sí,No,No,NA,NA,No,Sí,No,Sí,20,La mayor parte,NA,Sí,2019
31,Sí,Sí,Sí,Sí,No,Sí,No,Sí,No,Sí,No,Sí,30,Toda,NA,Sí,2019
38,No,No,No,No,No,No,NA,NA,NA,NA,NA,NA,0,NA,Falta de tiempo,No,2019
55,Sí,Sí,No,Sí,No,Sí,No,Sí,NA,NA,No,Sí,30,La mayor parte,NA,Sí,2019
22,Sí,No,Sí,Sí,Sí,Sí,NA,NA,Sí,No,No,Sí,60,La mayor parte,NA,Sí,2019
68,Sí,Sí,No,No,No,No,No,Sí,NA,NA,NA,NA,30,La mayor parte,NA,No,2019
42,No,No,No,No,No,No,NA,NA,NA,NA,NA,NA,0,NA,Falta de tiempo,No,2019
47,No,No,Sí,No,No,No,NA,NA,No,Sí,NA,NA,30,La mayor parte,NA,Sí,2019
26,Sí,Sí,No,No,No,No,No,Sí,NA,NA,NA,NA,15,La mayor parte,NA,Sí,2019
42,No,No,No,Sí,No,No,NA,NA,NA,NA,No,Sí,10,La mitad,NA,Sí,2019
42,Sí,Sí,No,No,No,No,No,Sí,NA,NA,NA,NA,15,La mayor parte,NA,Sí,2019
35,Sí,No,No,Sí,No,No,NA,NA,NA,NA,No,Sí,10,La mayor parte,NA,No,2019
45,Sí,No,Sí,No,No,No,NA,NA,No,Sí,NA,NA,60,La mayor parte,NA,No,2019
77,Sí,No,No,No,No,No,NA,NA,NA,NA,NA,NA,0,NA,Problemas de salud,No,2019
79,NA,NA,NA,NA,NA,NA,NA,NA,NA,NA,NA,NA,0,NA,NA,NA,2019
49,No,No,No,Sí,No,No,NA,NA,NA,NA,No,Sí,10,La mitad,NA,Sí,2019
39,No,No,No,No,No,No,NA,NA,NA,NA,NA,NA,0,NA,Falta de interés/gusto,No,2019
55,Sí,No,Sí,Sí,No,No,NA,NA,No,Sí,No,Sí,30,La mitad,NA,Sí,2019
52,NA,NA,NA,NA,NA,NA,NA,NA,NA,NA,NA,NA,0,NA,NA,NA,2019
73,No,No,No,No,No,No,NA,NA,NA,NA,NA,NA,0,NA,Problemas de salud,No,2019
49,Sí,No,Sí,Sí,No,No,NA,NA,Sí,No,Sí,No,15,Toda,NA,Sí,2019
27,Sí,No,Sí,No,No,Sí,NA,NA,No,Sí,NA,NA,35,La mayor parte,NA,No,2019
60,No,No,No,Sí,No,No,NA,NA,NA,NA,No,Sí,40,La mitad,NA,No,2019
22,Sí,Sí,Sí,No,No,Sí,No,Sí,No,Sí,NA,NA,35,La mayor parte,NA,Sí,2019
57,Sí,Sí,Sí,Sí,No,Sí,No,Sí,No,Sí,No,Sí,60,La mayor parte,NA,Sí,2019
55,Sí,No,No,Sí,No,Sí,NA,NA,NA,NA,No,Sí,60,Toda,NA,Sí,2019
60,No,No,No,No,No,No,NA,NA,NA,NA,NA,NA,0,NA,Prefiere otras actividades,Sí,2019
76,Sí,No,No,Sí,No,No,NA,NA,NA,NA,No,Sí,45,La mayor parte,NA,Sí,2019
46,No,No,Sí,No,No,No,NA,NA,No,Sí,NA,NA,20,La mayor parte,NA,Sí,2019
75,Sí,Sí,No,No,No,No,No,Sí,NA,NA,NA,NA,45,La mayor parte,NA,Sí,2019
61,No,No,No,No,No,Sí,NA,NA,NA,NA,NA,NA,45,La mayor parte,NA,No,2019
61,Sí,No,No,No,No,No,NA,NA,NA,NA,NA,NA,0,NA,Falta de dinero,No,2019
58,Sí,No,No,Sí,No,No,NA,NA,NA,NA,No,Sí,40,La mayor parte,NA,No,2019
28,Sí,No,Sí,No,No,No,NA,NA,No,Sí,NA,NA,20,La mayor parte,NA,Sí,2019
25,Sí,Sí,Sí,Sí,No,Sí,Sí,No,No,Sí,No,Sí,60,La mayor parte,NA,Sí,2019
30,Sí,Sí,No,No,Sí,Sí,Sí,No,NA,NA,NA,NA,30,La mayor parte,NA,Sí,2019
37,Sí,Sí,No,No,No,Sí,No,Sí,NA,NA,NA,NA,30,La mayor parte,NA,Sí,2019
60,Sí,Sí,No,No,No,Sí,No,Sí,NA,NA,NA,NA,120,Toda,NA,Sí,2019
45,No,No,No,No,No,No,NA,NA,NA,NA,NA,NA,0,NA,Falta de tiempo,No,2019
58,No,No,No,No,No,No,NA,NA,NA,NA,NA,NA,0,NA,Prefiere otras actividades,No,2019
56,No,No,No,No,No,No,NA,NA,NA,NA,NA,NA,0,NA,Falta de tiempo,No,2019
38,Sí,Sí,Sí,No,No,Sí,No,Sí,No,Sí,NA,NA,40,La mayor parte,NA,Sí,2019
22,Sí,Sí,Sí,Sí,No,Sí,No,Sí,Sí,No,No,Sí,30,La mayor parte,NA,Sí,2019
40,Sí,No,Sí,Sí,Sí,No,NA,NA,No,Sí,No,Sí,30,Toda,NA,Sí,2019
36,Sí,No,Sí,No,Sí,Sí,NA,NA,No,Sí,NA,NA,20,La mitad,NA,No,2019
51,Sí,No,Sí,No,No,No,NA,NA,No,Sí,NA,NA,90,La mitad,NA,No,2019
23,Sí,Sí,Sí,No,No,Sí,No,Sí,No,Sí,NA,NA,90,La mayor parte,NA,Sí,2019
77,Sí,Sí,No,No,No,No,No,Sí,NA,NA,NA,NA,45,La mitad,NA,No,2019
54,Sí,Sí,Sí,No,No,No,No,Sí,No,Sí,NA,NA,50,La mayor parte,NA,No,2019
22,Sí,Sí,No,No,No,No,No,Sí,NA,NA,NA,NA,60,La mitad,NA,Sí,2019
27,No,No,No,No,No,No,NA,NA,NA,NA,NA,NA,0,NA,Falta de tiempo,No,2019
52,Sí,No,No,No,No,No,NA,NA,NA,NA,NA,NA,0,NA,Prefiere otras actividades,Sí,2019
18,Sí,Sí,Sí,Sí,No,Sí,No,Sí,No,Sí,No,Sí,30,Toda,NA,No,2019
25,Sí,Sí,No,Sí,Sí,Sí,No,Sí,NA,NA,No,Sí,30,Toda,NA,Sí,2019
36,No,No,No,Sí,No,Sí,NA,NA,NA,NA,No,Sí,15,La mitad,NA,No,2019
44,No,No,No,No,No,No,NA,NA,NA,NA,NA,NA,0,NA,Falta de tiempo,No,2019
81,No,No,No,No,No,No,NA,NA,NA,NA,NA,NA,0,NA,Problemas de salud,No,2019
78,No,No,Sí,Sí,No,No,NA,NA,No,Sí,No,Sí,10,La mitad,NA,No,2019
24,Sí,Sí,Sí,No,Sí,Sí,Sí,No,No,Sí,NA,NA,30,La mayor parte,NA,Sí,2019
77,No,No,No,No,No,No,NA,NA,NA,NA,NA,NA,0,NA,Problemas de salud,Sí,2019
74,Sí,No,Sí,Sí,No,No,NA,NA,No,Sí,No,Sí,30,La mayor parte,NA,Sí,2019
42,No,Sí,No,Sí,No,Sí,No,Sí,NA,NA,No,Sí,30,La mitad,NA,No recuerda,2019
46,Sí,Sí,Sí,Sí,No,Sí,No,Sí,No,Sí,Sí,No,40,La mayor parte,NA,Sí,2019
63,Sí,No,Sí,Sí,No,No,NA,NA,No,Sí,No,Sí,60,La mayor parte,NA,Sí,2019
18,Sí,Sí,No,Sí,Sí,Sí,Sí,Sí,NA,NA,No,Sí,90,Toda,NA,Sí,2019
29,Sí,No,Sí,No,No,Sí,NA,NA,No,Sí,NA,NA,30,La mitad,NA,Sí,2019
33,Sí,Sí,Sí,Sí,No,No,No,Sí,No,Sí,Sí,No,60,La mitad,NA,Sí,2019
31,Sí,Sí,Sí,No,No,Sí,No,Sí,No,Sí,NA,NA,10,La mayor parte,NA,Sí,2019
50,No,No,No,No,No,No,NA,NA,NA,NA,NA,NA,0,NA,Falta de tiempo,No,2019
57,Sí,No,No,No,No,No,NA,NA,NA,NA,NA,NA,0,NA,Otro,No,2019
31,No,No,No,No,No,No,NA,NA,NA,NA,NA,NA,0,NA,Falta de interés/gusto,No,2019
63,NA,NA,NA,NA,NA,NA,NA,NA,NA,NA,NA,NA,0,NA,NA,NA,2019
42,Sí,Sí,No,No,Sí,No,No,Sí,NA,NA,NA,NA,15,La mayor parte,NA,Sí,2019
52,Sí,No,Sí,Sí,No,Sí,NA,NA,No,Sí,No,Sí,20,La mitad,NA,No,2019
32,Sí,Sí,No,Sí,Sí,Sí,Sí,No,NA,NA,No,Sí,15,La mitad,NA,No,2019
22,Sí,No,No,No,No,Sí,NA,NA,NA,NA,NA,NA,30,La mayor parte,NA,Sí,2019
50,NA,NA,NA,NA,NA,NA,NA,NA,NA,NA,NA,NA,0,NA,NA,NA,2019
51,Sí,Sí,Sí,Sí,Sí,Sí,No,Sí,No,Sí,No,Sí,30,Toda,NA,Sí,2019
89,Sí,No,Sí,No,No,No,NA,NA,No,Sí,NA,NA,15,La mayor parte,NA,No recuerda,2019
53,Sí,Sí,No,Sí,No,Sí,No,Sí,NA,NA,No,Sí,240,Poca,NA,No,2019
22,No,Sí,Sí,No,No,Sí,Sí,No,Sí,No,NA,NA,45,La mayor parte,NA,Sí,2019
36,Sí,No,Sí,Sí,No,Sí,NA,NA,Sí,No,Sí,No,20,La mayor parte,NA,Sí,2019
44,Sí,No,Sí,Sí,No,Sí,NA,NA,No,Sí,No,Sí,45,La mayor parte,NA,Sí,2019
49,Sí,Sí,Sí,No,No,Sí,No,Sí,No,Sí,NA,NA,15,La mayor parte,NA,No,2019
64,Sí,No,No,Sí,No,No,NA,NA,NA,NA,No,Sí,10,Poca,NA,No,2019
36,No,No,No,Sí,No,No,NA,NA,NA,NA,No,Sí,15,La mitad,NA,No,2019
36,No,No,No,Sí,No,Sí,NA,NA,NA,NA,No,Sí,15,La mitad,NA,No,2019
21,Sí,Sí,Sí,No,No,Sí,No,Sí,No,Sí,NA,NA,60,La mayor parte,NA,No,2019
43,No,Sí,No,No,No,Sí,Sí,No,NA,NA,NA,NA,45,La mayor parte,NA,Sí,2019
43,Sí,No,No,No,No,No,NA,NA,NA,NA,NA,NA,0,NA,Problemas de salud,No,2019
23,Sí,No,Sí,No,No,Sí,NA,NA,No,Sí,NA,NA,60,La mayor parte,NA,Sí,2019
64,NA,NA,NA,NA,NA,NA,NA,NA,NA,NA,NA,NA,0,NA,NA,NA,2019
46,Sí,Sí,Sí,Sí,No,No,No,Sí,No,Sí,No,Sí,60,La mayor parte,NA,Sí,2019
55,Sí,Sí,Sí,No,No,Sí,No,Sí,No,Sí,NA,NA,60,La mayor parte,NA,Sí,2019
85,Sí,Sí,No,No,No,No,No,Sí,NA,NA,NA,NA,60,La mayor parte,NA,Sí,2019
34,Sí,Sí,No,No,No,Sí,No,Sí,NA,NA,NA,NA,60,La mayor parte,NA,Sí,2019
34,No,No,Sí,No,No,Sí,NA,NA,No,Sí,NA,NA,20,La mayor parte,NA,Sí,2019
69,Sí,No,No,No,No,No,NA,NA,NA,NA,NA,NA,0,NA,Falta de tiempo,No,2019
70,Sí,Sí,Sí,No,No,No,No,Sí,No,Sí,NA,NA,40,La mitad,NA,No recuerda,2019
26,Sí,Sí,No,Sí,No,Sí,No,Sí,NA,NA,No,Sí,30,La mayor parte,NA,Sí,2019
56,No,No,No,No,No,No,NA,NA,NA,NA,NA,NA,0,NA,Falta de dinero,No,2019
55,Sí,Sí,No,No,No,No,No,Sí,NA,NA,NA,NA,30,La mayor parte,NA,Sí,2019
70,No,No,No,No,No,No,NA,NA,NA,NA,NA,NA,0,NA,Falta de interés/gusto,No,2019
32,No,No,No,No,No,No,NA,NA,NA,NA,NA,NA,0,NA,Falta de interés/gusto,No,2019
58,Sí,No,No,Sí,No,No,NA,NA,NA,NA,No,Sí,10,Toda,NA,Sí,2019
82,Sí,Sí,No,No,No,No,No,Sí,NA,NA,NA,NA,20,La mayor parte,NA,Sí,2019
22,Sí,Sí,No,No,No,Sí,No,Sí,NA,NA,NA,NA,90,La mayor parte,NA,Sí,2019
40,Sí,No,No,Sí,No,No,NA,NA,NA,NA,No,Sí,40,La mayor parte,NA,Sí,2019
51,No,No,Sí,No,No,No,NA,NA,No,Sí,NA,NA,15,La mayor parte,NA,Sí,2019
39,Sí,No,No,No,No,Sí,NA,NA,NA,NA,NA,NA,30,La mayor parte,NA,Sí,2019
35,Sí,Sí,Sí,Sí,Sí,Sí,No,Sí,No,Sí,No,Sí,15,La mayor parte,NA,Sí,2019
52,Sí,No,Sí,No,No,No,NA,NA,No,Sí,NA,NA,30,La mayor parte,NA,Sí,2019
28,Sí,Sí,Sí,No,No,Sí,Sí,No,No,Sí,NA,NA,45,Toda,NA,Sí,2019
33,Sí,Sí,Sí,No,No,No,No,Sí,No,Sí,NA,NA,60,La mayor parte,NA,Sí,2019
48,No,No,No,No,No,No,NA,NA,NA,NA,NA,NA,0,NA,Falta de tiempo,No recuerda,2019
30,No,No,No,Sí,No,No,NA,NA,NA,NA,No,Sí,30,La mitad,NA,No,2019
50,Sí,Sí,No,No,No,Sí,No,Sí,NA,NA,NA,NA,30,La mayor parte,NA,Sí,2019
21,No,Sí,No,No,No,No,No,Sí,NA,NA,NA,NA,20,La mayor parte,NA,No,2019
51,Sí,Sí,No,No,No,Sí,No,Sí,NA,NA,NA,NA,60,La mayor parte,NA,No,2019
18,No,No,No,No,No,No,NA,NA,NA,NA,NA,NA,0,NA,Falta de interés/gusto,No,2019
45,No,No,No,Sí,No,No,NA,NA,NA,NA,No,Sí,15,La mayor parte,NA,No recuerda,2019
55,Sí,Sí,Sí,No,No,No,No,Sí,No,Sí,NA,NA,120,La mayor parte,NA,Sí,2019
63,Sí,Sí,No,Sí,No,No,No,Sí,NA,NA,No,Sí,30,La mayor parte,NA,Sí,2019
44,No,No,No,No,No,No,NA,NA,NA,NA,NA,NA,0,NA,Falta de tiempo,No,2019
44,Sí,Sí,Sí,No,No,No,No,Sí,No,Sí,NA,NA,30,La mayor parte,NA,No,2019
18,Sí,Sí,No,No,No,Sí,Sí,No,NA,NA,NA,NA,60,La mayor parte,NA,No,2019
21,No,No,No,No,No,No,NA,NA,NA,NA,NA,NA,0,NA,Falta de dinero,No,2019
62,Sí,Sí,No,No,No,No,No,Sí,NA,NA,NA,NA,60,La mayor parte,NA,Sí,2019
37,No,No,No,No,No,No,NA,NA,NA,NA,NA,NA,0,NA,Falta de tiempo,Sí,2019
54,No,No,No,No,No,No,NA,NA,NA,NA,NA,NA,0,NA,Falta de interés/gusto,No,2019
53,NA,NA,NA,NA,NA,NA,NA,NA,NA,NA,NA,NA,0,NA,NA,NA,2019
24,No,No,No,No,No,No,NA,NA,NA,NA,NA,NA,0,NA,Falta de tiempo,No recuerda,2019
33,Sí,Sí,No,No,No,Sí,No,Sí,NA,NA,NA,NA,50,La mayor parte,NA,Sí,2019
44,Sí,Sí,No,Sí,No,Sí,No,Sí,NA,NA,No,Sí,10,La mayor parte,NA,Sí,2019
36,Sí,Sí,Sí,Sí,No,Sí,No,Sí,No,Sí,Sí,No,40,La mayor parte,NA,Sí,2019
42,No,No,No,No,No,No,NA,NA,NA,NA,NA,NA,0,NA,Falta de tiempo,No,2019
45,No,No,Sí,No,No,No,NA,NA,No,Sí,NA,NA,30,La mayor parte,NA,No,2019
42,Sí,Sí,Sí,No,No,Sí,No,Sí,No,Sí,NA,NA,15,La mitad,NA,Sí,2019
64,Sí,No,Sí,No,No,Sí,NA,NA,No,Sí,NA,NA,60,La mitad,NA,Sí,2019
34,Sí,Sí,Sí,No,No,No,No,Sí,No,Sí,NA,NA,30,La mayor parte,NA,Sí,2019
52,No,No,No,No,No,No,NA,NA,NA,NA,NA,NA,0,NA,Falta de tiempo,No,2019
57,Sí,Sí,No,No,No,Sí,No,Sí,NA,NA,NA,NA,50,La mayor parte,NA,Sí,2019
28,Sí,Sí,Sí,No,No,Sí,No,Sí,No,Sí,NA,NA,40,La mayor parte,NA,Sí,2019
28,Sí,Sí,No,No,No,Sí,No,Sí,NA,NA,NA,NA,50,La mayor parte,NA,Sí,2019
45,No,No,No,No,No,No,NA,NA,NA,NA,NA,NA,0,NA,Problemas de salud,No,2019
78,Sí,Sí,No,No,No,No,No,Sí,NA,NA,NA,NA,20,La mitad,NA,No,2019
64,Sí,Sí,No,No,No,No,No,Sí,NA,NA,NA,NA,30,La mayor parte,NA,Sí,2019
51,No,No,No,Sí,No,No,NA,NA,NA,NA,No,Sí,15,Toda,NA,No,2019
59,No,No,No,No,No,No,NA,NA,NA,NA,NA,NA,0,NA,Falta de interés/gusto,No,2019
54,Sí,Sí,Sí,Sí,No,Sí,No,Sí,No,Sí,Sí,No,30,La mitad,NA,No,2019
42,No,No,No,No,No,No,NA,NA,NA,NA,NA,NA,0,NA,Falta de tiempo,No,2019
40,No,No,No,No,No,No,NA,NA,NA,NA,NA,NA,0,NA,Falta de tiempo,Sí,2019
50,Sí,Sí,No,No,No,Sí,No,Sí,NA,NA,NA,NA,180,La mayor parte,NA,Sí,2019
63,NA,NA,NA,NA,NA,NA,NA,NA,NA,NA,NA,NA,0,NA,NA,NA,2019
29,Sí,Sí,No,No,No,Sí,No,Sí,NA,NA,NA,NA,60,La mayor parte,NA,Sí,2019
67,No,Sí,Sí,No,No,No,No,Sí,No,Sí,NA,NA,20,La mayor parte,NA,Sí,2019
69,No,No,No,No,No,No,NA,NA,NA,NA,NA,NA,0,NA,Prefiere otras actividades,Sí,2019
44,No,Sí,No,No,No,No,No,Sí,NA,NA,NA,NA,20,La mayor parte,NA,Sí,2019
59,No,No,No,Sí,No,No,NA,NA,NA,NA,No,Sí,15,La mitad,NA,Sí,2019
30,No,No,No,No,No,Sí,NA,NA,NA,NA,NA,NA,20,La mayor parte,NA,Sí,2019
64,No,No,No,No,No,No,NA,NA,NA,NA,NA,NA,0,NA,Prefiere otras actividades,Sí,2019
24,Sí,Sí,No,No,No,Sí,Sí,Sí,NA,NA,NA,NA,30,La mayor parte,NA,Sí,2019
77,No,No,No,No,No,No,NA,NA,NA,NA,NA,NA,0,NA,Problemas de salud,Sí,2019
68,No,Sí,No,No,No,No,No,Sí,NA,NA,NA,NA,15,La mitad,NA,No,2019
43,No,No,Sí,Sí,No,No,NA,NA,No,Sí,No,Sí,30,La mayor parte,NA,Sí,2019
31,No,No,No,No,No,Sí,NA,NA,NA,NA,NA,NA,30,La mayor parte,NA,Sí,2019
50,Sí,Sí,Sí,Sí,Sí,Sí,No,Sí,No,Sí,No,Sí,60,Toda,NA,Sí,2019
49,Sí,No,Sí,Sí,No,Sí,NA,NA,No,Sí,Sí,No,5,La mayor parte,NA,Sí,2019
24,No,No,No,No,No,No,NA,NA,NA,NA,NA,NA,0,NA,Falta de tiempo,No,2019
32,Sí,Sí,No,No,No,No,No,Sí,NA,NA,NA,NA,5,La mitad,NA,Sí,2019
24,Sí,No,Sí,No,Sí,Sí,NA,NA,No,Sí,NA,NA,30,Toda,NA,Sí,2019
36,Sí,Sí,No,Sí,No,Sí,No,Sí,NA,NA,No,Sí,30,Toda,NA,Sí,2019
57,Sí,Sí,No,No,No,Sí,No,Sí,NA,NA,NA,NA,30,La mayor parte,NA,Sí,2019
71,Sí,Sí,Sí,No,No,Sí,No,Sí,No,Sí,NA,NA,60,Toda,NA,Sí,2019
57,No,No,No,No,No,No,NA,NA,NA,NA,NA,NA,0,NA,Problemas de salud,Sí,2019
31,No,No,No,No,No,No,NA,NA,NA,NA,NA,NA,0,NA,Falta de tiempo,Sí,2019
27,Sí,No,No,No,No,No,NA,NA,NA,NA,NA,NA,0,NA,Falta de tiempo,No,2019
41,No,No,No,No,No,No,NA,NA,NA,NA,NA,NA,0,NA,Prefiere otras actividades,No,2019
30,Sí,Sí,Sí,Sí,No,No,No,Sí,No,Sí,No,Sí,120,Toda,NA,Sí,2019
58,No,No,No,No,No,No,NA,NA,NA,NA,NA,NA,0,NA,Falta de tiempo,No recuerda,2019
39,Sí,Sí,No,No,No,Sí,No,Sí,NA,NA,NA,NA,60,La mayor parte,NA,No,2019
39,No,Sí,No,No,No,Sí,No,Sí,NA,NA,NA,NA,20,La mayor parte,NA,Sí,2019
30,No,No,No,No,No,No,NA,NA,NA,NA,NA,NA,0,NA,Falta de tiempo,Sí,2019
47,No,No,No,No,No,No,NA,NA,NA,NA,NA,NA,0,NA,Falta de tiempo,No,2019
19,No,No,No,No,No,Sí,NA,NA,NA,NA,NA,NA,15,La mayor parte,NA,Sí,2019
51,No,No,No,No,No,No,NA,NA,NA,NA,NA,NA,0,NA,Problemas de salud,Sí,2019
58,No,No,No,Sí,No,No,NA,NA,NA,NA,No,Sí,15,La mitad,NA,No,2019
43,No,No,Sí,No,No,No,NA,NA,No,Sí,NA,NA,20,La mitad,NA,No,2019
43,Sí,Sí,No,No,No,Sí,No,Sí,NA,NA,NA,NA,30,La mayor parte,NA,Sí,2019
64,No,Sí,No,No,No,No,No,Sí,NA,NA,NA,NA,20,La mitad,NA,No,2019
61,No,No,No,Sí,No,No,NA,NA,NA,NA,No,Sí,30,Poca,NA,No,2019
44,No,Sí,No,No,No,No,No,Sí,NA,NA,NA,NA,10,La mayor parte,NA,No,2019
42,No,Sí,No,No,No,No,No,Sí,NA,NA,NA,NA,30,La mayor parte,NA,Sí,2019
48,No,Sí,No,No,No,Sí,No,Sí,NA,NA,NA,NA,30,La mayor parte,NA,Sí,2019
25,No,No,No,No,No,No,NA,NA,NA,NA,NA,NA,0,NA,Falta de tiempo,Sí,2019
30,Sí,No,Sí,No,No,Sí,NA,NA,No,Sí,NA,NA,20,La mayor parte,NA,Sí,2019
46,No,No,No,No,No,No,NA,NA,NA,NA,NA,NA,0,NA,Falta de tiempo,Sí,2019
45,Sí,Sí,No,No,No,Sí,No,Sí,NA,NA,NA,NA,30,La mayor parte,NA,Sí,2019
26,No,No,No,No,No,Sí,NA,NA,NA,NA,NA,NA,20,La mayor parte,NA,Sí,2019
39,Sí,No,Sí,No,No,No,NA,NA,No,Sí,NA,NA,20,La mitad,NA,Sí,2019
37,Sí,Sí,No,No,Sí,No,No,Sí,NA,NA,NA,NA,15,La mitad,NA,No,2019
57,No,No,No,No,No,No,NA,NA,NA,NA,NA,NA,0,NA,Falta de tiempo,No,2019
47,No,No,No,No,No,No,NA,NA,NA,NA,NA,NA,0,NA,Falta de tiempo,No,2019
45,No,No,No,Sí,No,No,NA,NA,NA,NA,No,Sí,20,Toda,NA,Sí,2019
41,Sí,No,Sí,No,No,No,NA,NA,No,Sí,NA,NA,15,La mitad,NA,No,2019
37,No,No,No,No,No,No,NA,NA,NA,NA,NA,NA,0,NA,Falta de tiempo,Sí,2019
22,Sí,Sí,Sí,Sí,Sí,Sí,No,Sí,No,Sí,No,Sí,20,La mayor parte,NA,Sí,2019
44,Sí,No,Sí,No,No,Sí,NA,NA,No,Sí,NA,NA,30,La mitad,NA,Sí,2019
30,Sí,No,Sí,No,No,Sí,NA,NA,No,Sí,NA,NA,15,La mayor parte,NA,Sí,2019
27,Sí,Sí,No,No,No,Sí,No,Sí,NA,NA,NA,NA,30,Poca,NA,Sí,2019
23,No,No,No,No,No,No,NA,NA,NA,NA,NA,NA,0,NA,Falta de dinero,Sí,2019
67,No,No,No,No,No,No,NA,NA,NA,NA,NA,NA,0,NA,Falta de tiempo,No,2019
31,Sí,No,No,Sí,No,No,NA,NA,NA,NA,No,Sí,20,La mayor parte,NA,No,2019
31,Sí,Sí,Sí,No,No,No,No,Sí,No,Sí,NA,NA,40,La mayor parte,NA,Sí,2019
78,No,No,No,No,No,No,NA,NA,NA,NA,NA,NA,0,NA,Falta de interés/gusto,No,2019
64,Sí,Sí,Sí,Sí,No,No,No,Sí,No,Sí,No,Sí,25,La mayor parte,NA,No,2019
72,No,No,No,No,No,No,NA,NA,NA,NA,NA,NA,0,NA,Falta de tiempo,No,2019
52,NA,NA,NA,NA,NA,NA,NA,NA,NA,NA,NA,NA,0,NA,NA,NA,2019
67,Sí,Sí,No,No,No,Sí,No,Sí,NA,NA,NA,NA,40,La mayor parte,NA,No,2019
35,Sí,Sí,No,Sí,No,No,No,Sí,NA,NA,No,Sí,25,La mayor parte,NA,Sí,2019
31,Sí,Sí,Sí,Sí,No,Sí,No,Sí,No,Sí,No,Sí,20,La mitad,NA,Sí,2019
23,Sí,No,No,Sí,No,No,NA,NA,NA,NA,No,Sí,10,La mitad,NA,No,2019
26,Sí,Sí,Sí,Sí,No,Sí,No,Sí,No,Sí,No,Sí,30,Toda,NA,Sí,2019
38,No,No,No,No,No,No,NA,NA,NA,NA,NA,NA,0,NA,Falta de tiempo,Sí,2019
41,No,No,No,No,No,No,NA,NA,NA,NA,NA,NA,0,NA,Falta de tiempo,No,2019
40,NA,NA,NA,NA,NA,NA,NA,NA,NA,NA,NA,NA,0,NA,NA,NA,2019
55,Sí,Sí,Sí,Sí,No,No,No,Sí,No,Sí,No,Sí,35,La mayor parte,NA,Sí,2019
30,Sí,Sí,Sí,No,No,No,No,Sí,No,Sí,NA,NA,90,Toda,NA,Sí,2019
53,No,Sí,No,Sí,No,No,No,Sí,NA,NA,No,Sí,30,La mayor parte,NA,Sí,2019
59,No,No,No,Sí,No,No,NA,NA,NA,NA,No,Sí,10,La mitad,NA,No,2019
55,No,No,No,No,No,No,NA,NA,NA,NA,NA,NA,0,NA,Falta de tiempo,No,2019
73,Sí,Sí,No,Sí,No,No,No,Sí,NA,NA,No,Sí,15,La mitad,NA,No,2019
23,Sí,No,No,Sí,No,No,NA,NA,NA,NA,No,Sí,10,La mayor parte,NA,Sí,2019
68,Sí,Sí,Sí,Sí,No,No,No,Sí,No,Sí,No,Sí,120,La mayor parte,NA,Sí,2019
26,Sí,Sí,Sí,Sí,No,Sí,No,Sí,No,Sí,Sí,No,60,Toda,NA,Sí,2019
64,Sí,Sí,No,Sí,No,No,No,Sí,NA,NA,No,Sí,20,Toda,NA,Sí,2019
33,No,No,No,Sí,No,No,NA,NA,NA,NA,No,Sí,15,La mitad,NA,No recuerda,2019
31,No,No,No,No,No,No,NA,NA,NA,NA,NA,NA,0,NA,Falta de tiempo,No,2019
84,Sí,No,Sí,Sí,No,No,NA,NA,No,Sí,No,Sí,20,La mayor parte,NA,Sí,2019
68,Sí,Sí,No,Sí,No,No,No,Sí,NA,NA,No,Sí,30,La mayor parte,NA,Sí,2019
76,NA,NA,NA,NA,NA,NA,NA,NA,NA,NA,NA,NA,0,NA,NA,NA,2019
62,Sí,Sí,Sí,Sí,Sí,Sí,No,Sí,No,Sí,No,Sí,60,La mayor parte,NA,Sí,2019
68,No,No,No,Sí,No,No,NA,NA,NA,NA,No,Sí,15,La mitad,NA,No,2019
39,Sí,No,Sí,No,No,Sí,NA,NA,No,Sí,NA,NA,20,La mayor parte,NA,Sí,2019
57,No,No,No,No,No,No,NA,NA,NA,NA,NA,NA,0,NA,Falta de tiempo,No,2019
25,No,No,No,No,No,No,NA,NA,NA,NA,NA,NA,0,NA,Falta de dinero,No,2019
20,Sí,Sí,Sí,No,Sí,Sí,No,Sí,No,Sí,NA,NA,80,La mayor parte,NA,Sí,2019
31,No,No,No,No,No,No,NA,NA,NA,NA,NA,NA,0,NA,Falta de tiempo,No,2019
49,No,No,No,No,No,No,NA,NA,NA,NA,NA,NA,0,NA,Falta de tiempo,Sí,2019
34,No,No,No,Sí,No,No,NA,NA,NA,NA,Sí,No,30,La mayor parte,NA,Sí,2019
59,No,No,No,No,No,No,NA,NA,NA,NA,NA,NA,0,NA,Falta de tiempo,No,2019
35,No,No,No,No,No,No,NA,NA,NA,NA,NA,NA,0,NA,Falta de tiempo,Sí,2019
69,Sí,Sí,No,No,No,No,No,Sí,NA,NA,NA,NA,40,La mayor parte,NA,Sí,2019
35,Sí,Sí,No,No,No,No,No,Sí,NA,NA,NA,NA,30,La mitad,NA,Sí,2019
37,No,No,No,No,No,No,NA,NA,NA,NA,NA,NA,0,NA,Falta de tiempo,Sí,2019
19,Sí,Sí,No,Sí,Sí,Sí,No,Sí,NA,NA,No,Sí,60,La mayor parte,NA,Sí,2019
54,Sí,Sí,No,No,No,No,No,Sí,NA,NA,NA,NA,90,La mayor parte,NA,No,2019
29,Sí,Sí,No,No,No,No,No,Sí,NA,NA,NA,NA,10,La mitad,NA,Sí,2019
29,Sí,No,Sí,Sí,No,Sí,NA,NA,No,Sí,No,Sí,20,La mayor parte,NA,No recuerda,2019
29,No,No,No,No,No,No,NA,NA,NA,NA,NA,NA,0,NA,Falta de tiempo,No recuerda,2019
20,Sí,No,Sí,Sí,No,Sí,NA,NA,Sí,No,No,Sí,20,La mayor parte,NA,Sí,2019
24,Sí,No,Sí,Sí,No,Sí,NA,NA,No,Sí,Sí,No,30,La mayor parte,NA,Sí,2019
37,Sí,Sí,Sí,Sí,Sí,Sí,Sí,No,No,Sí,No,Sí,20,La mayor parte,NA,Sí,2019
23,Sí,Sí,No,No,No,Sí,No,Sí,NA,NA,NA,NA,30,La mayor parte,NA,Sí,2019
59,Sí,Sí,Sí,No,No,Sí,No,Sí,No,Sí,NA,NA,60,La mayor parte,NA,Sí,2019
40,No,No,No,No,No,No,NA,NA,NA,NA,NA,NA,0,NA,Falta de tiempo,Sí,2019
28,Sí,Sí,Sí,No,No,No,Sí,No,Sí,No,NA,NA,60,La mayor parte,NA,No recuerda,2019
47,Sí,Sí,Sí,No,No,No,No,Sí,No,Sí,NA,NA,40,La mitad,NA,Sí,2019
45,No,No,No,No,No,No,NA,NA,NA,NA,NA,NA,0,NA,Falta de tiempo,Sí,2019
35,Sí,Sí,Sí,No,No,Sí,No,Sí,No,Sí,NA,NA,30,La mitad,NA,Sí,2019
26,Sí,Sí,Sí,Sí,No,Sí,No,Sí,No,Sí,No,Sí,30,La mayor parte,NA,Sí,2019
60,Sí,No,Sí,No,No,No,NA,NA,No,Sí,NA,NA,30,La mayor parte,NA,Sí,2019
58,No,No,No,Sí,No,No,NA,NA,NA,NA,No,Sí,20,La mayor parte,NA,Sí,2019
30,No,No,No,No,No,Sí,NA,NA,NA,NA,NA,NA,30,La mayor parte,NA,Sí,2019
62,Sí,Sí,No,No,No,No,No,Sí,NA,NA,NA,NA,30,La mayor parte,NA,Sí,2019
28,No,No,No,Sí,No,No,NA,NA,NA,NA,No,Sí,20,La mayor parte,NA,No,2019
52,No,No,No,No,No,No,NA,NA,NA,NA,NA,NA,0,NA,Falta de interés/gusto,Sí,2019
25,No,No,Sí,Sí,No,Sí,NA,NA,No,Sí,No,Sí,30,La mayor parte,NA,Sí,2019
21,Sí,Sí,No,No,No,Sí,Sí,Sí,NA,NA,NA,NA,60,La mayor parte,NA,Sí,2019
65,NA,NA,NA,NA,NA,NA,NA,NA,NA,NA,NA,NA,0,NA,NA,NA,2019
26,Sí,Sí,No,Sí,No,Sí,Sí,No,NA,NA,Sí,No,45,La mayor parte,NA,Sí,2019
83,No,No,No,No,No,No,NA,NA,NA,NA,NA,NA,0,NA,Problemas de salud,No,2019
55,Sí,Sí,Sí,No,No,Sí,No,Sí,No,Sí,NA,NA,60,La mayor parte,NA,No,2019
59,No,No,No,No,No,No,NA,NA,NA,NA,NA,NA,0,NA,Falta de interés/gusto,No,2019
36,Sí,Sí,No,Sí,No,Sí,Sí,No,NA,NA,No,Sí,40,La mayor parte,NA,Sí,2019
50,Sí,Sí,Sí,No,No,Sí,No,Sí,No,Sí,NA,NA,60,La mayor parte,NA,Sí,2019
46,Sí,No,Sí,Sí,No,Sí,NA,NA,Sí,No,No,Sí,20,La mayor parte,NA,Sí,2019
27,No,No,No,No,No,No,NA,NA,NA,NA,NA,NA,0,NA,Falta de tiempo,No,2019
38,Sí,No,No,Sí,No,Sí,NA,NA,NA,NA,No,Sí,40,La mayor parte,NA,No,2019
38,Sí,Sí,No,No,No,No,No,Sí,NA,NA,NA,NA,30,La mayor parte,NA,No,2019
52,Sí,Sí,No,No,No,Sí,No,Sí,NA,NA,NA,NA,30,La mayor parte,NA,Sí,2019
20,Sí,Sí,No,No,No,Sí,Sí,No,NA,NA,NA,NA,60,La mayor parte,NA,Sí,2019
59,Sí,Sí,No,Sí,No,Sí,Sí,Sí,NA,NA,No,Sí,60,Toda,NA,Sí,2019
36,Sí,Sí,Sí,No,No,Sí,No,Sí,No,Sí,NA,NA,30,La mayor parte,NA,Sí,2019
36,No,No,No,No,No,No,NA,NA,NA,NA,NA,NA,0,NA,Falta de interés/gusto,Sí,2019
32,Sí,No,No,Sí,Sí,No,NA,NA,NA,NA,No,Sí,25,La mayor parte,NA,Sí,2019
27,No,No,No,No,No,No,NA,NA,NA,NA,NA,NA,0,NA,Falta de interés/gusto,Sí,2019
33,No,No,No,Sí,No,No,NA,NA,NA,NA,No,Sí,10,La mitad,NA,No,2019
50,Sí,Sí,Sí,Sí,No,Sí,No,Sí,No,Sí,No,Sí,30,Poca,NA,Sí,2019
67,No,No,No,Sí,No,No,NA,NA,NA,NA,No,Sí,15,La mayor parte,NA,No recuerda,2019
49,No,No,No,No,No,No,NA,NA,NA,NA,NA,NA,0,NA,Falta de tiempo,No,2019
73,Sí,Sí,No,No,No,No,No,Sí,NA,NA,NA,NA,20,La mitad,NA,No,2019
25,Sí,No,Sí,Sí,No,Sí,NA,NA,No,Sí,No,Sí,30,La mayor parte,NA,No,2019
37,No,No,No,No,No,No,NA,NA,NA,NA,NA,NA,0,NA,Falta de interés/gusto,No,2019
27,No,No,No,Sí,No,Sí,NA,NA,NA,NA,No,Sí,15,Poca,NA,Sí,2019
49,Sí,Sí,No,No,No,No,No,Sí,NA,NA,NA,NA,30,Toda,NA,No,2019
28,Sí,Sí,Sí,No,No,Sí,No,Sí,No,Sí,NA,NA,45,La mayor parte,NA,Sí,2019
25,Sí,No,Sí,No,No,Sí,NA,NA,Sí,No,NA,NA,20,La mayor parte,NA,Sí,2019
55,Sí,Sí,No,Sí,No,No,No,Sí,NA,NA,No,Sí,30,La mayor parte,NA,Sí,2019
77,NA,NA,NA,NA,NA,NA,NA,NA,NA,NA,NA,NA,0,NA,NA,NA,2019
40,Sí,Sí,No,No,No,Sí,No,Sí,NA,NA,NA,NA,30,La mayor parte,NA,Sí,2019
35,No,No,No,No,No,Sí,NA,NA,NA,NA,NA,NA,25,La mayor parte,NA,No,2019
30,No,No,No,Sí,No,No,NA,NA,NA,NA,No,Sí,15,La mayor parte,NA,No,2019
52,Sí,Sí,Sí,Sí,No,No,No,Sí,No,Sí,No,Sí,30,La mayor parte,NA,No,2019
55,No,No,No,No,No,No,NA,NA,NA,NA,NA,NA,0,NA,Falta de interés/gusto,No,2019
57,Sí,Sí,No,No,No,No,No,Sí,NA,NA,NA,NA,45,La mayor parte,NA,No,2019
31,No,No,Sí,Sí,No,No,NA,NA,No,Sí,No,Sí,10,La mayor parte,NA,Sí,2019
53,Sí,Sí,Sí,No,No,Sí,No,Sí,No,Sí,NA,NA,30,Toda,NA,Sí,2019
65,No,No,No,No,No,No,NA,NA,NA,NA,NA,NA,0,NA,Prefiere otras actividades,No,2019
23,Sí,Sí,No,No,No,No,No,Sí,NA,NA,NA,NA,15,Toda,NA,No,2019
27,Sí,Sí,Sí,Sí,No,Sí,No,Sí,No,Sí,No,Sí,240,Toda,NA,Sí,2019
20,Sí,Sí,Sí,No,No,Sí,No,Sí,No,Sí,NA,NA,60,La mayor parte,NA,Sí,2019
68,Sí,No,Sí,Sí,No,No,NA,NA,No,Sí,No,Sí,30,La mayor parte,NA,Sí,2019
25,Sí,Sí,No,No,No,Sí,No,Sí,NA,NA,NA,NA,30,La mayor parte,NA,No,2019
24,Sí,Sí,No,No,No,Sí,No,Sí,NA,NA,NA,NA,30,La mayor parte,NA,Sí,2019
47,Sí,No,No,Sí,No,No,NA,NA,NA,NA,No,Sí,30,La mayor parte,NA,Sí,2019
46,Sí,No,Sí,Sí,No,Sí,NA,NA,Sí,Sí,Sí,Sí,60,La mayor parte,NA,Sí,2019
51,Sí,Sí,No,No,No,Sí,No,Sí,NA,NA,NA,NA,40,Toda,NA,Sí,2019
45,Sí,Sí,Sí,Sí,No,Sí,No,Sí,Sí,Sí,No,Sí,50,La mayor parte,NA,Sí,2019
46,Sí,Sí,Sí,No,No,Sí,No,Sí,No,Sí,NA,NA,60,Toda,NA,No,2019
38,Sí,No,Sí,No,Sí,Sí,NA,NA,No,Sí,NA,NA,60,La mayor parte,NA,Sí,2019
22,Sí,Sí,No,No,Sí,Sí,No,Sí,NA,NA,NA,NA,120,Toda,NA,Sí,2019
43,No,No,No,No,No,No,NA,NA,NA,NA,NA,NA,0,NA,Falta de tiempo,Sí,2019
33,No,No,No,Sí,No,Sí,NA,NA,NA,NA,No,Sí,60,Toda,NA,No,2019
36,No,No,No,Sí,No,No,NA,NA,NA,NA,No,Sí,15,La mayor parte,NA,No recuerda,2019
70,Sí,Sí,No,Sí,No,No,No,Sí,NA,NA,No,Sí,30,Toda,NA,No,2019
39,Sí,No,No,No,No,Sí,NA,NA,NA,NA,NA,NA,60,La mayor parte,NA,Sí,2019
64,Sí,Sí,Sí,Sí,No,Sí,Sí,Sí,Sí,No,Sí,No,360,Toda,NA,Sí,2019
23,Sí,Sí,No,No,No,Sí,No,Sí,NA,NA,NA,NA,60,Toda,NA,Sí,2019
36,Sí,Sí,Sí,Sí,No,Sí,No,Sí,No,Sí,No,Sí,60,Toda,NA,Sí,2019
59,Sí,Sí,No,No,No,Sí,No,Sí,NA,NA,NA,NA,60,Toda,NA,Sí,2019
29,Sí,Sí,No,No,No,Sí,No,Sí,NA,NA,NA,NA,30,Toda,NA,No,2019
57,Sí,Sí,Sí,No,No,No,No,Sí,No,Sí,NA,NA,60,La mayor parte,NA,Sí,2019
38,Sí,Sí,Sí,No,No,Sí,No,Sí,No,Sí,NA,NA,30,La mayor parte,NA,No,2019
55,Sí,Sí,Sí,Sí,No,No,No,Sí,No,Sí,No,Sí,30,La mayor parte,NA,No,2019
62,Sí,Sí,Sí,No,No,Sí,No,Sí,No,Sí,NA,NA,30,La mayor parte,NA,Sí,2019
45,Sí,Sí,Sí,Sí,No,Sí,No,Sí,No,Sí,Sí,Sí,40,La mayor parte,NA,No,2019
42,Sí,Sí,Sí,Sí,No,Sí,No,Sí,No,Sí,Sí,Sí,30,Toda,NA,Sí,2019
46,Sí,No,Sí,Sí,No,No,NA,NA,No,Sí,No,Sí,30,Toda,NA,Sí,2019
38,Sí,Sí,Sí,Sí,No,No,No,Sí,No,Sí,No,Sí,60,La mayor parte,NA,No,2019
24,Sí,Sí,No,No,No,Sí,No,Sí,NA,NA,NA,NA,30,La mayor parte,NA,No,2019
23,Sí,Sí,No,Sí,No,Sí,No,Sí,NA,NA,No,Sí,90,La mayor parte,NA,Sí,2019
39,Sí,No,No,Sí,No,No,NA,NA,NA,NA,No,Sí,30,La mayor parte,NA,Sí,2019
21,Sí,Sí,No,No,No,Sí,No,Sí,NA,NA,NA,NA,60,La mayor parte,NA,Sí,2019
35,Sí,No,No,No,No,No,NA,NA,NA,NA,NA,NA,0,NA,Prefiere otras actividades,Sí,2019
35,Sí,Sí,No,Sí,No,No,No,Sí,NA,NA,No,Sí,15,Toda,NA,Sí,2019
32,No,No,No,No,No,No,NA,NA,NA,NA,NA,NA,0,NA,Falta de tiempo,No,2019
49,Sí,Sí,Sí,Sí,No,Sí,Sí,No,Sí,No,Sí,No,30,Toda,NA,No,2019
58,Sí,Sí,Sí,Sí,No,No,No,Sí,No,Sí,No,Sí,25,La mayor parte,NA,Sí,2019
25,Sí,Sí,No,No,No,Sí,Sí,No,NA,NA,NA,NA,120,La mayor parte,NA,Sí,2019
60,Sí,No,Sí,No,No,No,NA,NA,No,Sí,NA,NA,15,La mitad,NA,Sí,2019
26,Sí,Sí,Sí,No,No,No,Sí,No,Sí,No,NA,NA,60,La mayor parte,NA,Sí,2019
37,Sí,Sí,Sí,Sí,No,Sí,Sí,No,No,Sí,No,Sí,45,La mayor parte,NA,Sí,2019
53,Sí,Sí,Sí,Sí,No,No,No,Sí,No,Sí,No,Sí,60,La mayor parte,NA,No,2019
48,Sí,No,No,Sí,No,No,NA,NA,NA,NA,No,Sí,20,Toda,NA,No,2019
26,Sí,Sí,No,No,No,Sí,No,Sí,NA,NA,NA,NA,30,La mayor parte,NA,No,2019
26,No,No,No,No,No,No,NA,NA,NA,NA,NA,NA,0,NA,Falta de interés/gusto,No,2019
40,Sí,Sí,Sí,Sí,No,Sí,Sí,No,No,Sí,Sí,No,20,Toda,NA,No,2019
44,Sí,Sí,Sí,No,No,No,No,Sí,No,Sí,NA,NA,25,La mayor parte,NA,No,2019
64,Sí,Sí,No,No,No,No,No,Sí,NA,NA,NA,NA,20,La mayor parte,NA,No,2019
43,Sí,No,No,Sí,No,No,NA,NA,NA,NA,No,Sí,30,La mayor parte,NA,No,2019
40,Sí,Sí,Sí,Sí,No,No,No,Sí,No,Sí,No,Sí,40,La mayor parte,NA,No,2019
42,No,No,No,No,No,No,NA,NA,NA,NA,NA,NA,0,NA,Falta de interés/gusto,No,2019
64,Sí,Sí,Sí,No,No,No,No,Sí,No,Sí,NA,NA,20,La mitad,NA,Sí,2019
70,No,No,No,No,No,No,NA,NA,NA,NA,NA,NA,0,NA,Falta de interés/gusto,Sí,2019
26,Sí,Sí,Sí,No,No,No,No,Sí,No,Sí,NA,NA,35,La mitad,NA,No,2019
49,Sí,Sí,No,No,No,No,No,Sí,NA,NA,NA,NA,60,Poca,NA,No,2019
36,Sí,Sí,No,No,No,Sí,No,Sí,NA,NA,NA,NA,30,La mayor parte,NA,Sí,2019
29,Sí,Sí,Sí,No,No,Sí,No,Sí,No,Sí,NA,NA,30,La mitad,NA,No,2019
30,NA,NA,NA,NA,NA,NA,NA,NA,NA,NA,NA,NA,0,NA,NA,NA,2019
45,Sí,Sí,Sí,No,No,Sí,Sí,No,Sí,No,NA,NA,40,La mayor parte,NA,Sí,2019
62,Sí,Sí,No,No,No,Sí,No,Sí,NA,NA,NA,NA,30,Toda,NA,Sí,2019
46,Sí,Sí,Sí,No,No,Sí,No,Sí,No,Sí,NA,NA,30,La mitad,NA,Sí,2019
57,No,No,No,No,No,No,NA,NA,NA,NA,NA,NA,0,NA,Falta de interés/gusto,No,2019
25,Sí,Sí,Sí,Sí,No,No,No,Sí,No,Sí,No,Sí,20,La mayor parte,NA,Sí,2019
61,Sí,Sí,No,No,No,No,No,Sí,NA,NA,NA,NA,30,La mayor parte,NA,No,2019
61,Sí,Sí,No,No,No,No,No,Sí,NA,NA,NA,NA,60,La mayor parte,NA,Sí,2019
32,No,No,No,No,No,Sí,NA,NA,NA,NA,NA,NA,30,La mayor parte,NA,Sí,2019
36,No,No,No,No,No,Sí,NA,NA,NA,NA,NA,NA,30,Toda,NA,Sí,2019
40,Sí,Sí,Sí,No,No,Sí,No,Sí,No,Sí,NA,NA,20,La mayor parte,NA,Sí,2019
46,No,No,No,No,No,No,NA,NA,NA,NA,NA,NA,0,NA,Falta de interés/gusto,No,2019
71,No,No,No,No,No,No,NA,NA,NA,NA,NA,NA,0,NA,Falta de interés/gusto,No,2019
52,Sí,No,Sí,Sí,No,Sí,NA,NA,No,Sí,No,Sí,15,La mayor parte,NA,Sí,2019
37,Sí,Sí,No,No,No,No,No,Sí,NA,NA,NA,NA,30,La mayor parte,NA,No,2019
45,Sí,No,No,Sí,No,No,NA,NA,NA,NA,No,Sí,30,La mayor parte,NA,No,2019
62,NA,NA,NA,NA,NA,NA,NA,NA,NA,NA,NA,NA,0,NA,NA,NA,2019
27,Sí,Sí,Sí,No,No,Sí,No,Sí,No,Sí,NA,NA,30,La mayor parte,NA,Sí,2019
51,Sí,No,No,No,No,Sí,NA,NA,NA,NA,NA,NA,30,La mayor parte,NA,No recuerda,2019
76,Sí,Sí,Sí,Sí,No,No,No,Sí,No,Sí,No,Sí,180,Toda,NA,Sí,2019
42,NA,NA,NA,NA,NA,NA,NA,NA,NA,NA,NA,NA,0,NA,NA,NA,2019
46,Sí,Sí,No,No,No,Sí,Sí,No,NA,NA,NA,NA,30,La mayor parte,NA,Sí,2019
51,No,No,No,No,No,No,NA,NA,NA,NA,NA,NA,0,NA,Falta de tiempo,No,2019
41,No,Sí,Sí,Sí,No,No,No,Sí,No,Sí,No,Sí,15,La mitad,NA,Sí,2019
46,No,No,Sí,No,No,No,NA,NA,No,Sí,NA,NA,10,La mayor parte,NA,Sí,2019
29,No,Sí,No,No,No,Sí,No,Sí,NA,NA,NA,NA,3,La mayor parte,NA,No,2019
54,Sí,Sí,Sí,No,No,Sí,Sí,No,Sí,No,NA,NA,30,Toda,NA,Sí,2019
47,Sí,No,Sí,Sí,No,Sí,NA,NA,No,Sí,No,Sí,1,La mitad,NA,Sí,2019
24,No,No,No,No,No,No,NA,NA,NA,NA,NA,NA,0,NA,Falta de tiempo,No,2019
44,Sí,Sí,No,No,No,No,No,Sí,NA,NA,NA,NA,20,Toda,NA,No,2019
35,Sí,No,Sí,Sí,Sí,Sí,NA,NA,No,Sí,No,Sí,15,Toda,NA,No,2019
78,NA,NA,NA,NA,NA,NA,NA,NA,NA,NA,NA,NA,0,NA,NA,NA,2019
32,No,No,No,Sí,No,Sí,NA,NA,NA,NA,No,Sí,60,La mayor parte,NA,Sí,2019
45,Sí,No,No,Sí,No,Sí,NA,NA,NA,NA,No,Sí,35,La mayor parte,NA,Sí,2019
48,No,No,No,Sí,No,No,NA,NA,NA,NA,No,Sí,10,La mitad,NA,No,2019
53,No,Sí,No,Sí,No,No,No,Sí,NA,NA,No,Sí,30,La mitad,NA,Sí,2019
34,No,Sí,Sí,No,No,Sí,No,Sí,No,Sí,NA,NA,20,La mayor parte,NA,Sí,2019
67,No,No,No,No,No,No,NA,NA,NA,NA,NA,NA,0,NA,Otro,Sí,2019
22,Sí,No,No,No,No,Sí,NA,NA,NA,NA,NA,NA,60,Toda,NA,No,2019
70,Sí,No,No,Sí,No,No,NA,NA,NA,NA,No,Sí,30,Toda,NA,No,2019
42,Sí,Sí,No,Sí,No,Sí,No,Sí,NA,NA,No,Sí,120,Toda,NA,No recuerda,2019
45,Sí,Sí,Sí,No,No,Sí,No,Sí,No,Sí,NA,NA,30,Toda,NA,Sí,2019
23,Sí,Sí,No,No,No,Sí,No,Sí,NA,NA,NA,NA,40,La mayor parte,NA,Sí,2019
45,No,No,No,No,No,No,NA,NA,NA,NA,NA,NA,0,NA,Falta de interés/gusto,No,2019
56,No,No,No,Sí,No,No,NA,NA,NA,NA,No,Sí,10,La mayor parte,NA,No,2019
21,No,No,No,No,No,No,NA,NA,NA,NA,NA,NA,0,NA,Falta de tiempo,No,2019
51,Sí,No,No,Sí,No,No,NA,NA,NA,NA,No,Sí,20,Toda,NA,Sí,2019
20,Sí,Sí,Sí,No,No,Sí,No,Sí,No,Sí,NA,NA,30,La mayor parte,NA,No,2019
60,No,No,No,No,No,No,NA,NA,NA,NA,NA,NA,0,NA,Falta de tiempo,No,2019
41,Sí,No,No,No,No,Sí,NA,NA,NA,NA,NA,NA,15,La mayor parte,NA,Sí,2019
25,Sí,No,Sí,No,No,Sí,NA,NA,No,Sí,NA,NA,30,Toda,NA,No recuerda,2019
69,No,No,No,Sí,No,No,NA,NA,NA,NA,No,Sí,30,Poca,NA,No,2019
61,Sí,No,No,Sí,No,No,NA,NA,NA,NA,No,Sí,20,Toda,NA,No,2019
50,No,No,No,Sí,No,No,NA,NA,NA,NA,No,Sí,45,Toda,NA,No,2019
26,No,No,No,No,No,No,NA,NA,NA,NA,NA,NA,0,NA,Falta de tiempo,Sí,2019
24,No,No,No,No,No,No,NA,NA,NA,NA,NA,NA,0,NA,Falta de tiempo,No,2019
48,No,No,No,Sí,No,No,NA,NA,NA,NA,No,Sí,20,La mayor parte,NA,Sí,2019
45,No,No,Sí,No,No,No,NA,NA,No,Sí,NA,NA,20,La mayor parte,NA,No,2019
44,Sí,Sí,Sí,No,No,Sí,No,Sí,No,Sí,NA,NA,180,Toda,NA,Sí,2019
51,Sí,No,No,Sí,No,Sí,NA,NA,NA,NA,No,Sí,60,La mayor parte,NA,Sí,2019
81,No,No,No,No,No,No,NA,NA,NA,NA,NA,NA,0,NA,Falta de interés/gusto,No recuerda,2019
52,Sí,No,No,No,No,No,NA,NA,NA,NA,NA,NA,0,NA,Falta de dinero,No,2019
27,No,No,No,No,No,No,NA,NA,NA,NA,NA,NA,0,NA,Falta de tiempo,No recuerda,2019
78,NA,NA,NA,NA,NA,NA,NA,NA,NA,NA,NA,NA,0,NA,NA,NA,2019
65,No,No,No,No,No,No,NA,NA,NA,NA,NA,NA,0,NA,Falta de dinero,No,2019
66,Sí,Sí,No,No,No,No,No,Sí,NA,NA,NA,NA,20,Poca,NA,No,2019
45,No,No,No,No,No,No,NA,NA,NA,NA,NA,NA,0,NA,Falta de tiempo,No,2019
50,Sí,Sí,No,Sí,No,Sí,No,Sí,NA,NA,No,Sí,30,La mitad,NA,No,2019
26,Sí,Sí,Sí,No,Sí,Sí,Sí,No,No,Sí,NA,NA,30,Toda,NA,Sí,2019
42,Sí,Sí,Sí,Sí,No,Sí,No,Sí,Sí,No,No,Sí,60,La mayor parte,NA,No,2019
27,No,No,No,No,Sí,Sí,NA,NA,NA,NA,NA,NA,20,La mayor parte,NA,No,2019
19,Sí,Sí,No,No,No,No,No,Sí,NA,NA,NA,NA,30,La mitad,NA,Sí,2019
30,Sí,Sí,Sí,Sí,No,Sí,No,Sí,No,Sí,No,Sí,45,La mayor parte,NA,Sí,2019
39,Sí,Sí,Sí,Sí,No,Sí,No,Sí,Sí,No,Sí,No,60,La mayor parte,NA,Sí,2019
39,Sí,No,Sí,No,No,Sí,NA,NA,No,Sí,NA,NA,30,La mayor parte,NA,No,2019
62,No,No,No,No,No,Sí,NA,NA,NA,NA,NA,NA,120,La mayor parte,NA,No,2019
76,Sí,Sí,No,No,No,No,No,Sí,NA,NA,NA,NA,30,Toda,NA,No,2019
57,Sí,Sí,No,Sí,No,No,No,Sí,NA,NA,No,Sí,15,La mitad,NA,No,2019
46,Sí,Sí,No,No,No,No,No,Sí,NA,NA,NA,NA,40,La mayor parte,NA,No,2019
28,No,No,No,No,No,No,NA,NA,NA,NA,NA,NA,0,NA,Falta de tiempo,No,2019
44,No,No,No,No,No,No,NA,NA,NA,NA,NA,NA,0,NA,Falta de tiempo,No,2019
43,Sí,No,No,Sí,No,Sí,NA,NA,NA,NA,No,Sí,15,La mayor parte,NA,No,2019
34,Sí,Sí,Sí,No,No,Sí,No,Sí,No,Sí,NA,NA,10,La mayor parte,NA,No,2019
80,Sí,Sí,No,No,No,No,No,Sí,NA,NA,NA,NA,60,La mayor parte,NA,No,2019
55,Sí,Sí,No,No,No,No,No,Sí,NA,NA,NA,NA,10,La mayor parte,NA,No,2019
43,Sí,No,No,No,No,Sí,NA,NA,NA,NA,NA,NA,20,La mayor parte,NA,No,2019
37,No,No,No,No,No,No,NA,NA,NA,NA,NA,NA,0,NA,Falta de tiempo,No,2019
50,Sí,Sí,No,No,No,No,No,Sí,NA,NA,NA,NA,30,La mayor parte,NA,No,2019
52,Sí,Sí,Sí,Sí,Sí,No,No,Sí,No,Sí,No,Sí,30,La mayor parte,NA,Sí,2019
28,Sí,Sí,No,Sí,No,Sí,No,Sí,NA,NA,Sí,No,30,La mayor parte,NA,Sí,2019
71,NA,NA,NA,NA,NA,NA,NA,NA,NA,NA,NA,NA,0,NA,NA,NA,2019
34,Sí,Sí,No,No,No,No,No,Sí,NA,NA,NA,NA,15,La mitad,NA,Sí,2019
19,No,No,No,No,Sí,No,NA,NA,NA,NA,NA,NA,60,La mitad,NA,Sí,2019
65,Sí,No,No,Sí,No,No,NA,NA,NA,NA,No,Sí,30,La mitad,NA,No,2019
43,Sí,No,No,Sí,No,No,NA,NA,NA,NA,No,Sí,20,La mayor parte,NA,Sí,2019
35,Sí,Sí,Sí,Sí,Sí,No,No,Sí,No,Sí,No,Sí,30,La mayor parte,NA,Sí,2019
53,Sí,No,No,Sí,No,No,NA,NA,NA,NA,No,Sí,10,La mayor parte,NA,Sí,2019
19,Sí,Sí,No,No,No,No,No,Sí,NA,NA,NA,NA,120,Toda,NA,Sí,2019
37,Sí,Sí,Sí,No,No,Sí,Sí,No,No,Sí,NA,NA,30,La mitad,NA,Sí,2019
45,Sí,No,Sí,Sí,No,Sí,NA,NA,Sí,No,No,Sí,20,La mayor parte,NA,Sí,2019
67,Sí,Sí,Sí,No,No,No,No,Sí,No,Sí,NA,NA,30,La mayor parte,NA,Sí,2019
42,No,No,No,No,No,No,NA,NA,NA,NA,NA,NA,0,NA,Falta de interés/gusto,Sí,2019
46,Sí,No,Sí,Sí,No,No,NA,NA,No,Sí,No,Sí,30,Toda,NA,No,2019
72,Sí,Sí,Sí,No,No,No,No,Sí,No,Sí,NA,NA,30,Toda,NA,Sí,2019
40,Sí,No,No,Sí,No,Sí,NA,NA,NA,NA,No,Sí,30,La mayor parte,NA,Sí,2019
46,No,No,No,No,No,No,NA,NA,NA,NA,NA,NA,0,NA,Falta de tiempo,No,2019
52,Sí,No,Sí,Sí,No,No,NA,NA,No,Sí,No,Sí,10,La mitad,NA,Sí,2019
18,Sí,No,Sí,Sí,No,Sí,NA,NA,No,Sí,No,Sí,60,Toda,NA,Sí,2019
39,No,No,No,No,No,No,NA,NA,NA,NA,NA,NA,0,NA,Falta de tiempo,Sí,2019
60,Sí,Sí,No,Sí,No,No,No,Sí,NA,NA,No,Sí,15,La mayor parte,NA,Sí,2019
38,Sí,No,No,Sí,No,No,NA,NA,NA,NA,No,Sí,10,La mayor parte,NA,No,2019
70,Sí,Sí,Sí,No,No,No,No,Sí,No,Sí,NA,NA,60,La mayor parte,NA,Sí,2019
90,Sí,Sí,No,Sí,No,Sí,Sí,Sí,NA,NA,No,Sí,20,Toda,NA,No,2019
52,Sí,Sí,Sí,No,No,No,No,Sí,No,Sí,NA,NA,60,La mayor parte,NA,Sí,2019
88,Sí,No,No,Sí,No,No,NA,NA,NA,NA,No,Sí,60,Poca,NA,No,2019
80,No,No,No,No,No,No,NA,NA,NA,NA,NA,NA,0,NA,Problemas de salud,No,2019
35,Sí,Sí,No,No,No,No,No,Sí,NA,NA,NA,NA,60,La mayor parte,NA,Sí,2019
35,No,No,Sí,No,No,No,NA,NA,No,Sí,NA,NA,30,La mayor parte,NA,Sí,2019
34,Sí,No,Sí,No,No,Sí,NA,NA,No,Sí,NA,NA,30,La mayor parte,NA,Sí,2019
35,No,No,No,No,No,No,NA,NA,NA,NA,NA,NA,0,NA,Falta de tiempo,No,2019
63,No,No,No,No,No,No,NA,NA,NA,NA,NA,NA,0,NA,Falta de tiempo,No,2019
46,Sí,Sí,Sí,No,No,No,No,Sí,No,Sí,NA,NA,15,Poca,NA,Sí,2019
51,Sí,No,No,Sí,No,No,NA,NA,NA,NA,No,Sí,10,Poca,NA,Sí,2019
31,Sí,Sí,No,No,No,No,No,Sí,NA,NA,NA,NA,15,Toda,NA,No recuerda,2019
59,NA,NA,NA,NA,NA,NA,NA,NA,NA,NA,NA,NA,0,NA,NA,NA,2019
35,Sí,Sí,No,No,No,No,No,Sí,NA,NA,NA,NA,60,La mayor parte,NA,No,2019
53,Sí,No,No,No,No,No,NA,NA,NA,NA,NA,NA,0,NA,Prefiere otras actividades,Sí,2019
25,Sí,No,No,No,No,Sí,NA,NA,NA,NA,NA,NA,20,La mayor parte,NA,Sí,2019
65,No,No,No,No,No,No,NA,NA,NA,NA,NA,NA,0,NA,Falta de interés/gusto,No,2019
76,No,No,No,No,No,No,NA,NA,NA,NA,NA,NA,0,NA,Problemas de salud,No,2019
29,No,No,No,No,No,No,NA,NA,NA,NA,NA,NA,0,NA,Falta de tiempo,No recuerda,2019
30,No,No,No,No,No,No,NA,NA,NA,NA,NA,NA,0,NA,Falta de tiempo,No,2019
42,Sí,No,No,Sí,No,No,NA,NA,NA,NA,No,Sí,10,Poca,NA,No recuerda,2019
52,Sí,No,No,Sí,No,No,NA,NA,NA,NA,No,Sí,15,La mayor parte,NA,Sí,2019
51,Sí,No,Sí,No,Sí,No,NA,NA,No,Sí,NA,NA,60,Poca,NA,Sí,2019
35,No,No,No,No,No,No,NA,NA,NA,NA,NA,NA,0,NA,Falta de tiempo,No,2019
31,Sí,No,Sí,Sí,Sí,Sí,NA,NA,No,Sí,No,Sí,30,La mayor parte,NA,Sí,2019
43,No,No,No,Sí,No,No,NA,NA,NA,NA,No,Sí,10,La mitad,NA,No,2019
29,Sí,No,Sí,Sí,No,Sí,NA,NA,No,Sí,Sí,No,35,La mayor parte,NA,Sí,2019
42,No,No,Sí,Sí,No,Sí,NA,NA,No,Sí,No,Sí,10,Toda,NA,Sí,2019
44,Sí,No,Sí,Sí,No,Sí,NA,NA,Sí,No,Sí,No,60,Toda,NA,Sí,2019
37,No,No,No,Sí,No,No,NA,NA,NA,NA,No,Sí,15,La mayor parte,NA,No,2019
31,Sí,No,No,Sí,No,No,NA,NA,NA,NA,No,Sí,5,La mayor parte,NA,No,2019
32,Sí,Sí,No,No,No,Sí,No,Sí,NA,NA,NA,NA,15,La mitad,NA,Sí,2019
32,Sí,No,No,Sí,No,Sí,NA,NA,NA,NA,No,Sí,15,La mitad,NA,Sí,2019
43,Sí,Sí,No,No,No,Sí,No,Sí,NA,NA,NA,NA,10,La mayor parte,NA,No,2019
29,No,No,No,Sí,No,Sí,NA,NA,NA,NA,No,Sí,30,La mayor parte,NA,Sí,2019
38,Sí,Sí,Sí,No,No,Sí,No,Sí,No,Sí,NA,NA,20,La mayor parte,NA,Sí,2019
35,No,No,Sí,No,No,No,NA,NA,No,Sí,NA,NA,60,La mayor parte,NA,No,2019
45,Sí,No,No,Sí,No,No,NA,NA,NA,NA,No,Sí,20,La mayor parte,NA,Sí,2019
45,No,No,Sí,No,No,Sí,NA,NA,No,Sí,NA,NA,10,La mitad,NA,Sí,2019
46,Sí,Sí,Sí,Sí,No,No,No,Sí,No,Sí,No,Sí,60,La mayor parte,NA,Sí,2019
88,No,No,No,Sí,No,No,NA,NA,NA,NA,No,Sí,10,La mitad,NA,No recuerda,2019
77,Sí,No,Sí,Sí,No,No,NA,NA,No,Sí,No,Sí,30,La mayor parte,NA,Sí,2019
43,Sí,No,Sí,Sí,No,No,NA,NA,No,Sí,No,Sí,60,La mayor parte,NA,Sí,2019
28,Sí,Sí,No,Sí,No,No,No,Sí,NA,NA,No,Sí,30,Toda,NA,Sí,2019
84,No,No,No,Sí,No,No,NA,NA,NA,NA,No,Sí,10,Poca,NA,No,2019
29,No,No,No,No,No,Sí,NA,NA,NA,NA,NA,NA,30,La mitad,NA,No,2019
59,Sí,Sí,Sí,No,Sí,Sí,No,Sí,Sí,No,NA,NA,10,La mitad,NA,No,2019
37,Sí,No,No,Sí,No,Sí,NA,NA,NA,NA,Sí,No,30,La mayor parte,NA,No recuerda,2019
55,No,No,No,No,No,No,NA,NA,NA,NA,NA,NA,0,NA,Falta de interés/gusto,Sí,2019
44,Sí,Sí,Sí,Sí,No,Sí,No,Sí,No,Sí,No,Sí,60,Toda,NA,Sí,2019
76,Sí,No,No,Sí,No,Sí,NA,NA,NA,NA,No,Sí,20,La mayor parte,NA,Sí,2019
24,Sí,Sí,No,No,No,Sí,No,Sí,NA,NA,NA,NA,30,La mayor parte,NA,Sí,2019
47,Sí,Sí,Sí,No,No,Sí,No,Sí,No,Sí,NA,NA,20,La mayor parte,NA,Sí,2019
23,Sí,No,Sí,Sí,Sí,Sí,NA,NA,Sí,No,No,Sí,30,Toda,NA,Sí,2019
26,No,No,Sí,No,No,Sí,NA,NA,No,Sí,NA,NA,10,La mayor parte,NA,Sí,2019
70,No,No,No,Sí,No,No,NA,NA,NA,NA,No,Sí,10,La mayor parte,NA,No,2019
52,Sí,No,Sí,Sí,No,Sí,NA,NA,Sí,No,No,Sí,60,La mayor parte,NA,Sí,2019
23,Sí,Sí,No,No,No,Sí,No,Sí,NA,NA,NA,NA,15,La mayor parte,NA,Sí,2019
78,Sí,No,No,Sí,No,No,NA,NA,NA,NA,No,Sí,10,La mitad,NA,No,2019
34,Sí,Sí,No,Sí,No,Sí,No,Sí,NA,NA,No,Sí,20,Toda,NA,Sí,2019
30,No,No,No,Sí,No,No,NA,NA,NA,NA,No,Sí,30,Toda,NA,Sí,2019
32,Sí,Sí,No,No,No,Sí,No,Sí,NA,NA,NA,NA,120,La mayor parte,NA,Sí,2019
46,No,No,No,Sí,No,No,NA,NA,NA,NA,No,Sí,20,La mitad,NA,No,2019
43,Sí,Sí,Sí,Sí,No,Sí,No,Sí,No,Sí,No,Sí,15,La mitad,NA,Sí,2019
60,Sí,No,No,Sí,No,No,NA,NA,NA,NA,No,Sí,30,Toda,NA,No,2019
60,Sí,Sí,No,Sí,No,No,No,Sí,NA,NA,No,Sí,60,La mayor parte,NA,No recuerda,2019
25,Sí,Sí,Sí,No,No,Sí,Sí,No,No,Sí,NA,NA,240,Toda,NA,Sí,2019
20,No,No,No,Sí,No,Sí,NA,NA,NA,NA,Sí,No,30,La mayor parte,NA,No,2019
27,No,Sí,Sí,No,No,Sí,No,Sí,Sí,No,NA,NA,15,La mayor parte,NA,Sí,2019
60,Sí,Sí,Sí,Sí,No,Sí,No,Sí,No,Sí,No,Sí,20,La mayor parte,NA,Sí,2019
25,Sí,Sí,No,No,No,Sí,No,Sí,NA,NA,NA,NA,45,La mayor parte,NA,Sí,2019
50,Sí,Sí,Sí,No,No,Sí,No,Sí,No,Sí,NA,NA,60,La mayor parte,NA,No,2019
45,No,No,Sí,Sí,No,Sí,NA,NA,No,Sí,No,Sí,120,La mayor parte,NA,No,2019
44,No,No,No,No,No,No,NA,NA,NA,NA,NA,NA,0,NA,Falta de tiempo,No,2019
31,Sí,Sí,No,No,No,No,No,Sí,NA,NA,NA,NA,20,La mayor parte,NA,Sí,2019
63,Sí,Sí,No,No,No,No,No,Sí,NA,NA,NA,NA,60,La mitad,NA,Sí,2019
60,No,No,No,No,No,No,NA,NA,NA,NA,NA,NA,0,NA,Falta de tiempo,No,2019
24,Sí,Sí,Sí,No,No,Sí,Sí,No,Sí,No,NA,NA,120,La mayor parte,NA,Sí,2019
58,No,No,No,Sí,No,No,NA,NA,NA,NA,No,Sí,10,La mayor parte,NA,No,2019
22,Sí,Sí,Sí,No,No,No,No,Sí,No,Sí,NA,NA,20,La mitad,NA,Sí,2019
61,Sí,Sí,No,No,No,No,No,Sí,NA,NA,NA,NA,30,La mayor parte,NA,No,2019
58,Sí,Sí,Sí,Sí,No,Sí,No,Sí,No,Sí,No,Sí,15,Poca,NA,Sí,2019
46,Sí,Sí,Sí,No,No,No,No,Sí,No,Sí,NA,NA,30,Poca,NA,No,2019
22,No,No,No,No,Sí,Sí,NA,NA,NA,NA,NA,NA,20,La mayor parte,NA,No,2019
20,Sí,Sí,Sí,No,No,Sí,Sí,No,Sí,No,NA,NA,30,Toda,NA,Sí,2019
50,Sí,Sí,No,Sí,No,Sí,Sí,No,NA,NA,No,Sí,10,La mayor parte,NA,Sí,2019
23,No,Sí,No,No,No,No,No,Sí,NA,NA,NA,NA,10,Poca,NA,No,2019
40,Sí,No,Sí,No,No,No,NA,NA,No,Sí,NA,NA,20,La mayor parte,NA,Sí,2019
21,No,Sí,No,No,Sí,No,No,Sí,NA,NA,NA,NA,15,La mayor parte,NA,Sí,2019
35,Sí,Sí,Sí,No,No,No,No,Sí,No,Sí,NA,NA,60,La mayor parte,NA,Sí,2019
18,Sí,Sí,No,No,No,Sí,No,Sí,NA,NA,NA,NA,120,Toda,NA,Sí,2019
24,Sí,Sí,No,Sí,No,Sí,No,Sí,NA,NA,No,Sí,20,La mayor parte,NA,Sí,2019
57,Sí,Sí,No,Sí,No,No,No,Sí,NA,NA,No,Sí,20,Poca,NA,No,2019
24,Sí,No,No,No,No,No,NA,NA,NA,NA,NA,NA,0,NA,Falta de interés/gusto,No,2019
31,Sí,Sí,Sí,Sí,No,No,No,Sí,No,Sí,No,Sí,15,La mayor parte,NA,Sí,2019
30,No,No,No,No,No,No,NA,NA,NA,NA,NA,NA,0,NA,Falta de tiempo,No,2019
51,Sí,Sí,No,No,No,Sí,No,Sí,NA,NA,NA,NA,120,La mitad,NA,No,2019
32,Sí,Sí,Sí,Sí,Sí,No,No,Sí,No,Sí,No,Sí,10,La mitad,NA,No,2019
43,Sí,No,Sí,No,No,No,NA,NA,No,Sí,NA,NA,10,La mayor parte,NA,Sí,2019
28,Sí,Sí,No,No,No,Sí,No,Sí,NA,NA,NA,NA,180,La mayor parte,NA,Sí,2019
70,Sí,No,No,No,No,No,NA,NA,NA,NA,NA,NA,0,NA,Falta de tiempo,No,2019
37,Sí,Sí,Sí,Sí,Sí,Sí,No,Sí,No,Sí,No,Sí,60,La mayor parte,NA,Sí,2019
28,Sí,Sí,Sí,No,Sí,Sí,No,Sí,No,Sí,NA,NA,20,La mayor parte,NA,Sí,2019
21,Sí,Sí,No,No,No,Sí,No,Sí,NA,NA,NA,NA,30,Poca,NA,Sí,2019
34,Sí,Sí,No,No,No,Sí,No,Sí,NA,NA,NA,NA,120,Toda,NA,Sí,2019
39,Sí,Sí,Sí,No,No,Sí,No,Sí,No,Sí,NA,NA,60,Toda,NA,Sí,2019
48,Sí,Sí,Sí,Sí,No,Sí,No,Sí,No,Sí,No,Sí,30,La mayor parte,NA,Sí,2020
41,No,No,No,No,No,Sí,NA,NA,NA,NA,NA,NA,10,La mayor parte,NA,Sí,2020
55,No,No,No,No,No,No,NA,NA,NA,NA,NA,NA,0,NA,Falta de tiempo,Sí,2020
55,Sí,Sí,No,Sí,No,Sí,No,Sí,NA,NA,No,Sí,20,La mayor parte,NA,Sí,2020
60,Sí,Sí,No,No,No,No,No,Sí,NA,NA,NA,NA,20,La mayor parte,NA,Sí,2020
48,Sí,No,Sí,No,No,Sí,NA,NA,No,Sí,NA,NA,30,Toda,NA,Sí,2020
67,Sí,No,No,Sí,No,No,NA,NA,NA,NA,No,Sí,20,La mayor parte,NA,Sí,2020
40,Sí,No,No,Sí,No,Sí,NA,NA,NA,NA,No,Sí,10,Toda,NA,Sí,2020
43,No,No,No,No,No,No,NA,NA,NA,NA,NA,NA,0,NA,Falta de tiempo,Sí,2020
68,Sí,Sí,No,No,No,No,No,Sí,NA,NA,NA,NA,60,La mayor parte,NA,Sí,2020
46,Sí,No,No,No,No,Sí,NA,NA,NA,NA,NA,NA,30,Toda,NA,Sí,2020
52,Sí,No,No,Sí,No,Sí,NA,NA,NA,NA,No,Sí,10,La mayor parte,NA,Sí,2020
51,Sí,Sí,Sí,Sí,No,Sí,No,Sí,No,Sí,No,Sí,30,Toda,NA,Sí,2020
71,Sí,Sí,No,No,No,No,No,Sí,NA,NA,NA,NA,30,La mayor parte,NA,No,2020
54,No,No,No,No,No,No,NA,NA,NA,NA,NA,NA,0,NA,Falta de tiempo,Sí,2020
24,No,No,No,No,No,Sí,NA,NA,NA,NA,NA,NA,15,La mayor parte,NA,Sí,2020
31,No,No,No,No,No,Sí,NA,NA,NA,NA,NA,NA,15,La mayor parte,NA,Sí,2020
57,No,No,No,No,No,No,NA,NA,NA,NA,NA,NA,0,NA,Falta de tiempo,Sí,2020
28,No,No,No,No,No,Sí,NA,NA,NA,NA,NA,NA,15,La mayor parte,NA,Sí,2020
32,No,No,No,No,No,No,NA,NA,NA,NA,NA,NA,0,NA,Falta de tiempo,Sí,2020
38,No,No,No,No,No,No,NA,NA,NA,NA,NA,NA,0,NA,Prefiere otras actividades,Sí,2020
42,Sí,Sí,Sí,Sí,No,Sí,No,Sí,No,Sí,No,Sí,30,La mayor parte,NA,Sí,2020
70,No,No,No,No,No,No,NA,NA,NA,NA,NA,NA,0,NA,Falta de tiempo,No,2020
46,No,No,No,No,No,Sí,NA,NA,NA,NA,NA,NA,10,La mayor parte,NA,Sí,2020
46,No,No,No,No,No,No,NA,NA,NA,NA,NA,NA,0,NA,Prefiere otras actividades,Sí,2020
19,Sí,Sí,No,No,No,Sí,No,Sí,NA,NA,NA,NA,30,La mayor parte,NA,Sí,2020
41,No,No,No,No,No,Sí,NA,NA,NA,NA,NA,NA,15,La mayor parte,NA,Sí,2020
22,Sí,Sí,No,No,No,Sí,No,Sí,NA,NA,NA,NA,30,La mayor parte,NA,Sí,2020
30,No,No,No,No,No,No,NA,NA,NA,NA,NA,NA,0,NA,Prefiere otras actividades,Sí,2020
50,No,No,No,No,No,No,NA,NA,NA,NA,NA,NA,0,NA,Falta de tiempo,Sí,2020
67,Sí,Sí,No,No,No,Sí,No,Sí,NA,NA,NA,NA,30,Poca,NA,No,2020
18,No,No,No,No,No,No,NA,NA,NA,NA,NA,NA,0,NA,Falta de tiempo,Sí,2020
52,Sí,Sí,Sí,No,No,No,No,Sí,No,Sí,NA,NA,60,La mayor parte,NA,Sí,2020
42,No,No,No,No,No,Sí,NA,NA,NA,NA,NA,NA,10,La mayor parte,NA,Sí,2020
39,No,No,No,No,No,No,NA,NA,NA,NA,NA,NA,0,NA,Falta de tiempo,Sí,2020
36,No,No,No,No,No,Sí,NA,NA,NA,NA,NA,NA,10,La mayor parte,NA,Sí,2020
20,Sí,No,Sí,No,No,Sí,NA,NA,Sí,No,NA,NA,15,La mayor parte,NA,Sí,2020
47,No,No,No,No,No,No,NA,NA,NA,NA,NA,NA,0,NA,Falta de tiempo,Sí,2020
35,No,No,No,No,No,Sí,NA,NA,NA,NA,NA,NA,10,La mayor parte,NA,Sí,2020
46,No,No,No,Sí,No,No,NA,NA,NA,NA,No,Sí,10,La mayor parte,NA,Sí,2020
18,Sí,Sí,No,No,No,Sí,No,Sí,NA,NA,NA,NA,30,La mayor parte,NA,Sí,2020
44,Sí,No,No,Sí,No,Sí,NA,NA,NA,NA,No,Sí,20,La mayor parte,NA,Sí,2020
35,No,No,No,No,No,No,NA,NA,NA,NA,NA,NA,0,NA,Falta de tiempo,Sí,2020
24,No,No,No,No,No,Sí,NA,NA,NA,NA,NA,NA,15,La mayor parte,NA,Sí,2020
38,No,No,No,No,No,No,NA,NA,NA,NA,NA,NA,0,NA,Falta de interés/gusto,Sí,2020
19,Sí,Sí,No,No,No,Sí,No,Sí,NA,NA,NA,NA,30,La mayor parte,NA,Sí,2020
39,No,No,No,No,No,No,NA,NA,NA,NA,NA,NA,0,NA,Falta de tiempo,No,2020
49,Sí,Sí,No,No,No,Sí,No,Sí,NA,NA,NA,NA,60,La mitad,NA,Sí,2020
28,No,No,No,No,No,No,NA,NA,NA,NA,NA,NA,0,NA,Falta de tiempo,No,2020
40,Sí,No,No,No,Sí,No,NA,NA,NA,NA,NA,NA,30,La mayor parte,NA,No,2020
43,Sí,No,Sí,No,No,Sí,NA,NA,No,Sí,NA,NA,10,La mayor parte,NA,Sí,2020
43,No,No,No,No,Sí,Sí,NA,NA,NA,NA,NA,NA,20,Toda,NA,No,2020
91,No,No,No,No,No,No,NA,NA,NA,NA,NA,NA,0,NA,Prefiere otras actividades,No,2020
31,No,No,Sí,No,No,Sí,NA,NA,Sí,No,NA,NA,15,Toda,NA,Sí,2020
34,No,No,No,No,No,No,NA,NA,NA,NA,NA,NA,0,NA,Falta de interés/gusto,No,2020
42,Sí,No,Sí,No,No,Sí,NA,NA,No,Sí,NA,NA,30,La mitad,NA,No recuerda,2020
44,Sí,Sí,No,No,No,Sí,No,Sí,NA,NA,NA,NA,20,La mayor parte,NA,Sí,2020
37,No,No,No,No,No,No,NA,NA,NA,NA,NA,NA,0,NA,Falta de interés/gusto,Sí,2020
36,No,Sí,No,No,No,No,No,Sí,NA,NA,NA,NA,30,La mayor parte,NA,Sí,2020
52,No,No,No,No,No,No,NA,NA,NA,NA,NA,NA,0,NA,Falta de interés/gusto,No recuerda,2020
57,Sí,No,Sí,Sí,No,Sí,NA,NA,Sí,No,Sí,No,30,La mayor parte,NA,Sí,2020
61,Sí,Sí,No,Sí,No,Sí,No,Sí,NA,NA,No,Sí,60,La mayor parte,NA,Sí,2020
40,No,No,No,No,No,Sí,NA,NA,NA,NA,NA,NA,60,Toda,NA,Sí,2020
49,No,No,No,No,No,Sí,NA,NA,NA,NA,NA,NA,30,La mayor parte,NA,No recuerda,2020
33,No,No,No,No,No,Sí,NA,NA,NA,NA,NA,NA,20,La mayor parte,NA,No,2020
72,Sí,Sí,Sí,Sí,No,Sí,No,Sí,No,Sí,Sí,No,60,Toda,NA,Sí,2020
68,Sí,Sí,Sí,Sí,No,No,No,Sí,No,Sí,No,Sí,20,La mitad,NA,Sí,2020
63,Sí,Sí,No,No,No,Sí,Sí,No,NA,NA,NA,NA,60,La mayor parte,NA,Sí,2020
37,No,No,No,No,No,Sí,NA,NA,NA,NA,NA,NA,15,La mayor parte,NA,No,2020
28,No,Sí,No,No,No,Sí,No,Sí,NA,NA,NA,NA,25,La mayor parte,NA,Sí,2020
78,No,No,No,No,No,No,NA,NA,NA,NA,NA,NA,0,NA,Problemas de salud,No,2020
59,Sí,Sí,Sí,Sí,No,Sí,No,Sí,No,Sí,No,Sí,60,La mayor parte,NA,No,2020
64,No,No,No,Sí,No,No,NA,NA,NA,NA,No,Sí,30,La mitad,NA,No recuerda,2020
21,Sí,Sí,No,No,No,Sí,No,Sí,NA,NA,NA,NA,60,La mitad,NA,Sí,2020
23,No,No,No,No,No,No,NA,NA,NA,NA,NA,NA,0,NA,Falta de dinero,No recuerda,2020
30,No,No,No,No,No,Sí,NA,NA,NA,NA,NA,NA,25,Toda,NA,Sí,2020
66,Sí,No,Sí,No,No,No,NA,NA,No,Sí,NA,NA,30,Toda,NA,Sí,2020
44,No,Sí,No,No,No,Sí,No,Sí,NA,NA,NA,NA,20,La mayor parte,NA,Sí,2020
40,No,No,No,No,No,No,NA,NA,NA,NA,NA,NA,0,NA,Falta de tiempo,No,2020
60,Sí,No,No,No,No,No,NA,NA,NA,NA,NA,NA,0,NA,Prefiere otras actividades,No,2020
74,No,No,No,No,No,No,NA,NA,NA,NA,NA,NA,0,NA,Falta de interés/gusto,No,2020
66,Sí,Sí,Sí,No,No,Sí,Sí,No,No,Sí,NA,NA,180,La mayor parte,NA,Sí,2020
44,Sí,No,Sí,No,No,No,NA,NA,No,Sí,NA,NA,15,Toda,NA,Sí,2020
65,Sí,Sí,Sí,Sí,No,No,No,Sí,No,Sí,Sí,No,30,Toda,NA,Sí,2020
46,No,No,No,No,No,No,NA,NA,NA,NA,NA,NA,0,NA,Falta de interés/gusto,No,2020
56,Sí,Sí,Sí,No,No,No,No,Sí,No,Sí,NA,NA,25,Toda,NA,Sí,2020
30,No,No,No,No,No,No,NA,NA,NA,NA,NA,NA,0,NA,Falta de tiempo,Sí,2020
39,Sí,Sí,Sí,Sí,No,Sí,Sí,No,Sí,No,No,Sí,120,La mayor parte,NA,Sí,2020
50,Sí,No,No,Sí,No,No,NA,NA,NA,NA,No,Sí,20,La mayor parte,NA,Sí,2020
31,Sí,Sí,Sí,No,No,Sí,No,Sí,No,Sí,NA,NA,30,Toda,NA,Sí,2020
65,No,No,No,No,No,No,NA,NA,NA,NA,NA,NA,0,NA,Problemas de salud,No,2020
41,Sí,Sí,No,No,No,Sí,No,Sí,NA,NA,NA,NA,40,La mayor parte,NA,Sí,2020
47,Sí,Sí,No,No,No,Sí,No,Sí,NA,NA,NA,NA,30,Toda,NA,No,2020
28,Sí,No,Sí,No,No,No,NA,NA,No,Sí,NA,NA,30,La mayor parte,NA,No,2020
72,No,No,No,No,No,No,NA,NA,NA,NA,NA,NA,0,NA,Problemas de salud,No,2020
74,No,No,No,No,No,No,NA,NA,NA,NA,NA,NA,0,NA,Problemas de salud,No,2020
25,No,No,Sí,No,No,No,NA,NA,No,Sí,NA,NA,25,La mayor parte,NA,No,2020
64,No,No,No,No,No,No,NA,NA,NA,NA,NA,NA,0,NA,Problemas de salud,Sí,2020
71,No,No,No,No,No,No,NA,NA,NA,NA,NA,NA,0,NA,Problemas de salud,No,2020
50,No,No,No,No,No,No,NA,NA,NA,NA,NA,NA,0,NA,Prefiere otras actividades,No,2020
28,Sí,No,Sí,No,No,Sí,NA,NA,Sí,No,NA,NA,60,Toda,NA,Sí,2020
32,Sí,No,No,No,No,Sí,NA,NA,NA,NA,NA,NA,40,La mayor parte,NA,Sí,2020
66,No,No,No,No,No,No,NA,NA,NA,NA,NA,NA,0,NA,Problemas de salud,No,2020
73,Sí,No,Sí,No,No,No,NA,NA,No,Sí,NA,NA,40,La mayor parte,NA,No,2020
80,No,No,No,No,No,No,NA,NA,NA,NA,NA,NA,0,NA,Problemas de salud,No,2020
27,Sí,No,No,No,No,Sí,NA,NA,NA,NA,NA,NA,15,La mayor parte,NA,Sí,2020
32,Sí,Sí,No,No,No,Sí,No,Sí,NA,NA,NA,NA,40,Toda,NA,Sí,2020
66,No,No,No,No,No,No,NA,NA,NA,NA,NA,NA,0,NA,Problemas de salud,No,2020
60,Sí,Sí,Sí,No,No,Sí,Sí,Sí,No,Sí,NA,NA,60,La mayor parte,NA,Sí,2020
46,Sí,Sí,No,No,No,No,No,Sí,NA,NA,NA,NA,40,La mayor parte,NA,Sí,2020
39,Sí,Sí,No,No,No,No,No,Sí,NA,NA,NA,NA,120,Toda,NA,Sí,2020
33,No,No,No,No,No,No,NA,NA,NA,NA,NA,NA,0,NA,Falta de tiempo,No,2020
51,No,No,No,No,No,No,NA,NA,NA,NA,NA,NA,0,NA,Falta de tiempo,No,2020
48,Sí,Sí,No,Sí,No,Sí,No,Sí,NA,NA,No,Sí,20,La mayor parte,NA,No,2020
21,Sí,Sí,Sí,No,No,Sí,Sí,No,Sí,No,NA,NA,60,La mayor parte,NA,No,2020
21,Sí,Sí,No,Sí,No,Sí,Sí,No,NA,NA,Sí,No,40,La mayor parte,NA,Sí,2020
78,No,No,No,No,No,No,NA,NA,NA,NA,NA,NA,0,NA,Falta de interés/gusto,No,2020
32,No,No,No,No,No,No,NA,NA,NA,NA,NA,NA,0,NA,Falta de tiempo,Sí,2020
40,Sí,No,Sí,No,No,Sí,NA,NA,No,Sí,NA,NA,26,Toda,NA,Sí,2020
26,Sí,Sí,No,No,No,No,No,Sí,NA,NA,NA,NA,20,Toda,NA,Sí,2020
71,Sí,Sí,No,Sí,No,No,No,Sí,NA,NA,No,Sí,30,La mayor parte,NA,No,2020
40,No,No,No,Sí,No,No,NA,NA,NA,NA,No,Sí,15,La mitad,NA,No,2020
32,No,Sí,No,No,No,Sí,No,Sí,NA,NA,NA,NA,15,La mayor parte,NA,No,2020
76,No,No,No,No,No,No,NA,NA,NA,NA,NA,NA,0,NA,Problemas de salud,No,2020
73,NA,NA,NA,NA,NA,NA,NA,NA,NA,NA,NA,NA,0,NA,NA,NA,2020
61,Sí,No,No,Sí,No,Sí,NA,NA,NA,NA,No,Sí,60,La mitad,NA,No,2020
27,Sí,Sí,No,Sí,No,Sí,No,Sí,NA,NA,No,Sí,60,Toda,NA,Sí,2020
37,Sí,Sí,No,No,No,Sí,No,Sí,NA,NA,NA,NA,20,La mayor parte,NA,No,2020
35,No,Sí,No,No,No,No,No,Sí,NA,NA,NA,NA,30,La mitad,NA,No,2020
35,No,No,No,No,No,Sí,NA,NA,NA,NA,NA,NA,15,La mitad,NA,No,2020
37,Sí,No,Sí,No,No,Sí,NA,NA,Sí,No,NA,NA,15,La mayor parte,NA,No,2020
25,Sí,Sí,No,No,No,Sí,No,Sí,NA,NA,NA,NA,30,Toda,NA,Sí,2020
47,Sí,No,Sí,Sí,No,Sí,NA,NA,No,Sí,No,Sí,90,La mayor parte,NA,Sí,2020
25,No,No,Sí,No,No,No,NA,NA,Sí,No,NA,NA,30,La mayor parte,NA,Sí,2020
57,Sí,Sí,Sí,Sí,No,Sí,No,Sí,No,Sí,No,Sí,60,Toda,NA,Sí,2020
75,Sí,Sí,No,Sí,No,No,No,Sí,NA,NA,No,Sí,60,La mitad,NA,Sí,2020
25,Sí,Sí,No,No,No,Sí,No,Sí,NA,NA,NA,NA,60,La mayor parte,NA,Sí,2020
20,Sí,No,Sí,Sí,No,Sí,NA,NA,No,Sí,No,Sí,60,La mayor parte,NA,Sí,2020
38,No,No,No,No,No,No,NA,NA,NA,NA,NA,NA,0,NA,Falta de dinero,Sí,2020
27,No,Sí,Sí,No,No,Sí,No,Sí,No,Sí,NA,NA,20,La mayor parte,NA,Sí,2020
63,Sí,Sí,No,No,No,No,No,Sí,NA,NA,NA,NA,30,La mitad,NA,No,2020
28,Sí,No,No,Sí,No,Sí,NA,NA,NA,NA,No,Sí,60,La mayor parte,NA,No,2020
34,Sí,Sí,No,No,No,Sí,No,Sí,NA,NA,NA,NA,30,Toda,NA,Sí,2020
37,Sí,Sí,Sí,No,No,Sí,No,Sí,No,Sí,NA,NA,60,Toda,NA,Sí,2020
45,No,No,No,Sí,No,No,NA,NA,NA,NA,No,Sí,5,Toda,NA,Sí,2020
26,Sí,Sí,No,Sí,No,Sí,No,Sí,NA,NA,No,Sí,60,La mayor parte,NA,Sí,2020
23,Sí,Sí,Sí,No,No,Sí,No,Sí,No,Sí,NA,NA,10,Toda,NA,Sí,2020
39,No,No,Sí,No,No,Sí,NA,NA,Sí,No,NA,NA,10,La mayor parte,NA,Sí,2020
70,Sí,Sí,No,Sí,No,No,No,Sí,NA,NA,No,Sí,60,La mayor parte,NA,No,2020
70,Sí,Sí,Sí,Sí,No,No,No,Sí,No,Sí,No,Sí,20,Toda,NA,No,2020
81,Sí,Sí,Sí,Sí,No,No,No,Sí,No,Sí,No,Sí,60,La mayor parte,NA,Sí,2020
39,No,No,No,Sí,No,Sí,NA,NA,NA,NA,No,Sí,10,La mitad,NA,Sí,2020
44,Sí,Sí,No,No,No,No,No,Sí,NA,NA,NA,NA,20,La mitad,NA,No,2020
64,NA,NA,NA,NA,NA,NA,NA,NA,NA,NA,NA,NA,0,NA,NA,NA,2020
53,Sí,No,No,Sí,No,No,NA,NA,NA,NA,No,Sí,20,La mitad,NA,Sí,2020
24,No,No,Sí,No,No,No,NA,NA,No,Sí,NA,NA,5,La mayor parte,NA,Sí,2020
44,No,No,No,No,No,No,NA,NA,NA,NA,NA,NA,0,NA,Falta de interés/gusto,No,2020
66,Sí,No,Sí,Sí,No,No,NA,NA,No,Sí,No,Sí,30,La mayor parte,NA,No,2020
54,Sí,Sí,Sí,Sí,No,No,No,Sí,No,Sí,No,Sí,60,La mitad,NA,Sí,2020
50,No,No,No,Sí,No,Sí,NA,NA,NA,NA,No,Sí,60,La mayor parte,NA,No,2020
57,No,No,Sí,No,No,No,NA,NA,No,Sí,NA,NA,30,La mayor parte,NA,Sí,2020
40,Sí,Sí,No,No,No,Sí,No,Sí,NA,NA,NA,NA,20,La mayor parte,NA,Sí,2020
43,Sí,Sí,No,Sí,No,Sí,No,Sí,NA,NA,No,Sí,30,La mayor parte,NA,No,2020
33,Sí,Sí,No,No,No,Sí,Sí,No,NA,NA,NA,NA,30,La mayor parte,NA,Sí,2020
25,Sí,No,Sí,No,No,Sí,NA,NA,No,Sí,NA,NA,20,La mayor parte,NA,Sí,2020
44,No,No,No,No,No,No,NA,NA,NA,NA,NA,NA,0,NA,Falta de tiempo,No,2020
84,Sí,Sí,No,No,No,No,No,Sí,NA,NA,NA,NA,180,La mitad,NA,No,2020
52,Sí,Sí,No,Sí,No,No,No,Sí,NA,NA,No,Sí,15,La mayor parte,NA,Sí,2020
19,Sí,Sí,No,Sí,No,Sí,No,Sí,NA,NA,No,Sí,15,La mitad,NA,No,2020
48,Sí,Sí,Sí,Sí,No,No,No,Sí,No,Sí,No,Sí,15,La mayor parte,NA,Sí,2020
18,Sí,Sí,No,Sí,No,No,No,Sí,NA,NA,No,Sí,30,La mitad,NA,No,2020
28,Sí,No,Sí,No,No,Sí,NA,NA,No,Sí,NA,NA,30,La mayor parte,NA,Sí,2020
19,No,Sí,No,No,No,Sí,No,Sí,NA,NA,NA,NA,20,La mayor parte,NA,No,2020
40,Sí,No,Sí,No,No,No,NA,NA,No,Sí,NA,NA,30,La mayor parte,NA,No,2020
58,Sí,No,Sí,No,No,Sí,NA,NA,No,Sí,NA,NA,60,La mayor parte,NA,Sí,2020
21,Sí,Sí,No,No,No,Sí,No,Sí,NA,NA,NA,NA,10,La mayor parte,NA,Sí,2020
64,Sí,Sí,No,No,No,Sí,No,Sí,NA,NA,NA,NA,60,Toda,NA,Sí,2020
60,Sí,Sí,No,No,No,Sí,No,Sí,NA,NA,NA,NA,120,La mayor parte,NA,Sí,2020
22,Sí,No,Sí,No,No,No,NA,NA,No,Sí,NA,NA,10,Toda,NA,Sí,2020
28,Sí,Sí,No,No,No,No,Sí,No,NA,NA,NA,NA,5,Toda,NA,Sí,2020
38,Sí,Sí,Sí,Sí,No,Sí,No,Sí,No,Sí,No,Sí,30,Toda,NA,No,2020
66,Sí,No,No,Sí,No,No,NA,NA,NA,NA,No,Sí,30,La mayor parte,NA,Sí,2020
50,No,No,No,No,No,No,NA,NA,NA,NA,NA,NA,0,NA,Problemas de salud,Sí,2020
37,Sí,No,No,Sí,No,No,NA,NA,NA,NA,No,Sí,10,Poca,NA,Sí,2020
86,Sí,No,No,Sí,No,No,NA,NA,NA,NA,No,Sí,40,La mayor parte,NA,No,2020
45,No,No,No,No,No,Sí,NA,NA,NA,NA,NA,NA,3,Toda,NA,No,2020
68,No,No,No,No,No,No,NA,NA,NA,NA,NA,NA,0,NA,Falta de tiempo,No,2020
41,No,No,No,No,No,Sí,NA,NA,NA,NA,NA,NA,10,Toda,NA,No,2020
34,Sí,No,Sí,No,Sí,Sí,NA,NA,No,Sí,NA,NA,30,Toda,NA,Sí,2020
62,Sí,Sí,Sí,Sí,No,Sí,No,Sí,No,Sí,Sí,Sí,30,La mayor parte,NA,Sí,2020
31,Sí,Sí,Sí,Sí,No,Sí,Sí,No,Sí,No,No,Sí,80,La mayor parte,NA,Sí,2020
43,Sí,Sí,No,No,No,No,No,Sí,NA,NA,NA,NA,20,La mitad,NA,Sí,2020
63,Sí,No,No,Sí,No,No,NA,NA,NA,NA,No,Sí,10,Poca,NA,Sí,2020
29,Sí,Sí,No,No,No,Sí,No,Sí,NA,NA,NA,NA,45,La mayor parte,NA,No,2020
72,NA,NA,NA,NA,NA,NA,NA,NA,NA,NA,NA,NA,0,NA,NA,NA,2020
27,Sí,Sí,Sí,Sí,Sí,Sí,No,Sí,No,Sí,No,Sí,60,Toda,NA,Sí,2020
29,No,No,No,No,No,Sí,NA,NA,NA,NA,NA,NA,20,Toda,NA,Sí,2020
34,Sí,No,Sí,Sí,No,Sí,NA,NA,No,Sí,No,Sí,30,Toda,NA,No,2020
59,No,No,No,No,No,No,NA,NA,NA,NA,NA,NA,0,NA,Falta de tiempo,Sí,2020
27,Sí,No,No,No,No,Sí,NA,NA,NA,NA,NA,NA,15,La mayor parte,NA,No,2020
56,Sí,No,No,Sí,No,No,NA,NA,NA,NA,No,Sí,30,La mayor parte,NA,Sí,2020
47,Sí,No,Sí,Sí,No,Sí,NA,NA,No,Sí,No,Sí,30,Toda,NA,Sí,2020
44,Sí,Sí,Sí,Sí,No,Sí,Sí,No,No,Sí,Sí,No,40,La mayor parte,NA,Sí,2020
54,Sí,No,Sí,Sí,No,Sí,NA,NA,No,Sí,No,Sí,45,Toda,NA,Sí,2020
23,Sí,Sí,Sí,No,No,Sí,Sí,Sí,Sí,No,NA,NA,25,Toda,NA,Sí,2020
44,Sí,Sí,No,No,No,No,No,Sí,NA,NA,NA,NA,120,Toda,NA,Sí,2020
71,No,No,No,No,No,No,NA,NA,NA,NA,NA,NA,0,NA,Problemas de salud,Sí,2020
72,NA,NA,NA,NA,NA,NA,NA,NA,NA,NA,NA,NA,0,NA,NA,NA,2020
27,No,No,No,No,No,No,NA,NA,NA,NA,NA,NA,0,NA,Prefiere otras actividades,Sí,2020
60,No,No,No,No,No,No,NA,NA,NA,NA,NA,NA,0,NA,Problemas de salud,No,2020
28,Sí,Sí,No,Sí,No,Sí,Sí,Sí,NA,NA,No,Sí,90,La mayor parte,NA,No,2020
23,No,No,No,No,No,No,NA,NA,NA,NA,NA,NA,0,NA,Falta de interés/gusto,No,2020
57,No,No,No,No,No,No,NA,NA,NA,NA,NA,NA,0,NA,Falta de interés/gusto,No,2020
33,Sí,Sí,No,No,No,No,No,Sí,NA,NA,NA,NA,30,Toda,NA,No,2020
23,Sí,Sí,Sí,No,No,Sí,No,Sí,Sí,Sí,NA,NA,45,La mayor parte,NA,Sí,2020
19,Sí,Sí,No,No,No,Sí,No,Sí,NA,NA,NA,NA,60,La mayor parte,NA,Sí,2020
22,Sí,Sí,Sí,No,No,Sí,Sí,No,No,Sí,NA,NA,120,La mayor parte,NA,Sí,2020
56,Sí,Sí,No,Sí,No,No,No,Sí,NA,NA,Sí,No,45,Toda,NA,Sí,2020
39,No,No,No,No,No,No,NA,NA,NA,NA,NA,NA,0,NA,Falta de interés/gusto,No,2020
27,Sí,Sí,No,No,No,Sí,Sí,No,NA,NA,NA,NA,120,Toda,NA,Sí,2020
39,Sí,Sí,Sí,No,Sí,No,Sí,No,Sí,No,NA,NA,40,Toda,NA,Sí,2020
30,No,No,No,No,No,Sí,NA,NA,NA,NA,NA,NA,20,La mayor parte,NA,No,2020
81,No,No,No,No,No,No,NA,NA,NA,NA,NA,NA,0,NA,Problemas de salud,Sí,2020
59,No,Sí,No,No,No,No,No,Sí,NA,NA,NA,NA,180,La mayor parte,NA,No,2020
40,Sí,No,No,Sí,No,No,NA,NA,NA,NA,No,Sí,45,La mitad,NA,No,2020
51,Sí,Sí,No,No,No,No,No,Sí,NA,NA,NA,NA,25,La mitad,NA,No,2020
60,No,No,No,No,No,No,NA,NA,NA,NA,NA,NA,0,NA,Problemas de salud,Sí,2020
61,Sí,No,No,Sí,No,No,NA,NA,NA,NA,No,Sí,60,La mayor parte,NA,No,2020
74,NA,NA,NA,NA,NA,NA,NA,NA,NA,NA,NA,NA,0,NA,NA,NA,2020
44,Sí,Sí,Sí,Sí,No,Sí,Sí,No,No,Sí,No,Sí,45,Toda,NA,Sí,2020
82,Sí,No,No,No,No,No,NA,NA,NA,NA,NA,NA,0,NA,Problemas de salud,Sí,2020
19,Sí,Sí,No,No,No,Sí,Sí,No,NA,NA,NA,NA,200,La mayor parte,NA,Sí,2020
77,No,Sí,No,No,No,No,No,Sí,NA,NA,NA,NA,120,Toda,NA,Sí,2020
68,Sí,Sí,No,No,No,No,No,Sí,NA,NA,NA,NA,120,Toda,NA,Sí,2020
75,Sí,Sí,No,Sí,No,No,No,Sí,NA,NA,No,Sí,90,La mayor parte,NA,Sí,2020
69,Sí,Sí,No,Sí,No,No,No,Sí,NA,NA,No,Sí,120,La mayor parte,NA,Sí,2020
50,Sí,Sí,Sí,Sí,No,No,No,Sí,No,Sí,No,Sí,45,Toda,NA,Sí,2020
21,No,No,No,No,No,No,NA,NA,NA,NA,NA,NA,0,NA,Falta de interés/gusto,No,2020
69,Sí,Sí,No,No,No,No,No,Sí,NA,NA,NA,NA,20,La mitad,NA,No,2020
48,Sí,No,Sí,No,No,No,NA,NA,No,Sí,NA,NA,30,Toda,NA,Sí,2020
38,No,No,No,No,No,No,NA,NA,NA,NA,NA,NA,0,NA,Falta de interés/gusto,No,2020
27,No,No,No,No,No,No,NA,NA,NA,NA,NA,NA,0,NA,Falta de interés/gusto,No,2020
63,Sí,Sí,No,No,No,No,No,Sí,NA,NA,NA,NA,120,La mitad,NA,No,2020
33,No,No,No,No,No,No,NA,NA,NA,NA,NA,NA,0,NA,Falta de interés/gusto,Sí,2020
19,Sí,Sí,No,No,No,Sí,Sí,No,NA,NA,NA,NA,180,La mayor parte,NA,Sí,2020
24,No,No,No,No,No,Sí,NA,NA,NA,NA,NA,NA,30,La mayor parte,NA,Sí,2020
61,Sí,Sí,No,Sí,No,No,Sí,No,NA,NA,No,Sí,120,Toda,NA,No,2020
48,Sí,No,No,Sí,No,Sí,NA,NA,NA,NA,No,Sí,45,Toda,NA,Sí,2020
44,Sí,Sí,No,Sí,No,Sí,No,Sí,NA,NA,No,Sí,25,La mayor parte,NA,Sí,2020
48,Sí,Sí,No,Sí,No,Sí,No,Sí,NA,NA,No,Sí,60,Toda,NA,Sí,2020
24,Sí,Sí,No,Sí,No,Sí,No,Sí,NA,NA,No,Sí,25,La mayor parte,NA,Sí,2020
67,Sí,No,No,No,No,No,NA,NA,NA,NA,NA,NA,0,NA,Falta de tiempo,No,2020
72,No,Sí,No,No,No,No,No,Sí,NA,NA,NA,NA,30,La mayor parte,NA,No,2020
79,Sí,No,Sí,Sí,No,No,NA,NA,No,Sí,No,Sí,40,La mayor parte,NA,Sí,2020
26,Sí,Sí,No,Sí,No,Sí,No,Sí,NA,NA,No,Sí,30,Poca,NA,Sí,2020
35,Sí,Sí,No,Sí,No,No,No,Sí,NA,NA,No,Sí,20,La mitad,NA,No,2020
25,Sí,No,No,No,No,No,NA,NA,NA,NA,NA,NA,0,NA,Falta de tiempo,No,2020
24,Sí,Sí,Sí,Sí,No,No,No,Sí,No,Sí,No,Sí,10,La mitad,NA,Sí,2020
35,Sí,Sí,No,No,No,No,No,Sí,NA,NA,NA,NA,30,La mayor parte,NA,No,2020
79,Sí,Sí,No,No,No,No,No,Sí,NA,NA,NA,NA,30,Poca,NA,No,2020
21,Sí,Sí,No,No,No,No,No,Sí,NA,NA,NA,NA,20,La mitad,NA,No,2020
27,No,No,No,No,No,No,NA,NA,NA,NA,NA,NA,0,NA,Otro,No,2020
59,Sí,Sí,Sí,No,No,Sí,No,Sí,No,Sí,NA,NA,20,La mayor parte,NA,Sí,2020
59,No,No,No,No,No,Sí,NA,NA,NA,NA,NA,NA,60,La mayor parte,NA,No,2020
60,Sí,Sí,No,No,No,Sí,No,Sí,NA,NA,NA,NA,120,Toda,NA,Sí,2020
60,Sí,Sí,Sí,Sí,Sí,Sí,No,Sí,No,Sí,Sí,No,30,La mayor parte,NA,Sí,2020
59,Sí,Sí,No,No,No,No,No,Sí,NA,NA,NA,NA,20,La mayor parte,NA,No recuerda,2020
48,Sí,Sí,No,Sí,No,Sí,Sí,No,NA,NA,Sí,No,10,La mayor parte,NA,No,2020
29,Sí,No,No,No,No,No,NA,NA,NA,NA,NA,NA,0,NA,Falta de tiempo,No,2020
48,No,No,No,No,No,No,NA,NA,NA,NA,NA,NA,0,NA,Falta de tiempo,No,2020
38,No,Sí,No,No,No,No,No,Sí,NA,NA,NA,NA,10,La mitad,NA,No,2020
25,Sí,Sí,No,No,No,No,No,Sí,NA,NA,NA,NA,30,La mayor parte,NA,Sí,2020
32,Sí,No,Sí,No,No,No,NA,NA,No,Sí,NA,NA,10,Toda,NA,Sí,2020
38,Sí,No,No,Sí,No,No,NA,NA,NA,NA,No,Sí,15,La mayor parte,NA,No,2020
26,Sí,Sí,Sí,Sí,Sí,Sí,No,Sí,No,Sí,No,Sí,15,La mayor parte,NA,Sí,2020
30,Sí,No,Sí,No,No,No,NA,NA,No,Sí,NA,NA,30,Poca,NA,Sí,2020
65,Sí,Sí,Sí,Sí,No,No,No,Sí,No,Sí,No,Sí,20,La mitad,NA,No,2020
42,No,Sí,No,No,No,No,No,Sí,NA,NA,NA,NA,20,Poca,NA,Sí,2020
34,No,No,No,No,No,Sí,NA,NA,NA,NA,NA,NA,120,Toda,NA,Sí,2020
43,Sí,Sí,No,No,No,Sí,No,Sí,NA,NA,NA,NA,20,La mayor parte,NA,Sí,2020
42,Sí,Sí,No,Sí,No,Sí,No,Sí,NA,NA,Sí,No,40,La mayor parte,NA,Sí,2020
31,No,No,No,No,No,Sí,NA,NA,NA,NA,NA,NA,30,La mitad,NA,Sí,2020
35,Sí,Sí,Sí,No,No,Sí,No,Sí,No,Sí,NA,NA,60,Toda,NA,Sí,2020
26,No,No,No,No,No,Sí,NA,NA,NA,NA,NA,NA,60,La mayor parte,NA,Sí,2020
29,No,No,Sí,No,No,No,NA,NA,No,Sí,NA,NA,30,Poca,NA,No,2020
50,No,No,No,No,No,No,NA,NA,NA,NA,NA,NA,0,NA,Falta de interés/gusto,No,2020
25,Sí,Sí,No,No,No,Sí,No,Sí,NA,NA,NA,NA,120,Toda,NA,No,2020
20,Sí,Sí,No,No,No,Sí,No,Sí,NA,NA,NA,NA,60,La mayor parte,NA,Sí,2020
60,No,No,Sí,No,No,No,NA,NA,No,Sí,NA,NA,5,Poca,NA,No,2020
75,Sí,Sí,No,No,No,No,No,Sí,NA,NA,NA,NA,120,La mayor parte,NA,No,2020
35,No,No,No,No,No,No,NA,NA,NA,NA,NA,NA,0,NA,Falta de tiempo,Sí,2020
18,Sí,No,Sí,No,Sí,No,NA,NA,Sí,No,NA,NA,30,Toda,NA,Sí,2020
62,Sí,No,No,Sí,No,No,NA,NA,NA,NA,No,Sí,30,La mitad,NA,No,2020
32,Sí,Sí,No,No,No,No,No,Sí,NA,NA,NA,NA,30,Toda,NA,Sí,2020
33,No,No,No,No,No,No,NA,NA,NA,NA,NA,NA,0,NA,Falta de tiempo,Sí,2020
56,Sí,No,No,Sí,No,No,NA,NA,NA,NA,No,Sí,20,La mitad,NA,No,2020
66,No,No,No,No,No,No,NA,NA,NA,NA,NA,NA,0,NA,Falta de interés/gusto,Sí,2020
34,Sí,Sí,Sí,Sí,No,Sí,No,Sí,No,Sí,No,Sí,60,La mayor parte,NA,Sí,2020
59,Sí,Sí,No,No,No,No,No,Sí,NA,NA,NA,NA,60,La mayor parte,NA,Sí,2020
27,Sí,Sí,No,No,No,No,No,Sí,NA,NA,NA,NA,90,La mayor parte,NA,Sí,2020
47,Sí,Sí,Sí,No,No,No,No,Sí,No,Sí,NA,NA,60,La mayor parte,NA,Sí,2020
25,Sí,No,Sí,Sí,No,No,NA,NA,No,Sí,No,Sí,30,Toda,NA,Sí,2020
77,Sí,Sí,No,No,No,No,No,Sí,NA,NA,NA,NA,180,Toda,NA,Sí,2020
31,Sí,Sí,Sí,Sí,No,No,Sí,No,Sí,No,Sí,No,120,La mayor parte,NA,Sí,2020
70,Sí,Sí,Sí,Sí,No,No,No,Sí,No,Sí,No,Sí,20,Poca,NA,No,2020
57,Sí,Sí,No,No,No,No,No,Sí,NA,NA,NA,NA,20,La mitad,NA,No,2020
39,No,No,No,Sí,No,No,NA,NA,NA,NA,No,Sí,30,La mayor parte,NA,Sí,2020
63,Sí,No,Sí,Sí,No,No,NA,NA,No,Sí,No,Sí,120,La mayor parte,NA,No,2020
68,Sí,No,Sí,No,No,No,NA,NA,No,Sí,NA,NA,30,La mitad,NA,No,2020
59,No,No,No,No,No,No,NA,NA,NA,NA,NA,NA,0,NA,Falta de tiempo,No,2020
51,Sí,Sí,No,No,No,No,No,Sí,NA,NA,NA,NA,30,La mitad,NA,No,2020
41,Sí,Sí,No,No,No,No,No,Sí,NA,NA,NA,NA,15,La mitad,NA,No,2020
51,Sí,Sí,No,No,No,No,No,Sí,NA,NA,NA,NA,15,La mayor parte,NA,Sí,2020
28,No,No,No,No,No,No,NA,NA,NA,NA,NA,NA,0,NA,Falta de interés/gusto,Sí,2020
21,No,No,No,No,No,No,NA,NA,NA,NA,NA,NA,0,NA,Falta de interés/gusto,Sí,2020
30,Sí,Sí,Sí,No,No,No,No,Sí,No,Sí,NA,NA,40,La mayor parte,NA,Sí,2020
24,Sí,No,No,No,Sí,Sí,NA,NA,NA,NA,NA,NA,50,La mayor parte,NA,Sí,2020
50,No,No,No,No,No,No,NA,NA,NA,NA,NA,NA,0,NA,Falta de tiempo,No,2020
25,No,No,Sí,No,No,No,NA,NA,Sí,No,NA,NA,15,Toda,NA,Sí,2020
28,No,Sí,No,No,No,No,No,Sí,NA,NA,NA,NA,30,La mitad,NA,No,2020
44,No,No,No,No,No,No,NA,NA,NA,NA,NA,NA,0,NA,Falta de dinero,No,2020
41,Sí,Sí,No,No,No,No,No,Sí,NA,NA,NA,NA,10,Toda,NA,No,2020
25,Sí,No,Sí,No,No,No,NA,NA,No,Sí,NA,NA,30,La mayor parte,NA,Sí,2020
64,NA,NA,NA,NA,NA,NA,NA,NA,NA,NA,NA,NA,0,NA,NA,NA,2020
65,No,No,No,No,No,No,NA,NA,NA,NA,NA,NA,0,NA,Problemas de salud,No,2020
25,No,No,No,No,No,No,NA,NA,NA,NA,NA,NA,0,NA,Falta de tiempo,Sí,2020
30,Sí,Sí,Sí,No,Sí,No,No,Sí,No,Sí,NA,NA,25,La mayor parte,NA,Sí,2020
47,Sí,No,No,No,No,No,NA,NA,NA,NA,NA,NA,0,NA,Falta de tiempo,No recuerda,2020
20,No,No,No,No,No,No,NA,NA,NA,NA,NA,NA,0,NA,Falta de tiempo,No,2020
58,No,No,No,No,No,No,NA,NA,NA,NA,NA,NA,0,NA,Falta de interés/gusto,No recuerda,2020
30,Sí,Sí,Sí,No,No,Sí,Sí,No,No,Sí,NA,NA,90,Toda,NA,Sí,2020
33,Sí,No,Sí,Sí,No,Sí,NA,NA,No,Sí,No,Sí,25,La mayor parte,NA,Sí,2020
68,No,No,No,No,No,No,NA,NA,NA,NA,NA,NA,0,NA,Falta de interés/gusto,No,2020
57,No,No,No,No,No,No,NA,NA,NA,NA,NA,NA,0,NA,Falta de interés/gusto,No,2020
61,No,No,No,No,No,Sí,NA,NA,NA,NA,NA,NA,3,La mayor parte,NA,Sí,2020
49,No,No,No,No,No,No,NA,NA,NA,NA,NA,NA,0,NA,Falta de tiempo,No,2020
44,Sí,Sí,Sí,No,No,Sí,No,Sí,No,Sí,NA,NA,30,La mayor parte,NA,Sí,2020
46,No,No,No,No,No,Sí,NA,NA,NA,NA,NA,NA,15,La mitad,NA,No,2020
31,Sí,Sí,Sí,Sí,No,No,No,Sí,No,Sí,No,Sí,30,La mayor parte,NA,Sí,2020
43,Sí,Sí,No,Sí,No,No,No,Sí,NA,NA,No,Sí,25,La mayor parte,NA,Sí,2020
50,No,No,No,Sí,No,No,NA,NA,NA,NA,No,Sí,20,La mitad,NA,Sí,2020
64,No,No,No,Sí,No,No,NA,NA,NA,NA,No,Sí,20,La mitad,NA,Sí,2020
86,No,No,No,No,No,No,NA,NA,NA,NA,NA,NA,0,NA,Problemas de salud,Sí,2020
69,No,No,No,No,No,No,NA,NA,NA,NA,NA,NA,0,NA,Falta de tiempo,No,2020
45,No,No,No,Sí,No,No,NA,NA,NA,NA,No,Sí,20,La mayor parte,NA,No,2020
35,NA,NA,NA,NA,NA,NA,NA,NA,NA,NA,NA,NA,0,NA,NA,NA,2020
36,No,No,No,No,No,No,NA,NA,NA,NA,NA,NA,0,NA,Falta de interés/gusto,Sí,2020
30,No,No,Sí,Sí,No,No,NA,NA,No,Sí,No,Sí,20,La mayor parte,NA,Sí,2020
33,No,No,No,No,No,No,NA,NA,NA,NA,NA,NA,0,NA,Falta de tiempo,Sí,2020
55,No,No,Sí,No,No,Sí,NA,NA,No,Sí,NA,NA,30,La mayor parte,NA,Sí,2020
58,No,No,Sí,No,No,Sí,NA,NA,No,Sí,NA,NA,20,La mayor parte,NA,No,2020
46,No,No,Sí,Sí,No,Sí,NA,NA,No,Sí,No,Sí,20,La mitad,NA,Sí,2020
30,Sí,No,Sí,Sí,No,Sí,NA,NA,No,Sí,No,Sí,30,La mayor parte,NA,Sí,2020
30,Sí,Sí,No,Sí,No,Sí,No,Sí,NA,NA,No,Sí,45,La mayor parte,NA,Sí,2020
62,No,No,No,No,No,No,NA,NA,NA,NA,NA,NA,0,NA,Falta de tiempo,No recuerda,2020
54,No,No,No,Sí,No,No,NA,NA,NA,NA,No,Sí,25,La mayor parte,NA,Sí,2020
38,Sí,No,No,Sí,No,No,NA,NA,NA,NA,No,Sí,25,La mayor parte,NA,Sí,2020
64,No,No,No,No,No,No,NA,NA,NA,NA,NA,NA,0,NA,Prefiere otras actividades,Sí,2020
39,Sí,Sí,Sí,Sí,No,No,No,Sí,No,Sí,No,Sí,20,La mayor parte,NA,Sí,2020
19,Sí,Sí,Sí,Sí,No,Sí,No,Sí,No,Sí,No,Sí,60,La mayor parte,NA,Sí,2020
50,Sí,Sí,No,Sí,No,No,No,Sí,NA,NA,No,Sí,35,La mayor parte,NA,Sí,2020
29,No,No,No,No,No,No,NA,NA,NA,NA,NA,NA,0,NA,Falta de tiempo,Sí,2020
41,No,No,No,No,No,No,NA,NA,NA,NA,NA,NA,0,NA,Falta de tiempo,No recuerda,2020
54,Sí,Sí,Sí,Sí,No,No,No,Sí,No,Sí,No,Sí,120,La mayor parte,NA,Sí,2020
45,No,No,No,Sí,No,No,NA,NA,NA,NA,No,Sí,25,La mayor parte,NA,Sí,2020
36,No,No,No,No,No,No,NA,NA,NA,NA,NA,NA,0,NA,Prefiere otras actividades,Sí,2020
45,No,No,No,Sí,No,No,NA,NA,NA,NA,No,Sí,10,La mayor parte,NA,Sí,2020
76,No,No,No,No,No,No,NA,NA,NA,NA,NA,NA,0,NA,Problemas de salud,Sí,2020
59,No,No,No,No,No,No,NA,NA,NA,NA,NA,NA,0,NA,Falta de tiempo,No recuerda,2020
42,No,No,No,No,No,No,NA,NA,NA,NA,NA,NA,0,NA,Falta de tiempo,No,2020
22,Sí,Sí,Sí,No,No,Sí,Sí,No,No,Sí,NA,NA,120,La mayor parte,NA,No,2020
76,No,No,No,No,No,No,NA,NA,NA,NA,NA,NA,0,NA,Problemas de salud,No recuerda,2020
75,No,No,No,No,No,No,NA,NA,NA,NA,NA,NA,0,NA,Falta de interés/gusto,No,2020
29,Sí,Sí,Sí,Sí,No,Sí,No,Sí,No,Sí,No,Sí,60,Toda,NA,Sí,2020
47,Sí,No,Sí,Sí,No,Sí,NA,NA,No,Sí,No,Sí,35,Toda,NA,Sí,2020
46,Sí,Sí,Sí,No,No,No,No,Sí,No,Sí,NA,NA,30,La mayor parte,NA,Sí,2020
61,No,No,No,No,No,No,NA,NA,NA,NA,NA,NA,0,NA,Prefiere otras actividades,Sí,2020
44,Sí,Sí,Sí,Sí,No,No,No,Sí,No,Sí,No,Sí,35,La mayor parte,NA,Sí,2020
42,Sí,No,No,Sí,No,No,NA,NA,NA,NA,No,Sí,15,La mayor parte,NA,Sí,2020
78,No,No,No,No,No,No,NA,NA,NA,NA,NA,NA,0,NA,Problemas de salud,Sí,2020
41,Sí,Sí,Sí,No,No,No,No,Sí,No,Sí,NA,NA,30,La mayor parte,NA,Sí,2020
39,No,No,No,Sí,No,No,NA,NA,NA,NA,No,Sí,20,La mayor parte,NA,Sí,2020
22,Sí,Sí,Sí,No,No,No,No,Sí,No,Sí,NA,NA,35,La mayor parte,NA,Sí,2020
28,Sí,Sí,No,No,No,Sí,No,Sí,NA,NA,NA,NA,60,La mayor parte,NA,Sí,2020
51,No,No,No,No,No,No,NA,NA,NA,NA,NA,NA,0,NA,Falta de tiempo,No,2020
47,Sí,Sí,No,Sí,No,Sí,No,Sí,NA,NA,No,Sí,60,La mayor parte,NA,Sí,2020
61,Sí,Sí,No,Sí,No,Sí,No,Sí,NA,NA,Sí,No,60,La mayor parte,NA,Sí,2020
55,Sí,Sí,No,Sí,No,No,No,Sí,NA,NA,No,Sí,60,Toda,NA,Sí,2020
71,Sí,No,Sí,No,No,No,NA,NA,No,Sí,NA,NA,20,La mitad,NA,No,2020
74,Sí,Sí,Sí,Sí,No,No,No,Sí,No,Sí,No,Sí,60,Toda,NA,Sí,2020
47,Sí,Sí,Sí,Sí,No,Sí,No,Sí,No,Sí,No,Sí,90,Toda,NA,Sí,2020
19,Sí,Sí,Sí,No,No,Sí,Sí,No,No,Sí,NA,NA,90,Toda,NA,Sí,2020
29,Sí,No,Sí,No,No,Sí,NA,NA,No,Sí,NA,NA,20,Toda,NA,Sí,2020
22,Sí,No,Sí,No,No,Sí,NA,NA,No,Sí,NA,NA,20,La mayor parte,NA,Sí,2020
55,No,No,No,No,No,No,NA,NA,NA,NA,NA,NA,0,NA,Falta de tiempo,No,2020
87,No,No,No,No,No,No,NA,NA,NA,NA,NA,NA,0,NA,Problemas de salud,No,2020
77,No,No,Sí,Sí,No,No,NA,NA,No,Sí,No,Sí,40,La mayor parte,NA,No,2020
50,No,No,No,No,No,Sí,NA,NA,NA,NA,NA,NA,30,La mayor parte,NA,No,2020
36,No,No,No,No,No,No,NA,NA,NA,NA,NA,NA,0,NA,Falta de tiempo,Sí,2020
67,Sí,No,No,Sí,No,No,NA,NA,NA,NA,No,Sí,30,La mitad,NA,No,2020
25,Sí,Sí,No,No,No,No,No,Sí,NA,NA,NA,NA,35,La mayor parte,NA,Sí,2020
52,No,No,No,No,No,No,NA,NA,NA,NA,NA,NA,0,NA,Falta de tiempo,Sí,2020
66,No,No,No,No,No,No,NA,NA,NA,NA,NA,NA,0,NA,Falta de interés/gusto,No,2020
33,No,No,No,No,No,No,NA,NA,NA,NA,NA,NA,0,NA,Prefiere otras actividades,No recuerda,2020
27,Sí,Sí,Sí,No,No,Sí,No,Sí,No,Sí,NA,NA,40,La mayor parte,NA,Sí,2020
25,Sí,No,Sí,No,No,Sí,NA,NA,No,Sí,NA,NA,35,La mayor parte,NA,Sí,2020
70,No,No,Sí,Sí,No,No,NA,NA,No,Sí,No,Sí,20,La mitad,NA,No,2020
70,No,No,Sí,No,No,No,NA,NA,No,Sí,NA,NA,20,La mitad,NA,No,2020
73,No,No,No,Sí,No,No,NA,NA,NA,NA,No,Sí,20,La mitad,NA,No,2020
30,Sí,No,No,No,No,No,NA,NA,NA,NA,NA,NA,0,NA,Falta de tiempo,No,2020
21,No,No,No,Sí,No,No,NA,NA,NA,NA,No,Sí,10,La mayor parte,NA,Sí,2020
28,Sí,Sí,No,Sí,No,No,No,Sí,NA,NA,No,Sí,30,La mayor parte,NA,Sí,2020
51,No,No,No,No,No,No,NA,NA,NA,NA,NA,NA,0,NA,Falta de tiempo,Sí,2020
38,No,No,No,Sí,No,No,NA,NA,NA,NA,No,Sí,15,La mayor parte,NA,Sí,2020
45,No,No,No,No,No,No,NA,NA,NA,NA,NA,NA,0,NA,Falta de tiempo,Sí,2020
37,Sí,Sí,No,Sí,No,Sí,No,Sí,NA,NA,No,Sí,60,La mayor parte,NA,Sí,2020
46,Sí,Sí,No,Sí,No,Sí,No,Sí,NA,NA,No,Sí,20,Toda,NA,Sí,2020
39,Sí,No,No,No,No,No,NA,NA,NA,NA,NA,NA,0,NA,Falta de tiempo,No,2020
61,No,No,No,No,No,No,NA,NA,NA,NA,NA,NA,0,NA,Falta de tiempo,No,2020
41,No,No,No,No,No,No,NA,NA,NA,NA,NA,NA,0,NA,Falta de tiempo,No,2020
47,No,No,No,No,No,No,NA,NA,NA,NA,NA,NA,0,NA,Falta de tiempo,No,2020
57,No,No,No,No,No,No,NA,NA,NA,NA,NA,NA,0,NA,Falta de interés/gusto,No,2020
40,No,No,No,No,No,No,NA,NA,NA,NA,NA,NA,0,NA,Falta de tiempo,No,2020
66,No,No,No,No,No,No,NA,NA,NA,NA,NA,NA,0,NA,Falta de interés/gusto,No,2020
55,No,No,No,No,No,No,NA,NA,NA,NA,NA,NA,0,NA,Falta de tiempo,No,2020
22,Sí,Sí,Sí,No,No,Sí,Sí,No,No,Sí,NA,NA,60,Toda,NA,No,2020
29,Sí,No,No,Sí,No,No,NA,NA,NA,NA,Sí,No,30,La mayor parte,NA,Sí,2020
48,No,No,No,No,No,No,NA,NA,NA,NA,NA,NA,0,NA,Falta de tiempo,No,2020
36,No,No,Sí,No,No,Sí,NA,NA,No,Sí,NA,NA,20,La mitad,NA,No,2020
71,No,No,Sí,Sí,No,No,NA,NA,No,Sí,No,Sí,20,La mitad,NA,No,2020
65,No,No,No,No,No,No,NA,NA,NA,NA,NA,NA,0,NA,Prefiere otras actividades,No,2020
64,No,No,No,No,No,No,NA,NA,NA,NA,NA,NA,0,NA,Falta de tiempo,No,2020
41,No,No,No,No,No,No,NA,NA,NA,NA,NA,NA,0,NA,Falta de tiempo,No,2020
60,Sí,No,Sí,No,No,No,NA,NA,No,Sí,NA,NA,20,La mayor parte,NA,No,2020
89,No,No,No,No,No,No,NA,NA,NA,NA,NA,NA,0,NA,Problemas de salud,Sí,2020
36,No,No,No,No,No,No,NA,NA,NA,NA,NA,NA,0,NA,Falta de tiempo,Sí,2020
59,No,No,No,No,No,No,NA,NA,NA,NA,NA,NA,0,NA,Falta de tiempo,No recuerda,2020
19,No,No,No,No,No,No,NA,NA,NA,NA,NA,NA,0,NA,Prefiere otras actividades,Sí,2020
61,No,No,No,No,No,No,NA,NA,NA,NA,NA,NA,0,NA,Prefiere otras actividades,No,2020
56,No,No,Sí,Sí,No,Sí,NA,NA,No,Sí,No,Sí,20,La mitad,NA,No,2020
49,No,No,No,No,No,No,NA,NA,NA,NA,NA,NA,0,NA,Falta de tiempo,No,2020
64,No,No,No,No,No,No,NA,NA,NA,NA,NA,NA,0,NA,Prefiere otras actividades,Sí,2020
45,No,No,No,Sí,No,No,NA,NA,NA,NA,No,Sí,10,La mayor parte,NA,Sí,2020
56,No,No,No,No,No,No,NA,NA,NA,NA,NA,NA,0,NA,Falta de tiempo,Sí,2020
68,No,No,No,Sí,No,No,NA,NA,NA,NA,No,Sí,15,La mitad,NA,Sí,2020
52,Sí,Sí,Sí,Sí,No,Sí,Sí,No,No,Sí,Sí,No,60,La mayor parte,NA,Sí,2020
81,No,No,No,No,No,No,NA,NA,NA,NA,NA,NA,0,NA,Problemas de salud,No,2020
24,Sí,Sí,Sí,No,No,Sí,No,Sí,No,Sí,NA,NA,40,La mayor parte,NA,Sí,2020
45,Sí,No,Sí,No,No,No,NA,NA,No,Sí,NA,NA,20,La mayor parte,NA,No,2020
58,Sí,Sí,Sí,Sí,No,No,No,Sí,No,Sí,No,Sí,90,Toda,NA,Sí,2020
40,Sí,No,Sí,Sí,No,Sí,NA,NA,No,Sí,No,Sí,35,La mayor parte,NA,Sí,2020
50,No,No,No,No,No,No,NA,NA,NA,NA,NA,NA,0,NA,Falta de tiempo,No,2020
50,Sí,No,No,No,No,No,NA,NA,NA,NA,NA,NA,0,NA,Falta de tiempo,Sí,2020
20,Sí,Sí,No,No,No,No,No,Sí,NA,NA,NA,NA,40,La mayor parte,NA,Sí,2020
73,No,No,No,No,No,No,NA,NA,NA,NA,NA,NA,0,NA,Falta de interés/gusto,No recuerda,2020
22,Sí,Sí,Sí,Sí,No,Sí,No,Sí,No,Sí,No,Sí,60,La mayor parte,NA,Sí,2020
53,Sí,No,No,No,No,No,NA,NA,NA,NA,NA,NA,0,NA,Falta de tiempo,No,2020
72,Sí,No,No,No,No,No,NA,NA,NA,NA,NA,NA,0,NA,Problemas de salud,No recuerda,2020
40,Sí,Sí,No,Sí,No,Sí,No,Sí,NA,NA,No,Sí,60,Toda,NA,No,2020
50,Sí,No,No,No,No,No,NA,NA,NA,NA,NA,NA,0,NA,Falta de tiempo,No,2020
40,Sí,No,Sí,Sí,No,Sí,NA,NA,No,Sí,No,Sí,40,La mayor parte,NA,Sí,2020
83,No,No,No,No,No,No,NA,NA,NA,NA,NA,NA,0,NA,Problemas de salud,No recuerda,2020
47,Sí,No,No,Sí,No,No,NA,NA,NA,NA,No,Sí,35,La mayor parte,NA,Sí,2020
28,No,No,No,No,No,No,NA,NA,NA,NA,NA,NA,0,NA,Falta de tiempo,Sí,2020
46,No,No,No,No,No,No,NA,NA,NA,NA,NA,NA,0,NA,Falta de interés/gusto,Sí,2020
53,No,No,No,No,No,No,NA,NA,NA,NA,NA,NA,0,NA,Falta de tiempo,Sí,2020
46,Sí,No,No,No,No,No,NA,NA,NA,NA,NA,NA,0,NA,Falta de tiempo,Sí,2020
47,No,No,No,No,No,No,NA,NA,NA,NA,NA,NA,0,NA,Falta de tiempo,Sí,2020
63,No,No,No,No,No,No,NA,NA,NA,NA,NA,NA,0,NA,Falta de tiempo,Sí,2020
25,Sí,No,Sí,Sí,No,Sí,NA,NA,No,Sí,No,Sí,20,La mayor parte,NA,Sí,2020
45,Sí,No,No,Sí,No,No,NA,NA,NA,NA,No,Sí,30,La mayor parte,NA,No,2020
22,Sí,No,Sí,No,No,Sí,NA,NA,No,Sí,NA,NA,30,Toda,NA,Sí,2020
58,No,No,No,No,No,No,NA,NA,NA,NA,NA,NA,0,NA,Prefiere otras actividades,Sí,2020
40,No,No,No,No,No,No,NA,NA,NA,NA,NA,NA,0,NA,Falta de tiempo,Sí,2020
24,Sí,Sí,Sí,Sí,No,No,No,Sí,No,Sí,No,Sí,60,La mayor parte,NA,Sí,2020
20,No,No,Sí,Sí,No,Sí,NA,NA,No,Sí,No,Sí,40,La mayor parte,NA,Sí,2020
49,No,No,Sí,No,No,No,NA,NA,No,Sí,NA,NA,20,La mayor parte,NA,Sí,2020
74,No,No,Sí,No,No,No,NA,NA,No,Sí,NA,NA,30,La mitad,NA,Sí,2020
24,Sí,Sí,No,Sí,No,No,No,Sí,NA,NA,No,Sí,30,La mayor parte,NA,Sí,2020
55,No,No,No,Sí,No,No,NA,NA,NA,NA,No,Sí,15,La mayor parte,NA,Sí,2020
42,Sí,Sí,No,Sí,No,Sí,No,Sí,NA,NA,No,Sí,30,Toda,NA,Sí,2020
42,Sí,No,No,Sí,No,No,NA,NA,NA,NA,No,Sí,20,Toda,NA,No recuerda,2020
26,No,No,No,No,No,No,NA,NA,NA,NA,NA,NA,0,NA,Falta de tiempo,Sí,2020
72,No,No,No,No,No,No,NA,NA,NA,NA,NA,NA,0,NA,Problemas de salud,No recuerda,2020
46,Sí,Sí,Sí,Sí,No,Sí,No,Sí,No,Sí,No,Sí,60,La mayor parte,NA,Sí,2020
50,Sí,Sí,No,No,No,Sí,No,Sí,NA,NA,NA,NA,120,La mayor parte,NA,Sí,2020
45,Sí,Sí,Sí,Sí,No,Sí,No,Sí,No,Sí,No,Sí,30,La mayor parte,NA,Sí,2020
23,No,No,Sí,Sí,No,Sí,NA,NA,No,Sí,No,Sí,30,La mitad,NA,Sí,2020
63,No,No,No,No,No,No,NA,NA,NA,NA,NA,NA,0,NA,Falta de interés/gusto,Sí,2020
57,No,No,No,No,No,No,NA,NA,NA,NA,NA,NA,0,NA,Falta de tiempo,Sí,2020
36,Sí,Sí,Sí,No,No,No,No,Sí,No,Sí,NA,NA,40,La mayor parte,NA,Sí,2020
64,No,No,No,No,No,No,NA,NA,NA,NA,NA,NA,0,NA,Prefiere otras actividades,Sí,2020
68,No,No,Sí,Sí,No,Sí,NA,NA,No,Sí,No,Sí,30,La mayor parte,NA,Sí,2020
49,Sí,Sí,Sí,No,No,Sí,Sí,No,No,Sí,NA,NA,40,La mayor parte,NA,Sí,2020
42,Sí,No,Sí,No,No,Sí,NA,NA,No,Sí,NA,NA,30,La mayor parte,NA,Sí,2020
58,Sí,Sí,Sí,Sí,No,Sí,No,Sí,No,Sí,No,Sí,40,La mayor parte,NA,Sí,2020
46,Sí,No,No,Sí,No,No,NA,NA,NA,NA,No,Sí,20,La mayor parte,NA,Sí,2020
75,Sí,No,Sí,Sí,No,No,NA,NA,No,Sí,No,Sí,30,La mayor parte,NA,Sí,2020
59,Sí,No,Sí,Sí,No,No,NA,NA,No,Sí,No,Sí,30,La mayor parte,NA,Sí,2020
38,Sí,No,Sí,Sí,No,No,NA,NA,No,Sí,No,Sí,25,La mayor parte,NA,No,2020
19,Sí,Sí,No,No,No,Sí,No,Sí,NA,NA,NA,NA,30,La mayor parte,NA,Sí,2020
19,No,No,No,No,No,No,NA,NA,NA,NA,NA,NA,0,NA,Prefiere otras actividades,Sí,2020
44,No,No,No,No,No,No,NA,NA,NA,NA,NA,NA,0,NA,Prefiere otras actividades,No recuerda,2020
30,No,No,No,No,No,No,NA,NA,NA,NA,NA,NA,0,NA,Falta de tiempo,Sí,2020
24,Sí,Sí,Sí,No,No,No,No,Sí,No,Sí,NA,NA,45,La mayor parte,NA,Sí,2020
52,No,No,No,No,No,No,NA,NA,NA,NA,NA,NA,0,NA,Falta de tiempo,Sí,2020
20,Sí,Sí,No,Sí,No,Sí,No,Sí,NA,NA,No,Sí,60,La mayor parte,NA,Sí,2020
64,No,No,No,No,No,No,NA,NA,NA,NA,NA,NA,0,NA,Problemas de salud,No recuerda,2020
50,No,No,No,No,No,No,NA,NA,NA,NA,NA,NA,0,NA,Falta de tiempo,Sí,2020
64,No,No,No,No,No,No,NA,NA,NA,NA,NA,NA,0,NA,Falta de interés/gusto,No recuerda,2020
55,Sí,Sí,No,No,No,No,No,Sí,NA,NA,NA,NA,30,La mayor parte,NA,No,2020
18,No,No,No,No,No,No,NA,NA,NA,NA,NA,NA,0,NA,Prefiere otras actividades,Sí,2020
60,Sí,Sí,Sí,Sí,No,No,No,Sí,No,Sí,No,Sí,60,La mayor parte,NA,Sí,2020
76,No,No,No,No,No,No,NA,NA,NA,NA,NA,NA,0,NA,Prefiere otras actividades,Sí,2020
68,No,No,No,No,No,No,NA,NA,NA,NA,NA,NA,0,NA,Falta de tiempo,Sí,2020
53,No,No,No,No,No,No,NA,NA,NA,NA,NA,NA,0,NA,Falta de tiempo,Sí,2020
55,No,No,No,Sí,No,No,NA,NA,NA,NA,No,Sí,15,La mayor parte,NA,Sí,2020
48,No,No,No,Sí,No,No,NA,NA,NA,NA,No,Sí,10,La mayor parte,NA,Sí,2020
69,No,No,No,No,No,No,NA,NA,NA,NA,NA,NA,0,NA,Prefiere otras actividades,Sí,2020
74,Sí,Sí,No,Sí,No,No,No,Sí,NA,NA,No,Sí,60,Toda,NA,No recuerda,2020
38,Sí,Sí,No,Sí,No,Sí,Sí,No,NA,NA,No,Sí,60,Toda,NA,Sí,2020
50,Sí,No,No,No,No,No,NA,NA,NA,NA,NA,NA,0,NA,Falta de tiempo,Sí,2020
48,Sí,Sí,No,Sí,No,Sí,No,Sí,NA,NA,No,Sí,60,Toda,NA,No recuerda,2020
76,Sí,Sí,Sí,No,No,Sí,No,Sí,No,Sí,NA,NA,30,La mayor parte,NA,Sí,2020
67,Sí,Sí,Sí,No,No,Sí,No,Sí,No,Sí,NA,NA,120,La mayor parte,NA,Sí,2020
43,Sí,Sí,Sí,Sí,No,Sí,Sí,No,No,Sí,No,Sí,60,La mayor parte,NA,Sí,2020
38,No,No,No,No,No,No,NA,NA,NA,NA,NA,NA,0,NA,Falta de tiempo,No,2020
51,No,No,No,Sí,No,No,NA,NA,NA,NA,No,Sí,30,La mayor parte,NA,No,2020
74,No,No,No,Sí,No,No,NA,NA,NA,NA,No,Sí,20,Toda,NA,No recuerda,2020
38,No,No,No,No,No,No,NA,NA,NA,NA,NA,NA,0,NA,Falta de interés/gusto,No,2020
60,Sí,No,Sí,Sí,No,No,NA,NA,No,Sí,No,Sí,30,La mayor parte,NA,Sí,2020
73,Sí,No,No,Sí,No,No,NA,NA,NA,NA,No,Sí,30,Toda,NA,Sí,2020
39,Sí,Sí,Sí,No,No,Sí,No,Sí,No,Sí,NA,NA,60,La mayor parte,NA,Sí,2020
33,Sí,Sí,No,No,No,Sí,No,Sí,NA,NA,NA,NA,30,La mayor parte,NA,Sí,2020
44,Sí,Sí,Sí,No,No,Sí,No,Sí,No,Sí,NA,NA,30,La mayor parte,NA,No,2020
42,No,No,No,No,No,No,NA,NA,NA,NA,NA,NA,0,NA,Falta de tiempo,No,2020
40,NA,NA,NA,NA,NA,NA,NA,NA,NA,NA,NA,NA,0,NA,NA,NA,2020
39,No,No,No,No,No,No,NA,NA,NA,NA,NA,NA,0,NA,Falta de tiempo,No recuerda,2020
81,Sí,Sí,No,Sí,No,No,No,Sí,NA,NA,No,Sí,60,La mayor parte,NA,Sí,2020
59,Sí,No,Sí,No,No,No,NA,NA,No,Sí,NA,NA,20,La mayor parte,NA,Sí,2020
37,Sí,No,Sí,No,No,Sí,NA,NA,No,Sí,NA,NA,25,La mayor parte,NA,Sí,2020
21,Sí,Sí,Sí,No,No,Sí,Sí,No,No,Sí,NA,NA,120,Toda,NA,Sí,2020
75,No,No,No,No,No,No,NA,NA,NA,NA,NA,NA,0,NA,Falta de interés/gusto,No,2020
74,Sí,No,Sí,No,No,No,NA,NA,No,Sí,NA,NA,20,La mayor parte,NA,Sí,2020
54,No,No,No,No,No,No,NA,NA,NA,NA,NA,NA,0,NA,Falta de tiempo,No,2020
21,Sí,Sí,No,Sí,No,Sí,No,Sí,NA,NA,No,Sí,90,Toda,NA,Sí,2020
29,Sí,No,Sí,No,No,Sí,NA,NA,No,Sí,NA,NA,30,La mayor parte,NA,Sí,2020
64,No,No,No,Sí,No,No,NA,NA,NA,NA,No,Sí,10,Poca,NA,Sí,2020
58,Sí,Sí,No,Sí,No,No,No,Sí,NA,NA,No,Sí,120,La mayor parte,NA,Sí,2020
35,Sí,Sí,No,No,No,No,No,Sí,NA,NA,NA,NA,40,La mayor parte,NA,Sí,2020
79,Sí,No,Sí,Sí,No,No,NA,NA,No,Sí,Sí,Sí,30,Poca,NA,No,2020
44,Sí,No,Sí,Sí,No,No,NA,NA,No,Sí,No,Sí,30,La mayor parte,NA,Sí,2020
39,Sí,Sí,Sí,No,No,Sí,Sí,No,No,Sí,NA,NA,60,Toda,NA,Sí,2020
82,No,No,No,No,No,No,NA,NA,NA,NA,NA,NA,0,NA,Problemas de salud,No,2020
75,Sí,No,Sí,No,No,No,NA,NA,No,Sí,NA,NA,20,La mayor parte,NA,No,2020
68,Sí,Sí,Sí,Sí,No,Sí,No,Sí,No,Sí,No,Sí,60,La mayor parte,NA,Sí,2020
68,No,No,No,No,No,No,NA,NA,NA,NA,NA,NA,0,NA,Problemas de salud,No,2020
71,Sí,Sí,Sí,No,No,Sí,No,Sí,No,Sí,NA,NA,30,La mayor parte,NA,Sí,2020
74,Sí,Sí,Sí,Sí,No,Sí,No,Sí,No,Sí,No,Sí,50,La mayor parte,NA,Sí,2020
56,No,No,No,No,No,No,NA,NA,NA,NA,NA,NA,0,NA,Falta de tiempo,Sí,2020
57,No,No,No,No,No,No,NA,NA,NA,NA,NA,NA,0,NA,Prefiere otras actividades,No,2020
49,No,No,No,Sí,No,No,NA,NA,NA,NA,No,Sí,10,La mitad,NA,Sí,2020
27,No,No,No,Sí,No,No,NA,NA,NA,NA,No,Sí,10,La mayor parte,NA,Sí,2020
18,Sí,Sí,No,No,No,Sí,No,Sí,NA,NA,NA,NA,120,La mayor parte,NA,Sí,2020
24,No,Sí,Sí,No,No,Sí,No,Sí,No,Sí,NA,NA,20,Toda,NA,Sí,2020
25,No,Sí,Sí,Sí,No,Sí,No,Sí,No,Sí,No,Sí,30,La mitad,NA,No,2020
49,Sí,Sí,No,No,No,No,No,Sí,NA,NA,NA,NA,30,Toda,NA,Sí,2020
30,No,No,No,No,No,No,NA,NA,NA,NA,NA,NA,0,NA,Problemas de salud,No,2020
31,No,No,No,No,No,No,NA,NA,NA,NA,NA,NA,0,NA,Falta de tiempo,No,2020
76,Sí,Sí,Sí,No,No,No,No,Sí,No,Sí,NA,NA,40,La mitad,NA,No,2020
29,No,No,No,No,No,Sí,NA,NA,NA,NA,NA,NA,10,La mitad,NA,Sí,2020
89,No,No,No,No,No,No,NA,NA,NA,NA,NA,NA,0,NA,Problemas de salud,No,2020
18,No,No,No,Sí,No,No,NA,NA,NA,NA,No,Sí,20,La mitad,NA,No,2020
51,Sí,No,Sí,Sí,No,Sí,NA,NA,No,Sí,No,Sí,40,La mayor parte,NA,No,2020
22,Sí,Sí,No,No,No,Sí,No,Sí,NA,NA,NA,NA,30,La mitad,NA,Sí,2020
34,Sí,Sí,Sí,Sí,No,Sí,No,Sí,No,Sí,No,Sí,20,La mayor parte,NA,Sí,2020
58,Sí,Sí,Sí,Sí,Sí,No,No,Sí,No,Sí,No,Sí,30,La mayor parte,NA,Sí,2020
66,Sí,No,Sí,Sí,No,No,NA,NA,No,Sí,No,Sí,6,La mayor parte,NA,Sí,2020
86,Sí,No,No,Sí,No,No,NA,NA,NA,NA,No,Sí,10,La mitad,NA,No,2020
44,Sí,Sí,Sí,No,No,Sí,No,Sí,No,Sí,NA,NA,40,La mayor parte,NA,Sí,2020
83,Sí,No,Sí,No,No,No,NA,NA,No,Sí,NA,NA,30,Toda,NA,Sí,2020
52,No,No,No,No,No,No,NA,NA,NA,NA,NA,NA,0,NA,Falta de tiempo,Sí,2020
37,No,No,No,Sí,No,No,NA,NA,NA,NA,No,Sí,30,La mitad,NA,No,2020
42,No,No,No,No,No,Sí,NA,NA,NA,NA,NA,NA,5,La mayor parte,NA,Sí,2020
58,Sí,No,No,Sí,No,No,NA,NA,NA,NA,No,Sí,30,La mayor parte,NA,No,2020
76,No,No,No,No,No,No,NA,NA,NA,NA,NA,NA,0,NA,Problemas de salud,No,2020
45,Sí,Sí,No,Sí,No,Sí,No,Sí,NA,NA,No,Sí,40,La mayor parte,NA,Sí,2020
40,No,No,Sí,Sí,No,No,NA,NA,No,Sí,No,Sí,20,La mitad,NA,No,2020
33,Sí,Sí,Sí,No,No,Sí,No,Sí,No,Sí,NA,NA,60,La mayor parte,NA,Sí,2020
68,No,No,No,No,No,No,NA,NA,NA,NA,NA,NA,0,NA,Problemas de salud,Sí,2020
65,No,No,No,No,No,No,NA,NA,NA,NA,NA,NA,0,NA,Problemas de salud,No,2020
24,No,No,Sí,Sí,No,Sí,NA,NA,No,Sí,No,Sí,45,Toda,NA,Sí,2020
44,No,No,Sí,No,No,No,NA,NA,No,Sí,NA,NA,20,La mayor parte,NA,Sí,2020
30,No,No,No,No,No,Sí,NA,NA,NA,NA,NA,NA,25,La mayor parte,NA,Sí,2020
24,Sí,Sí,Sí,No,No,Sí,No,Sí,No,Sí,NA,NA,35,La mayor parte,NA,Sí,2020
32,Sí,Sí,No,No,No,No,No,Sí,NA,NA,NA,NA,30,Toda,NA,Sí,2020
43,Sí,Sí,No,No,No,Sí,No,Sí,NA,NA,NA,NA,30,Toda,NA,Sí,2020
58,Sí,No,No,Sí,No,No,NA,NA,NA,NA,No,Sí,20,Toda,NA,Sí,2020
79,No,No,Sí,No,No,No,NA,NA,No,Sí,NA,NA,20,La mitad,NA,Sí,2020
61,No,No,No,No,No,No,NA,NA,NA,NA,NA,NA,0,NA,Problemas de salud,No,2020
25,No,No,Sí,No,No,Sí,NA,NA,No,Sí,NA,NA,30,La mayor parte,NA,Sí,2020
48,No,No,No,No,No,No,NA,NA,NA,NA,NA,NA,0,NA,Falta de tiempo,No,2020
34,Sí,No,Sí,Sí,No,No,NA,NA,No,Sí,No,Sí,25,La mitad,NA,Sí,2020
38,No,No,No,No,No,No,NA,NA,NA,NA,NA,NA,0,NA,Falta de tiempo,No,2020
51,No,No,No,Sí,No,No,NA,NA,NA,NA,No,Sí,20,La mitad,NA,No,2020
43,No,No,No,No,No,No,NA,NA,NA,NA,NA,NA,0,NA,Prefiere otras actividades,Sí,2020
46,No,No,No,Sí,No,No,NA,NA,NA,NA,No,Sí,20,La mitad,NA,No,2020
40,Sí,No,No,No,No,No,NA,NA,NA,NA,NA,NA,0,NA,Falta de tiempo,No,2020
51,No,No,No,No,No,No,NA,NA,NA,NA,NA,NA,0,NA,Falta de tiempo,No,2020
62,Sí,No,No,No,No,No,NA,NA,NA,NA,NA,NA,0,NA,Problemas de salud,No,2020
51,Sí,No,No,Sí,No,No,NA,NA,NA,NA,No,Sí,10,La mitad,NA,No,2020
54,Sí,No,No,Sí,No,No,NA,NA,NA,NA,No,Sí,30,Toda,NA,No,2020
21,Sí,Sí,No,No,No,No,No,Sí,NA,NA,NA,NA,30,La mitad,NA,Sí,2020
29,Sí,Sí,Sí,No,No,No,No,Sí,No,Sí,NA,NA,10,La mitad,NA,No,2020
42,Sí,No,No,Sí,No,Sí,NA,NA,NA,NA,No,Sí,60,Toda,NA,Sí,2020
24,No,No,No,No,No,No,NA,NA,NA,NA,NA,NA,0,NA,Falta de tiempo,Sí,2020
48,Sí,No,No,No,No,No,NA,NA,NA,NA,NA,NA,0,NA,Falta de tiempo,Sí,2020
75,NA,NA,NA,NA,NA,NA,NA,NA,NA,NA,NA,NA,0,NA,NA,NA,2020
39,Sí,Sí,No,No,No,Sí,No,Sí,NA,NA,NA,NA,15,Toda,NA,Sí,2020
46,No,No,No,No,No,No,NA,NA,NA,NA,NA,NA,0,NA,Falta de tiempo,No,2020
19,Sí,No,Sí,Sí,No,No,NA,NA,No,Sí,No,Sí,30,La mayor parte,NA,No,2020
45,Sí,No,No,No,No,No,NA,NA,NA,NA,NA,NA,0,NA,Falta de tiempo,No,2020
37,Sí,No,Sí,Sí,No,No,NA,NA,No,Sí,No,Sí,20,Toda,NA,No,2020
60,Sí,Sí,No,Sí,No,No,No,Sí,NA,NA,No,Sí,60,La mayor parte,NA,No,2020
23,No,No,No,No,No,No,NA,NA,NA,NA,NA,NA,0,NA,Falta de interés/gusto,No,2020
63,Sí,No,No,No,No,No,NA,NA,NA,NA,NA,NA,0,NA,Problemas de salud,No,2020
31,Sí,No,No,No,No,Sí,NA,NA,NA,NA,NA,NA,30,La mayor parte,NA,Sí,2020
29,No,No,No,No,No,No,NA,NA,NA,NA,NA,NA,0,NA,Falta de tiempo,No,2020
55,Sí,No,No,No,No,No,NA,NA,NA,NA,NA,NA,0,NA,Otro,No recuerda,2020
22,No,No,No,No,No,No,NA,NA,NA,NA,NA,NA,0,NA,Falta de tiempo,Sí,2020
32,No,No,No,No,No,No,NA,NA,NA,NA,NA,NA,0,NA,Falta de tiempo,Sí,2020
37,Sí,No,No,Sí,No,No,NA,NA,NA,NA,No,Sí,30,La mayor parte,NA,No,2020
42,No,No,No,No,No,No,NA,NA,NA,NA,NA,NA,0,NA,Prefiere otras actividades,No,2020
63,No,No,No,No,No,No,NA,NA,NA,NA,NA,NA,0,NA,Falta de interés/gusto,Sí,2020
69,No,No,No,No,No,No,NA,NA,NA,NA,NA,NA,0,NA,Problemas de salud,No,2020
71,NA,NA,NA,NA,NA,NA,NA,NA,NA,NA,NA,NA,0,NA,NA,NA,2020
30,No,No,No,No,No,No,NA,NA,NA,NA,NA,NA,0,NA,Falta de interés/gusto,No,2020
22,No,No,No,No,No,No,NA,NA,NA,NA,NA,NA,0,NA,Falta de tiempo,Sí,2020
66,No,No,No,Sí,No,No,NA,NA,NA,NA,No,Sí,15,La mayor parte,NA,Sí,2020
32,Sí,No,No,No,No,No,NA,NA,NA,NA,NA,NA,0,NA,Problemas de salud,Sí,2020
35,No,No,No,No,No,No,NA,NA,NA,NA,NA,NA,0,NA,Falta de interés/gusto,Sí,2020
47,No,No,No,Sí,No,No,NA,NA,NA,NA,No,Sí,20,La mayor parte,NA,Sí,2020
57,Sí,No,No,No,No,No,NA,NA,NA,NA,NA,NA,0,NA,Falta de interés/gusto,No,2020
62,Sí,Sí,No,No,No,No,No,Sí,NA,NA,NA,NA,30,La mayor parte,NA,No,2020
33,No,No,No,No,No,No,NA,NA,NA,NA,NA,NA,0,NA,Falta de tiempo,Sí,2020
58,Sí,Sí,No,Sí,No,No,No,Sí,NA,NA,Sí,No,45,Toda,NA,Sí,2020
54,No,No,No,Sí,No,No,NA,NA,NA,NA,No,Sí,30,Toda,NA,Sí,2020
43,Sí,No,Sí,No,No,No,NA,NA,No,Sí,NA,NA,30,Toda,NA,Sí,2020
54,No,No,No,No,No,No,NA,NA,NA,NA,NA,NA,0,NA,Falta de interés/gusto,No,2020
63,Sí,No,No,No,No,No,NA,NA,NA,NA,NA,NA,0,NA,Falta de interés/gusto,No,2020
49,No,No,No,No,No,No,NA,NA,NA,NA,NA,NA,0,NA,Falta de interés/gusto,No,2020
22,No,No,No,Sí,No,No,NA,NA,NA,NA,No,Sí,15,La mayor parte,NA,No,2020
31,No,No,No,No,No,No,NA,NA,NA,NA,NA,NA,0,NA,Falta de interés/gusto,Sí,2020
60,No,No,No,No,No,No,NA,NA,NA,NA,NA,NA,0,NA,Prefiere otras actividades,No,2020
67,Sí,No,No,No,No,No,NA,NA,NA,NA,NA,NA,0,NA,Problemas de salud,Sí,2020
26,Sí,No,No,No,No,No,NA,NA,NA,NA,NA,NA,0,NA,Falta de tiempo,No,2020
40,Sí,No,No,No,No,No,NA,NA,NA,NA,NA,NA,0,NA,Falta de interés/gusto,No,2020
19,Sí,Sí,Sí,Sí,No,Sí,Sí,No,Sí,No,No,Sí,120,La mayor parte,NA,Sí,2020
25,Sí,Sí,Sí,Sí,Sí,Sí,No,Sí,No,Sí,No,Sí,60,La mayor parte,NA,Sí,2020
45,No,No,No,No,No,No,NA,NA,NA,NA,NA,NA,0,NA,Falta de interés/gusto,No,2020
27,Sí,No,No,Sí,No,No,NA,NA,NA,NA,No,Sí,15,Toda,NA,Sí,2020
23,No,No,No,No,No,No,NA,NA,NA,NA,NA,NA,0,NA,Falta de tiempo,No,2020
34,Sí,Sí,Sí,No,No,Sí,No,Sí,No,Sí,NA,NA,30,La mayor parte,NA,No,2020
61,Sí,No,No,No,No,Sí,NA,NA,NA,NA,NA,NA,20,Toda,NA,Sí,2020
48,Sí,Sí,No,No,No,No,No,Sí,NA,NA,NA,NA,25,La mayor parte,NA,No,2020
31,No,No,No,No,No,Sí,NA,NA,NA,NA,NA,NA,45,La mayor parte,NA,Sí,2020
27,Sí,Sí,No,No,No,No,No,Sí,NA,NA,NA,NA,60,La mayor parte,NA,Sí,2020
53,Sí,No,No,Sí,No,No,NA,NA,NA,NA,No,Sí,30,La mayor parte,NA,No,2020
32,No,No,No,Sí,No,No,NA,NA,NA,NA,No,Sí,20,La mayor parte,NA,No,2020
45,No,No,No,No,No,No,NA,NA,NA,NA,NA,NA,0,NA,Falta de tiempo,No,2020
40,Sí,Sí,Sí,Sí,No,No,No,Sí,No,Sí,No,Sí,45,Toda,NA,Sí,2020
34,Sí,Sí,Sí,Sí,Sí,Sí,No,Sí,No,Sí,No,Sí,20,La mayor parte,NA,Sí,2020
21,No,No,No,No,No,No,NA,NA,NA,NA,NA,NA,0,NA,Falta de tiempo,Sí,2020
43,No,No,Sí,No,No,No,NA,NA,No,Sí,NA,NA,20,Toda,NA,No,2020
66,No,No,No,No,No,No,NA,NA,NA,NA,NA,NA,0,NA,Prefiere otras actividades,No,2020
31,No,No,No,No,No,No,NA,NA,NA,NA,NA,NA,0,NA,Falta de tiempo,No,2020
23,Sí,Sí,Sí,No,No,No,No,Sí,No,Sí,NA,NA,20,La mayor parte,NA,Sí,2020
44,Sí,No,No,No,No,No,NA,NA,NA,NA,NA,NA,0,NA,Falta de tiempo,No,2020
51,Sí,Sí,No,Sí,No,No,No,Sí,NA,NA,No,Sí,30,La mayor parte,NA,No,2020
59,No,Sí,No,No,No,No,No,Sí,NA,NA,NA,NA,30,La mayor parte,NA,Sí,2020
51,No,No,No,Sí,No,No,NA,NA,NA,NA,No,Sí,30,La mayor parte,NA,No,2020
62,No,No,No,No,No,No,NA,NA,NA,NA,NA,NA,0,NA,Falta de interés/gusto,No,2020
51,No,No,Sí,No,No,No,NA,NA,No,Sí,NA,NA,30,La mayor parte,NA,No,2020
19,No,No,No,No,No,No,NA,NA,NA,NA,NA,NA,0,NA,Falta de interés/gusto,No,2020
27,No,No,No,No,No,No,NA,NA,NA,NA,NA,NA,0,NA,Falta de tiempo,No,2020
71,No,No,No,Sí,No,No,NA,NA,NA,NA,No,Sí,35,Toda,NA,No,2020
41,No,No,Sí,No,No,No,NA,NA,No,Sí,NA,NA,25,Toda,NA,Sí,2020
42,No,No,No,Sí,No,No,NA,NA,NA,NA,No,Sí,10,Toda,NA,No,2020
44,Sí,No,Sí,Sí,No,No,NA,NA,No,Sí,No,Sí,30,Toda,NA,No,2020
30,No,No,No,No,No,No,NA,NA,NA,NA,NA,NA,0,NA,Falta de tiempo,Sí,2020
66,No,No,No,Sí,No,No,NA,NA,NA,NA,No,Sí,15,La mayor parte,NA,No,2020
59,No,No,No,No,No,No,NA,NA,NA,NA,NA,NA,0,NA,Falta de interés/gusto,No,2020
56,Sí,Sí,Sí,No,No,No,No,Sí,No,Sí,NA,NA,40,La mayor parte,NA,Sí,2020
30,No,No,Sí,No,No,No,NA,NA,No,Sí,NA,NA,30,Toda,NA,Sí,2020
49,Sí,Sí,No,Sí,No,No,No,Sí,NA,NA,No,Sí,30,La mayor parte,NA,Sí,2020
56,Sí,Sí,Sí,No,No,No,No,Sí,No,Sí,NA,NA,40,La mayor parte,NA,Sí,2020
58,No,No,No,Sí,No,No,NA,NA,NA,NA,No,Sí,20,Toda,NA,No,2020
60,No,No,No,No,No,No,NA,NA,NA,NA,NA,NA,0,NA,Falta de tiempo,No,2020
73,No,No,No,No,No,No,NA,NA,NA,NA,NA,NA,0,NA,Problemas de salud,No,2020
48,No,No,Sí,No,No,No,NA,NA,No,Sí,NA,NA,20,Toda,NA,Sí,2020
78,NA,NA,NA,NA,NA,NA,NA,NA,NA,NA,NA,NA,0,NA,NA,NA,2020
42,No,No,Sí,No,No,No,NA,NA,No,Sí,NA,NA,45,Toda,NA,No,2020
38,Sí,Sí,Sí,No,No,No,No,Sí,No,Sí,NA,NA,60,La mayor parte,NA,No,2020
25,Sí,Sí,Sí,No,No,No,No,Sí,No,Sí,NA,NA,60,Toda,NA,No,2020
42,No,No,Sí,No,No,No,NA,NA,No,Sí,NA,NA,25,Toda,NA,No,2020
54,NA,NA,NA,NA,NA,NA,NA,NA,NA,NA,NA,NA,0,NA,NA,NA,2020
64,No,No,Sí,No,No,No,NA,NA,No,Sí,NA,NA,15,La mayor parte,NA,No,2020
66,Sí,Sí,Sí,No,No,No,No,Sí,No,Sí,NA,NA,45,La mayor parte,NA,No,2020
79,NA,NA,NA,NA,NA,NA,NA,NA,NA,NA,NA,NA,0,NA,NA,NA,2020
43,No,No,Sí,No,No,No,NA,NA,No,Sí,NA,NA,40,Toda,NA,No,2020
28,No,No,No,No,No,No,NA,NA,NA,NA,NA,NA,0,NA,Falta de tiempo,No,2020
29,No,No,Sí,No,No,No,NA,NA,No,Sí,NA,NA,15,Toda,NA,No,2020
27,No,No,Sí,No,No,No,NA,NA,No,Sí,NA,NA,30,Toda,NA,No,2020
61,No,No,No,No,No,No,NA,NA,NA,NA,NA,NA,0,NA,Prefiere otras actividades,No,2020
18,Sí,Sí,No,No,No,No,No,Sí,NA,NA,NA,NA,30,La mayor parte,NA,No,2020
63,Sí,Sí,No,No,No,No,No,Sí,NA,NA,NA,NA,40,La mayor parte,NA,No,2020
25,NA,NA,NA,NA,NA,NA,NA,NA,NA,NA,NA,NA,0,NA,NA,NA,2020
51,No,No,No,Sí,No,No,NA,NA,NA,NA,No,Sí,15,Toda,NA,No,2020
71,NA,NA,NA,NA,NA,NA,NA,NA,NA,NA,NA,NA,0,NA,NA,NA,2020
32,No,No,Sí,Sí,No,No,NA,NA,No,Sí,No,Sí,35,Toda,NA,No,2020
46,No,No,No,No,No,No,NA,NA,NA,NA,NA,NA,0,NA,Falta de interés/gusto,No,2020
55,No,No,No,Sí,No,No,NA,NA,NA,NA,No,Sí,15,La mayor parte,NA,No,2020
74,NA,NA,NA,NA,NA,NA,NA,NA,NA,NA,NA,NA,0,NA,NA,NA,2020
32,No,No,Sí,Sí,No,No,NA,NA,No,Sí,No,Sí,20,Toda,NA,No,2020
71,Sí,Sí,No,No,No,No,No,Sí,NA,NA,NA,NA,60,La mayor parte,NA,No,2020
29,No,No,No,No,No,No,NA,NA,NA,NA,NA,NA,0,NA,Prefiere otras actividades,Sí,2020
48,No,No,No,No,No,No,NA,NA,NA,NA,NA,NA,0,NA,Falta de tiempo,Sí,2020
31,No,No,No,No,No,No,NA,NA,NA,NA,NA,NA,0,NA,Prefiere otras actividades,Sí,2020
21,Sí,Sí,Sí,Sí,No,Sí,Sí,Sí,No,Sí,No,Sí,60,La mayor parte,NA,Sí,2020
42,Sí,Sí,No,No,No,Sí,Sí,Sí,NA,NA,NA,NA,60,La mayor parte,NA,Sí,2020
65,No,Sí,Sí,Sí,No,No,No,Sí,No,Sí,No,Sí,30,La mayor parte,NA,Sí,2020
22,Sí,Sí,Sí,No,No,Sí,Sí,Sí,No,Sí,NA,NA,120,La mayor parte,NA,Sí,2020
66,Sí,Sí,Sí,No,No,No,No,Sí,No,Sí,NA,NA,45,La mitad,NA,Sí,2020
25,Sí,Sí,No,No,No,Sí,Sí,No,NA,NA,NA,NA,45,La mayor parte,NA,Sí,2020
67,Sí,Sí,Sí,Sí,No,No,No,Sí,No,Sí,Sí,No,60,Toda,NA,Sí,2020
71,No,No,No,Sí,No,No,NA,NA,NA,NA,No,Sí,30,La mayor parte,NA,Sí,2020
68,No,Sí,No,No,No,No,No,Sí,NA,NA,NA,NA,45,La mayor parte,NA,Sí,2020
62,No,No,No,No,No,No,NA,NA,NA,NA,NA,NA,0,NA,Problemas de salud,Sí,2020
67,Sí,Sí,Sí,Sí,No,No,Sí,Sí,No,Sí,Sí,No,90,La mayor parte,NA,Sí,2020
50,No,No,No,No,No,No,NA,NA,NA,NA,NA,NA,0,NA,Problemas de salud,Sí,2020
31,No,Sí,No,No,No,No,Sí,No,NA,NA,NA,NA,25,La mayor parte,NA,Sí,2020
53,Sí,Sí,Sí,Sí,No,No,No,Sí,No,Sí,No,Sí,45,Toda,NA,Sí,2020
31,Sí,Sí,Sí,Sí,No,Sí,Sí,Sí,No,Sí,No,Sí,90,La mayor parte,NA,Sí,2020
37,Sí,Sí,Sí,No,No,No,Sí,No,No,Sí,NA,NA,45,La mayor parte,NA,Sí,2020
22,No,No,Sí,No,No,No,NA,NA,No,Sí,NA,NA,20,La mayor parte,NA,Sí,2020
31,Sí,Sí,Sí,Sí,No,No,Sí,No,No,Sí,No,Sí,40,La mayor parte,NA,Sí,2020
75,Sí,Sí,Sí,No,No,No,No,Sí,No,Sí,NA,NA,90,La mayor parte,NA,Sí,2020
22,Sí,Sí,Sí,No,No,Sí,Sí,Sí,No,Sí,NA,NA,90,La mayor parte,NA,Sí,2020
60,No,No,Sí,No,No,No,NA,NA,No,Sí,NA,NA,20,La mayor parte,NA,Sí,2020
32,Sí,Sí,No,Sí,No,No,No,Sí,NA,NA,No,Sí,40,La mayor parte,NA,Sí,2020
19,Sí,Sí,No,No,No,Sí,No,Sí,NA,NA,NA,NA,45,La mayor parte,NA,Sí,2020
37,Sí,Sí,Sí,No,No,Sí,No,Sí,No,Sí,NA,NA,120,La mayor parte,NA,Sí,2020
28,Sí,Sí,Sí,No,No,Sí,No,Sí,No,Sí,NA,NA,200,Toda,NA,Sí,2020
24,Sí,Sí,Sí,No,No,No,Sí,Sí,No,Sí,NA,NA,120,Toda,NA,Sí,2020
32,No,No,No,No,No,No,NA,NA,NA,NA,NA,NA,0,NA,Prefiere otras actividades,Sí,2020
19,Sí,Sí,No,No,No,No,No,Sí,NA,NA,NA,NA,60,La mayor parte,NA,Sí,2020
73,No,Sí,Sí,No,No,No,No,Sí,No,Sí,NA,NA,30,La mayor parte,NA,Sí,2020
52,Sí,Sí,No,Sí,No,No,No,Sí,NA,NA,No,Sí,45,La mayor parte,NA,Sí,2020
57,No,No,No,Sí,No,No,NA,NA,NA,NA,No,Sí,20,La mayor parte,NA,Sí,2020
62,No,No,No,No,No,No,NA,NA,NA,NA,NA,NA,0,NA,Prefiere otras actividades,Sí,2020
49,Sí,Sí,Sí,Sí,No,Sí,No,Sí,No,Sí,No,Sí,90,La mayor parte,NA,Sí,2020
40,No,No,No,No,No,No,NA,NA,NA,NA,NA,NA,0,NA,Prefiere otras actividades,Sí,2020
61,No,No,No,No,No,No,NA,NA,NA,NA,NA,NA,0,NA,Prefiere otras actividades,Sí,2020
24,No,No,No,Sí,No,No,NA,NA,NA,NA,No,Sí,20,La mayor parte,NA,Sí,2020
72,No,No,No,No,No,No,NA,NA,NA,NA,NA,NA,0,NA,Problemas de salud,Sí,2020
45,No,No,No,Sí,No,No,NA,NA,NA,NA,No,Sí,20,Toda,NA,Sí,2020
34,Sí,Sí,Sí,No,No,No,No,Sí,No,Sí,NA,NA,30,La mayor parte,NA,Sí,2020
26,No,No,No,No,No,No,NA,NA,NA,NA,NA,NA,0,NA,Prefiere otras actividades,Sí,2020
46,No,No,No,No,No,Sí,NA,NA,NA,NA,NA,NA,20,La mayor parte,NA,Sí,2020
30,Sí,Sí,Sí,No,No,Sí,No,Sí,No,Sí,NA,NA,20,La mayor parte,NA,Sí,2020
71,Sí,Sí,No,No,No,Sí,No,Sí,NA,NA,NA,NA,90,Poca,NA,Sí,2020
41,Sí,No,No,No,No,No,NA,NA,NA,NA,NA,NA,0,NA,Falta de tiempo,Sí,2020
33,Sí,No,Sí,No,No,No,NA,NA,No,Sí,NA,NA,15,La mitad,NA,Sí,2020
27,No,Sí,No,Sí,No,No,No,Sí,NA,NA,No,Sí,25,La mayor parte,NA,Sí,2020
54,No,No,No,No,No,No,NA,NA,NA,NA,NA,NA,0,NA,Falta de dinero,No,2020
33,Sí,Sí,Sí,No,No,No,No,Sí,No,Sí,NA,NA,20,Toda,NA,Sí,2020
63,Sí,No,Sí,Sí,No,No,NA,NA,No,Sí,No,Sí,10,Poca,NA,No recuerda,2020
55,No,No,No,No,No,No,NA,NA,NA,NA,NA,NA,0,NA,Falta de interés/gusto,No,2020
93,No,No,No,No,No,No,NA,NA,NA,NA,NA,NA,0,NA,Problemas de salud,No,2020
41,No,No,No,No,No,No,NA,NA,NA,NA,NA,NA,0,NA,Falta de tiempo,Sí,2020
25,No,No,Sí,Sí,No,Sí,NA,NA,No,Sí,No,Sí,30,Toda,NA,Sí,2020
28,No,No,No,No,No,No,NA,NA,NA,NA,NA,NA,0,NA,Falta de interés/gusto,No,2020
55,No,No,No,No,No,No,NA,NA,NA,NA,NA,NA,0,NA,Falta de tiempo,No,2020
56,No,No,No,No,No,No,NA,NA,NA,NA,NA,NA,0,NA,Falta de interés/gusto,No,2020
34,Sí,No,No,No,No,Sí,NA,NA,NA,NA,NA,NA,30,La mayor parte,NA,Sí,2020
62,No,No,No,No,No,No,NA,NA,NA,NA,NA,NA,0,NA,Falta de tiempo,No,2020
63,NA,NA,NA,NA,NA,NA,NA,NA,NA,NA,NA,NA,0,NA,NA,NA,2020
19,Sí,Sí,No,No,No,Sí,No,Sí,NA,NA,NA,NA,60,La mayor parte,NA,No,2020
46,Sí,Sí,Sí,Sí,No,Sí,No,Sí,No,Sí,No,Sí,60,La mitad,NA,Sí,2020
76,No,Sí,No,No,No,No,No,Sí,NA,NA,NA,NA,25,La mayor parte,NA,No,2020
59,No,No,No,Sí,No,Sí,NA,NA,NA,NA,No,Sí,30,Toda,NA,Sí,2020
26,Sí,Sí,Sí,No,No,Sí,No,Sí,No,Sí,NA,NA,20,Toda,NA,Sí,2020
28,No,No,No,No,No,No,NA,NA,NA,NA,NA,NA,0,NA,Falta de tiempo,No,2020
37,No,No,No,No,No,No,NA,NA,NA,NA,NA,NA,0,NA,Prefiere otras actividades,No,2020
41,Sí,No,Sí,No,No,Sí,NA,NA,No,Sí,NA,NA,60,La mayor parte,NA,No,2020
55,No,No,No,No,No,No,NA,NA,NA,NA,NA,NA,0,NA,Falta de interés/gusto,Sí,2020
57,No,No,Sí,No,No,No,NA,NA,No,Sí,NA,NA,15,La mayor parte,NA,No recuerda,2020
28,No,No,No,Sí,No,Sí,NA,NA,NA,NA,No,Sí,15,La mayor parte,NA,Sí,2020
30,No,No,No,No,No,No,NA,NA,NA,NA,NA,NA,0,NA,Falta de tiempo,No recuerda,2020
61,Sí,No,Sí,No,No,No,NA,NA,No,Sí,NA,NA,20,Toda,NA,Sí,2020
53,Sí,No,Sí,No,No,No,NA,NA,No,Sí,NA,NA,30,La mayor parte,NA,Sí,2020
31,No,No,No,No,No,No,NA,NA,NA,NA,NA,NA,0,NA,Falta de tiempo,Sí,2020
47,Sí,Sí,No,No,No,Sí,No,Sí,NA,NA,NA,NA,30,Toda,NA,Sí,2020
24,Sí,Sí,No,No,No,Sí,No,Sí,NA,NA,NA,NA,120,Toda,NA,Sí,2020
29,Sí,No,No,No,No,Sí,NA,NA,NA,NA,NA,NA,30,Toda,NA,Sí,2020
58,No,No,No,No,No,Sí,NA,NA,NA,NA,NA,NA,20,Toda,NA,No,2020
18,No,No,No,No,No,No,NA,NA,NA,NA,NA,NA,0,NA,Falta de tiempo,No,2020
54,No,No,No,No,No,No,NA,NA,NA,NA,NA,NA,0,NA,Problemas de salud,No,2020
30,Sí,Sí,No,No,No,Sí,No,Sí,NA,NA,NA,NA,30,La mitad,NA,Sí,2020
22,Sí,Sí,No,Sí,No,Sí,No,Sí,NA,NA,No,Sí,90,La mayor parte,NA,Sí,2020
39,No,No,No,Sí,No,No,NA,NA,NA,NA,No,Sí,15,Poca,NA,No,2020
21,Sí,Sí,Sí,No,No,Sí,No,Sí,No,Sí,NA,NA,30,La mitad,NA,Sí,2020
30,No,No,No,No,No,No,NA,NA,NA,NA,NA,NA,0,NA,Falta de interés/gusto,No,2020
36,Sí,No,Sí,Sí,No,No,NA,NA,No,Sí,No,Sí,20,La mitad,NA,No,2020
57,Sí,Sí,No,Sí,No,Sí,No,Sí,NA,NA,No,Sí,25,La mitad,NA,No,2020
21,Sí,Sí,No,Sí,No,Sí,No,Sí,NA,NA,No,Sí,35,La mayor parte,NA,Sí,2020
23,Sí,Sí,No,No,No,Sí,No,Sí,NA,NA,NA,NA,60,La mayor parte,NA,Sí,2020
39,Sí,Sí,Sí,No,Sí,Sí,No,Sí,No,Sí,NA,NA,40,La mayor parte,NA,Sí,2020
37,No,No,No,No,No,No,NA,NA,NA,NA,NA,NA,0,NA,Prefiere otras actividades,No,2020
45,No,No,No,No,No,No,NA,NA,NA,NA,NA,NA,0,NA,Falta de tiempo,Sí,2020
54,Sí,Sí,Sí,Sí,No,No,No,Sí,No,Sí,No,Sí,30,Toda,NA,Sí,2020
58,No,No,No,No,No,No,NA,NA,NA,NA,NA,NA,0,NA,Prefiere otras actividades,Sí,2020
50,No,No,No,No,No,No,NA,NA,NA,NA,NA,NA,0,NA,Falta de tiempo,No,2020
26,Sí,No,No,No,No,No,NA,NA,NA,NA,NA,NA,0,NA,Falta de interés/gusto,No,2020
55,Sí,Sí,No,No,No,Sí,No,Sí,NA,NA,NA,NA,30,Toda,NA,Sí,2020
43,No,No,No,No,No,Sí,NA,NA,NA,NA,NA,NA,25,Toda,NA,Sí,2020
54,Sí,Sí,No,Sí,No,Sí,No,Sí,NA,NA,No,Sí,240,Toda,NA,Sí,2020
62,Sí,Sí,No,No,No,No,No,Sí,NA,NA,NA,NA,30,Toda,NA,Sí,2020
76,No,No,No,No,No,No,NA,NA,NA,NA,NA,NA,0,NA,Falta de interés/gusto,No,2020
55,No,No,No,No,No,No,NA,NA,NA,NA,NA,NA,0,NA,Falta de interés/gusto,No recuerda,2020
19,Sí,Sí,No,No,No,No,Sí,No,NA,NA,NA,NA,30,La mayor parte,NA,Sí,2020
31,No,No,No,No,No,No,NA,NA,NA,NA,NA,NA,0,NA,Falta de tiempo,Sí,2020
27,No,No,No,No,No,Sí,NA,NA,NA,NA,NA,NA,20,La mayor parte,NA,No,2020
34,Sí,Sí,No,Sí,No,Sí,No,Sí,NA,NA,No,Sí,30,Toda,NA,Sí,2020
51,Sí,Sí,No,No,No,Sí,No,Sí,NA,NA,NA,NA,40,Toda,NA,Sí,2020
29,Sí,Sí,No,No,No,No,No,Sí,NA,NA,NA,NA,30,La mayor parte,NA,Sí,2020
46,Sí,No,Sí,No,No,No,NA,NA,No,Sí,NA,NA,20,La mayor parte,NA,Sí,2020
44,Sí,Sí,No,No,No,No,No,Sí,NA,NA,NA,NA,30,La mayor parte,NA,Sí,2020
46,Sí,Sí,Sí,No,No,No,No,Sí,No,Sí,NA,NA,50,Toda,NA,Sí,2020
42,No,No,No,No,No,No,NA,NA,NA,NA,NA,NA,0,NA,Prefiere otras actividades,No,2020
59,No,No,No,No,No,No,NA,NA,NA,NA,NA,NA,0,NA,Falta de interés/gusto,No,2020
43,No,No,No,No,No,No,NA,NA,NA,NA,NA,NA,0,NA,Prefiere otras actividades,No,2020
49,Sí,No,No,Sí,No,No,NA,NA,NA,NA,No,Sí,45,La mayor parte,NA,No,2020
54,Sí,Sí,No,No,No,No,No,Sí,NA,NA,NA,NA,20,La mayor parte,NA,Sí,2020
28,Sí,No,No,No,No,No,NA,NA,NA,NA,NA,NA,0,NA,Falta de tiempo,Sí,2020
36,No,No,Sí,No,No,No,NA,NA,No,Sí,NA,NA,20,La mayor parte,NA,Sí,2020
63,Sí,Sí,Sí,No,No,No,No,Sí,No,Sí,NA,NA,30,La mayor parte,NA,Sí,2020
56,No,No,No,No,No,No,NA,NA,NA,NA,NA,NA,0,NA,Falta de interés/gusto,No,2020
33,Sí,Sí,No,No,No,No,No,Sí,NA,NA,NA,NA,60,La mayor parte,NA,Sí,2020
25,No,No,No,No,No,No,NA,NA,NA,NA,NA,NA,0,NA,Falta de interés/gusto,No,2020
32,Sí,Sí,Sí,No,No,No,No,Sí,No,Sí,NA,NA,20,Toda,NA,Sí,2020
20,Sí,No,No,No,No,Sí,NA,NA,NA,NA,NA,NA,20,La mayor parte,NA,No,2020
43,No,No,Sí,No,No,Sí,NA,NA,No,Sí,NA,NA,15,La mayor parte,NA,No,2020
33,No,No,No,No,No,No,NA,NA,NA,NA,NA,NA,0,NA,Falta de tiempo,No,2020
60,No,No,No,No,No,No,NA,NA,NA,NA,NA,NA,0,NA,Prefiere otras actividades,No,2020
26,No,No,No,No,No,No,NA,NA,NA,NA,NA,NA,0,NA,Falta de interés/gusto,No,2020
63,No,No,No,No,No,No,NA,NA,NA,NA,NA,NA,0,NA,Falta de interés/gusto,No,2020
78,No,No,No,No,No,No,NA,NA,NA,NA,NA,NA,0,NA,Problemas de salud,No,2020
58,Sí,No,Sí,No,No,Sí,NA,NA,No,Sí,NA,NA,60,La mayor parte,NA,No,2020
69,No,No,No,No,No,No,NA,NA,NA,NA,NA,NA,0,NA,Prefiere otras actividades,No,2020
45,No,No,No,No,No,Sí,NA,NA,NA,NA,NA,NA,30,Toda,NA,Sí,2020
20,No,No,No,No,No,No,NA,NA,NA,NA,NA,NA,0,NA,Falta de interés/gusto,No,2020
22,No,No,No,No,No,No,NA,NA,NA,NA,NA,NA,0,NA,Problemas de salud,No,2020
53,Sí,No,Sí,No,No,No,NA,NA,No,Sí,NA,NA,20,La mayor parte,NA,Sí,2020
32,No,No,No,No,No,No,NA,NA,NA,NA,NA,NA,0,NA,Prefiere otras actividades,No,2020
43,Sí,No,Sí,Sí,No,Sí,NA,NA,No,Sí,No,Sí,25,Toda,NA,No recuerda,2020
54,No,No,Sí,No,No,Sí,NA,NA,No,Sí,NA,NA,20,Toda,NA,No,2020
56,No,No,No,Sí,No,No,NA,NA,NA,NA,No,Sí,3,La mayor parte,NA,No,2020
41,No,No,No,Sí,No,Sí,NA,NA,NA,NA,No,Sí,15,Toda,NA,Sí,2020
56,No,No,No,No,No,No,NA,NA,NA,NA,NA,NA,0,NA,Falta de tiempo,No,2020
27,No,No,No,No,No,Sí,NA,NA,NA,NA,NA,NA,30,La mayor parte,NA,Sí,2020
38,Sí,Sí,No,No,No,No,No,Sí,NA,NA,NA,NA,30,Toda,NA,Sí,2020
72,No,No,No,No,No,No,NA,NA,NA,NA,NA,NA,0,NA,Problemas de salud,No recuerda,2020
36,No,No,No,No,No,No,NA,NA,NA,NA,NA,NA,0,NA,Falta de tiempo,No,2020
36,No,No,No,No,No,No,NA,NA,NA,NA,NA,NA,0,NA,Falta de tiempo,No,2020
46,No,No,No,No,No,No,NA,NA,NA,NA,NA,NA,0,NA,Falta de tiempo,No,2020
72,No,No,No,No,No,No,NA,NA,NA,NA,NA,NA,0,NA,Problemas de salud,No,2020
31,Sí,Sí,No,No,No,Sí,No,Sí,NA,NA,NA,NA,30,Toda,NA,Sí,2020
33,Sí,Sí,No,No,No,Sí,No,Sí,NA,NA,NA,NA,30,La mitad,NA,No,2020
42,No,No,No,No,No,No,NA,NA,NA,NA,NA,NA,0,NA,Falta de interés/gusto,No,2020
44,Sí,Sí,Sí,No,No,Sí,No,Sí,No,Sí,NA,NA,60,La mayor parte,NA,Sí,2020
37,Sí,Sí,Sí,No,No,Sí,No,Sí,Sí,No,NA,NA,120,La mayor parte,NA,Sí,2020
38,Sí,No,Sí,Sí,No,No,NA,NA,No,Sí,No,Sí,20,La mayor parte,NA,No,2020
32,Sí,Sí,No,No,No,Sí,No,Sí,NA,NA,NA,NA,60,La mayor parte,NA,Sí,2020
65,Sí,No,No,No,No,No,NA,NA,NA,NA,NA,NA,0,NA,Falta de tiempo,No,2020
23,Sí,Sí,Sí,No,No,Sí,No,Sí,No,Sí,NA,NA,30,Toda,NA,Sí,2020
47,Sí,Sí,Sí,Sí,No,Sí,No,Sí,No,Sí,No,Sí,15,La mayor parte,NA,Sí,2020
22,Sí,Sí,Sí,No,No,Sí,No,Sí,No,Sí,NA,NA,40,Toda,NA,Sí,2020
25,No,No,No,No,No,Sí,NA,NA,NA,NA,NA,NA,15,La mayor parte,NA,No recuerda,2020
21,Sí,Sí,Sí,Sí,Sí,Sí,No,Sí,No,Sí,No,Sí,40,Toda,NA,Sí,2020
24,No,No,No,No,No,Sí,NA,NA,NA,NA,NA,NA,30,Toda,NA,No,2020
56,No,No,No,No,No,No,NA,NA,NA,NA,NA,NA,0,NA,Falta de tiempo,No,2020
29,Sí,Sí,Sí,Sí,No,Sí,No,Sí,No,Sí,No,Sí,60,Toda,NA,Sí,2020
60,No,No,No,No,No,No,NA,NA,NA,NA,NA,NA,0,NA,Prefiere otras actividades,Sí,2020
59,Sí,Sí,No,Sí,No,No,No,Sí,NA,NA,No,Sí,60,La mayor parte,NA,Sí,2020
61,Sí,Sí,No,No,No,No,No,Sí,NA,NA,NA,NA,40,Poca,NA,No,2020
53,Sí,Sí,Sí,No,No,Sí,No,Sí,No,Sí,NA,NA,45,La mayor parte,NA,Sí,2020
77,No,No,No,No,No,No,NA,NA,NA,NA,NA,NA,0,NA,Problemas de salud,No,2020
33,Sí,No,No,No,No,Sí,NA,NA,NA,NA,NA,NA,30,La mayor parte,NA,Sí,2020
25,No,No,No,No,No,No,NA,NA,NA,NA,NA,NA,0,NA,Falta de tiempo,No,2020
57,Sí,Sí,Sí,No,No,No,No,Sí,No,Sí,NA,NA,30,La mayor parte,NA,Sí,2020
77,Sí,No,No,Sí,No,No,NA,NA,NA,NA,No,Sí,30,Toda,NA,Sí,2020
41,Sí,Sí,No,No,No,No,No,Sí,NA,NA,NA,NA,60,Toda,NA,Sí,2020
59,No,No,No,No,No,No,NA,NA,NA,NA,NA,NA,0,NA,Prefiere otras actividades,No,2020
44,No,No,No,No,No,Sí,NA,NA,NA,NA,NA,NA,15,Toda,NA,Sí,2020
50,No,No,No,No,No,No,NA,NA,NA,NA,NA,NA,0,NA,Falta de interés/gusto,No,2020
43,No,No,No,No,No,Sí,NA,NA,NA,NA,NA,NA,20,Toda,NA,No,2020
32,No,No,No,No,No,No,NA,NA,NA,NA,NA,NA,0,NA,Falta de tiempo,No,2020
71,No,No,No,No,No,No,NA,NA,NA,NA,NA,NA,0,NA,Problemas de salud,No,2020
37,No,No,No,No,No,No,NA,NA,NA,NA,NA,NA,0,NA,Falta de tiempo,No,2020
34,No,No,No,No,No,No,NA,NA,NA,NA,NA,NA,0,NA,Falta de interés/gusto,No,2020
56,No,No,Sí,Sí,No,No,NA,NA,No,Sí,No,Sí,20,Poca,NA,Sí,2020
79,No,No,No,Sí,No,No,NA,NA,NA,NA,No,Sí,30,Toda,NA,No,2020
79,No,No,No,Sí,No,No,NA,NA,NA,NA,No,Sí,15,Poca,NA,No,2020
63,Sí,Sí,Sí,No,No,Sí,No,Sí,Sí,No,NA,NA,90,La mayor parte,NA,Sí,2020
74,Sí,Sí,Sí,No,No,No,No,Sí,No,Sí,NA,NA,30,La mayor parte,NA,Sí,2020
52,Sí,Sí,No,Sí,No,Sí,No,Sí,NA,NA,Sí,No,120,Toda,NA,Sí,2020
36,Sí,Sí,No,No,No,Sí,No,Sí,NA,NA,NA,NA,50,Toda,NA,Sí,2020
43,No,No,No,No,No,No,NA,NA,NA,NA,NA,NA,0,NA,Falta de tiempo,No,2020
18,No,No,No,No,No,No,NA,NA,NA,NA,NA,NA,0,NA,Falta de interés/gusto,No,2020
25,No,No,No,No,No,No,NA,NA,NA,NA,NA,NA,0,NA,Falta de tiempo,No,2020
53,No,No,No,No,No,No,NA,NA,NA,NA,NA,NA,0,NA,Falta de interés/gusto,No,2020
18,Sí,No,No,No,No,Sí,NA,NA,NA,NA,NA,NA,20,Toda,NA,Sí,2020
46,No,No,No,No,No,Sí,NA,NA,NA,NA,NA,NA,30,La mayor parte,NA,No,2020
42,No,No,No,No,No,No,NA,NA,NA,NA,NA,NA,0,NA,Falta de tiempo,No,2020
55,Sí,Sí,Sí,Sí,No,Sí,No,Sí,No,Sí,No,Sí,25,Toda,NA,Sí,2020
56,Sí,Sí,Sí,No,No,No,No,Sí,No,Sí,NA,NA,15,La mayor parte,NA,Sí,2020
20,Sí,Sí,Sí,No,No,Sí,No,Sí,No,Sí,NA,NA,20,Toda,NA,Sí,2020
46,No,No,No,No,No,No,NA,NA,NA,NA,NA,NA,0,NA,Prefiere otras actividades,Sí,2020
23,No,No,Sí,No,No,No,NA,NA,No,Sí,NA,NA,30,Poca,NA,No,2020
73,No,No,No,No,No,No,NA,NA,NA,NA,NA,NA,0,NA,Problemas de salud,No,2020
42,No,No,Sí,Sí,No,No,NA,NA,No,Sí,No,Sí,20,La mitad,NA,Sí,2020
80,No,No,No,No,No,No,NA,NA,NA,NA,NA,NA,0,NA,Problemas de salud,No,2020
55,No,Sí,Sí,No,No,Sí,No,Sí,No,Sí,NA,NA,30,La mitad,NA,Sí,2020
18,No,No,No,Sí,No,Sí,NA,NA,NA,NA,No,Sí,30,La mitad,NA,Sí,2020
33,Sí,Sí,No,No,No,No,No,Sí,NA,NA,NA,NA,30,La mitad,NA,Sí,2020
39,Sí,No,No,Sí,Sí,No,NA,NA,NA,NA,No,Sí,20,La mayor parte,NA,Sí,2020
20,Sí,Sí,Sí,Sí,No,Sí,No,Sí,No,Sí,No,Sí,30,Toda,NA,Sí,2020
43,No,No,No,No,No,No,NA,NA,NA,NA,NA,NA,0,NA,Falta de interés/gusto,No recuerda,2020
45,No,No,Sí,No,No,No,NA,NA,No,Sí,NA,NA,5,Poca,NA,No,2020
47,Sí,Sí,No,No,No,No,No,Sí,NA,NA,NA,NA,40,La mayor parte,NA,Sí,2020
27,No,No,No,No,No,Sí,NA,NA,NA,NA,NA,NA,60,La mayor parte,NA,Sí,2020
50,No,No,No,No,No,No,NA,NA,NA,NA,NA,NA,0,NA,Falta de tiempo,No,2020
26,Sí,No,Sí,No,No,Sí,NA,NA,No,Sí,NA,NA,30,Toda,NA,Sí,2020
45,Sí,Sí,No,No,No,Sí,No,Sí,NA,NA,NA,NA,45,Toda,NA,Sí,2020
24,Sí,Sí,No,No,No,Sí,No,Sí,NA,NA,NA,NA,60,La mayor parte,NA,Sí,2020
20,Sí,Sí,Sí,No,No,Sí,No,Sí,Sí,No,NA,NA,90,La mayor parte,NA,Sí,2020
21,No,No,No,No,No,No,NA,NA,NA,NA,NA,NA,0,NA,Falta de tiempo,Sí,2020
48,No,No,No,No,No,No,NA,NA,NA,NA,NA,NA,0,NA,Falta de tiempo,Sí,2020
39,Sí,No,No,No,No,Sí,NA,NA,NA,NA,NA,NA,30,Toda,NA,Sí,2020
65,No,No,Sí,No,No,No,NA,NA,No,Sí,NA,NA,10,La mayor parte,NA,No,2020
54,Sí,No,No,Sí,No,Sí,NA,NA,NA,NA,No,Sí,20,La mayor parte,NA,No,2020
37,No,No,No,No,No,No,NA,NA,NA,NA,NA,NA,0,NA,Falta de interés/gusto,No,2020
29,Sí,Sí,No,No,No,Sí,No,Sí,NA,NA,NA,NA,45,Toda,NA,Sí,2020
39,Sí,Sí,No,No,No,Sí,No,Sí,NA,NA,NA,NA,120,Toda,NA,Sí,2020
44,Sí,Sí,No,No,No,No,No,Sí,NA,NA,NA,NA,60,Toda,NA,No,2020
41,No,No,Sí,No,No,No,NA,NA,No,Sí,NA,NA,10,La mayor parte,NA,Sí,2020
27,No,No,No,No,No,No,NA,NA,NA,NA,NA,NA,0,NA,Falta de interés/gusto,No,2020
66,Sí,No,Sí,No,No,No,NA,NA,No,Sí,NA,NA,20,La mayor parte,NA,Sí,2020
57,No,No,Sí,No,No,No,NA,NA,No,Sí,NA,NA,5,Poca,NA,No,2020
27,Sí,Sí,Sí,Sí,No,Sí,No,Sí,No,Sí,No,Sí,25,La mitad,NA,Sí,2020
56,No,No,No,No,No,No,NA,NA,NA,NA,NA,NA,0,NA,Falta de tiempo,No,2020
74,Sí,Sí,Sí,No,No,No,No,Sí,No,Sí,NA,NA,20,La mitad,NA,No,2020
43,No,No,No,No,No,No,NA,NA,NA,NA,NA,NA,0,NA,Falta de interés/gusto,No,2020
53,No,No,No,No,No,No,NA,NA,NA,NA,NA,NA,0,NA,Falta de interés/gusto,No,2020
39,No,No,No,No,No,Sí,NA,NA,NA,NA,NA,NA,45,Toda,NA,No,2020
28,Sí,Sí,No,No,No,Sí,No,Sí,NA,NA,NA,NA,30,Toda,NA,Sí,2020
29,No,No,No,No,No,Sí,NA,NA,NA,NA,NA,NA,30,Toda,NA,Sí,2020
44,Sí,Sí,No,No,No,No,No,Sí,NA,NA,NA,NA,20,La mayor parte,NA,No,2020
61,No,No,Sí,No,No,No,NA,NA,No,Sí,NA,NA,10,La mayor parte,NA,Sí,2020
75,No,No,No,No,No,No,NA,NA,NA,NA,NA,NA,0,NA,Problemas de salud,Sí,2020
52,Sí,Sí,No,No,No,Sí,No,Sí,NA,NA,NA,NA,25,La mayor parte,NA,Sí,2020
51,Sí,Sí,No,No,No,Sí,No,Sí,NA,NA,NA,NA,60,Toda,NA,No,2020
23,Sí,No,No,No,No,Sí,NA,NA,NA,NA,NA,NA,10,Toda,NA,Sí,2020
23,No,Sí,No,No,No,No,No,Sí,NA,NA,NA,NA,20,La mayor parte,NA,Sí,2020
80,Sí,Sí,Sí,No,No,No,No,Sí,No,Sí,NA,NA,240,Toda,NA,No,2020
60,No,No,No,No,No,No,NA,NA,NA,NA,NA,NA,0,NA,Prefiere otras actividades,No,2020
35,No,No,No,No,No,No,NA,NA,NA,NA,NA,NA,0,NA,Falta de tiempo,No,2020
24,No,No,No,No,No,No,NA,NA,NA,NA,NA,NA,0,NA,Falta de tiempo,No,2020
49,No,No,No,No,No,No,NA,NA,NA,NA,NA,NA,0,NA,Falta de interés/gusto,No,2020
61,No,No,Sí,Sí,No,Sí,NA,NA,No,Sí,No,Sí,30,La mayor parte,NA,Sí,2020
23,Sí,Sí,Sí,Sí,No,Sí,No,Sí,No,Sí,No,Sí,90,La mayor parte,NA,Sí,2020
18,Sí,No,No,No,No,Sí,NA,NA,NA,NA,NA,NA,30,La mitad,NA,Sí,2020
48,Sí,Sí,No,Sí,No,Sí,Sí,No,NA,NA,No,Sí,40,La mayor parte,NA,Sí,2020
23,No,No,No,No,No,No,NA,NA,NA,NA,NA,NA,0,NA,Prefiere otras actividades,Sí,2020
84,No,No,No,No,No,No,NA,NA,NA,NA,NA,NA,0,NA,Problemas de salud,No recuerda,2020
33,Sí,Sí,No,No,No,Sí,No,Sí,NA,NA,NA,NA,30,Toda,NA,Sí,2020
71,Sí,No,Sí,No,No,No,NA,NA,No,Sí,NA,NA,30,Poca,NA,No,2020
44,Sí,Sí,No,No,No,No,No,Sí,NA,NA,NA,NA,15,La mayor parte,NA,Sí,2020
54,Sí,Sí,No,No,No,No,No,Sí,NA,NA,NA,NA,30,La mayor parte,NA,No,2020
62,No,No,No,No,No,No,NA,NA,NA,NA,NA,NA,0,NA,Problemas de salud,No,2020
72,Sí,Sí,No,No,No,No,No,Sí,NA,NA,NA,NA,90,La mayor parte,NA,No,2020
49,Sí,Sí,Sí,No,No,No,No,Sí,No,Sí,NA,NA,60,La mayor parte,NA,Sí,2020
30,Sí,Sí,No,No,No,No,No,Sí,NA,NA,NA,NA,60,Toda,NA,Sí,2020
62,No,No,No,Sí,No,No,NA,NA,NA,NA,No,Sí,20,Poca,NA,No,2020
65,Sí,Sí,Sí,Sí,No,No,No,Sí,No,Sí,No,Sí,60,La mayor parte,NA,No,2020
67,Sí,No,No,Sí,No,No,NA,NA,NA,NA,No,Sí,20,La mitad,NA,No,2020
38,Sí,Sí,Sí,No,No,Sí,No,Sí,No,Sí,NA,NA,30,La mayor parte,NA,No recuerda,2020
38,Sí,Sí,No,No,No,Sí,No,Sí,NA,NA,NA,NA,60,Toda,NA,Sí,2020
32,Sí,No,Sí,No,Sí,Sí,NA,NA,No,Sí,NA,NA,30,La mayor parte,NA,Sí,2020
64,Sí,Sí,No,No,No,Sí,No,Sí,NA,NA,NA,NA,60,Poca,NA,No,2020
54,NA,NA,NA,NA,NA,NA,NA,NA,NA,NA,NA,NA,0,NA,NA,NA,2020
35,No,No,No,No,No,No,NA,NA,NA,NA,NA,NA,0,NA,Falta de tiempo,No,2020
50,Sí,Sí,No,No,No,No,Sí,Sí,NA,NA,NA,NA,60,La mayor parte,NA,Sí,2020
61,Sí,No,No,Sí,No,No,NA,NA,NA,NA,No,Sí,60,Toda,NA,No,2020
41,Sí,Sí,No,No,No,Sí,Sí,Sí,NA,NA,NA,NA,90,La mayor parte,NA,Sí,2020
26,Sí,No,No,Sí,No,Sí,NA,NA,NA,NA,No,Sí,30,La mayor parte,NA,Sí,2020
18,Sí,Sí,Sí,Sí,No,No,No,Sí,No,Sí,No,Sí,15,Poca,NA,Sí,2020
28,Sí,No,Sí,No,No,Sí,NA,NA,No,Sí,NA,NA,30,La mitad,NA,No,2020
19,Sí,No,Sí,No,No,No,NA,NA,No,Sí,NA,NA,20,La mitad,NA,No,2020
43,Sí,Sí,No,No,No,Sí,No,Sí,NA,NA,NA,NA,30,La mitad,NA,No,2020
77,Sí,No,No,Sí,No,No,NA,NA,NA,NA,No,Sí,30,Poca,NA,No,2020
34,Sí,No,Sí,No,No,No,NA,NA,No,Sí,NA,NA,15,Toda,NA,No,2020
45,Sí,Sí,No,No,No,No,No,Sí,NA,NA,NA,NA,15,Poca,NA,No,2020
33,Sí,Sí,Sí,No,Sí,Sí,No,Sí,No,Sí,NA,NA,40,Toda,NA,No,2020
53,No,No,No,No,No,No,NA,NA,NA,NA,NA,NA,0,NA,Falta de dinero,Sí,2020
52,Sí,Sí,No,Sí,No,No,No,Sí,NA,NA,No,Sí,30,La mayor parte,NA,No,2020
43,Sí,Sí,No,Sí,No,No,No,Sí,NA,NA,No,Sí,180,La mitad,NA,Sí,2020
78,Sí,Sí,No,Sí,No,No,No,Sí,NA,NA,No,Sí,60,Poca,NA,No,2020
42,Sí,Sí,No,No,No,Sí,No,Sí,NA,NA,NA,NA,60,Toda,NA,Sí,2020
41,Sí,Sí,No,No,No,No,No,Sí,NA,NA,NA,NA,30,La mayor parte,NA,Sí,2020
45,Sí,Sí,No,Sí,No,Sí,No,Sí,NA,NA,No,Sí,60,Toda,NA,Sí,2020
21,Sí,Sí,No,No,No,Sí,Sí,No,NA,NA,NA,NA,60,Toda,NA,Sí,2020
44,Sí,Sí,No,No,No,No,No,Sí,NA,NA,NA,NA,120,Toda,NA,Sí,2020
61,Sí,No,Sí,No,No,No,NA,NA,No,Sí,NA,NA,10,Toda,NA,Sí,2020
58,Sí,Sí,No,No,No,Sí,No,Sí,NA,NA,NA,NA,30,La mayor parte,NA,No,2020
33,Sí,Sí,Sí,Sí,Sí,Sí,No,Sí,No,Sí,No,Sí,30,La mayor parte,NA,Sí,2020
76,Sí,No,Sí,No,No,No,NA,NA,No,Sí,NA,NA,30,Toda,NA,No,2020
21,No,No,Sí,Sí,No,Sí,NA,NA,No,Sí,No,Sí,60,La mayor parte,NA,No,2020
33,No,Sí,No,No,No,No,Sí,No,NA,NA,NA,NA,120,La mayor parte,NA,No,2020
18,Sí,No,Sí,No,Sí,No,NA,NA,No,Sí,NA,NA,45,La mayor parte,NA,Sí,2020
48,No,No,No,No,No,No,NA,NA,NA,NA,NA,NA,0,NA,Falta de tiempo,No,2020
34,No,No,No,No,No,No,NA,NA,NA,NA,NA,NA,0,NA,Prefiere otras actividades,No,2020
54,No,Sí,No,No,No,Sí,Sí,Sí,NA,NA,NA,NA,60,La mayor parte,NA,Sí,2020
44,Sí,Sí,Sí,Sí,No,Sí,No,Sí,Sí,Sí,Sí,No,20,La mayor parte,NA,No,2020
34,Sí,No,Sí,No,No,No,NA,NA,No,Sí,NA,NA,30,La mayor parte,NA,Sí,2020
27,Sí,No,Sí,No,No,Sí,NA,NA,No,Sí,NA,NA,20,La mayor parte,NA,Sí,2020
44,Sí,No,Sí,No,No,No,NA,NA,No,Sí,NA,NA,20,Toda,NA,Sí,2020
28,Sí,Sí,Sí,No,No,No,No,Sí,No,Sí,NA,NA,40,Toda,NA,Sí,2020
45,Sí,Sí,No,No,No,No,No,Sí,NA,NA,NA,NA,60,Toda,NA,Sí,2020
20,No,No,No,No,No,No,NA,NA,NA,NA,NA,NA,0,NA,Falta de interés/gusto,Sí,2020
49,No,No,No,No,No,No,NA,NA,NA,NA,NA,NA,0,NA,Falta de tiempo,Sí,2020
51,Sí,No,No,Sí,No,No,NA,NA,NA,NA,No,Sí,30,La mayor parte,NA,No,2020
55,Sí,Sí,No,No,No,Sí,Sí,No,NA,NA,NA,NA,120,La mayor parte,NA,Sí,2020
22,Sí,No,Sí,Sí,No,Sí,NA,NA,No,Sí,No,Sí,45,La mayor parte,NA,Sí,2020
36,Sí,No,No,Sí,No,No,NA,NA,NA,NA,No,Sí,50,La mayor parte,NA,No,2020
31,No,No,No,Sí,No,No,NA,NA,NA,NA,No,Sí,15,La mayor parte,NA,Sí,2020
32,Sí,Sí,No,No,No,Sí,Sí,No,NA,NA,NA,NA,40,La mayor parte,NA,Sí,2020
26,Sí,Sí,Sí,No,No,Sí,No,Sí,No,Sí,NA,NA,60,La mayor parte,NA,Sí,2020
42,Sí,No,Sí,Sí,No,No,NA,NA,No,Sí,No,Sí,20,La mitad,NA,Sí,2020
33,Sí,Sí,No,Sí,No,No,No,Sí,NA,NA,No,Sí,30,La mitad,NA,No,2020
75,Sí,Sí,No,No,No,No,No,Sí,NA,NA,NA,NA,180,La mayor parte,NA,No,2020
41,Sí,No,No,No,No,Sí,NA,NA,NA,NA,NA,NA,60,La mayor parte,NA,Sí,2020
31,No,No,No,No,No,No,NA,NA,NA,NA,NA,NA,0,NA,Falta de tiempo,No,2020
43,Sí,No,No,Sí,No,Sí,NA,NA,NA,NA,No,Sí,10,Toda,NA,Sí,2020
70,Sí,No,Sí,Sí,No,No,NA,NA,No,Sí,No,Sí,30,Toda,NA,Sí,2020
43,Sí,Sí,No,No,No,No,No,Sí,NA,NA,NA,NA,35,La mayor parte,NA,Sí,2020
45,Sí,Sí,No,No,No,No,No,Sí,NA,NA,NA,NA,20,Toda,NA,Sí,2020
51,Sí,Sí,Sí,Sí,No,Sí,Sí,Sí,Sí,Sí,Sí,Sí,30,La mayor parte,NA,Sí,2020
30,Sí,No,No,Sí,No,No,NA,NA,NA,NA,No,Sí,15,La mayor parte,NA,No,2020
25,Sí,Sí,No,No,No,Sí,No,Sí,NA,NA,NA,NA,30,La mayor parte,NA,Sí,2020
64,No,No,No,No,No,No,NA,NA,NA,NA,NA,NA,0,NA,Falta de tiempo,No,2020
48,Sí,No,Sí,No,No,No,NA,NA,No,Sí,NA,NA,20,Poca,NA,No,2020
68,Sí,Sí,No,No,No,Sí,No,Sí,NA,NA,NA,NA,120,La mayor parte,NA,Sí,2020
42,No,No,No,No,No,No,NA,NA,NA,NA,NA,NA,0,NA,Falta de interés/gusto,No,2020
35,Sí,Sí,No,Sí,No,No,No,Sí,NA,NA,No,Sí,45,La mayor parte,NA,No,2020
71,No,No,No,No,No,No,NA,NA,NA,NA,NA,NA,0,NA,Falta de tiempo,No,2020
49,No,Sí,No,No,No,No,No,Sí,NA,NA,NA,NA,45,La mayor parte,NA,Sí,2020
52,Sí,Sí,Sí,Sí,No,No,No,Sí,No,Sí,No,Sí,60,La mayor parte,NA,Sí,2020
39,Sí,Sí,No,Sí,No,No,No,Sí,NA,NA,No,Sí,30,La mayor parte,NA,Sí,2020
80,NA,NA,NA,NA,NA,NA,NA,NA,NA,NA,NA,NA,0,NA,NA,NA,2020
61,Sí,Sí,No,No,No,No,No,Sí,NA,NA,NA,NA,20,Poca,NA,No,2020
24,Sí,Sí,Sí,No,No,No,No,Sí,No,Sí,NA,NA,20,La mitad,NA,No,2020
34,Sí,Sí,No,No,No,Sí,No,Sí,NA,NA,NA,NA,20,La mitad,NA,No,2020
54,Sí,Sí,No,Sí,No,No,No,Sí,NA,NA,No,Sí,20,Poca,NA,No,2020
55,Sí,No,No,Sí,No,No,NA,NA,NA,NA,No,Sí,20,La mitad,NA,No,2020
68,Sí,No,Sí,Sí,No,Sí,NA,NA,No,Sí,No,Sí,30,La mayor parte,NA,Sí,2020
49,Sí,Sí,No,No,No,Sí,No,Sí,NA,NA,NA,NA,40,La mayor parte,NA,No,2020
58,Sí,No,No,No,No,Sí,NA,NA,NA,NA,NA,NA,60,La mitad,NA,No,2020
23,Sí,Sí,No,No,Sí,Sí,No,Sí,NA,NA,NA,NA,20,La mayor parte,NA,Sí,2020
74,Sí,Sí,No,No,No,Sí,No,Sí,NA,NA,NA,NA,60,Toda,NA,Sí,2020
39,Sí,Sí,Sí,No,Sí,Sí,No,Sí,Sí,Sí,NA,NA,60,La mayor parte,NA,Sí,2020
52,No,No,No,No,No,No,NA,NA,NA,NA,NA,NA,0,NA,Falta de interés/gusto,No,2020
40,Sí,No,Sí,No,No,Sí,NA,NA,Sí,Sí,NA,NA,30,La mayor parte,NA,No,2020
55,No,No,No,No,No,No,NA,NA,NA,NA,NA,NA,0,NA,Falta de tiempo,No,2020
46,Sí,Sí,No,No,No,No,No,Sí,NA,NA,NA,NA,60,La mitad,NA,Sí,2020
73,No,No,No,No,No,No,NA,NA,NA,NA,NA,NA,0,NA,Problemas de salud,No,2020
38,No,No,No,No,No,No,NA,NA,NA,NA,NA,NA,0,NA,Falta de tiempo,Sí,2020
26,No,No,No,No,No,No,NA,NA,NA,NA,NA,NA,0,NA,Falta de tiempo,Sí,2020
68,No,No,No,No,No,No,NA,NA,NA,NA,NA,NA,0,NA,Problemas de salud,No,2020
21,Sí,Sí,No,No,No,No,No,Sí,NA,NA,NA,NA,45,La mayor parte,NA,Sí,2020
40,No,No,No,No,No,No,NA,NA,NA,NA,NA,NA,0,NA,Falta de interés/gusto,No,2020
65,NA,NA,NA,NA,NA,NA,NA,NA,NA,NA,NA,NA,0,NA,NA,NA,2020
47,Sí,Sí,No,No,No,No,No,Sí,NA,NA,NA,NA,60,La mayor parte,NA,No,2020
29,No,No,No,No,No,No,NA,NA,NA,NA,NA,NA,0,NA,Falta de tiempo,No,2020
34,No,No,No,No,No,No,NA,NA,NA,NA,NA,NA,0,NA,Falta de interés/gusto,No,2020
94,NA,NA,NA,NA,NA,NA,NA,NA,NA,NA,NA,NA,0,NA,NA,NA,2020
48,Sí,No,Sí,No,No,No,NA,NA,No,Sí,NA,NA,30,La mitad,NA,No,2020
46,Sí,Sí,Sí,No,No,No,No,Sí,No,Sí,NA,NA,60,La mayor parte,NA,No,2020
35,Sí,Sí,No,No,No,No,No,Sí,NA,NA,NA,NA,45,La mayor parte,NA,No,2020
60,No,No,No,No,No,No,NA,NA,NA,NA,NA,NA,0,NA,Problemas de salud,No recuerda,2020
35,No,No,No,No,No,No,NA,NA,NA,NA,NA,NA,0,NA,Falta de tiempo,No,2020
72,NA,NA,NA,NA,NA,NA,NA,NA,NA,NA,NA,NA,0,NA,NA,NA,2020
55,Sí,No,No,Sí,No,No,NA,NA,NA,NA,No,Sí,60,Toda,NA,Sí,2020
53,Sí,Sí,Sí,No,No,Sí,No,Sí,No,Sí,NA,NA,45,La mayor parte,NA,No,2020
38,Sí,Sí,No,No,No,No,No,Sí,NA,NA,NA,NA,120,La mayor parte,NA,Sí,2020
45,No,No,No,No,No,No,NA,NA,NA,NA,NA,NA,0,NA,Prefiere otras actividades,Sí,2020
60,Sí,Sí,No,Sí,No,No,No,Sí,NA,NA,No,Sí,25,La mitad,NA,No,2020
34,No,No,No,No,No,No,NA,NA,NA,NA,NA,NA,0,NA,Falta de interés/gusto,No,2020
41,No,No,No,No,No,No,NA,NA,NA,NA,NA,NA,0,NA,Falta de tiempo,No,2020
46,No,No,No,No,No,No,NA,NA,NA,NA,NA,NA,0,NA,Falta de tiempo,No,2020
60,Sí,No,No,Sí,No,No,NA,NA,NA,NA,No,Sí,20,La mayor parte,NA,No,2020
36,Sí,No,No,Sí,No,No,NA,NA,NA,NA,No,Sí,20,La mayor parte,NA,No,2020
37,No,No,No,No,No,No,NA,NA,NA,NA,NA,NA,0,NA,Falta de tiempo,Sí,2020
29,No,No,No,No,No,No,NA,NA,NA,NA,NA,NA,0,NA,Falta de interés/gusto,Sí,2020
25,No,No,No,No,No,No,NA,NA,NA,NA,NA,NA,0,NA,Falta de tiempo,Sí,2020
23,Sí,Sí,No,Sí,No,Sí,No,Sí,NA,NA,No,Sí,120,Toda,NA,Sí,2020
75,Sí,Sí,No,No,No,No,No,Sí,NA,NA,NA,NA,30,Toda,NA,Sí,2020
40,Sí,Sí,No,No,No,Sí,No,Sí,NA,NA,NA,NA,60,Toda,NA,Sí,2020
19,Sí,Sí,Sí,No,Sí,Sí,No,Sí,No,Sí,NA,NA,30,La mayor parte,NA,Sí,2020
34,Sí,Sí,Sí,No,No,No,No,Sí,No,Sí,NA,NA,120,La mayor parte,NA,Sí,2020
81,Sí,No,No,Sí,No,No,NA,NA,NA,NA,No,Sí,30,La mayor parte,NA,No,2020
44,Sí,No,Sí,Sí,No,No,NA,NA,No,Sí,No,Sí,25,Toda,NA,Sí,2020
70,Sí,Sí,Sí,No,No,No,No,Sí,No,Sí,NA,NA,30,La mitad,NA,Sí,2020
21,Sí,Sí,Sí,No,No,Sí,Sí,No,Sí,No,NA,NA,120,La mayor parte,NA,Sí,2020
31,Sí,Sí,Sí,No,No,Sí,No,Sí,No,Sí,NA,NA,60,La mayor parte,NA,Sí,2020
38,Sí,Sí,Sí,Sí,No,Sí,No,Sí,No,Sí,No,Sí,60,Toda,NA,Sí,2020
38,Sí,Sí,Sí,No,Sí,No,No,Sí,No,Sí,NA,NA,20,Toda,NA,Sí,2020
70,Sí,Sí,Sí,Sí,No,Sí,No,Sí,No,Sí,No,Sí,120,La mitad,NA,Sí,2020
20,Sí,Sí,No,Sí,No,Sí,No,Sí,NA,NA,No,Sí,60,La mayor parte,NA,Sí,2020
59,Sí,No,No,No,No,No,NA,NA,NA,NA,NA,NA,0,NA,Falta de tiempo,No,2020
29,Sí,Sí,Sí,No,No,Sí,No,Sí,No,Sí,NA,NA,30,Toda,NA,Sí,2020
61,No,No,No,No,No,No,NA,NA,NA,NA,NA,NA,0,NA,Problemas de salud,No,2020
46,Sí,Sí,No,No,No,No,No,Sí,NA,NA,NA,NA,30,La mayor parte,NA,Sí,2020
19,Sí,No,Sí,No,No,Sí,NA,NA,Sí,No,NA,NA,60,Poca,NA,Sí,2020
20,Sí,Sí,Sí,Sí,No,No,Sí,No,No,Sí,No,Sí,30,La mayor parte,NA,Sí,2020
26,No,No,No,No,No,No,NA,NA,NA,NA,NA,NA,0,NA,Prefiere otras actividades,Sí,2020
21,Sí,Sí,No,No,No,Sí,No,Sí,NA,NA,NA,NA,60,La mayor parte,NA,Sí,2020
34,No,No,No,No,No,No,NA,NA,NA,NA,NA,NA,0,NA,Falta de interés/gusto,No,2020
64,Sí,No,No,No,No,No,NA,NA,NA,NA,NA,NA,0,NA,Falta de tiempo,Sí,2020
72,No,No,No,No,No,No,NA,NA,NA,NA,NA,NA,0,NA,Falta de interés/gusto,No,2020
43,Sí,Sí,No,No,No,Sí,No,Sí,NA,NA,NA,NA,90,La mayor parte,NA,Sí,2020
44,Sí,No,No,Sí,No,No,NA,NA,NA,NA,No,Sí,30,La mitad,NA,Sí,2020
31,Sí,Sí,Sí,No,No,Sí,No,Sí,No,Sí,NA,NA,30,Toda,NA,Sí,2020
34,Sí,Sí,No,No,No,Sí,No,Sí,NA,NA,NA,NA,60,La mayor parte,NA,Sí,2020
70,Sí,Sí,Sí,Sí,No,No,No,Sí,No,Sí,No,Sí,90,La mayor parte,NA,Sí,2020
26,Sí,Sí,No,No,No,Sí,No,Sí,NA,NA,NA,NA,30,Toda,NA,Sí,2020
69,No,No,No,No,No,No,NA,NA,NA,NA,NA,NA,0,NA,Falta de tiempo,No,2020
51,Sí,Sí,No,No,No,Sí,No,Sí,NA,NA,NA,NA,30,Toda,NA,Sí,2020
19,Sí,Sí,No,No,No,Sí,No,Sí,NA,NA,NA,NA,30,Toda,NA,Sí,2020
21,Sí,Sí,No,No,No,Sí,No,Sí,NA,NA,NA,NA,60,La mayor parte,NA,Sí,2020
84,Sí,No,No,No,No,No,NA,NA,NA,NA,NA,NA,0,NA,Falta de interés/gusto,No,2020
53,No,No,No,No,No,No,NA,NA,NA,NA,NA,NA,0,NA,Falta de tiempo,Sí,2020
92,NA,NA,NA,NA,NA,NA,NA,NA,NA,NA,NA,NA,0,NA,NA,NA,2020
59,Sí,Sí,No,Sí,No,No,No,Sí,NA,NA,No,Sí,15,La mayor parte,NA,No,2020
27,No,Sí,No,No,No,Sí,No,Sí,NA,NA,NA,NA,20,La mayor parte,NA,Sí,2020
54,No,No,No,No,No,No,NA,NA,NA,NA,NA,NA,0,NA,Falta de interés/gusto,No,2020
55,No,No,No,No,No,No,NA,NA,NA,NA,NA,NA,0,NA,Falta de tiempo,Sí,2020
19,No,No,Sí,No,No,Sí,NA,NA,Sí,No,NA,NA,30,Poca,NA,Sí,2020
58,Sí,Sí,No,Sí,No,No,No,Sí,NA,NA,No,Sí,30,La mitad,NA,No,2020
45,Sí,Sí,No,No,No,No,No,Sí,NA,NA,NA,NA,15,Poca,NA,No,2020
19,No,Sí,No,No,Sí,No,No,Sí,NA,NA,NA,NA,30,La mitad,NA,Sí,2020
66,NA,NA,NA,NA,NA,NA,NA,NA,NA,NA,NA,NA,0,NA,NA,NA,2020
21,Sí,No,No,Sí,No,No,NA,NA,NA,NA,No,Sí,30,Toda,NA,No,2020
62,Sí,Sí,No,No,No,No,No,Sí,NA,NA,NA,NA,30,La mitad,NA,No,2020
29,Sí,No,No,No,No,Sí,NA,NA,NA,NA,NA,NA,30,La mitad,NA,No,2020
32,Sí,Sí,Sí,Sí,No,Sí,Sí,No,No,Sí,No,Sí,20,Toda,NA,No,2020
19,No,No,No,Sí,No,No,NA,NA,NA,NA,No,Sí,30,Poca,NA,Sí,2020
22,Sí,Sí,No,No,No,Sí,No,Sí,NA,NA,NA,NA,60,La mayor parte,NA,Sí,2020
60,Sí,Sí,No,No,No,No,No,Sí,NA,NA,NA,NA,60,La mitad,NA,No,2020
25,No,No,No,Sí,No,No,NA,NA,NA,NA,No,Sí,15,La mayor parte,NA,Sí,2020
51,Sí,Sí,No,Sí,Sí,No,No,Sí,NA,NA,No,Sí,30,La mayor parte,NA,No,2020
59,Sí,Sí,No,Sí,No,Sí,No,Sí,NA,NA,No,Sí,30,La mitad,NA,Sí,2020
80,Sí,Sí,Sí,No,No,No,No,Sí,No,Sí,NA,NA,10,La mitad,NA,No,2020
67,Sí,Sí,No,Sí,No,No,No,Sí,NA,NA,No,Sí,30,Poca,NA,No,2020
78,Sí,Sí,No,Sí,No,Sí,Sí,No,NA,NA,Sí,No,60,Toda,NA,Sí,2020
44,Sí,Sí,Sí,Sí,No,Sí,No,Sí,Sí,No,Sí,No,60,La mayor parte,NA,Sí,2020
20,No,No,Sí,No,No,Sí,NA,NA,No,Sí,NA,NA,20,La mitad,NA,Sí,2020
28,Sí,Sí,No,Sí,No,Sí,No,Sí,NA,NA,Sí,No,180,La mayor parte,NA,Sí,2020
57,Sí,Sí,No,No,No,Sí,No,Sí,NA,NA,NA,NA,30,Toda,NA,Sí,2020
64,NA,NA,NA,NA,NA,NA,NA,NA,NA,NA,NA,NA,0,NA,NA,NA,2020
21,Sí,Sí,No,Sí,No,Sí,No,Sí,NA,NA,Sí,No,20,Toda,NA,Sí,2020
40,NA,NA,NA,NA,NA,NA,NA,NA,NA,NA,NA,NA,0,NA,NA,NA,2020
30,No,No,Sí,Sí,No,No,NA,NA,No,Sí,No,Sí,20,La mitad,NA,No,2020
40,Sí,Sí,No,Sí,Sí,No,No,Sí,NA,NA,No,Sí,30,La mayor parte,NA,No,2020
29,Sí,No,Sí,No,No,Sí,NA,NA,No,Sí,NA,NA,20,La mayor parte,NA,Sí,2020
25,Sí,No,Sí,No,Sí,Sí,NA,NA,Sí,No,NA,NA,50,La mayor parte,NA,Sí,2020
55,Sí,Sí,Sí,Sí,Sí,Sí,No,Sí,No,Sí,No,Sí,20,La mayor parte,NA,Sí,2020
77,Sí,Sí,Sí,No,No,No,Sí,No,Sí,No,NA,NA,60,La mayor parte,NA,No,2020
49,Sí,Sí,No,No,No,No,No,Sí,NA,NA,NA,NA,30,La mayor parte,NA,No,2020
31,Sí,Sí,No,No,No,No,Sí,No,NA,NA,NA,NA,40,La mayor parte,NA,Sí,2020
43,Sí,Sí,No,No,No,Sí,No,Sí,NA,NA,NA,NA,20,La mitad,NA,Sí,2020
76,Sí,Sí,No,No,No,No,No,Sí,NA,NA,NA,NA,60,La mitad,NA,No,2020
30,Sí,Sí,Sí,No,No,Sí,No,Sí,No,Sí,NA,NA,60,La mayor parte,NA,Sí,2020
31,Sí,No,Sí,No,No,No,NA,NA,No,Sí,NA,NA,20,La mayor parte,NA,Sí,2020
70,Sí,Sí,No,No,No,No,No,Sí,NA,NA,NA,NA,45,Toda,NA,Sí,2020
27,Sí,Sí,No,No,No,Sí,No,Sí,NA,NA,NA,NA,30,Toda,NA,Sí,2020
52,Sí,Sí,No,No,No,Sí,No,Sí,NA,NA,NA,NA,40,La mayor parte,NA,No,2020
74,Sí,Sí,No,No,No,No,No,Sí,NA,NA,NA,NA,30,Toda,NA,Sí,2020
34,Sí,Sí,Sí,Sí,Sí,No,Sí,No,No,Sí,No,Sí,30,La mayor parte,NA,Sí,2020
83,Sí,Sí,Sí,Sí,No,No,No,Sí,No,Sí,No,Sí,120,La mayor parte,NA,Sí,2020
40,Sí,No,Sí,No,No,Sí,NA,NA,No,Sí,NA,NA,15,La mayor parte,NA,Sí,2020
19,Sí,Sí,Sí,No,No,Sí,No,Sí,No,Sí,NA,NA,40,La mayor parte,NA,Sí,2020
70,Sí,No,No,No,No,No,NA,NA,NA,NA,NA,NA,0,NA,Prefiere otras actividades,No,2020
29,No,No,No,No,No,Sí,NA,NA,NA,NA,NA,NA,10,La mayor parte,NA,Sí,2020
31,Sí,Sí,Sí,No,No,Sí,No,Sí,No,Sí,NA,NA,10,La mayor parte,NA,No,2020
54,Sí,No,Sí,Sí,No,Sí,NA,NA,Sí,No,No,Sí,25,La mayor parte,NA,Sí,2020
59,No,No,No,No,No,No,NA,NA,NA,NA,NA,NA,0,NA,Falta de tiempo,Sí,2020
38,Sí,Sí,No,No,No,Sí,Sí,No,NA,NA,NA,NA,30,La mayor parte,NA,Sí,2020
25,Sí,Sí,No,No,No,Sí,No,Sí,NA,NA,NA,NA,40,La mayor parte,NA,Sí,2020
19,Sí,Sí,No,No,No,Sí,No,Sí,NA,NA,NA,NA,30,La mayor parte,NA,Sí,2020
64,Sí,No,No,No,No,No,NA,NA,NA,NA,NA,NA,0,NA,Falta de tiempo,No,2020
25,Sí,Sí,Sí,Sí,No,Sí,No,Sí,No,Sí,No,Sí,120,La mayor parte,NA,Sí,2020
22,No,Sí,No,No,No,Sí,No,Sí,NA,NA,NA,NA,25,Toda,NA,Sí,2020
79,Sí,Sí,Sí,Sí,No,No,No,Sí,No,Sí,No,Sí,60,La mitad,NA,Sí,2020
55,No,No,No,No,No,No,NA,NA,NA,NA,NA,NA,0,NA,Problemas de salud,Sí,2020
72,No,No,No,No,No,No,NA,NA,NA,NA,NA,NA,0,NA,Prefiere otras actividades,No,2020
30,Sí,Sí,No,No,No,Sí,No,Sí,NA,NA,NA,NA,90,Toda,NA,No,2020
28,Sí,No,No,No,No,No,NA,NA,NA,NA,NA,NA,0,NA,Falta de tiempo,No,2020
46,Sí,Sí,Sí,No,No,Sí,No,Sí,No,Sí,NA,NA,20,La mayor parte,NA,No,2020
52,Sí,Sí,No,No,No,No,No,Sí,NA,NA,NA,NA,60,La mitad,NA,No,2020
24,Sí,No,Sí,No,No,Sí,NA,NA,Sí,No,NA,NA,10,La mayor parte,NA,No,2020
26,No,No,No,No,No,No,NA,NA,NA,NA,NA,NA,0,NA,Prefiere otras actividades,Sí,2020
38,Sí,No,No,Sí,No,No,NA,NA,NA,NA,No,Sí,5,La mayor parte,NA,Sí,2020
21,Sí,Sí,No,No,Sí,Sí,No,Sí,NA,NA,NA,NA,60,Toda,NA,Sí,2020
40,Sí,Sí,No,Sí,No,Sí,No,Sí,NA,NA,Sí,No,15,La mayor parte,NA,No,2020
61,Sí,Sí,No,Sí,No,Sí,No,Sí,NA,NA,No,Sí,30,La mitad,NA,No,2020
55,Sí,Sí,No,No,No,Sí,No,Sí,NA,NA,NA,NA,40,Poca,NA,No,2020
79,No,No,No,No,No,No,NA,NA,NA,NA,NA,NA,0,NA,Problemas de salud,No,2020
55,NA,NA,NA,NA,NA,NA,NA,NA,NA,NA,NA,NA,0,NA,NA,NA,2020
22,Sí,Sí,No,No,No,Sí,No,Sí,NA,NA,NA,NA,60,Toda,NA,Sí,2020
34,Sí,Sí,No,No,Sí,Sí,No,Sí,NA,NA,NA,NA,20,La mayor parte,NA,No,2020
30,No,Sí,Sí,No,No,Sí,No,Sí,No,Sí,NA,NA,120,Toda,NA,Sí,2020
40,No,No,No,No,No,No,NA,NA,NA,NA,NA,NA,0,NA,Falta de tiempo,No,2020
24,Sí,Sí,No,No,No,Sí,No,Sí,NA,NA,NA,NA,10,La mitad,NA,Sí,2020
22,Sí,Sí,No,No,No,Sí,No,Sí,NA,NA,NA,NA,60,La mayor parte,NA,Sí,2020
20,Sí,Sí,Sí,No,No,Sí,No,Sí,Sí,No,NA,NA,30,La mayor parte,NA,Sí,2020
45,Sí,Sí,No,Sí,No,Sí,No,Sí,NA,NA,No,Sí,20,Toda,NA,Sí,2020
48,No,No,Sí,No,Sí,No,NA,NA,No,Sí,NA,NA,10,Toda,NA,Sí,2020
62,No,No,No,No,No,No,NA,NA,NA,NA,NA,NA,0,NA,Prefiere otras actividades,No,2020
61,No,No,No,No,No,No,NA,NA,NA,NA,NA,NA,0,NA,Problemas de salud,No,2020
65,Sí,No,No,Sí,No,No,NA,NA,NA,NA,No,Sí,20,Toda,NA,Sí,2020
41,Sí,No,No,Sí,No,No,NA,NA,NA,NA,No,Sí,20,La mayor parte,NA,Sí,2020
55,Sí,Sí,No,Sí,No,Sí,No,Sí,NA,NA,No,Sí,30,Toda,NA,Sí,2020
55,Sí,No,No,No,No,No,NA,NA,NA,NA,NA,NA,0,NA,Falta de interés/gusto,No,2020
63,No,No,No,No,No,No,NA,NA,NA,NA,NA,NA,0,NA,Prefiere otras actividades,No,2020
73,NA,NA,NA,NA,NA,NA,NA,NA,NA,NA,NA,NA,0,NA,NA,NA,2020
48,Sí,Sí,Sí,Sí,No,Sí,No,Sí,No,Sí,No,Sí,20,La mayor parte,NA,Sí,2020
49,Sí,Sí,Sí,No,No,No,No,Sí,No,Sí,NA,NA,30,Poca,NA,No,2020
49,Sí,No,No,Sí,No,No,NA,NA,NA,NA,No,Sí,30,La mayor parte,NA,No,2020
39,Sí,Sí,No,No,No,Sí,No,Sí,NA,NA,NA,NA,40,La mayor parte,NA,Sí,2020
19,Sí,Sí,Sí,No,No,No,No,Sí,No,Sí,NA,NA,20,La mitad,NA,No,2020
56,Sí,Sí,Sí,No,No,Sí,No,Sí,No,Sí,NA,NA,60,La mayor parte,NA,No,2020
49,No,No,No,No,No,No,NA,NA,NA,NA,NA,NA,0,NA,Problemas de salud,No,2020
57,Sí,No,No,No,No,No,NA,NA,NA,NA,NA,NA,0,NA,Falta de dinero,Sí,2020
19,Sí,Sí,No,Sí,No,Sí,No,Sí,NA,NA,No,Sí,20,Toda,NA,No,2020
30,Sí,Sí,No,No,No,No,No,Sí,NA,NA,NA,NA,15,La mayor parte,NA,Sí,2020
37,No,No,No,No,No,Sí,NA,NA,NA,NA,NA,NA,5,La mayor parte,NA,Sí,2020
54,Sí,No,Sí,Sí,No,No,NA,NA,Sí,No,No,Sí,90,Toda,NA,No,2020
32,Sí,No,No,No,No,Sí,NA,NA,NA,NA,NA,NA,30,La mayor parte,NA,Sí,2020
44,Sí,Sí,Sí,Sí,No,Sí,No,Sí,No,Sí,Sí,No,60,La mayor parte,NA,Sí,2020
54,No,No,Sí,No,No,Sí,NA,NA,No,Sí,NA,NA,20,La mayor parte,NA,Sí,2020
39,Sí,Sí,No,Sí,No,No,No,Sí,NA,NA,No,Sí,25,La mayor parte,NA,No,2020
44,Sí,Sí,No,No,No,No,No,Sí,NA,NA,NA,NA,60,La mayor parte,NA,Sí,2020
51,Sí,No,Sí,Sí,No,No,NA,NA,No,Sí,No,Sí,20,La mayor parte,NA,No,2020
20,Sí,Sí,Sí,No,No,No,Sí,No,No,Sí,NA,NA,30,Toda,NA,No,2020
19,Sí,Sí,No,No,No,Sí,No,Sí,NA,NA,NA,NA,90,La mayor parte,NA,Sí,2020
58,No,No,No,No,No,No,NA,NA,NA,NA,NA,NA,0,NA,Problemas de salud,No,2020
41,Sí,Sí,Sí,Sí,Sí,Sí,No,Sí,No,Sí,No,Sí,15,La mayor parte,NA,Sí,2020
49,Sí,No,No,No,No,No,NA,NA,NA,NA,NA,NA,0,NA,Prefiere otras actividades,Sí,2020
41,No,No,No,No,No,No,NA,NA,NA,NA,NA,NA,0,NA,Falta de interés/gusto,No,2020
45,NA,NA,NA,NA,NA,NA,NA,NA,NA,NA,NA,NA,0,NA,NA,NA,2020
58,Sí,Sí,No,No,No,No,No,Sí,NA,NA,NA,NA,60,La mayor parte,NA,No,2020
90,NA,NA,NA,NA,NA,NA,NA,NA,NA,NA,NA,NA,0,NA,NA,NA,2020
77,Sí,Sí,No,No,No,No,No,Sí,NA,NA,NA,NA,30,La mitad,NA,No,2020
30,Sí,No,No,Sí,No,No,NA,NA,NA,NA,No,Sí,30,La mitad,NA,Sí,2020
40,Sí,No,Sí,No,No,No,NA,NA,No,Sí,NA,NA,30,La mayor parte,NA,Sí,2020
71,Sí,Sí,Sí,No,No,No,No,Sí,No,Sí,NA,NA,60,La mitad,NA,No,2020
59,Sí,Sí,Sí,Sí,No,Sí,Sí,No,Sí,Sí,Sí,Sí,180,La mayor parte,NA,Sí,2020
48,Sí,No,No,No,No,No,NA,NA,NA,NA,NA,NA,0,NA,Falta de interés/gusto,No,2020
31,Sí,No,No,No,No,No,NA,NA,NA,NA,NA,NA,0,NA,Falta de interés/gusto,No,2020
40,Sí,No,Sí,No,No,Sí,NA,NA,No,Sí,NA,NA,20,La mayor parte,NA,Sí,2020
23,Sí,Sí,Sí,Sí,No,Sí,No,Sí,No,Sí,No,Sí,60,La mayor parte,NA,Sí,2020
77,Sí,No,Sí,No,No,No,NA,NA,No,Sí,NA,NA,10,La mitad,NA,No,2020
27,Sí,No,Sí,No,No,No,NA,NA,No,Sí,NA,NA,15,La mayor parte,NA,Sí,2020
20,Sí,Sí,Sí,No,No,Sí,No,Sí,Sí,No,NA,NA,60,Toda,NA,Sí,2020
56,Sí,No,No,Sí,No,No,NA,NA,NA,NA,No,Sí,15,La mitad,NA,No,2020
43,Sí,No,Sí,No,No,No,NA,NA,No,Sí,NA,NA,30,La mitad,NA,No,2020
52,Sí,No,Sí,No,No,No,NA,NA,No,Sí,NA,NA,60,La mitad,NA,Sí,2020
44,Sí,Sí,Sí,Sí,No,Sí,Sí,Sí,No,Sí,No,Sí,20,Toda,NA,Sí,2020
52,No,No,No,No,No,No,NA,NA,NA,NA,NA,NA,0,NA,Falta de tiempo,Sí,2020
51,Sí,No,No,No,No,No,NA,NA,NA,NA,NA,NA,0,NA,Falta de tiempo,No,2020
72,Sí,No,No,Sí,No,No,NA,NA,NA,NA,No,Sí,30,La mayor parte,NA,No,2020
55,Sí,Sí,Sí,No,No,Sí,No,Sí,No,Sí,NA,NA,30,La mayor parte,NA,Sí,2020
38,Sí,No,Sí,No,No,No,NA,NA,No,Sí,NA,NA,15,La mitad,NA,No,2020
72,Sí,Sí,Sí,No,No,Sí,No,Sí,No,Sí,NA,NA,60,La mayor parte,NA,Sí,2020
65,Sí,Sí,No,No,No,Sí,No,Sí,NA,NA,NA,NA,60,La mayor parte,NA,No,2020
27,No,No,No,No,No,No,NA,NA,NA,NA,NA,NA,0,NA,Falta de tiempo,No,2020
49,Sí,Sí,Sí,Sí,Sí,Sí,No,Sí,No,Sí,No,Sí,30,La mayor parte,NA,Sí,2020
22,No,No,Sí,Sí,No,No,NA,NA,No,Sí,No,Sí,5,La mitad,NA,No,2020
45,Sí,Sí,Sí,No,No,No,No,Sí,No,Sí,NA,NA,20,La mayor parte,NA,No,2020
82,Sí,No,No,Sí,No,No,NA,NA,NA,NA,No,Sí,10,Poca,NA,No,2020
53,Sí,No,Sí,Sí,No,No,NA,NA,No,Sí,No,Sí,30,Toda,NA,Sí,2020
57,Sí,No,Sí,Sí,No,Sí,NA,NA,No,Sí,No,Sí,20,La mayor parte,NA,No,2020
48,Sí,Sí,No,No,No,Sí,No,Sí,NA,NA,NA,NA,60,La mitad,NA,Sí,2020
68,Sí,Sí,No,No,No,No,No,Sí,NA,NA,NA,NA,60,La mitad,NA,No,2020
37,Sí,Sí,Sí,Sí,No,Sí,Sí,No,Sí,No,Sí,No,20,La mitad,NA,No,2020
64,No,No,No,No,No,No,NA,NA,NA,NA,NA,NA,0,NA,Falta de interés/gusto,No,2020
33,Sí,Sí,Sí,No,No,Sí,Sí,No,Sí,No,NA,NA,60,La mitad,NA,Sí,2020
45,Sí,No,No,Sí,No,No,NA,NA,NA,NA,No,Sí,15,Toda,NA,Sí,2020
30,Sí,No,Sí,Sí,Sí,Sí,NA,NA,Sí,No,Sí,No,20,La mayor parte,NA,Sí,2020
35,Sí,No,Sí,No,No,No,NA,NA,No,Sí,NA,NA,10,La mayor parte,NA,Sí,2020
34,No,No,No,No,No,No,NA,NA,NA,NA,NA,NA,0,NA,Falta de interés/gusto,Sí,2020
44,Sí,Sí,Sí,No,No,Sí,No,Sí,No,Sí,NA,NA,20,La mitad,NA,Sí,2020
21,Sí,No,No,Sí,No,No,NA,NA,NA,NA,No,Sí,20,La mayor parte,NA,No,2020
30,No,No,No,No,No,No,NA,NA,NA,NA,NA,NA,0,NA,Falta de tiempo,No,2020
69,No,No,No,No,No,No,NA,NA,NA,NA,NA,NA,0,NA,Problemas de salud,No,2020
31,No,No,No,No,No,No,NA,NA,NA,NA,NA,NA,0,NA,Falta de interés/gusto,No,2020
29,Sí,Sí,No,No,No,Sí,No,Sí,NA,NA,NA,NA,30,La mayor parte,NA,Sí,2020
51,Sí,Sí,Sí,Sí,No,Sí,No,Sí,No,Sí,Sí,No,120,Toda,NA,Sí,2020
63,Sí,Sí,No,Sí,No,No,No,Sí,NA,NA,No,Sí,30,La mayor parte,NA,No,2020
27,Sí,No,No,Sí,No,Sí,NA,NA,NA,NA,No,Sí,20,La mayor parte,NA,Sí,2020
57,Sí,No,No,Sí,No,No,NA,NA,NA,NA,No,Sí,60,La mayor parte,NA,Sí,2020
47,Sí,Sí,Sí,No,No,No,No,Sí,No,Sí,NA,NA,40,La mayor parte,NA,Sí,2020
60,Sí,No,No,No,No,Sí,NA,NA,NA,NA,NA,NA,20,Toda,NA,Sí,2020
53,No,No,No,No,No,No,NA,NA,NA,NA,NA,NA,0,NA,Problemas de salud,Sí,2020
64,No,No,No,No,No,No,NA,NA,NA,NA,NA,NA,0,NA,Prefiere otras actividades,No,2020
28,Sí,Sí,No,No,No,Sí,No,Sí,NA,NA,NA,NA,60,La mayor parte,NA,Sí,2020
48,Sí,No,No,No,No,No,NA,NA,NA,NA,NA,NA,0,NA,Falta de interés/gusto,No,2020
57,Sí,No,No,No,No,No,NA,NA,NA,NA,NA,NA,0,NA,Prefiere otras actividades,No,2020
66,No,No,No,No,No,No,NA,NA,NA,NA,NA,NA,0,NA,Falta de interés/gusto,No,2020
44,No,No,No,No,No,No,NA,NA,NA,NA,NA,NA,0,NA,Falta de interés/gusto,No,2020
58,No,No,No,No,No,No,NA,NA,NA,NA,NA,NA,0,NA,Falta de tiempo,No,2020
20,Sí,Sí,Sí,Sí,No,Sí,No,Sí,Sí,No,No,Sí,30,La mayor parte,NA,Sí,2020
25,Sí,Sí,No,Sí,No,No,No,Sí,NA,NA,No,Sí,40,Toda,NA,Sí,2020
40,Sí,No,No,No,Sí,No,NA,NA,NA,NA,NA,NA,10,La mitad,NA,Sí,2020
60,Sí,Sí,No,No,No,Sí,No,Sí,NA,NA,NA,NA,60,Toda,NA,Sí,2020
49,Sí,No,Sí,No,No,No,NA,NA,No,Sí,NA,NA,30,La mayor parte,NA,Sí,2020
46,Sí,No,No,No,No,Sí,NA,NA,NA,NA,NA,NA,60,La mayor parte,NA,Sí,2020
41,No,No,No,No,No,No,NA,NA,NA,NA,NA,NA,0,NA,Falta de interés/gusto,No,2020
35,Sí,Sí,No,Sí,No,Sí,Sí,No,NA,NA,No,Sí,60,La mayor parte,NA,Sí,2020
45,No,No,No,No,No,No,NA,NA,NA,NA,NA,NA,0,NA,Falta de tiempo,No,2020
40,Sí,No,No,Sí,No,No,NA,NA,NA,NA,No,Sí,30,La mitad,NA,No,2020
78,NA,NA,NA,NA,NA,NA,NA,NA,NA,NA,NA,NA,0,NA,NA,NA,2020
72,No,No,No,Sí,No,No,NA,NA,NA,NA,No,Sí,30,La mitad,NA,No,2020
27,No,No,No,Sí,No,No,NA,NA,NA,NA,No,Sí,20,La mitad,NA,No,2020
59,Sí,Sí,Sí,Sí,Sí,Sí,No,Sí,No,Sí,No,Sí,60,Toda,NA,Sí,2020
51,Sí,No,Sí,Sí,No,No,NA,NA,No,Sí,No,Sí,30,Toda,NA,Sí,2020
69,Sí,Sí,No,Sí,No,No,No,Sí,NA,NA,No,Sí,30,Toda,NA,Sí,2020
56,Sí,Sí,Sí,Sí,No,No,No,Sí,No,Sí,No,Sí,30,La mayor parte,NA,No,2020
27,Sí,Sí,Sí,Sí,No,Sí,No,Sí,No,Sí,No,Sí,30,Toda,NA,Sí,2020
43,No,No,No,No,No,Sí,NA,NA,NA,NA,NA,NA,20,La mayor parte,NA,No,2020
56,No,No,No,No,No,No,NA,NA,NA,NA,NA,NA,0,NA,Falta de tiempo,No,2020
89,No,No,No,No,No,No,NA,NA,NA,NA,NA,NA,0,NA,Problemas de salud,No,2020
26,No,No,No,No,Sí,No,NA,NA,NA,NA,NA,NA,20,La mayor parte,NA,Sí,2020
32,Sí,No,Sí,No,No,Sí,NA,NA,No,Sí,NA,NA,30,La mayor parte,NA,Sí,2020
42,Sí,Sí,Sí,No,No,No,No,Sí,No,Sí,NA,NA,30,La mitad,NA,Sí,2020
48,No,No,Sí,Sí,No,No,NA,NA,No,Sí,No,Sí,30,Toda,NA,Sí,2020
20,Sí,Sí,Sí,No,No,Sí,No,Sí,No,Sí,NA,NA,90,La mayor parte,NA,Sí,2020
47,Sí,No,Sí,Sí,No,Sí,NA,NA,No,Sí,No,Sí,40,La mayor parte,NA,Sí,2020
40,Sí,Sí,No,No,No,Sí,No,Sí,NA,NA,NA,NA,30,La mayor parte,NA,Sí,2020
52,Sí,No,Sí,Sí,No,No,NA,NA,No,Sí,No,Sí,30,La mayor parte,NA,Sí,2020
33,Sí,Sí,No,No,No,Sí,No,Sí,NA,NA,NA,NA,40,Toda,NA,No,2020
42,Sí,Sí,Sí,No,No,Sí,No,Sí,No,Sí,NA,NA,30,La mayor parte,NA,Sí,2020
40,Sí,No,Sí,Sí,No,Sí,NA,NA,Sí,No,Sí,No,20,La mayor parte,NA,Sí,2020
30,Sí,No,Sí,No,No,Sí,NA,NA,Sí,No,NA,NA,10,Toda,NA,Sí,2020
27,Sí,Sí,Sí,No,Sí,Sí,Sí,No,No,Sí,NA,NA,60,La mayor parte,NA,Sí,2020
30,Sí,No,Sí,Sí,Sí,Sí,NA,NA,No,Sí,No,Sí,30,La mayor parte,NA,Sí,2020
44,Sí,Sí,No,No,No,Sí,Sí,No,NA,NA,NA,NA,240,Toda,NA,Sí,2020
48,Sí,Sí,No,No,No,Sí,No,Sí,NA,NA,NA,NA,120,Toda,NA,Sí,2020
45,No,No,No,No,No,Sí,NA,NA,NA,NA,NA,NA,20,Toda,NA,Sí,2020
28,Sí,Sí,No,No,Sí,Sí,No,Sí,NA,NA,NA,NA,20,La mitad,NA,No,2020
49,Sí,Sí,No,No,No,Sí,No,Sí,NA,NA,NA,NA,30,La mayor parte,NA,Sí,2020
77,Sí,Sí,Sí,Sí,No,Sí,No,Sí,No,Sí,No,Sí,60,La mayor parte,NA,Sí,2020
27,Sí,Sí,Sí,Sí,No,Sí,No,Sí,No,Sí,No,Sí,30,La mayor parte,NA,Sí,2020
69,NA,NA,NA,NA,NA,NA,NA,NA,NA,NA,NA,NA,0,NA,NA,NA,2020
72,Sí,No,Sí,Sí,Sí,No,NA,NA,No,Sí,No,Sí,40,Toda,NA,No,2020
28,Sí,Sí,No,No,No,Sí,No,Sí,NA,NA,NA,NA,30,La mayor parte,NA,Sí,2020
77,Sí,Sí,No,No,No,No,No,Sí,NA,NA,NA,NA,30,Toda,NA,Sí,2020
74,Sí,Sí,No,Sí,No,No,No,Sí,NA,NA,No,Sí,60,La mayor parte,NA,Sí,2020
72,Sí,No,Sí,Sí,No,No,NA,NA,No,Sí,No,Sí,60,Toda,NA,Sí,2020
31,Sí,Sí,Sí,No,No,Sí,No,Sí,No,Sí,NA,NA,60,La mayor parte,NA,No,2020
62,Sí,Sí,No,No,No,No,No,Sí,NA,NA,NA,NA,60,La mitad,NA,No,2020
45,NA,NA,NA,NA,NA,NA,NA,NA,NA,NA,NA,NA,0,NA,NA,NA,2020
61,Sí,No,No,Sí,No,No,NA,NA,NA,NA,No,Sí,15,La mayor parte,NA,No,2020
42,No,No,No,No,No,No,NA,NA,NA,NA,NA,NA,0,NA,Prefiere otras actividades,Sí,2020
20,No,No,No,No,No,No,NA,NA,NA,NA,NA,NA,0,NA,Falta de tiempo,No,2020
21,Sí,Sí,No,Sí,No,No,No,Sí,NA,NA,No,Sí,40,La mayor parte,NA,Sí,2020
25,No,No,No,No,No,No,NA,NA,NA,NA,NA,NA,0,NA,Falta de interés/gusto,No,2020
38,NA,NA,NA,NA,NA,NA,NA,NA,NA,NA,NA,NA,0,NA,NA,NA,2020
64,Sí,Sí,Sí,No,Sí,Sí,No,Sí,No,Sí,NA,NA,60,Toda,NA,Sí,2020
23,Sí,Sí,No,No,No,Sí,No,Sí,NA,NA,NA,NA,40,La mitad,NA,Sí,2020
43,No,No,No,No,No,No,NA,NA,NA,NA,NA,NA,0,NA,Problemas de salud,No,2020
80,NA,NA,NA,NA,NA,NA,NA,NA,NA,NA,NA,NA,0,NA,NA,NA,2020
61,No,No,No,No,No,No,NA,NA,NA,NA,NA,NA,0,NA,Problemas de salud,No,2020
47,Sí,No,No,No,No,No,NA,NA,NA,NA,NA,NA,0,NA,Problemas de salud,No,2020
39,Sí,Sí,Sí,Sí,No,Sí,No,Sí,No,Sí,No,Sí,30,Toda,NA,Sí,2020
64,Sí,Sí,Sí,Sí,No,No,No,Sí,No,Sí,No,Sí,45,Toda,NA,Sí,2020
19,Sí,Sí,No,No,Sí,Sí,Sí,No,NA,NA,NA,NA,120,La mayor parte,NA,Sí,2020
49,Sí,No,No,No,No,No,NA,NA,NA,NA,NA,NA,0,NA,Prefiere otras actividades,No,2020
47,Sí,No,No,No,No,Sí,NA,NA,NA,NA,NA,NA,15,La mitad,NA,No,2020
44,Sí,No,No,Sí,Sí,No,NA,NA,NA,NA,No,Sí,30,La mayor parte,NA,Sí,2020
25,Sí,Sí,No,No,No,Sí,No,Sí,NA,NA,NA,NA,30,La mayor parte,NA,Sí,2020
27,Sí,No,No,Sí,No,Sí,NA,NA,NA,NA,No,Sí,20,Toda,NA,Sí,2020
46,No,No,No,No,No,No,NA,NA,NA,NA,NA,NA,0,NA,Prefiere otras actividades,No,2020
25,Sí,Sí,No,Sí,No,No,No,Sí,NA,NA,Sí,No,30,La mayor parte,NA,Sí,2020
42,No,No,Sí,No,No,No,NA,NA,No,Sí,NA,NA,30,La mayor parte,NA,Sí,2020
40,No,No,No,No,No,No,NA,NA,NA,NA,NA,NA,0,NA,Prefiere otras actividades,No,2020
34,Sí,Sí,No,No,No,No,Sí,No,NA,NA,NA,NA,30,La mayor parte,NA,No,2020
56,No,No,No,No,No,No,NA,NA,NA,NA,NA,NA,0,NA,Falta de tiempo,No,2020
37,No,No,No,Sí,No,No,NA,NA,NA,NA,No,Sí,20,La mayor parte,NA,No,2020
60,Sí,Sí,Sí,Sí,No,Sí,No,Sí,No,Sí,No,Sí,40,Toda,NA,Sí,2020
57,Sí,Sí,Sí,Sí,No,No,No,Sí,No,Sí,No,Sí,30,La mayor parte,NA,Sí,2020
42,Sí,Sí,Sí,No,No,No,No,Sí,No,Sí,NA,NA,45,Toda,NA,Sí,2020
42,Sí,No,Sí,Sí,No,Sí,NA,NA,No,Sí,No,Sí,45,Toda,NA,Sí,2020
53,Sí,Sí,No,Sí,No,No,No,Sí,NA,NA,No,Sí,45,La mayor parte,NA,Sí,2020
61,Sí,Sí,No,Sí,No,No,No,Sí,NA,NA,No,Sí,20,La mayor parte,NA,No,2020
41,Sí,No,No,Sí,No,No,NA,NA,NA,NA,No,Sí,20,La mayor parte,NA,Sí,2020
32,No,No,No,No,No,No,NA,NA,NA,NA,NA,NA,0,NA,Falta de tiempo,No recuerda,2020
21,Sí,No,Sí,No,No,No,NA,NA,No,Sí,NA,NA,20,La mayor parte,NA,No,2020
28,Sí,Sí,No,No,No,Sí,No,Sí,NA,NA,NA,NA,45,La mayor parte,NA,Sí,2020
54,Sí,Sí,No,Sí,No,Sí,No,Sí,NA,NA,No,Sí,40,La mayor parte,NA,Sí,2020
57,Sí,No,Sí,Sí,No,No,NA,NA,No,Sí,No,Sí,30,La mayor parte,NA,Sí,2020
61,No,No,No,No,No,No,NA,NA,NA,NA,NA,NA,0,NA,Falta de interés/gusto,No,2020
38,Sí,Sí,Sí,No,No,No,No,Sí,No,Sí,NA,NA,120,La mitad,NA,Sí,2020
65,Sí,No,No,No,No,Sí,NA,NA,NA,NA,NA,NA,30,La mayor parte,NA,No,2020
55,Sí,Sí,Sí,Sí,No,Sí,No,Sí,No,Sí,No,Sí,20,La mayor parte,NA,Sí,2020
52,Sí,No,Sí,Sí,No,No,NA,NA,No,Sí,No,Sí,30,La mayor parte,NA,Sí,2020
36,Sí,No,Sí,Sí,No,Sí,NA,NA,Sí,Sí,No,Sí,60,La mayor parte,NA,No,2020
61,No,No,No,No,No,No,NA,NA,NA,NA,NA,NA,0,NA,Falta de tiempo,No,2020
52,Sí,Sí,No,No,No,No,No,Sí,NA,NA,NA,NA,60,La mayor parte,NA,Sí,2020
37,No,No,No,Sí,No,No,NA,NA,NA,NA,No,Sí,30,La mayor parte,NA,Sí,2020
69,Sí,Sí,No,No,No,Sí,No,Sí,NA,NA,NA,NA,60,La mayor parte,NA,No,2020
56,Sí,Sí,No,No,No,Sí,No,Sí,NA,NA,NA,NA,60,La mayor parte,NA,No,2020
66,Sí,No,Sí,No,No,No,NA,NA,No,Sí,NA,NA,15,La mayor parte,NA,No,2020
34,Sí,No,Sí,No,No,No,NA,NA,No,Sí,NA,NA,30,La mayor parte,NA,Sí,2020
51,Sí,No,Sí,Sí,No,No,NA,NA,No,Sí,No,Sí,15,La mitad,NA,No,2020
36,No,No,No,No,No,No,NA,NA,NA,NA,NA,NA,0,NA,Falta de tiempo,No,2020
22,Sí,No,No,Sí,Sí,Sí,NA,NA,NA,NA,No,Sí,20,La mayor parte,NA,Sí,2020
38,Sí,Sí,Sí,Sí,No,No,No,Sí,No,Sí,No,Sí,15,Toda,NA,No,2020
49,Sí,No,No,No,No,No,NA,NA,NA,NA,NA,NA,0,NA,Falta de interés/gusto,No,2020
62,No,No,No,No,No,No,NA,NA,NA,NA,NA,NA,0,NA,Falta de dinero,No,2020
59,Sí,No,No,Sí,No,No,NA,NA,NA,NA,No,Sí,30,Toda,NA,No,2020
62,Sí,No,Sí,No,No,No,NA,NA,No,Sí,NA,NA,20,La mayor parte,NA,No,2020
30,Sí,No,Sí,No,No,No,NA,NA,No,Sí,NA,NA,20,La mayor parte,NA,No,2020
26,Sí,Sí,Sí,No,No,No,No,Sí,No,Sí,NA,NA,30,La mayor parte,NA,Sí,2020
61,Sí,Sí,No,No,No,Sí,No,Sí,NA,NA,NA,NA,60,La mayor parte,NA,Sí,2020
38,Sí,Sí,No,No,No,Sí,No,Sí,NA,NA,NA,NA,20,Toda,NA,Sí,2020
31,Sí,Sí,No,No,Sí,Sí,No,Sí,NA,NA,NA,NA,60,La mayor parte,NA,Sí,2020
54,No,No,No,No,No,No,NA,NA,NA,NA,NA,NA,0,NA,Falta de tiempo,No,2020
46,No,No,No,Sí,No,No,NA,NA,NA,NA,No,Sí,30,La mayor parte,NA,No,2020
59,No,No,No,Sí,No,No,NA,NA,NA,NA,No,Sí,15,La mitad,NA,No,2020
57,Sí,No,No,No,No,No,NA,NA,NA,NA,NA,NA,0,NA,Falta de tiempo,No,2020
23,Sí,Sí,Sí,Sí,No,Sí,Sí,Sí,Sí,No,No,Sí,60,La mayor parte,NA,Sí,2020
19,Sí,Sí,No,No,Sí,No,No,Sí,NA,NA,NA,NA,30,La mayor parte,NA,Sí,2020
32,Sí,Sí,No,No,No,Sí,No,Sí,NA,NA,NA,NA,60,La mayor parte,NA,Sí,2020
41,Sí,No,No,Sí,No,No,NA,NA,NA,NA,No,Sí,30,La mayor parte,NA,Sí,2020
52,Sí,No,Sí,No,No,No,NA,NA,No,Sí,NA,NA,60,La mitad,NA,No,2020
49,Sí,No,No,No,Sí,No,NA,NA,NA,NA,NA,NA,30,Poca,NA,No,2020
23,Sí,No,Sí,No,No,No,NA,NA,No,Sí,NA,NA,30,La mayor parte,NA,Sí,2020
78,Sí,Sí,No,No,No,No,No,Sí,NA,NA,NA,NA,60,La mitad,NA,Sí,2020
55,Sí,No,Sí,No,No,No,NA,NA,No,Sí,NA,NA,20,La mayor parte,NA,No,2020
59,Sí,No,No,Sí,No,No,NA,NA,NA,NA,No,Sí,30,La mitad,NA,No,2020
60,Sí,No,Sí,No,No,No,NA,NA,No,Sí,NA,NA,30,La mayor parte,NA,No,2020
28,Sí,Sí,No,No,No,Sí,No,Sí,NA,NA,NA,NA,35,La mayor parte,NA,No,2020
19,Sí,Sí,No,Sí,No,Sí,Sí,No,NA,NA,No,Sí,60,La mayor parte,NA,Sí,2020
59,NA,NA,NA,NA,NA,NA,NA,NA,NA,NA,NA,NA,0,NA,NA,NA,2020
48,Sí,Sí,Sí,No,No,Sí,Sí,Sí,Sí,Sí,NA,NA,20,La mayor parte,NA,No,2020
54,No,No,No,No,No,No,NA,NA,NA,NA,NA,NA,0,NA,Falta de interés/gusto,Sí,2020
26,Sí,Sí,No,No,No,No,No,Sí,NA,NA,NA,NA,25,Toda,NA,Sí,2020
74,Sí,Sí,Sí,Sí,No,Sí,Sí,Sí,No,Sí,Sí,Sí,90,Toda,NA,Sí,2020
32,Sí,No,No,Sí,No,No,NA,NA,NA,NA,Sí,No,5,La mitad,NA,No,2020
40,Sí,Sí,Sí,No,No,Sí,No,Sí,No,Sí,NA,NA,30,La mayor parte,NA,Sí,2020
60,No,No,Sí,No,No,No,NA,NA,No,Sí,NA,NA,60,La mayor parte,NA,No,2020
43,No,No,No,No,No,Sí,NA,NA,NA,NA,NA,NA,30,La mitad,NA,No,2020
19,Sí,Sí,Sí,No,Sí,Sí,Sí,Sí,No,Sí,NA,NA,120,Toda,NA,Sí,2020
65,Sí,No,Sí,Sí,No,Sí,NA,NA,No,Sí,Sí,Sí,90,La mayor parte,NA,Sí,2020
47,Sí,Sí,No,No,No,Sí,No,Sí,NA,NA,NA,NA,40,Toda,NA,Sí,2020
32,Sí,Sí,No,No,No,Sí,No,Sí,NA,NA,NA,NA,20,La mayor parte,NA,Sí,2020
34,Sí,No,Sí,No,No,Sí,NA,NA,No,Sí,NA,NA,30,La mayor parte,NA,Sí,2020
30,No,No,No,No,No,Sí,NA,NA,NA,NA,NA,NA,20,La mitad,NA,Sí,2020
51,Sí,No,No,Sí,No,No,NA,NA,NA,NA,No,Sí,15,Poca,NA,No,2020
43,No,No,No,No,No,Sí,NA,NA,NA,NA,NA,NA,15,La mayor parte,NA,Sí,2020
58,Sí,Sí,No,No,No,No,No,Sí,NA,NA,NA,NA,60,Toda,NA,No,2020
21,No,No,No,No,No,No,NA,NA,NA,NA,NA,NA,0,NA,Falta de tiempo,No recuerda,2020
64,NA,NA,NA,NA,NA,NA,NA,NA,NA,NA,NA,NA,0,NA,NA,NA,2020
46,Sí,No,No,No,No,Sí,NA,NA,NA,NA,NA,NA,30,La mitad,NA,No,2020
70,Sí,No,Sí,No,No,No,NA,NA,No,Sí,NA,NA,15,La mayor parte,NA,Sí,2020
61,Sí,No,Sí,Sí,No,No,NA,NA,No,Sí,No,Sí,60,Toda,NA,Sí,2020
45,No,No,No,No,No,Sí,NA,NA,NA,NA,NA,NA,15,Toda,NA,Sí,2020
54,Sí,Sí,No,No,No,Sí,No,Sí,NA,NA,NA,NA,120,La mayor parte,NA,No,2020
90,Sí,No,No,No,No,No,NA,NA,NA,NA,NA,NA,0,NA,Problemas de salud,Sí,2020
23,Sí,Sí,Sí,No,No,Sí,Sí,Sí,No,Sí,NA,NA,60,La mayor parte,NA,Sí,2020
52,Sí,No,No,Sí,No,Sí,NA,NA,NA,NA,No,Sí,30,La mayor parte,NA,Sí,2020
66,Sí,Sí,No,Sí,No,Sí,Sí,Sí,NA,NA,Sí,No,120,Toda,NA,Sí,2020
18,Sí,No,No,No,No,No,NA,NA,NA,NA,NA,NA,0,NA,Falta de tiempo,Sí,2020
52,No,No,No,No,No,No,NA,NA,NA,NA,NA,NA,0,NA,Falta de tiempo,Sí,2020
35,No,No,Sí,Sí,Sí,Sí,NA,NA,Sí,No,No,Sí,15,La mayor parte,NA,Sí,2020
52,Sí,No,Sí,No,No,No,NA,NA,No,Sí,NA,NA,20,La mayor parte,NA,No,2020
30,No,No,No,No,No,No,NA,NA,NA,NA,NA,NA,0,NA,Falta de tiempo,Sí,2020
38,Sí,Sí,No,No,No,No,No,Sí,NA,NA,NA,NA,15,La mitad,NA,Sí,2020
47,Sí,Sí,No,Sí,No,Sí,Sí,Sí,NA,NA,Sí,Sí,60,La mayor parte,NA,Sí,2020
65,NA,NA,NA,NA,NA,NA,NA,NA,NA,NA,NA,NA,0,NA,NA,NA,2020
44,No,No,No,No,No,Sí,NA,NA,NA,NA,NA,NA,10,La mitad,NA,No,2020
24,Sí,No,Sí,No,Sí,Sí,NA,NA,No,Sí,NA,NA,30,La mayor parte,NA,Sí,2020
56,Sí,Sí,No,No,No,Sí,No,Sí,NA,NA,NA,NA,60,La mayor parte,NA,Sí,2020
71,Sí,Sí,No,No,No,No,No,Sí,NA,NA,NA,NA,30,Poca,NA,No,2020
19,No,Sí,Sí,No,No,Sí,Sí,No,No,Sí,NA,NA,60,Toda,NA,Sí,2020
69,Sí,Sí,No,No,No,No,No,Sí,NA,NA,NA,NA,25,La mitad,NA,Sí,2020
27,Sí,Sí,No,No,No,Sí,No,Sí,NA,NA,NA,NA,30,Toda,NA,Sí,2020
45,Sí,Sí,No,No,No,Sí,Sí,No,NA,NA,NA,NA,20,La mayor parte,NA,No,2020
70,NA,NA,NA,NA,NA,NA,NA,NA,NA,NA,NA,NA,0,NA,NA,NA,2020
60,Sí,No,No,No,No,Sí,NA,NA,NA,NA,NA,NA,30,La mayor parte,NA,Sí,2020
22,Sí,Sí,Sí,No,No,Sí,No,Sí,No,Sí,NA,NA,60,Toda,NA,Sí,2020
24,Sí,Sí,No,No,No,No,No,Sí,NA,NA,NA,NA,20,La mayor parte,NA,No,2020
26,No,No,No,No,No,No,NA,NA,NA,NA,NA,NA,0,NA,Falta de tiempo,No,2020
26,Sí,No,No,No,No,Sí,NA,NA,NA,NA,NA,NA,20,La mayor parte,NA,Sí,2020
83,Sí,Sí,No,No,No,No,No,Sí,NA,NA,NA,NA,120,La mitad,NA,No,2020
23,No,No,No,No,No,No,NA,NA,NA,NA,NA,NA,0,NA,Falta de interés/gusto,No,2020
59,No,No,No,No,No,No,NA,NA,NA,NA,NA,NA,0,NA,Falta de tiempo,No,2020
34,No,No,No,No,No,Sí,NA,NA,NA,NA,NA,NA,60,La mayor parte,NA,No,2020
49,Sí,Sí,No,No,No,Sí,Sí,Sí,NA,NA,NA,NA,20,La mayor parte,NA,Sí,2020
29,Sí,No,No,No,No,Sí,NA,NA,NA,NA,NA,NA,30,Toda,NA,Sí,2020
53,No,No,No,No,No,No,NA,NA,NA,NA,NA,NA,0,NA,Falta de tiempo,No,2020
31,No,No,No,No,No,No,NA,NA,NA,NA,NA,NA,0,NA,Falta de tiempo,No,2020
51,No,Sí,No,Sí,No,No,No,Sí,NA,NA,No,Sí,15,La mayor parte,NA,Sí,2020
27,No,No,No,No,No,Sí,NA,NA,NA,NA,NA,NA,30,La mayor parte,NA,No recuerda,2020
76,Sí,Sí,Sí,Sí,No,No,No,Sí,No,Sí,No,Sí,60,La mayor parte,NA,No,2020
47,No,No,No,No,No,No,NA,NA,NA,NA,NA,NA,0,NA,Falta de interés/gusto,No recuerda,2020
19,Sí,Sí,Sí,Sí,No,Sí,No,Sí,No,Sí,No,Sí,45,La mayor parte,NA,Sí,2020
51,No,No,Sí,No,No,No,NA,NA,No,Sí,NA,NA,30,La mayor parte,NA,Sí,2020
80,Sí,Sí,No,Sí,No,No,No,Sí,NA,NA,No,Sí,60,La mayor parte,NA,Sí,2020
37,Sí,Sí,No,No,No,Sí,No,Sí,NA,NA,NA,NA,40,La mayor parte,NA,Sí,2020
74,Sí,Sí,Sí,No,No,No,No,Sí,No,Sí,NA,NA,30,La mayor parte,NA,Sí,2020
80,NA,NA,NA,NA,NA,NA,NA,NA,NA,NA,NA,NA,0,NA,NA,NA,2020
52,No,No,No,No,No,No,NA,NA,NA,NA,NA,NA,0,NA,Falta de tiempo,No,2020
45,No,No,No,No,No,No,NA,NA,NA,NA,NA,NA,0,NA,Falta de tiempo,No,2020
19,Sí,Sí,Sí,No,No,Sí,Sí,No,No,Sí,NA,NA,60,La mayor parte,NA,Sí,2020
73,Sí,Sí,Sí,Sí,No,No,No,Sí,No,Sí,No,Sí,40,La mayor parte,NA,No,2020
42,Sí,Sí,No,No,No,No,No,Sí,NA,NA,NA,NA,60,La mayor parte,NA,Sí,2020
43,No,No,No,No,No,No,NA,NA,NA,NA,NA,NA,0,NA,Falta de tiempo,Sí,2020
55,No,Sí,No,No,No,No,No,Sí,NA,NA,NA,NA,20,Toda,NA,Sí,2020
38,No,No,No,No,No,No,NA,NA,NA,NA,NA,NA,0,NA,Falta de interés/gusto,No,2020
54,No,No,No,No,No,No,NA,NA,NA,NA,NA,NA,0,NA,Falta de interés/gusto,No,2020
33,No,No,No,No,No,No,NA,NA,NA,NA,NA,NA,0,NA,Falta de tiempo,No,2020
37,Sí,No,Sí,Sí,No,No,NA,NA,No,Sí,Sí,No,45,Toda,NA,Sí,2020
43,Sí,No,No,No,No,Sí,NA,NA,NA,NA,NA,NA,60,La mayor parte,NA,Sí,2020
43,Sí,No,No,Sí,No,No,NA,NA,NA,NA,No,Sí,15,La mayor parte,NA,Sí,2020
65,No,No,Sí,Sí,No,No,NA,NA,No,Sí,No,Sí,20,La mayor parte,NA,Sí,2020
35,Sí,No,Sí,No,No,No,NA,NA,No,Sí,NA,NA,30,La mayor parte,NA,Sí,2020
21,Sí,Sí,No,No,No,No,No,Sí,NA,NA,NA,NA,20,La mayor parte,NA,No,2020
34,Sí,Sí,No,No,No,No,No,Sí,NA,NA,NA,NA,30,La mayor parte,NA,Sí,2020
62,Sí,Sí,Sí,No,No,No,No,Sí,No,Sí,NA,NA,120,La mayor parte,NA,Sí,2020
26,No,No,No,No,No,Sí,NA,NA,NA,NA,NA,NA,30,Poca,NA,Sí,2020
30,No,No,No,No,No,No,NA,NA,NA,NA,NA,NA,0,NA,Falta de interés/gusto,No,2020
37,No,No,No,No,No,No,NA,NA,NA,NA,NA,NA,0,NA,Falta de tiempo,No,2020
20,Sí,Sí,No,Sí,No,No,No,Sí,NA,NA,No,Sí,40,La mayor parte,NA,Sí,2020
52,Sí,No,Sí,No,No,No,NA,NA,No,Sí,NA,NA,45,La mayor parte,NA,Sí,2020
60,No,No,No,No,No,No,NA,NA,NA,NA,NA,NA,0,NA,Falta de interés/gusto,No,2020
55,Sí,Sí,No,Sí,Sí,Sí,No,Sí,NA,NA,Sí,No,50,La mayor parte,NA,Sí,2020
41,No,No,Sí,No,No,No,NA,NA,No,Sí,NA,NA,20,La mayor parte,NA,No,2020
51,Sí,Sí,No,No,No,No,No,Sí,NA,NA,NA,NA,30,La mayor parte,NA,Sí,2020
64,No,No,No,No,No,No,NA,NA,NA,NA,NA,NA,0,NA,Problemas de salud,Sí,2020
43,No,No,No,No,No,No,NA,NA,NA,NA,NA,NA,0,NA,Falta de tiempo,No,2020
78,No,No,No,No,No,No,NA,NA,NA,NA,NA,NA,0,NA,Problemas de salud,Sí,2020
65,No,Sí,No,No,No,No,No,Sí,NA,NA,NA,NA,20,Poca,NA,Sí,2020
69,No,No,No,No,No,No,NA,NA,NA,NA,NA,NA,0,NA,Falta de interés/gusto,No,2020
25,Sí,Sí,Sí,No,No,Sí,Sí,No,No,Sí,NA,NA,30,La mayor parte,NA,Sí,2020
59,Sí,Sí,Sí,Sí,No,Sí,No,Sí,Sí,No,No,Sí,60,La mayor parte,NA,Sí,2020
25,Sí,Sí,No,No,No,Sí,No,Sí,NA,NA,NA,NA,20,La mayor parte,NA,Sí,2020
46,Sí,Sí,Sí,Sí,No,No,No,Sí,No,Sí,Sí,No,30,La mayor parte,NA,Sí,2020
50,No,No,No,No,No,Sí,NA,NA,NA,NA,NA,NA,15,La mayor parte,NA,Sí,2020
44,Sí,Sí,Sí,No,No,Sí,No,Sí,No,Sí,NA,NA,20,La mayor parte,NA,Sí,2020
51,Sí,Sí,Sí,Sí,No,No,No,Sí,No,Sí,No,Sí,60,Toda,NA,Sí,2020
58,Sí,Sí,No,No,No,Sí,No,Sí,NA,NA,NA,NA,15,La mayor parte,NA,Sí,2020
45,No,No,No,No,No,No,NA,NA,NA,NA,NA,NA,0,NA,Falta de tiempo,Sí,2020
42,No,No,No,No,No,Sí,NA,NA,NA,NA,NA,NA,15,La mitad,NA,Sí,2020
35,Sí,Sí,No,No,Sí,No,No,Sí,NA,NA,NA,NA,30,La mitad,NA,No,2020
51,No,No,No,No,No,No,NA,NA,NA,NA,NA,NA,0,NA,Falta de tiempo,Sí,2020
27,No,No,No,No,No,No,NA,NA,NA,NA,NA,NA,0,NA,Prefiere otras actividades,No,2020
39,No,No,No,No,No,Sí,NA,NA,NA,NA,NA,NA,15,La mayor parte,NA,Sí,2020
51,Sí,Sí,No,No,No,Sí,No,Sí,NA,NA,NA,NA,20,La mayor parte,NA,Sí,2020
32,No,No,No,No,No,No,NA,NA,NA,NA,NA,NA,0,NA,Falta de tiempo,Sí,2020
72,No,No,No,No,No,No,NA,NA,NA,NA,NA,NA,0,NA,Falta de tiempo,Sí,2020
58,No,No,No,No,No,No,NA,NA,NA,NA,NA,NA,0,NA,Falta de tiempo,Sí,2020
58,No,No,No,No,No,No,NA,NA,NA,NA,NA,NA,0,NA,Falta de interés/gusto,Sí,2020
71,Sí,Sí,Sí,No,No,Sí,No,Sí,No,Sí,NA,NA,120,La mayor parte,NA,Sí,2020
20,No,No,No,No,No,No,NA,NA,NA,NA,NA,NA,0,NA,Falta de interés/gusto,No,2020
64,No,No,No,Sí,No,No,NA,NA,NA,NA,No,Sí,60,Toda,NA,Sí,2020
48,No,No,No,Sí,No,No,NA,NA,NA,NA,No,Sí,30,Toda,NA,Sí,2020
48,No,No,No,No,No,No,NA,NA,NA,NA,NA,NA,0,NA,Prefiere otras actividades,Sí,2020
40,No,No,No,No,No,No,NA,NA,NA,NA,NA,NA,0,NA,Falta de tiempo,Sí,2020
31,No,No,Sí,No,No,No,NA,NA,No,Sí,NA,NA,20,La mayor parte,NA,Sí,2020
40,Sí,Sí,No,No,No,Sí,No,Sí,NA,NA,NA,NA,30,La mayor parte,NA,Sí,2020
34,No,Sí,No,No,No,No,No,Sí,NA,NA,NA,NA,30,La mayor parte,NA,Sí,2020
34,No,No,No,No,No,Sí,NA,NA,NA,NA,NA,NA,15,La mayor parte,NA,Sí,2020
43,No,Sí,No,No,Sí,No,No,Sí,NA,NA,NA,NA,15,La mayor parte,NA,No,2020
37,No,Sí,No,No,No,No,No,Sí,NA,NA,NA,NA,20,La mitad,NA,Sí,2020
44,No,No,No,No,No,No,NA,NA,NA,NA,NA,NA,0,NA,Prefiere otras actividades,Sí,2020
67,No,No,No,No,No,No,NA,NA,NA,NA,NA,NA,0,NA,Problemas de salud,No,2020
31,Sí,Sí,No,No,No,Sí,No,Sí,NA,NA,NA,NA,30,La mayor parte,NA,Sí,2020
43,No,No,No,No,No,No,NA,NA,NA,NA,NA,NA,0,NA,Prefiere otras actividades,Sí,2020
27,No,No,Sí,No,No,Sí,NA,NA,No,Sí,NA,NA,60,Toda,NA,Sí,2020
49,Sí,Sí,Sí,Sí,No,Sí,No,Sí,No,Sí,Sí,No,30,La mayor parte,NA,Sí,2020
46,No,No,No,No,No,No,NA,NA,NA,NA,NA,NA,0,NA,Falta de tiempo,Sí,2020
27,No,No,Sí,No,No,Sí,NA,NA,No,Sí,NA,NA,30,La mayor parte,NA,Sí,2020
47,No,No,No,No,No,No,NA,NA,NA,NA,NA,NA,0,NA,Falta de tiempo,Sí,2020
40,Sí,No,Sí,No,No,Sí,NA,NA,Sí,No,NA,NA,20,Poca,NA,No,2020
32,No,No,No,No,No,No,NA,NA,NA,NA,NA,NA,0,NA,Falta de tiempo,Sí,2020
25,No,No,No,No,No,No,NA,NA,NA,NA,NA,NA,0,NA,Falta de tiempo,No,2020
42,No,No,Sí,No,No,No,NA,NA,No,Sí,NA,NA,30,La mitad,NA,No,2020
39,Sí,Sí,Sí,Sí,No,Sí,No,Sí,No,Sí,No,Sí,30,La mayor parte,NA,Sí,2020
51,No,Sí,No,No,No,No,No,Sí,NA,NA,NA,NA,30,La mitad,NA,No,2020
29,No,No,No,No,No,No,NA,NA,NA,NA,NA,NA,0,NA,Falta de tiempo,Sí,2020
23,No,No,No,No,No,No,NA,NA,NA,NA,NA,NA,0,NA,Falta de interés/gusto,Sí,2020
19,No,Sí,No,No,No,Sí,Sí,No,NA,NA,NA,NA,60,Toda,NA,Sí,2020
46,Sí,Sí,Sí,Sí,No,Sí,No,Sí,No,Sí,No,Sí,60,Toda,NA,Sí,2020
38,No,No,Sí,No,No,No,NA,NA,No,Sí,NA,NA,10,La mayor parte,NA,No,2020
23,No,No,Sí,No,No,No,NA,NA,No,Sí,NA,NA,20,Toda,NA,Sí,2020
45,Sí,No,Sí,No,No,Sí,NA,NA,No,Sí,NA,NA,30,La mitad,NA,No,2020
41,Sí,No,No,Sí,No,No,NA,NA,NA,NA,No,Sí,60,Toda,NA,Sí,2020
43,Sí,Sí,No,No,No,Sí,No,Sí,NA,NA,NA,NA,30,Poca,NA,Sí,2020
52,Sí,Sí,Sí,Sí,Sí,Sí,No,Sí,No,Sí,No,Sí,60,La mitad,NA,Sí,2020
32,Sí,Sí,No,No,No,No,No,Sí,NA,NA,NA,NA,120,Toda,NA,Sí,2020
68,No,No,No,No,No,No,NA,NA,NA,NA,NA,NA,0,NA,Falta de tiempo,No recuerda,2020
79,Sí,No,No,Sí,No,No,NA,NA,NA,NA,No,Sí,60,La mayor parte,NA,No,2020
32,Sí,Sí,Sí,Sí,No,No,No,Sí,No,Sí,No,Sí,45,Toda,NA,Sí,2020
65,Sí,No,Sí,Sí,No,No,NA,NA,No,Sí,No,Sí,40,La mayor parte,NA,No,2020
73,No,No,No,No,No,No,NA,NA,NA,NA,NA,NA,0,NA,Falta de tiempo,No,2020
53,No,Sí,No,No,No,No,No,Sí,NA,NA,NA,NA,20,Poca,NA,No,2020
38,Sí,Sí,No,Sí,No,Sí,No,Sí,NA,NA,No,Sí,30,Toda,NA,Sí,2020
75,Sí,No,Sí,Sí,No,No,NA,NA,No,Sí,No,Sí,30,La mitad,NA,No,2020
21,Sí,Sí,Sí,Sí,Sí,Sí,No,Sí,No,Sí,No,Sí,30,La mayor parte,NA,Sí,2020
39,No,No,No,No,No,Sí,NA,NA,NA,NA,NA,NA,30,La mitad,NA,Sí,2020
24,Sí,Sí,Sí,No,No,Sí,No,Sí,No,Sí,NA,NA,10,La mitad,NA,Sí,2020
46,No,No,No,No,No,No,NA,NA,NA,NA,NA,NA,0,NA,Falta de tiempo,Sí,2020
40,No,No,No,Sí,No,No,NA,NA,NA,NA,No,Sí,15,La mitad,NA,Sí,2020
24,Sí,No,No,Sí,No,No,NA,NA,NA,NA,No,Sí,10,La mitad,NA,Sí,2020
50,No,No,No,Sí,No,No,NA,NA,NA,NA,No,Sí,30,La mitad,NA,Sí,2020
56,Sí,Sí,No,Sí,No,No,No,Sí,NA,NA,No,Sí,20,La mitad,NA,No,2020
34,NA,NA,NA,NA,NA,NA,NA,NA,NA,NA,NA,NA,0,NA,NA,NA,2020
36,Sí,Sí,Sí,No,No,Sí,No,Sí,Sí,No,NA,NA,180,La mayor parte,NA,Sí,2020
28,Sí,Sí,Sí,No,No,Sí,No,Sí,No,Sí,NA,NA,40,Toda,NA,Sí,2020
20,Sí,Sí,Sí,Sí,Sí,Sí,No,Sí,No,Sí,No,Sí,90,Toda,NA,Sí,2020
49,No,No,No,Sí,No,No,NA,NA,NA,NA,No,Sí,10,La mitad,NA,No,2020
41,No,No,No,No,No,No,NA,NA,NA,NA,NA,NA,0,NA,Falta de tiempo,No,2020
69,Sí,Sí,Sí,No,No,No,No,Sí,No,Sí,NA,NA,35,La mayor parte,NA,Sí,2020
27,Sí,Sí,No,No,No,Sí,Sí,No,NA,NA,NA,NA,60,Toda,NA,Sí,2020
65,Sí,No,Sí,No,No,No,NA,NA,No,Sí,NA,NA,35,Toda,NA,Sí,2020
49,No,No,No,No,No,No,NA,NA,NA,NA,NA,NA,0,NA,Falta de tiempo,No,2020
26,Sí,No,No,Sí,No,Sí,NA,NA,NA,NA,Sí,No,20,La mitad,NA,Sí,2020
43,Sí,Sí,No,No,No,No,No,Sí,NA,NA,NA,NA,30,La mitad,NA,Sí,2020
33,Sí,No,No,No,No,No,NA,NA,NA,NA,NA,NA,0,NA,Falta de tiempo,Sí,2020
65,Sí,Sí,Sí,No,No,No,No,Sí,No,Sí,NA,NA,20,Toda,NA,Sí,2020
80,Sí,Sí,Sí,Sí,No,No,No,Sí,No,Sí,No,Sí,60,La mayor parte,NA,Sí,2020
52,Sí,Sí,Sí,No,No,Sí,No,Sí,No,Sí,NA,NA,60,La mayor parte,NA,Sí,2020
85,Sí,Sí,No,No,No,No,No,Sí,NA,NA,NA,NA,120,La mayor parte,NA,Sí,2020
69,Sí,No,Sí,Sí,No,Sí,NA,NA,Sí,No,No,Sí,45,La mayor parte,NA,Sí,2020
77,NA,NA,NA,NA,NA,NA,NA,NA,NA,NA,NA,NA,0,NA,NA,NA,2020
29,Sí,Sí,Sí,Sí,Sí,Sí,No,Sí,No,Sí,No,Sí,45,La mitad,NA,Sí,2020
63,Sí,Sí,Sí,Sí,No,No,No,Sí,No,Sí,No,Sí,60,La mitad,NA,Sí,2020
40,Sí,No,No,No,Sí,Sí,NA,NA,NA,NA,NA,NA,20,La mitad,NA,No,2020
58,Sí,Sí,No,No,No,No,No,Sí,NA,NA,NA,NA,30,La mitad,NA,No recuerda,2020
21,Sí,Sí,Sí,No,Sí,Sí,No,Sí,No,Sí,NA,NA,60,La mayor parte,NA,Sí,2020
26,Sí,No,Sí,Sí,No,Sí,NA,NA,No,Sí,Sí,No,30,Toda,NA,Sí,2020
32,Sí,No,Sí,No,No,Sí,NA,NA,No,Sí,NA,NA,20,La mayor parte,NA,Sí,2020
36,No,No,No,Sí,No,No,NA,NA,NA,NA,No,Sí,30,La mayor parte,NA,No,2020
20,Sí,Sí,Sí,No,No,Sí,No,Sí,No,Sí,NA,NA,60,La mayor parte,NA,No recuerda,2020
55,Sí,Sí,Sí,Sí,No,No,No,Sí,No,Sí,No,Sí,25,La mayor parte,NA,No recuerda,2020
30,Sí,Sí,No,No,No,Sí,No,Sí,NA,NA,NA,NA,35,La mitad,NA,No recuerda,2020
59,Sí,Sí,Sí,Sí,Sí,Sí,No,Sí,No,Sí,No,Sí,15,Toda,NA,Sí,2020
34,No,No,Sí,Sí,No,Sí,NA,NA,No,Sí,No,Sí,20,La mitad,NA,No recuerda,2020
66,No,No,No,No,No,No,NA,NA,NA,NA,NA,NA,0,NA,Problemas de salud,Sí,2020
67,No,No,No,No,No,No,NA,NA,NA,NA,NA,NA,0,NA,Problemas de salud,No,2020
21,Sí,Sí,No,No,No,Sí,Sí,No,NA,NA,NA,NA,90,La mayor parte,NA,Sí,2020
25,Sí,Sí,Sí,Sí,Sí,Sí,Sí,No,No,Sí,No,Sí,60,Toda,NA,Sí,2020
43,Sí,Sí,No,No,No,No,No,Sí,NA,NA,NA,NA,120,La mayor parte,NA,Sí,2020
60,Sí,Sí,No,No,No,No,No,Sí,NA,NA,NA,NA,30,Toda,NA,Sí,2020
57,No,No,No,No,No,No,NA,NA,NA,NA,NA,NA,0,NA,Otro,Sí,2020
36,Sí,Sí,Sí,No,No,No,Sí,No,No,Sí,NA,NA,60,Toda,NA,Sí,2020
57,Sí,Sí,Sí,No,No,Sí,No,Sí,No,Sí,NA,NA,45,Toda,NA,Sí,2020
25,Sí,Sí,Sí,No,No,No,No,Sí,No,Sí,NA,NA,60,Toda,NA,Sí,2020
61,No,No,Sí,No,No,Sí,NA,NA,No,Sí,NA,NA,30,La mitad,NA,No,2020
68,Sí,No,Sí,No,No,Sí,NA,NA,No,Sí,NA,NA,30,La mitad,NA,No recuerda,2020
18,Sí,Sí,Sí,Sí,Sí,Sí,No,Sí,No,Sí,No,Sí,30,La mayor parte,NA,Sí,2020
19,No,No,No,No,No,No,NA,NA,NA,NA,NA,NA,0,NA,Falta de tiempo,Sí,2020
36,Sí,Sí,Sí,No,No,Sí,No,Sí,No,Sí,NA,NA,60,Toda,NA,Sí,2020
61,No,No,Sí,No,No,No,NA,NA,No,Sí,NA,NA,30,La mayor parte,NA,Sí,2020
33,Sí,Sí,No,Sí,No,Sí,Sí,No,NA,NA,Sí,No,45,La mayor parte,NA,Sí,2020
27,No,No,No,No,No,No,NA,NA,NA,NA,NA,NA,0,NA,Falta de interés/gusto,No,2020
28,No,No,Sí,Sí,No,No,NA,NA,Sí,No,Sí,No,10,La mayor parte,NA,Sí,2020
20,Sí,Sí,No,No,No,Sí,Sí,No,NA,NA,NA,NA,20,La mayor parte,NA,Sí,2020
84,NA,NA,NA,NA,NA,NA,NA,NA,NA,NA,NA,NA,0,NA,NA,NA,2020
60,No,No,Sí,Sí,No,No,NA,NA,No,Sí,No,Sí,20,La mayor parte,NA,No recuerda,2020
56,No,No,No,No,No,No,NA,NA,NA,NA,NA,NA,0,NA,Falta de interés/gusto,Sí,2020
27,Sí,Sí,No,No,No,Sí,Sí,Sí,NA,NA,NA,NA,90,La mayor parte,NA,Sí,2020
37,Sí,No,No,No,No,Sí,NA,NA,NA,NA,NA,NA,30,La mayor parte,NA,Sí,2020
47,No,No,No,Sí,No,Sí,NA,NA,NA,NA,No,Sí,30,La mayor parte,NA,Sí,2020
51,Sí,Sí,No,No,No,No,No,Sí,NA,NA,NA,NA,60,La mayor parte,NA,Sí,2020
30,Sí,Sí,Sí,No,No,Sí,Sí,No,No,Sí,NA,NA,90,Toda,NA,Sí,2020
57,Sí,Sí,No,No,No,No,No,Sí,NA,NA,NA,NA,30,La mayor parte,NA,No,2020
22,Sí,Sí,No,No,No,Sí,Sí,No,NA,NA,NA,NA,90,La mayor parte,NA,Sí,2020
33,No,No,No,No,No,No,NA,NA,NA,NA,NA,NA,0,NA,Falta de tiempo,Sí,2020
37,No,No,No,Sí,No,No,NA,NA,NA,NA,No,Sí,20,La mayor parte,NA,Sí,2020
21,Sí,Sí,Sí,No,No,Sí,Sí,No,No,Sí,NA,NA,90,La mayor parte,NA,Sí,2020
37,Sí,Sí,Sí,No,No,Sí,Sí,Sí,No,Sí,NA,NA,60,La mayor parte,NA,Sí,2020
60,Sí,Sí,Sí,Sí,No,Sí,Sí,Sí,No,Sí,No,Sí,90,La mayor parte,NA,Sí,2020
28,No,No,No,No,No,Sí,NA,NA,NA,NA,NA,NA,30,La mayor parte,NA,Sí,2020
31,No,No,No,No,No,No,NA,NA,NA,NA,NA,NA,0,NA,Falta de interés/gusto,No,2020
65,No,No,No,No,No,No,NA,NA,NA,NA,NA,NA,0,NA,Falta de interés/gusto,No,2020
34,No,No,No,Sí,No,Sí,NA,NA,NA,NA,No,Sí,20,La mayor parte,NA,Sí,2020
50,Sí,No,No,Sí,No,No,NA,NA,NA,NA,No,Sí,45,La mayor parte,NA,No,2020
68,No,No,No,No,No,No,NA,NA,NA,NA,NA,NA,0,NA,Falta de interés/gusto,No,2020
51,No,No,No,Sí,No,No,NA,NA,NA,NA,No,Sí,15,La mayor parte,NA,No,2020
74,Sí,Sí,No,No,No,No,No,Sí,NA,NA,NA,NA,60,La mitad,NA,No,2020
73,NA,NA,NA,NA,NA,NA,NA,NA,NA,NA,NA,NA,0,NA,NA,NA,2020
59,Sí,No,Sí,No,No,No,NA,NA,No,Sí,NA,NA,20,La mayor parte,NA,Sí,2020
21,Sí,Sí,No,Sí,No,Sí,Sí,No,NA,NA,Sí,No,90,La mitad,NA,Sí,2020
28,No,No,No,Sí,No,Sí,NA,NA,NA,NA,No,Sí,30,La mayor parte,NA,Sí,2020
38,Sí,No,Sí,Sí,No,No,NA,NA,No,Sí,No,Sí,20,La mayor parte,NA,No,2020
25,Sí,Sí,No,Sí,No,Sí,Sí,Sí,NA,NA,No,Sí,60,La mayor parte,NA,No,2020
50,Sí,Sí,No,No,No,Sí,No,Sí,NA,NA,NA,NA,60,La mayor parte,NA,No,2020
26,No,No,Sí,No,No,No,NA,NA,No,Sí,NA,NA,30,La mayor parte,NA,No,2020
31,No,No,No,No,No,No,NA,NA,NA,NA,NA,NA,0,NA,Falta de interés/gusto,No,2020
29,No,No,No,Sí,No,No,NA,NA,NA,NA,No,Sí,15,La mayor parte,NA,No,2020
24,No,No,Sí,Sí,No,No,NA,NA,No,Sí,No,Sí,20,La mayor parte,NA,No,2020
50,No,No,No,No,No,No,NA,NA,NA,NA,NA,NA,0,NA,Falta de interés/gusto,No,2020
57,Sí,Sí,No,Sí,No,Sí,No,Sí,NA,NA,No,Sí,60,La mayor parte,NA,Sí,2020
54,No,No,Sí,Sí,No,Sí,NA,NA,No,Sí,Sí,No,30,Toda,NA,Sí,2020
32,No,No,No,No,No,No,NA,NA,NA,NA,NA,NA,0,NA,Falta de tiempo,Sí,2020
65,Sí,Sí,No,No,No,No,No,Sí,NA,NA,NA,NA,60,La mayor parte,NA,No,2020
46,No,Sí,Sí,Sí,No,No,No,Sí,No,Sí,No,Sí,30,La mayor parte,NA,Sí,2020
60,No,No,No,Sí,No,No,NA,NA,NA,NA,No,Sí,20,La mayor parte,NA,Sí,2020
33,No,No,No,No,No,No,NA,NA,NA,NA,NA,NA,0,NA,Falta de interés/gusto,No,2020
46,Sí,Sí,Sí,No,No,Sí,No,Sí,No,Sí,NA,NA,60,Toda,NA,Sí,2020
52,Sí,Sí,No,Sí,No,No,No,Sí,NA,NA,Sí,No,20,La mayor parte,NA,Sí,2020
48,Sí,Sí,No,No,No,No,No,Sí,NA,NA,NA,NA,30,La mayor parte,NA,Sí,2020
47,Sí,No,Sí,Sí,No,Sí,NA,NA,No,Sí,Sí,No,30,Toda,NA,Sí,2020
44,No,No,No,Sí,No,No,NA,NA,NA,NA,No,Sí,6,Poca,NA,No,2020
39,Sí,Sí,No,Sí,No,Sí,No,Sí,NA,NA,Sí,No,60,La mayor parte,NA,Sí,2020
23,Sí,Sí,No,No,Sí,Sí,No,Sí,NA,NA,NA,NA,180,La mayor parte,NA,Sí,2020
42,No,No,No,No,No,No,NA,NA,NA,NA,NA,NA,0,NA,Falta de interés/gusto,Sí,2020
37,Sí,No,No,No,No,No,NA,NA,NA,NA,NA,NA,0,NA,Falta de interés/gusto,No,2020
33,No,No,No,No,No,No,NA,NA,NA,NA,NA,NA,0,NA,Falta de interés/gusto,No,2020
71,Sí,Sí,No,Sí,No,No,No,Sí,NA,NA,No,Sí,20,Toda,NA,Sí,2020
56,Sí,Sí,No,No,No,No,No,Sí,NA,NA,NA,NA,15,Toda,NA,No,2020
29,Sí,Sí,No,No,No,Sí,No,Sí,NA,NA,NA,NA,10,La mayor parte,NA,Sí,2020
80,Sí,Sí,No,No,No,No,No,Sí,NA,NA,NA,NA,180,La mitad,NA,No,2020
38,Sí,No,No,Sí,No,No,NA,NA,NA,NA,Sí,Sí,10,La mitad,NA,Sí,2020
76,Sí,No,Sí,Sí,No,No,NA,NA,No,Sí,No,Sí,30,Toda,NA,Sí,2020
72,Sí,Sí,Sí,Sí,Sí,Sí,No,Sí,No,Sí,Sí,Sí,30,Toda,NA,Sí,2020
56,Sí,No,Sí,Sí,No,No,NA,NA,Sí,Sí,Sí,Sí,60,Toda,NA,Sí,2020
30,Sí,Sí,Sí,Sí,No,No,No,Sí,Sí,No,Sí,No,20,Toda,NA,Sí,2020
34,Sí,No,Sí,Sí,No,No,NA,NA,No,Sí,Sí,No,20,La mayor parte,NA,Sí,2020
24,Sí,Sí,Sí,Sí,Sí,Sí,Sí,Sí,Sí,No,Sí,Sí,30,Toda,NA,Sí,2020
58,Sí,No,Sí,No,No,No,NA,NA,No,Sí,NA,NA,5,Toda,NA,Sí,2020
63,Sí,Sí,No,No,No,No,No,Sí,NA,NA,NA,NA,60,La mitad,NA,No,2020
56,No,No,No,Sí,No,No,NA,NA,NA,NA,No,Sí,15,Toda,NA,Sí,2020
52,No,No,No,No,No,No,NA,NA,NA,NA,NA,NA,0,NA,Falta de interés/gusto,Sí,2020
73,Sí,Sí,No,No,No,No,No,Sí,NA,NA,NA,NA,60,Poca,NA,No,2020
25,Sí,Sí,No,No,No,Sí,No,Sí,NA,NA,NA,NA,15,La mayor parte,NA,Sí,2020
24,Sí,Sí,Sí,No,No,Sí,No,Sí,No,Sí,NA,NA,60,Toda,NA,Sí,2020
43,No,No,No,No,No,No,NA,NA,NA,NA,NA,NA,0,NA,Falta de tiempo,Sí,2020
24,No,No,No,No,No,No,NA,NA,NA,NA,NA,NA,0,NA,Falta de tiempo,Sí,2020
25,No,No,No,No,No,No,NA,NA,NA,NA,NA,NA,0,NA,Falta de tiempo,Sí,2020
39,No,No,No,No,No,No,NA,NA,NA,NA,NA,NA,0,NA,Falta de interés/gusto,No,2020
40,Sí,No,No,Sí,No,No,NA,NA,NA,NA,No,Sí,40,La mayor parte,NA,Sí,2020
33,No,No,No,No,No,No,NA,NA,NA,NA,NA,NA,0,NA,Falta de interés/gusto,Sí,2020
29,No,No,No,No,No,No,NA,NA,NA,NA,NA,NA,0,NA,Falta de tiempo,Sí,2020
38,Sí,Sí,Sí,Sí,No,Sí,Sí,No,Sí,No,No,Sí,60,La mayor parte,NA,Sí,2020
27,Sí,Sí,No,No,No,Sí,No,Sí,NA,NA,NA,NA,120,La mayor parte,NA,Sí,2020
54,No,No,No,No,No,No,NA,NA,NA,NA,NA,NA,0,NA,Falta de interés/gusto,No,2020
59,Sí,Sí,No,No,No,Sí,No,Sí,NA,NA,NA,NA,30,La mitad,NA,Sí,2020
29,Sí,Sí,Sí,No,No,Sí,No,Sí,No,Sí,NA,NA,45,La mayor parte,NA,Sí,2020
38,Sí,No,No,Sí,No,No,NA,NA,NA,NA,No,Sí,20,La mayor parte,NA,No,2020
64,Sí,Sí,Sí,No,No,No,No,Sí,No,Sí,NA,NA,40,La mayor parte,NA,No recuerda,2020
37,Sí,Sí,Sí,Sí,No,Sí,No,Sí,No,Sí,No,Sí,25,La mayor parte,NA,Sí,2020
60,Sí,Sí,No,No,No,No,No,Sí,NA,NA,NA,NA,60,La mayor parte,NA,Sí,2020
44,Sí,Sí,No,No,No,No,No,Sí,NA,NA,NA,NA,30,La mitad,NA,Sí,2020
30,Sí,No,Sí,No,No,Sí,NA,NA,Sí,No,NA,NA,20,La mayor parte,NA,Sí,2020
26,Sí,No,No,Sí,No,No,NA,NA,NA,NA,No,Sí,15,La mayor parte,NA,No,2020
44,Sí,Sí,No,Sí,No,No,No,Sí,NA,NA,No,Sí,20,La mayor parte,NA,No,2020
65,Sí,Sí,No,No,No,No,No,Sí,NA,NA,NA,NA,45,La mitad,NA,No,2020
37,Sí,No,Sí,No,No,Sí,NA,NA,No,Sí,NA,NA,20,La mayor parte,NA,Sí,2020
31,Sí,No,No,Sí,No,No,NA,NA,NA,NA,No,Sí,20,La mayor parte,NA,No,2020
50,NA,NA,NA,NA,NA,NA,NA,NA,NA,NA,NA,NA,0,NA,NA,NA,2020
20,Sí,Sí,Sí,No,No,Sí,Sí,No,Sí,No,NA,NA,60,La mayor parte,NA,No,2020
27,Sí,No,No,No,No,Sí,NA,NA,NA,NA,NA,NA,30,La mayor parte,NA,No,2020
59,Sí,Sí,No,No,No,No,No,Sí,NA,NA,NA,NA,18,La mayor parte,NA,Sí,2020
48,Sí,No,No,Sí,No,No,NA,NA,NA,NA,No,Sí,20,La mayor parte,NA,No,2020
37,Sí,Sí,No,No,No,Sí,Sí,No,NA,NA,NA,NA,60,La mayor parte,NA,Sí,2020
29,Sí,Sí,Sí,No,No,Sí,Sí,No,No,Sí,NA,NA,30,La mayor parte,NA,Sí,2020
47,Sí,No,No,Sí,No,Sí,NA,NA,NA,NA,No,Sí,5,Toda,NA,No,2020
82,No,No,No,No,No,No,NA,NA,NA,NA,NA,NA,0,NA,Falta de interés/gusto,No,2020
25,Sí,Sí,Sí,No,No,Sí,No,Sí,No,Sí,NA,NA,30,Toda,NA,Sí,2020
61,Sí,Sí,No,No,No,No,No,Sí,NA,NA,NA,NA,40,La mitad,NA,Sí,2020
24,Sí,Sí,Sí,No,No,Sí,Sí,No,Sí,No,NA,NA,40,Toda,NA,Sí,2020
35,Sí,Sí,No,No,No,Sí,No,Sí,NA,NA,NA,NA,30,La mayor parte,NA,Sí,2020
63,Sí,Sí,No,Sí,No,No,No,Sí,NA,NA,No,Sí,40,La mayor parte,NA,No,2020
47,Sí,No,Sí,Sí,No,Sí,NA,NA,Sí,No,No,Sí,60,Toda,NA,No,2020
46,Sí,No,Sí,Sí,No,Sí,NA,NA,Sí,No,No,Sí,30,Toda,NA,Sí,2020
46,Sí,No,No,Sí,No,Sí,NA,NA,NA,NA,No,Sí,40,Toda,NA,Sí,2020
72,Sí,Sí,No,Sí,No,No,No,Sí,NA,NA,No,Sí,30,La mayor parte,NA,No recuerda,2020
38,Sí,No,No,No,No,Sí,NA,NA,NA,NA,NA,NA,60,La mayor parte,NA,Sí,2020
53,Sí,Sí,Sí,No,No,Sí,No,Sí,No,Sí,NA,NA,25,La mayor parte,NA,Sí,2020
34,No,No,Sí,No,No,No,NA,NA,No,Sí,NA,NA,30,La mayor parte,NA,No,2020
53,Sí,Sí,No,Sí,No,Sí,No,Sí,NA,NA,No,Sí,40,La mayor parte,NA,Sí,2020
61,Sí,Sí,No,No,No,Sí,No,Sí,NA,NA,NA,NA,120,La mayor parte,NA,No,2020
43,Sí,No,No,Sí,No,No,NA,NA,NA,NA,No,Sí,45,Toda,NA,No,2020
47,Sí,Sí,Sí,Sí,No,Sí,No,Sí,No,Sí,No,Sí,50,La mayor parte,NA,Sí,2020
77,No,No,No,No,No,No,NA,NA,NA,NA,NA,NA,0,NA,Problemas de salud,No recuerda,2020
55,Sí,Sí,Sí,No,No,Sí,No,Sí,Sí,No,NA,NA,50,La mayor parte,NA,Sí,2020
25,No,No,No,No,No,No,NA,NA,NA,NA,NA,NA,0,NA,Falta de tiempo,No,2020
48,No,No,No,No,No,Sí,NA,NA,NA,NA,NA,NA,15,La mayor parte,NA,No,2020
30,No,No,No,No,No,Sí,NA,NA,NA,NA,NA,NA,20,La mayor parte,NA,No,2020
61,No,No,No,Sí,No,No,NA,NA,NA,NA,No,Sí,10,La mayor parte,NA,No,2020
63,No,No,No,No,No,No,NA,NA,NA,NA,NA,NA,0,NA,Falta de interés/gusto,No,2020
30,Sí,No,Sí,No,No,Sí,NA,NA,No,Sí,NA,NA,30,La mayor parte,NA,Sí,2020
40,No,No,No,Sí,No,No,NA,NA,NA,NA,No,Sí,15,La mayor parte,NA,No,2020
59,Sí,Sí,No,Sí,No,No,No,Sí,NA,NA,No,Sí,20,La mitad,NA,No,2020
28,Sí,No,No,No,No,Sí,NA,NA,NA,NA,NA,NA,20,La mayor parte,NA,No recuerda,2020
41,Sí,Sí,No,No,No,Sí,No,Sí,NA,NA,NA,NA,20,Toda,NA,Sí,2020
35,No,No,No,No,No,No,NA,NA,NA,NA,NA,NA,0,NA,Falta de tiempo,No,2020
68,Sí,No,No,Sí,No,No,NA,NA,NA,NA,No,Sí,30,Toda,NA,Sí,2020
70,No,No,No,No,No,No,NA,NA,NA,NA,NA,NA,0,NA,Falta de interés/gusto,No,2020
49,No,No,No,No,No,No,NA,NA,NA,NA,NA,NA,0,NA,Falta de interés/gusto,No,2020
47,Sí,No,Sí,Sí,Sí,No,NA,NA,No,Sí,No,Sí,15,La mayor parte,NA,No,2020
54,Sí,No,No,No,No,Sí,NA,NA,NA,NA,NA,NA,45,La mayor parte,NA,No,2020
23,No,No,No,No,No,Sí,NA,NA,NA,NA,NA,NA,35,Toda,NA,No,2020
71,Sí,No,No,Sí,No,No,NA,NA,NA,NA,No,Sí,30,La mayor parte,NA,No recuerda,2020
43,No,No,No,No,No,Sí,NA,NA,NA,NA,NA,NA,50,Toda,NA,Sí,2020
26,No,Sí,No,No,No,Sí,No,Sí,NA,NA,NA,NA,30,Toda,NA,Sí,2020
71,No,No,No,No,No,No,NA,NA,NA,NA,NA,NA,0,NA,Falta de interés/gusto,No,2020
66,No,No,No,No,No,No,NA,NA,NA,NA,NA,NA,0,NA,Falta de interés/gusto,No,2020
26,No,No,No,No,No,No,NA,NA,NA,NA,NA,NA,0,NA,Falta de interés/gusto,No,2020
37,Sí,No,Sí,No,No,Sí,NA,NA,No,Sí,NA,NA,50,Toda,NA,No,2020
58,Sí,Sí,No,Sí,No,Sí,No,Sí,NA,NA,No,Sí,45,Toda,NA,Sí,2020
21,Sí,No,Sí,No,No,Sí,NA,NA,No,Sí,NA,NA,60,Toda,NA,Sí,2020
42,Sí,No,Sí,No,No,Sí,NA,NA,No,Sí,NA,NA,45,La mayor parte,NA,Sí,2020
61,Sí,No,No,Sí,No,Sí,NA,NA,NA,NA,No,Sí,30,Toda,NA,Sí,2020
70,Sí,No,No,Sí,No,No,NA,NA,NA,NA,No,Sí,30,La mayor parte,NA,Sí,2020
51,No,No,No,No,No,No,NA,NA,NA,NA,NA,NA,0,NA,Falta de tiempo,No,2020
62,No,No,No,No,No,No,NA,NA,NA,NA,NA,NA,0,NA,Falta de interés/gusto,No,2020
26,No,No,No,No,No,No,NA,NA,NA,NA,NA,NA,0,NA,Falta de interés/gusto,No,2020
27,No,No,No,No,No,Sí,NA,NA,NA,NA,NA,NA,40,Toda,NA,No,2020
51,Sí,Sí,No,No,No,No,No,Sí,NA,NA,NA,NA,45,La mitad,NA,No,2020
34,Sí,No,Sí,Sí,No,Sí,NA,NA,No,Sí,No,Sí,60,Toda,NA,Sí,2020
26,No,No,No,No,No,No,NA,NA,NA,NA,NA,NA,0,NA,Falta de interés/gusto,Sí,2020
52,Sí,No,No,Sí,No,Sí,NA,NA,NA,NA,No,Sí,30,La mayor parte,NA,No recuerda,2020
45,Sí,Sí,Sí,No,No,Sí,No,Sí,No,Sí,NA,NA,120,Toda,NA,Sí,2020
52,Sí,No,No,Sí,No,Sí,NA,NA,NA,NA,No,Sí,60,La mayor parte,NA,Sí,2020
30,Sí,Sí,Sí,Sí,No,No,No,Sí,Sí,No,No,Sí,15,Toda,NA,Sí,2020
46,Sí,No,Sí,Sí,No,Sí,NA,NA,Sí,No,No,Sí,30,La mitad,NA,No,2020
44,Sí,Sí,Sí,No,No,Sí,No,Sí,No,Sí,NA,NA,30,La mayor parte,NA,No,2020
19,Sí,Sí,Sí,No,No,No,Sí,No,No,Sí,NA,NA,15,La mitad,NA,No,2020
66,No,No,No,No,No,No,NA,NA,NA,NA,NA,NA,0,NA,Falta de interés/gusto,No,2020
46,No,No,No,No,No,No,NA,NA,NA,NA,NA,NA,0,NA,Falta de tiempo,No,2020
67,No,No,No,No,No,No,NA,NA,NA,NA,NA,NA,0,NA,Problemas de salud,No,2020
43,Sí,Sí,Sí,No,No,Sí,No,Sí,No,Sí,NA,NA,30,La mayor parte,NA,No,2020
27,Sí,Sí,Sí,No,No,No,No,Sí,No,Sí,NA,NA,20,Toda,NA,No,2020
28,Sí,No,No,Sí,No,Sí,NA,NA,NA,NA,No,Sí,30,La mayor parte,NA,No,2020
51,Sí,No,Sí,Sí,No,No,NA,NA,No,Sí,No,Sí,30,La mayor parte,NA,Sí,2020
57,Sí,No,No,Sí,No,No,NA,NA,NA,NA,No,Sí,20,La mayor parte,NA,Sí,2020
33,Sí,No,Sí,No,No,No,NA,NA,No,Sí,NA,NA,15,La mitad,NA,Sí,2020
72,No,No,No,No,No,No,NA,NA,NA,NA,NA,NA,0,NA,Problemas de salud,No,2020
57,No,No,No,Sí,No,No,NA,NA,NA,NA,No,Sí,15,Toda,NA,No,2020
36,Sí,No,Sí,No,No,No,NA,NA,No,Sí,NA,NA,30,La mayor parte,NA,Sí,2020
85,NA,NA,NA,NA,NA,NA,NA,NA,NA,NA,NA,NA,0,NA,NA,NA,2020
29,No,No,No,No,Sí,No,NA,NA,NA,NA,NA,NA,60,Poca,NA,No,2020
58,Sí,No,No,No,Sí,No,NA,NA,NA,NA,NA,NA,30,La mitad,NA,No,2020
47,Sí,Sí,No,No,No,No,No,Sí,NA,NA,NA,NA,60,La mitad,NA,No,2020
45,Sí,Sí,No,Sí,No,No,No,Sí,NA,NA,No,Sí,20,Toda,NA,Sí,2020
52,Sí,Sí,No,No,No,No,No,Sí,NA,NA,NA,NA,30,La mitad,NA,No,2020
59,Sí,No,No,Sí,No,Sí,NA,NA,NA,NA,No,Sí,30,La mayor parte,NA,Sí,2020
46,Sí,Sí,Sí,Sí,No,No,No,Sí,No,Sí,No,Sí,30,La mayor parte,NA,No,2020
23,No,No,Sí,No,Sí,No,NA,NA,No,Sí,NA,NA,10,La mitad,NA,Sí,2020
71,No,No,No,No,No,No,NA,NA,NA,NA,NA,NA,0,NA,Falta de interés/gusto,No,2020
55,Sí,No,No,No,No,No,NA,NA,NA,NA,NA,NA,0,NA,Falta de tiempo,No,2020
48,NA,NA,NA,NA,NA,NA,NA,NA,NA,NA,NA,NA,0,NA,NA,NA,2020
42,Sí,Sí,Sí,Sí,Sí,Sí,Sí,No,No,Sí,No,Sí,30,La mayor parte,NA,Sí,2020
53,Sí,Sí,Sí,Sí,Sí,No,No,Sí,No,Sí,No,Sí,20,La mitad,NA,No,2020
29,Sí,Sí,Sí,Sí,No,Sí,Sí,Sí,Sí,No,Sí,No,30,La mayor parte,NA,No,2020
35,Sí,Sí,No,No,No,No,No,Sí,NA,NA,NA,NA,20,La mayor parte,NA,Sí,2020
69,NA,NA,NA,NA,NA,NA,NA,NA,NA,NA,NA,NA,0,NA,NA,NA,2020
66,Sí,No,No,Sí,No,No,NA,NA,NA,NA,No,Sí,30,La mitad,NA,Sí,2020
20,No,No,No,No,No,Sí,NA,NA,NA,NA,NA,NA,30,La mayor parte,NA,Sí,2020
60,Sí,No,No,No,No,No,NA,NA,NA,NA,NA,NA,0,NA,Falta de tiempo,Sí,2020
26,Sí,Sí,Sí,No,No,Sí,No,Sí,No,Sí,NA,NA,40,Toda,NA,Sí,2020
71,NA,NA,NA,NA,NA,NA,NA,NA,NA,NA,NA,NA,0,NA,NA,NA,2020
68,Sí,Sí,No,Sí,No,No,No,Sí,NA,NA,No,Sí,60,La mitad,NA,Sí,2020
70,Sí,Sí,No,Sí,No,No,No,Sí,NA,NA,No,Sí,50,Poca,NA,Sí,2020
43,Sí,Sí,No,No,No,Sí,Sí,No,NA,NA,NA,NA,40,La mayor parte,NA,Sí,2020
37,Sí,Sí,Sí,No,No,Sí,No,Sí,Sí,No,NA,NA,120,Toda,NA,Sí,2020
47,Sí,Sí,No,No,No,Sí,No,Sí,NA,NA,NA,NA,60,Toda,NA,Sí,2020
32,Sí,Sí,Sí,No,No,Sí,No,Sí,No,Sí,NA,NA,60,Toda,NA,Sí,2020
52,No,No,No,No,No,No,NA,NA,NA,NA,NA,NA,0,NA,Falta de interés/gusto,No,2020
45,Sí,Sí,Sí,No,No,Sí,No,Sí,No,Sí,NA,NA,30,La mayor parte,NA,Sí,2020
54,Sí,Sí,No,Sí,No,Sí,Sí,No,NA,NA,No,Sí,45,La mayor parte,NA,Sí,2020
73,Sí,Sí,No,Sí,No,No,No,Sí,NA,NA,No,Sí,60,La mitad,NA,Sí,2020
41,Sí,Sí,Sí,Sí,No,Sí,No,Sí,No,Sí,No,Sí,120,La mayor parte,NA,Sí,2020
19,Sí,Sí,No,No,No,Sí,No,Sí,NA,NA,NA,NA,60,La mayor parte,NA,Sí,2020
48,No,No,No,No,No,No,NA,NA,NA,NA,NA,NA,0,NA,Falta de interés/gusto,No,2020
40,No,No,No,No,No,No,NA,NA,NA,NA,NA,NA,0,NA,Falta de tiempo,No,2020
53,No,No,No,No,No,No,NA,NA,NA,NA,NA,NA,0,NA,Falta de tiempo,Sí,2020
47,No,No,No,No,No,No,NA,NA,NA,NA,NA,NA,0,NA,Falta de tiempo,No,2020
28,Sí,Sí,Sí,Sí,Sí,Sí,Sí,No,No,Sí,No,Sí,60,La mayor parte,NA,Sí,2020
45,Sí,Sí,No,Sí,No,Sí,Sí,No,NA,NA,Sí,No,480,La mayor parte,NA,Sí,2020
56,NA,NA,NA,NA,NA,NA,NA,NA,NA,NA,NA,NA,0,NA,NA,NA,2020
81,No,No,No,No,No,No,NA,NA,NA,NA,NA,NA,0,NA,Problemas de salud,Sí,2020
28,Sí,Sí,Sí,Sí,No,No,Sí,No,No,Sí,No,Sí,30,La mayor parte,NA,Sí,2020
59,No,No,No,No,No,No,NA,NA,NA,NA,NA,NA,0,NA,Falta de tiempo,No,2020
36,Sí,Sí,No,No,No,Sí,No,Sí,NA,NA,NA,NA,30,La mayor parte,NA,Sí,2020
47,Sí,Sí,Sí,Sí,Sí,No,No,Sí,No,Sí,No,Sí,30,La mitad,NA,Sí,2020
52,No,No,No,No,No,No,NA,NA,NA,NA,NA,NA,0,NA,Falta de interés/gusto,No,2020
32,No,No,No,No,No,No,NA,NA,NA,NA,NA,NA,0,NA,Falta de interés/gusto,No,2020
60,NA,NA,NA,NA,NA,NA,NA,NA,NA,NA,NA,NA,0,NA,NA,NA,2020
54,Sí,Sí,No,No,No,Sí,No,Sí,NA,NA,NA,NA,60,La mayor parte,NA,Sí,2020
36,No,No,No,No,No,No,NA,NA,NA,NA,NA,NA,0,NA,Falta de interés/gusto,No,2020
26,Sí,No,No,Sí,No,Sí,NA,NA,NA,NA,No,Sí,30,La mayor parte,NA,Sí,2020
68,Sí,No,Sí,No,No,No,NA,NA,No,Sí,NA,NA,60,Toda,NA,No,2020
62,Sí,No,No,Sí,No,Sí,NA,NA,NA,NA,No,Sí,30,La mayor parte,NA,No,2020
38,Sí,No,No,No,No,Sí,NA,NA,NA,NA,NA,NA,30,La mayor parte,NA,No,2020
68,No,No,Sí,No,No,No,NA,NA,No,Sí,NA,NA,30,La mayor parte,NA,No,2020
45,No,No,No,No,No,No,NA,NA,NA,NA,NA,NA,0,NA,Falta de tiempo,No,2020
29,Sí,Sí,No,Sí,Sí,Sí,No,Sí,NA,NA,No,Sí,40,La mayor parte,NA,Sí,2020
55,No,No,No,No,No,No,NA,NA,NA,NA,NA,NA,0,NA,Falta de interés/gusto,No,2020
33,No,No,No,No,No,Sí,NA,NA,NA,NA,NA,NA,10,Toda,NA,Sí,2020
21,Sí,Sí,No,No,No,Sí,No,Sí,NA,NA,NA,NA,60,La mayor parte,NA,Sí,2020
44,No,No,No,No,No,No,NA,NA,NA,NA,NA,NA,0,NA,Falta de tiempo,No,2020
80,Sí,No,No,No,No,No,NA,NA,NA,NA,NA,NA,0,NA,Falta de tiempo,No,2020
36,Sí,Sí,Sí,Sí,No,No,No,Sí,No,Sí,No,Sí,60,La mitad,NA,No,2020
44,No,No,No,No,No,No,NA,NA,NA,NA,NA,NA,0,NA,Falta de interés/gusto,No,2020
52,Sí,Sí,No,No,Sí,Sí,No,Sí,NA,NA,NA,NA,60,Toda,NA,Sí,2020
38,Sí,Sí,Sí,No,No,Sí,No,Sí,No,Sí,NA,NA,20,La mayor parte,NA,Sí,2020
73,Sí,No,No,Sí,No,No,NA,NA,NA,NA,No,Sí,30,La mayor parte,NA,No,2020
28,No,Sí,Sí,No,No,Sí,No,Sí,No,Sí,NA,NA,15,La mayor parte,NA,Sí,2020
44,Sí,Sí,No,No,No,Sí,No,Sí,NA,NA,NA,NA,20,La mayor parte,NA,No,2020
39,Sí,No,Sí,No,No,Sí,NA,NA,No,Sí,NA,NA,30,La mayor parte,NA,No,2020
33,Sí,Sí,Sí,Sí,No,Sí,Sí,Sí,Sí,No,Sí,No,30,Toda,NA,Sí,2020
30,Sí,No,Sí,Sí,No,Sí,NA,NA,No,Sí,No,Sí,60,Toda,NA,Sí,2020
18,No,No,Sí,No,No,Sí,NA,NA,No,Sí,NA,NA,30,La mayor parte,NA,No,2020
23,Sí,Sí,No,No,No,Sí,Sí,Sí,NA,NA,NA,NA,60,La mayor parte,NA,Sí,2020
42,Sí,No,Sí,Sí,Sí,Sí,NA,NA,No,Sí,No,Sí,60,La mitad,NA,Sí,2020
40,Sí,No,No,Sí,No,Sí,NA,NA,NA,NA,No,Sí,30,Toda,NA,No recuerda,2020
39,Sí,No,Sí,No,Sí,No,NA,NA,No,Sí,NA,NA,20,La mayor parte,NA,Sí,2020
18,No,No,Sí,Sí,No,Sí,NA,NA,No,Sí,No,Sí,30,La mayor parte,NA,Sí,2020
70,Sí,No,No,Sí,No,Sí,NA,NA,NA,NA,No,Sí,15,La mitad,NA,No,2020
89,Sí,No,No,No,No,No,NA,NA,NA,NA,NA,NA,0,NA,Falta de tiempo,No,2020
78,Sí,No,Sí,Sí,No,No,NA,NA,No,Sí,No,Sí,15,Toda,NA,Sí,2020
44,Sí,No,No,Sí,No,Sí,NA,NA,NA,NA,No,Sí,30,La mayor parte,NA,Sí,2020
29,Sí,Sí,No,No,No,No,No,Sí,NA,NA,NA,NA,25,Toda,NA,Sí,2020
30,Sí,No,No,No,No,Sí,NA,NA,NA,NA,NA,NA,15,Toda,NA,No,2020
85,Sí,No,No,No,No,No,NA,NA,NA,NA,NA,NA,0,NA,Otro,No,2020
60,Sí,No,Sí,No,Sí,Sí,NA,NA,No,Sí,NA,NA,15,La mayor parte,NA,No,2020
23,Sí,Sí,No,No,No,Sí,No,Sí,NA,NA,NA,NA,30,La mitad,NA,No,2020
58,Sí,Sí,No,Sí,No,Sí,No,Sí,NA,NA,Sí,No,30,Toda,NA,Sí,2020
18,Sí,Sí,No,No,No,Sí,No,Sí,NA,NA,NA,NA,15,Toda,NA,Sí,2020
77,No,No,Sí,No,No,Sí,NA,NA,No,Sí,NA,NA,60,Toda,NA,Sí,2020
45,Sí,Sí,Sí,Sí,No,Sí,Sí,Sí,Sí,No,No,Sí,30,La mayor parte,NA,Sí,2020
48,Sí,No,No,No,No,No,NA,NA,NA,NA,NA,NA,0,NA,Falta de tiempo,Sí,2020
56,Sí,Sí,No,Sí,No,No,No,Sí,NA,NA,No,Sí,20,La mayor parte,NA,No,2020
56,NA,NA,NA,NA,NA,NA,NA,NA,NA,NA,NA,NA,0,NA,NA,NA,2020
37,Sí,Sí,No,Sí,Sí,Sí,No,Sí,NA,NA,No,Sí,20,La mayor parte,NA,No,2020
56,Sí,Sí,No,Sí,No,No,No,Sí,NA,NA,No,Sí,30,La mayor parte,NA,Sí,2020
38,No,No,No,No,No,No,NA,NA,NA,NA,NA,NA,0,NA,Prefiere otras actividades,No,2020
45,Sí,No,No,Sí,No,No,NA,NA,NA,NA,No,Sí,20,La mayor parte,NA,No,2020
40,Sí,Sí,No,No,Sí,No,No,Sí,NA,NA,NA,NA,20,La mayor parte,NA,Sí,2020
39,No,No,No,Sí,No,No,NA,NA,NA,NA,No,Sí,5,La mitad,NA,No,2020
31,No,No,Sí,Sí,No,Sí,NA,NA,No,Sí,No,Sí,60,La mayor parte,NA,Sí,2020
44,Sí,Sí,Sí,Sí,Sí,Sí,No,Sí,No,Sí,No,Sí,5,La mitad,NA,Sí,2020
21,Sí,Sí,Sí,No,No,Sí,No,Sí,Sí,No,NA,NA,20,La mayor parte,NA,Sí,2020
61,Sí,Sí,Sí,Sí,No,No,No,Sí,No,Sí,No,Sí,60,La mayor parte,NA,No,2020
61,No,No,No,Sí,Sí,No,NA,NA,NA,NA,No,Sí,15,La mayor parte,NA,No,2020
26,Sí,Sí,Sí,No,Sí,Sí,No,Sí,Sí,No,NA,NA,60,Toda,NA,Sí,2020
31,Sí,No,No,No,No,No,NA,NA,NA,NA,NA,NA,0,NA,Falta de interés/gusto,No,2020
53,No,No,No,No,No,No,NA,NA,NA,NA,NA,NA,0,NA,Prefiere otras actividades,No,2020
54,Sí,No,No,No,No,Sí,NA,NA,NA,NA,NA,NA,10,La mayor parte,NA,No,2020
25,No,No,No,No,No,Sí,NA,NA,NA,NA,NA,NA,15,Toda,NA,Sí,2020
25,Sí,Sí,Sí,No,No,Sí,Sí,No,Sí,No,NA,NA,60,La mayor parte,NA,Sí,2020
61,No,No,No,No,No,No,NA,NA,NA,NA,NA,NA,0,NA,Falta de tiempo,No,2020
60,Sí,Sí,Sí,No,No,No,No,Sí,No,Sí,NA,NA,30,La mitad,NA,Sí,2020
31,Sí,Sí,Sí,Sí,Sí,Sí,No,Sí,No,Sí,No,Sí,120,La mayor parte,NA,Sí,2020
37,Sí,Sí,No,No,No,Sí,No,Sí,NA,NA,NA,NA,20,La mayor parte,NA,No,2020
52,No,No,No,No,No,No,NA,NA,NA,NA,NA,NA,0,NA,Falta de interés/gusto,No,2020
39,Sí,No,Sí,Sí,No,No,NA,NA,No,Sí,No,Sí,30,La mayor parte,NA,Sí,2020
47,No,No,No,No,No,No,NA,NA,NA,NA,NA,NA,0,NA,Problemas de salud,Sí,2020
62,Sí,Sí,Sí,No,No,No,Sí,Sí,No,Sí,NA,NA,60,La mayor parte,NA,No,2020
70,Sí,Sí,No,No,No,No,No,Sí,NA,NA,NA,NA,15,La mitad,NA,No,2020
51,Sí,Sí,Sí,No,No,Sí,No,Sí,Sí,No,NA,NA,30,La mayor parte,NA,No,2020
23,No,No,Sí,No,Sí,Sí,NA,NA,Sí,No,NA,NA,15,La mayor parte,NA,No,2020
52,No,No,No,No,No,No,NA,NA,NA,NA,NA,NA,0,NA,Falta de tiempo,No,2020
21,Sí,Sí,Sí,No,No,Sí,Sí,No,Sí,No,NA,NA,50,La mayor parte,NA,Sí,2020
24,Sí,No,No,No,No,Sí,NA,NA,NA,NA,NA,NA,1,La mitad,NA,Sí,2020
36,Sí,Sí,Sí,No,No,Sí,No,Sí,No,Sí,NA,NA,20,La mayor parte,NA,No,2020
22,Sí,Sí,Sí,No,No,Sí,Sí,No,Sí,No,NA,NA,30,La mayor parte,NA,Sí,2020
41,No,Sí,Sí,No,No,No,No,Sí,No,Sí,NA,NA,15,La mitad,NA,Sí,2020
33,No,Sí,No,No,No,No,No,Sí,NA,NA,NA,NA,15,Poca,NA,No,2020
30,No,No,No,No,No,Sí,NA,NA,NA,NA,NA,NA,60,La mayor parte,NA,No,2020
34,Sí,Sí,No,No,No,Sí,No,Sí,NA,NA,NA,NA,60,La mayor parte,NA,Sí,2020
31,No,No,No,No,No,No,NA,NA,NA,NA,NA,NA,0,NA,Falta de tiempo,No,2020
52,Sí,Sí,No,No,No,Sí,No,Sí,NA,NA,NA,NA,30,La mitad,NA,Sí,2020
33,No,No,No,No,No,No,NA,NA,NA,NA,NA,NA,0,NA,Falta de tiempo,No,2020
32,Sí,Sí,No,No,No,No,No,Sí,NA,NA,NA,NA,20,Toda,NA,No,2020
44,No,No,No,No,No,No,NA,NA,NA,NA,NA,NA,0,NA,Falta de tiempo,Sí,2020
38,Sí,Sí,Sí,Sí,Sí,Sí,No,Sí,No,Sí,No,Sí,60,La mayor parte,NA,Sí,2020
71,No,No,No,No,No,No,NA,NA,NA,NA,NA,NA,0,NA,Falta de tiempo,No,2020
43,No,No,No,Sí,No,Sí,NA,NA,NA,NA,No,Sí,5,Poca,NA,No,2020
55,No,No,No,No,No,No,NA,NA,NA,NA,NA,NA,0,NA,Falta de interés/gusto,No,2020
28,Sí,Sí,No,Sí,No,Sí,No,Sí,NA,NA,No,Sí,30,La mayor parte,NA,Sí,2020
26,No,No,No,Sí,No,No,NA,NA,NA,NA,No,Sí,25,La mayor parte,NA,Sí,2020
40,No,No,No,No,No,Sí,NA,NA,NA,NA,NA,NA,15,La mayor parte,NA,Sí,2021
43,No,No,No,No,No,No,NA,NA,NA,NA,NA,NA,0,NA,Prefiere otras actividades,Sí,2021
27,No,No,No,No,No,Sí,NA,NA,NA,NA,NA,NA,20,La mayor parte,NA,Sí,2021
68,Sí,No,No,Sí,No,No,NA,NA,NA,NA,Sí,Sí,20,Poca,NA,Sí,2021
56,No,No,No,No,No,No,NA,NA,NA,NA,NA,NA,0,NA,Falta de tiempo,Sí,2021
44,No,No,No,No,No,No,NA,NA,NA,NA,NA,NA,0,NA,Prefiere otras actividades,Sí,2021
46,No,No,No,No,No,No,NA,NA,NA,NA,NA,NA,0,NA,Falta de tiempo,Sí,2021
49,No,No,No,No,No,No,NA,NA,NA,NA,NA,NA,0,NA,Falta de tiempo,Sí,2021
22,Sí,Sí,Sí,No,No,Sí,No,Sí,No,Sí,NA,NA,60,Toda,NA,Sí,2021
19,Sí,Sí,Sí,No,No,Sí,No,Sí,No,Sí,NA,NA,120,Toda,NA,Sí,2021
46,Sí,Sí,No,No,No,Sí,No,Sí,NA,NA,NA,NA,30,Toda,NA,Sí,2021
44,Sí,Sí,No,Sí,No,Sí,No,Sí,NA,NA,No,Sí,45,Toda,NA,Sí,2021
69,Sí,Sí,Sí,Sí,No,Sí,No,Sí,No,Sí,No,Sí,90,Toda,NA,Sí,2021
41,No,No,No,No,No,Sí,NA,NA,NA,NA,NA,NA,60,Toda,NA,Sí,2021
38,Sí,No,No,Sí,No,Sí,NA,NA,NA,NA,No,Sí,15,Toda,NA,Sí,2021
39,Sí,No,Sí,No,No,Sí,NA,NA,No,Sí,NA,NA,60,La mayor parte,NA,Sí,2021
61,No,No,No,No,No,No,NA,NA,NA,NA,NA,NA,0,NA,Falta de tiempo,Sí,2021
56,Sí,Sí,No,No,No,Sí,Sí,Sí,NA,NA,NA,NA,30,La mayor parte,NA,Sí,2021
62,No,No,No,No,No,No,NA,NA,NA,NA,NA,NA,0,NA,Prefiere otras actividades,No,2021
55,No,No,No,No,No,No,NA,NA,NA,NA,NA,NA,0,NA,Falta de tiempo,Sí,2021
25,No,No,Sí,No,No,Sí,NA,NA,Sí,No,NA,NA,15,La mayor parte,NA,Sí,2021
32,No,No,No,No,No,Sí,NA,NA,NA,NA,NA,NA,20,La mayor parte,NA,Sí,2021
20,Sí,Sí,No,No,No,Sí,Sí,No,NA,NA,NA,NA,40,La mayor parte,NA,Sí,2021
39,Sí,Sí,No,No,No,Sí,Sí,No,NA,NA,NA,NA,60,La mayor parte,NA,Sí,2021
50,Sí,Sí,Sí,No,No,Sí,No,Sí,No,Sí,NA,NA,30,La mayor parte,NA,Sí,2021
41,No,No,No,No,No,Sí,NA,NA,NA,NA,NA,NA,20,La mayor parte,NA,Sí,2021
31,Sí,No,Sí,No,No,Sí,NA,NA,Sí,No,NA,NA,30,La mayor parte,NA,Sí,2021
48,No,No,No,No,No,No,NA,NA,NA,NA,NA,NA,0,NA,Falta de tiempo,Sí,2021
31,No,No,No,Sí,No,No,NA,NA,NA,NA,Sí,No,10,La mayor parte,NA,Sí,2021
46,No,No,No,No,No,No,NA,NA,NA,NA,NA,NA,0,NA,Falta de tiempo,Sí,2021
43,Sí,Sí,No,No,No,Sí,Sí,No,NA,NA,NA,NA,40,La mayor parte,NA,Sí,2021
71,No,No,No,No,No,No,NA,NA,NA,NA,NA,NA,0,NA,Problemas de salud,Sí,2021
47,No,No,No,No,No,No,NA,NA,NA,NA,NA,NA,0,NA,Falta de tiempo,Sí,2021
42,No,No,No,No,No,No,NA,NA,NA,NA,NA,NA,0,NA,Falta de tiempo,Sí,2021
20,Sí,Sí,No,No,No,Sí,No,Sí,NA,NA,NA,NA,30,La mayor parte,NA,Sí,2021
31,No,No,No,No,No,No,NA,NA,NA,NA,NA,NA,0,NA,Prefiere otras actividades,Sí,2021
23,Sí,Sí,No,No,No,Sí,No,Sí,NA,NA,NA,NA,30,La mayor parte,NA,Sí,2021
51,No,No,No,Sí,No,No,NA,NA,NA,NA,No,Sí,15,La mayor parte,NA,Sí,2021
50,Sí,Sí,No,No,No,No,Sí,No,NA,NA,NA,NA,20,La mitad,NA,Sí,2021
34,No,No,No,No,No,Sí,NA,NA,NA,NA,NA,NA,15,La mayor parte,NA,Sí,2021
54,No,No,No,No,No,No,NA,NA,NA,NA,NA,NA,0,NA,Falta de tiempo,Sí,2021
36,No,No,No,No,No,No,NA,NA,NA,NA,NA,NA,0,NA,Falta de tiempo,Sí,2021
47,No,No,No,No,No,No,NA,NA,NA,NA,NA,NA,0,NA,Falta de tiempo,Sí,2021
19,Sí,Sí,No,No,No,Sí,Sí,No,NA,NA,NA,NA,40,La mayor parte,NA,Sí,2021
28,No,No,No,No,No,No,NA,NA,NA,NA,NA,NA,0,NA,Prefiere otras actividades,Sí,2021
50,Sí,No,No,Sí,No,No,NA,NA,NA,NA,No,Sí,30,La mayor parte,NA,No,2021
40,No,No,No,No,No,No,NA,NA,NA,NA,NA,NA,0,NA,Falta de tiempo,No,2021
26,Sí,No,No,No,No,Sí,NA,NA,NA,NA,NA,NA,30,Toda,NA,No,2021
43,No,No,No,No,No,No,NA,NA,NA,NA,NA,NA,0,NA,Falta de interés/gusto,No,2021
25,Sí,No,Sí,Sí,No,Sí,NA,NA,No,Sí,No,Sí,30,La mayor parte,NA,No,2021
31,Sí,Sí,No,No,No,No,No,Sí,NA,NA,NA,NA,60,Toda,NA,Sí,2021
45,Sí,Sí,No,No,No,No,No,Sí,NA,NA,NA,NA,30,La mayor parte,NA,Sí,2021
44,No,No,No,No,No,No,NA,NA,NA,NA,NA,NA,0,NA,Falta de tiempo,Sí,2021
34,No,No,Sí,No,No,No,NA,NA,No,Sí,NA,NA,15,La mayor parte,NA,Sí,2021
41,Sí,Sí,Sí,No,No,No,Sí,No,Sí,No,NA,NA,20,La mayor parte,NA,Sí,2021
26,No,No,Sí,No,No,No,NA,NA,No,Sí,NA,NA,20,La mayor parte,NA,Sí,2021
40,No,No,No,No,No,No,NA,NA,NA,NA,NA,NA,0,NA,Falta de tiempo,Sí,2021
36,No,No,No,No,No,No,NA,NA,NA,NA,NA,NA,0,NA,Falta de interés/gusto,Sí,2021
92,Sí,Sí,No,No,No,No,No,Sí,NA,NA,NA,NA,60,La mayor parte,NA,Sí,2021
44,No,No,No,No,Sí,No,NA,NA,NA,NA,NA,NA,20,La mayor parte,NA,No,2021
32,No,No,No,No,No,No,NA,NA,NA,NA,NA,NA,0,NA,Problemas de salud,Sí,2021
45,No,No,No,No,No,No,NA,NA,NA,NA,NA,NA,0,NA,Falta de tiempo,Sí,2021
20,Sí,Sí,No,No,No,No,No,Sí,NA,NA,NA,NA,60,La mayor parte,NA,No,2021
24,No,No,No,No,No,No,NA,NA,NA,NA,NA,NA,0,NA,Falta de tiempo,Sí,2021
67,Sí,No,No,No,No,No,NA,NA,NA,NA,NA,NA,0,NA,Prefiere otras actividades,Sí,2021
41,Sí,No,Sí,Sí,No,No,NA,NA,No,Sí,No,Sí,60,La mayor parte,NA,Sí,2021
50,NA,NA,NA,NA,NA,NA,NA,NA,NA,NA,NA,NA,0,NA,NA,NA,2021
52,Sí,No,No,Sí,No,No,NA,NA,NA,NA,No,Sí,30,Toda,NA,No recuerda,2021
64,No,No,No,Sí,No,Sí,NA,NA,NA,NA,Sí,No,60,Toda,NA,Sí,2021
69,Sí,No,Sí,Sí,No,No,NA,NA,No,Sí,Sí,Sí,30,Toda,NA,Sí,2021
73,Sí,Sí,Sí,Sí,No,Sí,No,Sí,Sí,No,Sí,No,180,La mayor parte,NA,Sí,2021
33,Sí,Sí,No,No,No,No,No,Sí,NA,NA,NA,NA,40,Toda,NA,Sí,2021
22,Sí,Sí,No,No,No,Sí,Sí,No,NA,NA,NA,NA,25,La mayor parte,NA,Sí,2021
36,NA,NA,NA,NA,NA,NA,NA,NA,NA,NA,NA,NA,0,NA,NA,NA,2021
59,Sí,Sí,No,No,No,No,No,Sí,NA,NA,NA,NA,15,Toda,NA,Sí,2021
59,No,No,No,No,No,No,NA,NA,NA,NA,NA,NA,0,NA,Falta de interés/gusto,No,2021
50,No,No,No,Sí,No,No,NA,NA,NA,NA,No,Sí,5,Toda,NA,Sí,2021
35,Sí,Sí,No,No,Sí,No,No,Sí,NA,NA,NA,NA,20,La mayor parte,NA,Sí,2021
35,No,Sí,Sí,No,No,No,No,Sí,No,Sí,NA,NA,20,La mayor parte,NA,Sí,2021
27,Sí,No,No,No,No,No,NA,NA,NA,NA,NA,NA,0,NA,Falta de tiempo,Sí,2021
31,No,No,No,No,No,No,NA,NA,NA,NA,NA,NA,0,NA,Falta de tiempo,Sí,2021
25,No,No,No,No,No,No,NA,NA,NA,NA,NA,NA,0,NA,Falta de tiempo,Sí,2021
33,Sí,Sí,Sí,Sí,No,No,No,Sí,No,Sí,No,Sí,20,Toda,NA,Sí,2021
67,Sí,No,No,Sí,No,No,NA,NA,NA,NA,No,Sí,10,La mitad,NA,Sí,2021
39,Sí,Sí,Sí,No,No,Sí,Sí,No,Sí,No,NA,NA,30,La mayor parte,NA,Sí,2021
70,No,No,No,No,No,No,NA,NA,NA,NA,NA,NA,0,NA,Problemas de salud,No,2021
68,Sí,Sí,Sí,No,No,No,No,Sí,No,Sí,NA,NA,30,La mayor parte,NA,No,2021
31,No,No,No,No,No,No,NA,NA,NA,NA,NA,NA,0,NA,Falta de interés/gusto,No,2021
40,Sí,Sí,Sí,No,No,Sí,Sí,No,Sí,No,NA,NA,30,La mayor parte,NA,Sí,2021
51,Sí,No,No,Sí,No,No,NA,NA,NA,NA,No,Sí,25,La mayor parte,NA,No,2021
31,Sí,No,No,No,No,Sí,NA,NA,NA,NA,NA,NA,30,La mayor parte,NA,Sí,2021
29,Sí,No,No,No,No,Sí,NA,NA,NA,NA,NA,NA,30,La mayor parte,NA,No,2021
32,Sí,No,No,No,No,Sí,NA,NA,NA,NA,NA,NA,30,La mayor parte,NA,No,2021
52,Sí,No,Sí,No,No,Sí,NA,NA,No,Sí,NA,NA,25,La mayor parte,NA,No,2021
75,No,No,No,No,No,No,NA,NA,NA,NA,NA,NA,0,NA,Problemas de salud,No recuerda,2021
29,No,No,No,No,No,No,NA,NA,NA,NA,NA,NA,0,NA,Falta de interés/gusto,Sí,2021
73,NA,NA,NA,NA,NA,NA,NA,NA,NA,NA,NA,NA,0,NA,NA,NA,2021
26,Sí,No,No,No,No,Sí,NA,NA,NA,NA,NA,NA,30,La mayor parte,NA,No,2021
24,Sí,Sí,No,No,No,Sí,Sí,No,NA,NA,NA,NA,60,La mayor parte,NA,Sí,2021
36,Sí,No,No,No,No,Sí,NA,NA,NA,NA,NA,NA,40,La mayor parte,NA,No,2021
73,Sí,Sí,No,No,No,No,No,Sí,NA,NA,NA,NA,30,La mayor parte,NA,No,2021
24,Sí,No,Sí,No,No,Sí,NA,NA,Sí,No,NA,NA,30,La mayor parte,NA,Sí,2021
72,Sí,No,No,Sí,No,No,NA,NA,NA,NA,No,Sí,25,La mayor parte,NA,No,2021
29,Sí,Sí,Sí,No,No,Sí,Sí,No,Sí,No,NA,NA,30,La mayor parte,NA,Sí,2021
51,No,No,No,No,No,No,NA,NA,NA,NA,NA,NA,0,NA,Falta de tiempo,No,2021
65,No,No,No,No,No,No,NA,NA,NA,NA,NA,NA,0,NA,Problemas de salud,No,2021
51,Sí,Sí,No,No,No,No,Sí,No,NA,NA,NA,NA,40,La mayor parte,NA,No,2021
35,No,No,No,No,No,No,NA,NA,NA,NA,NA,NA,0,NA,Falta de interés/gusto,No,2021
52,Sí,Sí,No,No,No,No,No,Sí,NA,NA,NA,NA,30,La mayor parte,NA,Sí,2021
45,Sí,No,No,No,No,Sí,NA,NA,NA,NA,NA,NA,25,La mayor parte,NA,No,2021
28,Sí,No,No,No,No,Sí,NA,NA,NA,NA,NA,NA,25,La mitad,NA,No,2021
33,Sí,Sí,Sí,No,No,Sí,No,Sí,No,Sí,NA,NA,40,La mayor parte,NA,Sí,2021
61,Sí,Sí,Sí,No,No,Sí,No,Sí,Sí,Sí,NA,NA,60,La mayor parte,NA,Sí,2021
67,No,No,No,No,No,No,NA,NA,NA,NA,NA,NA,0,NA,Problemas de salud,No,2021
47,Sí,Sí,Sí,No,No,Sí,No,Sí,Sí,No,NA,NA,45,La mayor parte,NA,Sí,2021
24,Sí,Sí,No,No,No,Sí,Sí,No,NA,NA,NA,NA,30,La mayor parte,NA,Sí,2021
40,Sí,No,Sí,No,No,Sí,NA,NA,Sí,No,NA,NA,20,La mayor parte,NA,Sí,2021
70,Sí,No,Sí,Sí,No,No,NA,NA,No,Sí,No,Sí,15,La mayor parte,NA,Sí,2021
28,Sí,No,No,No,No,Sí,NA,NA,NA,NA,NA,NA,20,La mayor parte,NA,Sí,2021
35,Sí,No,No,No,No,Sí,NA,NA,NA,NA,NA,NA,40,La mayor parte,NA,No,2021
37,Sí,No,Sí,No,No,Sí,NA,NA,No,Sí,NA,NA,10,La mayor parte,NA,No,2021
30,No,No,No,Sí,No,No,NA,NA,NA,NA,No,Sí,30,Toda,NA,Sí,2021
51,No,No,No,No,No,Sí,NA,NA,NA,NA,NA,NA,20,La mayor parte,NA,Sí,2021
31,Sí,No,Sí,Sí,No,Sí,NA,NA,Sí,No,No,Sí,60,Toda,NA,Sí,2021
78,Sí,Sí,Sí,Sí,No,No,No,Sí,No,Sí,No,Sí,30,La mayor parte,NA,Sí,2021
61,Sí,No,No,Sí,No,Sí,NA,NA,NA,NA,No,Sí,10,Poca,NA,Sí,2021
45,No,No,No,No,No,No,NA,NA,NA,NA,NA,NA,0,NA,Falta de interés/gusto,No,2021
69,Sí,Sí,Sí,Sí,Sí,Sí,No,Sí,No,Sí,No,Sí,60,La mitad,NA,Sí,2021
68,Sí,No,Sí,Sí,No,Sí,NA,NA,No,Sí,No,Sí,60,La mitad,NA,No,2021
36,Sí,Sí,Sí,No,Sí,No,No,Sí,No,Sí,NA,NA,60,La mitad,NA,Sí,2021
38,Sí,No,No,Sí,No,Sí,NA,NA,NA,NA,Sí,No,15,La mayor parte,NA,No,2021
36,Sí,Sí,No,No,No,No,No,Sí,NA,NA,NA,NA,60,Poca,NA,No,2021
41,Sí,No,Sí,Sí,No,Sí,NA,NA,No,Sí,No,Sí,90,La mayor parte,NA,Sí,2021
26,Sí,Sí,Sí,No,No,Sí,No,Sí,Sí,No,NA,NA,120,La mayor parte,NA,No,2021
32,No,Sí,No,No,No,No,No,Sí,NA,NA,NA,NA,10,La mitad,NA,No,2021
26,Sí,Sí,No,No,Sí,Sí,No,Sí,NA,NA,NA,NA,10,La mayor parte,NA,Sí,2021
48,Sí,No,Sí,No,No,Sí,NA,NA,Sí,No,NA,NA,30,Toda,NA,Sí,2021
35,Sí,Sí,No,No,No,Sí,Sí,No,NA,NA,NA,NA,30,Toda,NA,Sí,2021
87,NA,NA,NA,NA,NA,NA,NA,NA,NA,NA,NA,NA,0,NA,NA,NA,2021
22,Sí,Sí,Sí,No,Sí,Sí,No,Sí,No,Sí,NA,NA,90,Toda,NA,Sí,2021
60,Sí,Sí,No,Sí,No,No,No,Sí,NA,NA,No,Sí,40,La mayor parte,NA,No,2021
64,Sí,Sí,No,No,No,Sí,No,Sí,NA,NA,NA,NA,60,Poca,NA,No,2021
39,Sí,Sí,No,No,No,Sí,Sí,No,NA,NA,NA,NA,60,La mayor parte,NA,No,2021
18,Sí,Sí,No,Sí,No,Sí,No,Sí,NA,NA,No,Sí,30,La mayor parte,NA,Sí,2021
31,No,No,No,No,No,Sí,NA,NA,NA,NA,NA,NA,60,La mayor parte,NA,No,2021
48,Sí,Sí,No,No,No,No,No,Sí,NA,NA,NA,NA,45,La mayor parte,NA,Sí,2021
21,Sí,Sí,No,No,No,Sí,Sí,No,NA,NA,NA,NA,60,La mayor parte,NA,Sí,2021
55,NA,NA,NA,NA,NA,NA,NA,NA,NA,NA,NA,NA,0,NA,NA,NA,2021
37,Sí,Sí,No,Sí,No,No,No,Sí,NA,NA,No,Sí,30,Poca,NA,No,2021
24,Sí,Sí,Sí,Sí,No,Sí,No,Sí,Sí,No,Sí,No,15,La mayor parte,NA,Sí,2021
40,Sí,No,Sí,No,No,Sí,NA,NA,Sí,Sí,NA,NA,30,La mayor parte,NA,Sí,2021
27,Sí,Sí,Sí,Sí,Sí,Sí,Sí,No,No,Sí,No,Sí,60,La mayor parte,NA,Sí,2021
24,NA,NA,NA,NA,NA,NA,NA,NA,NA,NA,NA,NA,0,NA,NA,NA,2021
54,No,No,No,Sí,No,No,NA,NA,NA,NA,No,Sí,15,La mitad,NA,No,2021
22,Sí,Sí,No,Sí,No,No,No,Sí,NA,NA,Sí,No,15,Toda,NA,Sí,2021
59,Sí,No,No,Sí,No,No,NA,NA,NA,NA,No,Sí,30,La mayor parte,NA,No,2021
25,Sí,No,No,No,No,Sí,NA,NA,NA,NA,NA,NA,20,La mayor parte,NA,Sí,2021
53,Sí,Sí,No,Sí,No,No,No,Sí,NA,NA,No,Sí,10,La mitad,NA,No,2021
64,NA,NA,NA,NA,NA,NA,NA,NA,NA,NA,NA,NA,0,NA,NA,NA,2021
45,Sí,Sí,No,No,No,No,No,Sí,NA,NA,NA,NA,20,Poca,NA,No,2021
19,Sí,Sí,No,No,Sí,No,No,Sí,NA,NA,NA,NA,30,Poca,NA,Sí,2021
20,Sí,No,No,No,No,No,NA,NA,NA,NA,NA,NA,0,NA,Falta de tiempo,Sí,2021
47,Sí,Sí,Sí,Sí,Sí,Sí,No,Sí,No,Sí,No,Sí,15,La mayor parte,NA,Sí,2021
35,Sí,No,Sí,Sí,No,No,NA,NA,No,Sí,No,Sí,20,Toda,NA,No,2021
44,No,No,No,No,No,No,NA,NA,NA,NA,NA,NA,0,NA,Falta de tiempo,No,2021
24,No,No,No,No,No,Sí,NA,NA,NA,NA,NA,NA,15,La mitad,NA,Sí,2021
27,Sí,Sí,No,No,No,Sí,No,Sí,NA,NA,NA,NA,40,La mitad,NA,Sí,2021
55,Sí,Sí,Sí,Sí,No,No,No,Sí,No,Sí,No,Sí,30,Poca,NA,Sí,2021
22,Sí,Sí,No,No,No,Sí,No,Sí,NA,NA,NA,NA,30,La mayor parte,NA,No,2021
45,No,No,No,No,No,Sí,NA,NA,NA,NA,NA,NA,20,Toda,NA,No,2021
67,Sí,No,No,Sí,No,No,NA,NA,NA,NA,No,Sí,15,La mayor parte,NA,No,2021
42,No,No,No,No,No,Sí,NA,NA,NA,NA,NA,NA,30,Toda,NA,Sí,2021
36,Sí,No,Sí,Sí,No,Sí,NA,NA,Sí,No,Sí,No,5,Toda,NA,Sí,2021
46,Sí,Sí,Sí,Sí,No,Sí,Sí,No,No,Sí,No,Sí,60,Toda,NA,Sí,2021
20,No,Sí,No,No,No,Sí,No,Sí,NA,NA,NA,NA,30,La mitad,NA,Sí,2021
53,Sí,Sí,No,No,No,Sí,Sí,Sí,NA,NA,NA,NA,5,Toda,NA,Sí,2021
85,No,Sí,No,No,No,No,No,Sí,NA,NA,NA,NA,120,La mayor parte,NA,No,2021
29,Sí,Sí,No,No,Sí,Sí,No,Sí,NA,NA,NA,NA,30,La mayor parte,NA,Sí,2021
20,No,No,No,No,No,Sí,NA,NA,NA,NA,NA,NA,120,La mayor parte,NA,No,2021
49,Sí,No,Sí,Sí,No,No,NA,NA,No,Sí,No,Sí,30,Toda,NA,No,2021
32,Sí,No,No,Sí,No,Sí,NA,NA,NA,NA,No,Sí,60,La mitad,NA,Sí,2021
58,No,Sí,No,Sí,No,No,No,Sí,NA,NA,No,Sí,60,La mitad,NA,No,2021
20,Sí,No,Sí,Sí,No,Sí,NA,NA,No,Sí,No,Sí,10,La mayor parte,NA,Sí,2021
37,Sí,Sí,No,No,No,No,No,Sí,NA,NA,NA,NA,30,Toda,NA,No,2021
37,No,No,No,No,No,No,NA,NA,NA,NA,NA,NA,0,NA,Falta de tiempo,Sí,2021
48,Sí,Sí,No,Sí,No,Sí,Sí,No,NA,NA,Sí,No,60,La mayor parte,NA,Sí,2021
28,Sí,Sí,No,No,Sí,Sí,No,Sí,NA,NA,NA,NA,120,Toda,NA,Sí,2021
45,Sí,Sí,No,Sí,No,Sí,No,Sí,NA,NA,Sí,No,20,La mayor parte,NA,Sí,2021
44,Sí,Sí,No,No,No,Sí,No,Sí,NA,NA,NA,NA,15,La mitad,NA,Sí,2021
32,Sí,Sí,No,Sí,No,Sí,Sí,No,NA,NA,Sí,No,120,La mayor parte,NA,Sí,2021
63,Sí,Sí,Sí,Sí,No,Sí,No,Sí,No,Sí,No,Sí,30,La mayor parte,NA,Sí,2021
52,Sí,Sí,Sí,Sí,No,Sí,No,Sí,No,Sí,No,Sí,60,Poca,NA,Sí,2021
30,Sí,Sí,No,No,No,Sí,No,Sí,NA,NA,NA,NA,120,La mitad,NA,Sí,2021
73,NA,NA,NA,NA,NA,NA,NA,NA,NA,NA,NA,NA,0,NA,NA,NA,2021
60,NA,NA,NA,NA,NA,NA,NA,NA,NA,NA,NA,NA,0,NA,NA,NA,2021
28,Sí,Sí,No,Sí,Sí,Sí,Sí,No,NA,NA,No,Sí,40,Toda,NA,Sí,2021
35,Sí,No,No,Sí,No,Sí,NA,NA,NA,NA,Sí,No,30,Toda,NA,No,2021
25,Sí,Sí,No,No,Sí,Sí,No,Sí,NA,NA,NA,NA,10,La mayor parte,NA,Sí,2021
38,No,No,No,No,No,No,NA,NA,NA,NA,NA,NA,0,NA,Problemas de salud,Sí,2021
45,Sí,No,No,Sí,No,No,NA,NA,NA,NA,No,Sí,15,La mitad,NA,Sí,2021
26,No,No,No,No,No,No,NA,NA,NA,NA,NA,NA,0,NA,Prefiere otras actividades,No,2021
39,No,No,No,No,No,Sí,NA,NA,NA,NA,NA,NA,40,La mayor parte,NA,No,2021
25,Sí,Sí,Sí,No,No,Sí,Sí,Sí,Sí,No,NA,NA,120,Toda,NA,Sí,2021
55,Sí,No,No,No,No,No,NA,NA,NA,NA,NA,NA,0,NA,Problemas de salud,Sí,2021
45,Sí,Sí,No,No,No,No,No,Sí,NA,NA,NA,NA,40,La mitad,NA,Sí,2021
24,Sí,Sí,Sí,No,No,Sí,Sí,Sí,No,Sí,NA,NA,120,Toda,NA,Sí,2021
58,Sí,Sí,No,No,No,No,No,Sí,NA,NA,NA,NA,35,Toda,NA,Sí,2021
52,NA,NA,NA,NA,NA,NA,NA,NA,NA,NA,NA,NA,0,NA,NA,NA,2021
56,No,No,No,No,No,No,NA,NA,NA,NA,NA,NA,0,NA,Falta de interés/gusto,No,2021
62,No,No,No,Sí,No,No,NA,NA,NA,NA,No,Sí,120,La mitad,NA,No,2021
55,No,No,No,No,No,No,NA,NA,NA,NA,NA,NA,0,NA,Falta de interés/gusto,No,2021
20,Sí,Sí,No,No,No,No,No,Sí,NA,NA,NA,NA,180,La mayor parte,NA,No,2021
72,No,No,No,No,No,No,NA,NA,NA,NA,NA,NA,0,NA,Problemas de salud,Sí,2021
73,No,No,No,No,No,No,NA,NA,NA,NA,NA,NA,0,NA,Problemas de salud,Sí,2021
51,Sí,Sí,Sí,No,No,No,No,Sí,No,Sí,NA,NA,60,La mitad,NA,No,2021
61,NA,NA,NA,NA,NA,NA,NA,NA,NA,NA,NA,NA,0,NA,NA,NA,2021
40,Sí,Sí,No,Sí,No,Sí,Sí,Sí,NA,NA,Sí,No,60,La mayor parte,NA,Sí,2021
40,No,No,No,No,No,No,NA,NA,NA,NA,NA,NA,0,NA,Falta de interés/gusto,No,2021
31,No,No,No,No,No,No,NA,NA,NA,NA,NA,NA,0,NA,Prefiere otras actividades,No,2021
28,Sí,No,No,No,No,Sí,NA,NA,NA,NA,NA,NA,45,La mayor parte,NA,No,2021
70,No,No,No,No,No,No,NA,NA,NA,NA,NA,NA,0,NA,Problemas de salud,No,2021
66,Sí,Sí,No,No,No,No,No,Sí,NA,NA,NA,NA,60,La mitad,NA,Sí,2021
64,Sí,Sí,No,No,No,Sí,No,Sí,NA,NA,NA,NA,120,Toda,NA,Sí,2021
34,Sí,No,Sí,No,No,Sí,NA,NA,No,Sí,NA,NA,60,La mayor parte,NA,Sí,2021
58,No,No,No,No,No,No,NA,NA,NA,NA,NA,NA,0,NA,Falta de interés/gusto,No,2021
60,Sí,Sí,No,No,No,No,No,Sí,NA,NA,NA,NA,180,La mayor parte,NA,Sí,2021
53,No,No,No,No,No,No,NA,NA,NA,NA,NA,NA,0,NA,Prefiere otras actividades,No recuerda,2021
51,No,No,No,No,No,No,NA,NA,NA,NA,NA,NA,0,NA,Falta de interés/gusto,No,2021
45,Sí,Sí,No,No,No,Sí,No,Sí,NA,NA,NA,NA,30,Toda,NA,Sí,2021
61,NA,NA,NA,NA,NA,NA,NA,NA,NA,NA,NA,NA,0,NA,NA,NA,2021
62,Sí,No,No,Sí,No,No,NA,NA,NA,NA,No,Sí,60,La mayor parte,NA,Sí,2021
75,No,No,No,No,No,No,NA,NA,NA,NA,NA,NA,0,NA,Problemas de salud,No,2021
83,No,No,No,No,No,No,NA,NA,NA,NA,NA,NA,0,NA,Problemas de salud,Sí,2021
69,No,No,No,No,No,No,NA,NA,NA,NA,NA,NA,0,NA,Falta de interés/gusto,No,2021
20,Sí,Sí,Sí,No,No,Sí,Sí,Sí,Sí,No,NA,NA,120,Toda,NA,Sí,2021
78,Sí,Sí,No,No,No,No,No,Sí,NA,NA,NA,NA,120,Toda,NA,Sí,2021
36,No,No,No,No,No,No,NA,NA,NA,NA,NA,NA,0,NA,Falta de interés/gusto,No,2021
33,Sí,No,Sí,No,No,Sí,NA,NA,No,Sí,NA,NA,45,La mayor parte,NA,Sí,2021
49,Sí,Sí,No,No,No,Sí,Sí,Sí,NA,NA,NA,NA,60,Toda,NA,Sí,2021
35,Sí,Sí,No,No,No,Sí,Sí,Sí,NA,NA,NA,NA,45,Toda,NA,Sí,2021
64,No,No,No,No,No,No,NA,NA,NA,NA,NA,NA,0,NA,Problemas de salud,No,2021
34,No,No,No,No,No,No,NA,NA,NA,NA,NA,NA,0,NA,Prefiere otras actividades,No,2021
28,No,No,No,No,Sí,Sí,NA,NA,NA,NA,NA,NA,45,La mayor parte,NA,Sí,2021
20,No,No,No,No,No,No,NA,NA,NA,NA,NA,NA,0,NA,Falta de interés/gusto,No,2021
51,No,No,Sí,Sí,No,No,NA,NA,No,Sí,No,Sí,15,La mitad,NA,Sí,2021
43,Sí,No,No,Sí,No,No,NA,NA,NA,NA,No,Sí,60,La mitad,NA,Sí,2021
61,Sí,Sí,No,Sí,No,Sí,Sí,Sí,NA,NA,Sí,No,45,Toda,NA,Sí,2021
45,NA,NA,NA,NA,NA,NA,NA,NA,NA,NA,NA,NA,0,NA,NA,NA,2021
35,No,No,Sí,Sí,No,No,NA,NA,No,Sí,No,Sí,20,Poca,NA,No,2021
52,No,No,No,Sí,No,No,NA,NA,NA,NA,No,Sí,5,La mayor parte,NA,No,2021
56,Sí,No,No,No,No,No,NA,NA,NA,NA,NA,NA,0,NA,Falta de interés/gusto,No,2021
33,Sí,Sí,Sí,Sí,No,Sí,No,Sí,Sí,No,Sí,No,15,La mitad,NA,Sí,2021
41,Sí,Sí,No,No,No,No,No,Sí,NA,NA,NA,NA,5,Toda,NA,Sí,2021
49,Sí,No,No,No,No,No,NA,NA,NA,NA,NA,NA,0,NA,Falta de tiempo,No,2021
49,Sí,Sí,No,No,No,No,No,Sí,NA,NA,NA,NA,90,La mayor parte,NA,No,2021
73,Sí,Sí,No,No,No,No,No,Sí,NA,NA,NA,NA,5,Poca,NA,No,2021
25,Sí,Sí,No,No,Sí,Sí,Sí,No,NA,NA,NA,NA,30,La mayor parte,NA,Sí,2021
36,Sí,Sí,No,No,No,No,No,Sí,NA,NA,NA,NA,15,La mayor parte,NA,No,2021
25,No,Sí,No,No,No,Sí,Sí,No,NA,NA,NA,NA,15,Toda,NA,Sí,2021
36,No,No,Sí,No,No,Sí,NA,NA,Sí,No,NA,NA,5,La mayor parte,NA,Sí,2021
43,No,No,No,No,No,No,NA,NA,NA,NA,NA,NA,0,NA,Falta de interés/gusto,No,2021
80,Sí,Sí,No,No,No,No,No,Sí,NA,NA,NA,NA,20,La mayor parte,NA,No,2021
33,Sí,Sí,No,No,No,No,No,Sí,NA,NA,NA,NA,15,La mayor parte,NA,Sí,2021
49,Sí,Sí,Sí,No,No,Sí,No,Sí,No,Sí,NA,NA,60,Toda,NA,Sí,2021
26,Sí,Sí,Sí,No,No,Sí,No,Sí,No,Sí,NA,NA,15,Toda,NA,Sí,2021
39,Sí,No,No,No,No,No,NA,NA,NA,NA,NA,NA,0,NA,Falta de interés/gusto,No,2021
82,Sí,Sí,No,No,No,No,No,Sí,NA,NA,NA,NA,10,Poca,NA,No,2021
31,No,No,Sí,Sí,No,Sí,NA,NA,No,Sí,No,Sí,30,Toda,NA,No,2021
31,No,No,No,No,No,Sí,NA,NA,NA,NA,NA,NA,10,La mitad,NA,No,2021
44,No,No,No,Sí,No,No,NA,NA,NA,NA,No,Sí,10,La mayor parte,NA,No,2021
43,Sí,Sí,No,No,No,Sí,No,Sí,NA,NA,NA,NA,60,La mayor parte,NA,Sí,2021
32,No,No,No,No,No,Sí,NA,NA,NA,NA,NA,NA,60,La mitad,NA,Sí,2021
36,Sí,Sí,Sí,No,Sí,Sí,Sí,Sí,Sí,Sí,NA,NA,30,Toda,NA,Sí,2021
59,Sí,Sí,No,No,No,Sí,No,Sí,NA,NA,NA,NA,20,Toda,NA,Sí,2021
33,Sí,Sí,Sí,No,No,Sí,No,Sí,Sí,Sí,NA,NA,60,La mayor parte,NA,Sí,2021
23,Sí,Sí,Sí,No,Sí,Sí,Sí,No,Sí,No,NA,NA,30,La mayor parte,NA,Sí,2021
31,Sí,Sí,Sí,Sí,No,Sí,Sí,Sí,No,Sí,No,Sí,60,Toda,NA,Sí,2021
23,Sí,Sí,Sí,No,No,Sí,Sí,No,Sí,No,NA,NA,60,La mitad,NA,Sí,2021
35,Sí,No,No,No,No,Sí,NA,NA,NA,NA,NA,NA,10,Toda,NA,Sí,2021
29,Sí,No,Sí,Sí,Sí,Sí,NA,NA,Sí,No,Sí,No,30,La mayor parte,NA,Sí,2021
51,No,No,No,No,No,No,NA,NA,NA,NA,NA,NA,0,NA,Falta de interés/gusto,No,2021
30,No,No,No,No,No,No,NA,NA,NA,NA,NA,NA,0,NA,Falta de dinero,No,2021
27,Sí,Sí,Sí,Sí,No,No,No,Sí,No,Sí,Sí,No,20,Toda,NA,Sí,2021
50,Sí,No,No,Sí,No,No,NA,NA,NA,NA,Sí,No,15,Toda,NA,Sí,2021
35,Sí,Sí,No,No,No,No,Sí,No,NA,NA,NA,NA,60,Toda,NA,Sí,2021
59,Sí,Sí,No,No,No,No,No,Sí,NA,NA,NA,NA,10,Poca,NA,No,2021
61,No,No,No,Sí,No,No,NA,NA,NA,NA,No,Sí,10,La mayor parte,NA,Sí,2021
30,Sí,Sí,No,No,No,No,No,Sí,NA,NA,NA,NA,30,La mayor parte,NA,Sí,2021
64,Sí,Sí,No,No,No,No,No,Sí,NA,NA,NA,NA,5,Toda,NA,Sí,2021
76,Sí,Sí,No,No,No,No,No,Sí,NA,NA,NA,NA,30,La mayor parte,NA,Sí,2021
19,Sí,No,Sí,No,No,No,NA,NA,No,Sí,NA,NA,60,Toda,NA,Sí,2021
63,Sí,No,No,Sí,No,No,NA,NA,NA,NA,No,Sí,20,La mitad,NA,No,2021
36,Sí,Sí,No,No,No,No,No,Sí,NA,NA,NA,NA,20,La mayor parte,NA,Sí,2021
78,Sí,Sí,No,No,No,No,No,Sí,NA,NA,NA,NA,120,Toda,NA,Sí,2021
32,Sí,Sí,No,Sí,No,No,Sí,No,NA,NA,Sí,No,60,La mayor parte,NA,Sí,2021
58,Sí,Sí,No,No,No,No,No,Sí,NA,NA,NA,NA,10,La mitad,NA,No,2021
71,Sí,No,No,Sí,No,No,NA,NA,NA,NA,No,Sí,30,La mayor parte,NA,No,2021
52,Sí,No,No,No,No,No,NA,NA,NA,NA,NA,NA,0,NA,Falta de tiempo,No,2021
64,Sí,Sí,Sí,Sí,No,No,No,Sí,No,Sí,No,Sí,60,La mayor parte,NA,No,2021
69,Sí,Sí,No,No,No,No,No,Sí,NA,NA,NA,NA,15,Poca,NA,No,2021
60,No,No,No,No,No,No,NA,NA,NA,NA,NA,NA,0,NA,Problemas de salud,Sí,2021
51,No,Sí,No,No,No,No,No,Sí,NA,NA,NA,NA,30,Poca,NA,No,2021
57,Sí,No,Sí,No,No,No,NA,NA,No,Sí,NA,NA,60,Toda,NA,Sí,2021
69,No,No,No,No,No,No,NA,NA,NA,NA,NA,NA,0,NA,Problemas de salud,No,2021
22,No,No,Sí,No,No,No,NA,NA,No,Sí,NA,NA,20,La mitad,NA,Sí,2021
42,No,No,No,No,No,No,NA,NA,NA,NA,NA,NA,0,NA,Falta de tiempo,Sí,2021
48,Sí,No,No,No,No,No,NA,NA,NA,NA,NA,NA,0,NA,Falta de tiempo,Sí,2021
29,Sí,Sí,No,No,No,No,No,Sí,NA,NA,NA,NA,60,La mayor parte,NA,Sí,2021
22,No,No,No,No,No,No,NA,NA,NA,NA,NA,NA,0,NA,Falta de interés/gusto,Sí,2021
42,Sí,No,Sí,No,No,No,NA,NA,No,Sí,NA,NA,20,Poca,NA,No,2021
52,No,No,No,Sí,No,No,NA,NA,NA,NA,No,Sí,5,La mayor parte,NA,Sí,2021
63,Sí,Sí,No,No,No,No,No,Sí,NA,NA,NA,NA,60,La mitad,NA,Sí,2021
24,Sí,Sí,Sí,No,No,No,No,Sí,No,Sí,NA,NA,30,Toda,NA,Sí,2021
29,No,No,No,No,No,No,NA,NA,NA,NA,NA,NA,0,NA,Falta de tiempo,No,2021
42,No,No,No,No,No,No,NA,NA,NA,NA,NA,NA,0,NA,Falta de tiempo,No,2021
45,No,No,No,No,No,No,NA,NA,NA,NA,NA,NA,0,NA,Falta de tiempo,No,2021
26,No,No,Sí,Sí,No,No,NA,NA,No,Sí,No,Sí,60,Toda,NA,Sí,2021
26,No,No,No,No,No,No,NA,NA,NA,NA,NA,NA,0,NA,Falta de tiempo,Sí,2021
39,No,No,No,No,No,No,NA,NA,NA,NA,NA,NA,0,NA,Falta de tiempo,Sí,2021
49,No,No,No,No,No,No,NA,NA,NA,NA,NA,NA,0,NA,Falta de tiempo,Sí,2021
55,Sí,Sí,Sí,Sí,No,Sí,No,Sí,No,Sí,No,Sí,90,Toda,NA,Sí,2021
32,No,No,No,No,No,No,NA,NA,NA,NA,NA,NA,0,NA,Falta de tiempo,No,2021
30,Sí,No,Sí,Sí,No,No,NA,NA,No,Sí,No,Sí,40,Toda,NA,Sí,2021
42,Sí,Sí,Sí,No,No,Sí,Sí,No,No,Sí,NA,NA,60,Toda,NA,Sí,2021
40,Sí,Sí,Sí,Sí,No,Sí,Sí,No,No,Sí,No,Sí,30,La mayor parte,NA,Sí,2021
46,No,No,No,No,No,Sí,NA,NA,NA,NA,NA,NA,20,La mayor parte,NA,Sí,2021
50,No,No,No,No,No,Sí,NA,NA,NA,NA,NA,NA,20,La mayor parte,NA,No,2021
19,Sí,Sí,No,No,No,Sí,No,Sí,NA,NA,NA,NA,60,La mayor parte,NA,Sí,2021
33,No,No,Sí,No,No,No,NA,NA,Sí,No,NA,NA,5,La mayor parte,NA,Sí,2021
26,Sí,No,No,No,No,No,NA,NA,NA,NA,NA,NA,0,NA,Falta de tiempo,No,2021
38,No,No,No,No,No,No,NA,NA,NA,NA,NA,NA,0,NA,Falta de interés/gusto,No,2021
21,No,No,No,No,No,Sí,NA,NA,NA,NA,NA,NA,30,La mitad,NA,No,2021
59,No,No,No,No,No,No,NA,NA,NA,NA,NA,NA,0,NA,Falta de interés/gusto,No,2021
48,Sí,Sí,No,No,No,Sí,No,Sí,NA,NA,NA,NA,40,La mayor parte,NA,Sí,2021
68,No,No,No,No,No,No,NA,NA,NA,NA,NA,NA,0,NA,Problemas de salud,Sí,2021
50,No,No,No,No,No,No,NA,NA,NA,NA,NA,NA,0,NA,Falta de interés/gusto,Sí,2021
38,No,Sí,No,No,No,No,No,Sí,NA,NA,NA,NA,30,La mayor parte,NA,Sí,2021
40,No,No,No,No,No,No,NA,NA,NA,NA,NA,NA,0,NA,Falta de interés/gusto,Sí,2021
55,No,No,No,No,No,No,NA,NA,NA,NA,NA,NA,0,NA,Falta de tiempo,Sí,2021
67,No,No,No,No,No,No,NA,NA,NA,NA,NA,NA,0,NA,Falta de interés/gusto,Sí,2021
55,Sí,Sí,No,Sí,No,No,No,Sí,NA,NA,No,Sí,25,La mayor parte,NA,Sí,2021
41,No,No,No,Sí,No,No,NA,NA,NA,NA,No,Sí,15,Poca,NA,Sí,2021
35,No,No,No,No,No,No,NA,NA,NA,NA,NA,NA,0,NA,Prefiere otras actividades,No,2021
23,Sí,No,Sí,No,No,Sí,NA,NA,No,Sí,NA,NA,30,Toda,NA,Sí,2021
70,No,No,No,No,No,No,NA,NA,NA,NA,NA,NA,0,NA,Falta de interés/gusto,No,2021
72,No,No,No,No,No,No,NA,NA,NA,NA,NA,NA,0,NA,Falta de interés/gusto,No,2021
71,NA,NA,NA,NA,NA,NA,NA,NA,NA,NA,NA,NA,0,NA,NA,NA,2021
30,Sí,No,Sí,Sí,No,Sí,NA,NA,No,Sí,No,Sí,60,Toda,NA,Sí,2021
54,Sí,No,Sí,No,No,Sí,NA,NA,No,Sí,NA,NA,30,Toda,NA,No,2021
35,No,No,No,Sí,No,Sí,NA,NA,NA,NA,No,Sí,20,La mitad,NA,No,2021
30,Sí,Sí,Sí,Sí,No,Sí,No,Sí,No,Sí,No,Sí,20,La mayor parte,NA,Sí,2021
26,Sí,Sí,Sí,Sí,No,Sí,No,Sí,No,Sí,No,Sí,60,La mayor parte,NA,Sí,2021
28,No,No,No,Sí,No,Sí,NA,NA,NA,NA,No,Sí,30,La mayor parte,NA,No,2021
25,Sí,Sí,Sí,No,No,No,No,Sí,No,Sí,NA,NA,50,Toda,NA,Sí,2021
67,Sí,Sí,No,Sí,No,No,Sí,Sí,NA,NA,Sí,No,40,Toda,NA,Sí,2021
43,Sí,Sí,No,Sí,No,No,Sí,No,NA,NA,Sí,No,60,Toda,NA,Sí,2021
61,Sí,Sí,No,Sí,No,No,No,Sí,NA,NA,Sí,No,50,Toda,NA,No,2021
29,No,No,No,No,No,No,NA,NA,NA,NA,NA,NA,0,NA,Falta de tiempo,Sí,2021
43,Sí,Sí,Sí,Sí,No,No,No,Sí,No,Sí,No,Sí,35,La mayor parte,NA,Sí,2021
53,No,No,No,Sí,No,No,NA,NA,NA,NA,No,Sí,25,La mayor parte,NA,Sí,2021
75,No,No,No,No,No,No,NA,NA,NA,NA,NA,NA,0,NA,Falta de interés/gusto,Sí,2021
31,Sí,Sí,Sí,Sí,Sí,Sí,Sí,No,Sí,No,Sí,No,60,La mayor parte,NA,Sí,2021
69,Sí,Sí,Sí,No,No,No,No,Sí,No,Sí,NA,NA,60,La mitad,NA,No,2021
34,Sí,Sí,No,No,No,Sí,No,Sí,NA,NA,NA,NA,120,La mayor parte,NA,Sí,2021
58,No,No,No,No,No,No,NA,NA,NA,NA,NA,NA,0,NA,Falta de tiempo,Sí,2021
55,Sí,Sí,No,No,No,Sí,No,Sí,NA,NA,NA,NA,30,La mayor parte,NA,Sí,2021
20,Sí,Sí,No,No,No,Sí,No,Sí,NA,NA,NA,NA,30,La mitad,NA,No,2021
28,No,No,Sí,No,No,Sí,NA,NA,No,Sí,NA,NA,30,La mayor parte,NA,Sí,2021
33,No,No,No,No,No,Sí,NA,NA,NA,NA,NA,NA,20,La mitad,NA,No,2021
65,Sí,No,No,Sí,No,No,NA,NA,NA,NA,No,Sí,20,La mayor parte,NA,No,2021
51,Sí,No,Sí,Sí,No,No,NA,NA,No,Sí,No,Sí,30,La mayor parte,NA,Sí,2021
44,Sí,No,No,Sí,No,Sí,NA,NA,NA,NA,No,Sí,30,Toda,NA,Sí,2021
32,Sí,No,Sí,Sí,No,Sí,NA,NA,No,Sí,No,Sí,40,Toda,NA,Sí,2021
70,Sí,No,No,Sí,No,No,NA,NA,NA,NA,No,Sí,30,La mayor parte,NA,No,2021
71,No,No,No,No,No,No,NA,NA,NA,NA,NA,NA,0,NA,Falta de interés/gusto,No,2021
36,No,No,No,Sí,No,No,NA,NA,NA,NA,No,Sí,30,La mayor parte,NA,No,2021
70,Sí,Sí,No,No,No,No,No,Sí,NA,NA,NA,NA,60,La mayor parte,NA,Sí,2021
87,No,No,No,No,No,No,NA,NA,NA,NA,NA,NA,0,NA,Problemas de salud,No recuerda,2021
46,No,No,No,Sí,No,No,NA,NA,NA,NA,No,Sí,20,La mayor parte,NA,Sí,2021
68,No,No,No,No,No,No,NA,NA,NA,NA,NA,NA,0,NA,Prefiere otras actividades,Sí,2021
31,Sí,Sí,Sí,Sí,No,Sí,No,Sí,No,Sí,Sí,No,30,Toda,NA,Sí,2021
20,Sí,Sí,Sí,No,No,No,No,Sí,No,Sí,NA,NA,120,Toda,NA,Sí,2021
63,No,No,No,No,No,No,NA,NA,NA,NA,NA,NA,0,NA,Falta de interés/gusto,Sí,2021
80,No,No,No,No,No,No,NA,NA,NA,NA,NA,NA,0,NA,Problemas de salud,No,2021
34,Sí,No,No,Sí,No,No,NA,NA,NA,NA,No,Sí,25,La mayor parte,NA,No,2021
52,Sí,No,No,Sí,No,No,NA,NA,NA,NA,No,Sí,20,Toda,NA,Sí,2021
18,Sí,Sí,Sí,No,No,Sí,No,Sí,No,Sí,NA,NA,120,Toda,NA,Sí,2021
51,No,No,No,No,No,No,NA,NA,NA,NA,NA,NA,0,NA,Falta de tiempo,No,2021
78,Sí,No,No,Sí,No,No,NA,NA,NA,NA,No,Sí,20,La mayor parte,NA,No,2021
51,Sí,No,No,Sí,No,No,NA,NA,NA,NA,No,Sí,10,La mayor parte,NA,No,2021
48,No,No,No,No,No,No,NA,NA,NA,NA,NA,NA,0,NA,Falta de interés/gusto,No,2021
53,No,No,Sí,No,No,Sí,NA,NA,No,Sí,NA,NA,20,La mayor parte,NA,Sí,2021
59,No,No,No,No,No,No,NA,NA,NA,NA,NA,NA,0,NA,Falta de tiempo,Sí,2021
68,No,No,No,No,No,No,NA,NA,NA,NA,NA,NA,0,NA,Falta de interés/gusto,No,2021
37,No,No,No,No,No,No,NA,NA,NA,NA,NA,NA,0,NA,Falta de interés/gusto,Sí,2021
34,Sí,No,No,Sí,No,Sí,NA,NA,NA,NA,No,Sí,40,La mayor parte,NA,Sí,2021
28,Sí,No,No,Sí,No,Sí,NA,NA,NA,NA,No,Sí,30,La mayor parte,NA,Sí,2021
26,No,No,No,No,No,Sí,NA,NA,NA,NA,NA,NA,25,La mayor parte,NA,Sí,2021
67,No,No,No,Sí,No,No,NA,NA,NA,NA,No,Sí,15,La mayor parte,NA,No recuerda,2021
71,Sí,Sí,No,Sí,No,No,No,Sí,NA,NA,No,Sí,30,La mayor parte,NA,No,2021
71,Sí,No,Sí,Sí,No,No,NA,NA,No,Sí,No,Sí,30,La mayor parte,NA,No,2021
74,No,No,No,Sí,No,No,NA,NA,NA,NA,No,Sí,20,La mayor parte,NA,No,2021
31,No,No,No,No,No,No,NA,NA,NA,NA,NA,NA,0,NA,Falta de interés/gusto,No,2021
52,Sí,Sí,Sí,No,No,Sí,Sí,No,No,Sí,NA,NA,90,Toda,NA,Sí,2021
39,Sí,Sí,Sí,Sí,No,Sí,No,Sí,No,Sí,No,Sí,90,Toda,NA,Sí,2021
22,Sí,Sí,Sí,No,No,Sí,Sí,No,No,Sí,NA,NA,90,Toda,NA,Sí,2021
29,Sí,Sí,Sí,Sí,No,Sí,Sí,No,No,Sí,No,Sí,120,Toda,NA,Sí,2021
36,Sí,Sí,No,Sí,No,No,Sí,No,NA,NA,Sí,No,30,La mayor parte,NA,Sí,2021
46,Sí,Sí,No,Sí,No,No,Sí,Sí,NA,NA,Sí,No,60,La mayor parte,NA,No,2021
38,Sí,Sí,No,Sí,No,No,Sí,No,NA,NA,Sí,No,40,La mayor parte,NA,Sí,2021
62,No,No,No,No,No,Sí,NA,NA,NA,NA,NA,NA,30,La mitad,NA,No,2021
42,No,No,No,No,No,Sí,NA,NA,NA,NA,NA,NA,30,La mitad,NA,No,2021
48,No,No,No,No,No,No,NA,NA,NA,NA,NA,NA,0,NA,Falta de tiempo,No,2021
40,No,No,No,No,No,Sí,NA,NA,NA,NA,NA,NA,20,La mitad,NA,No,2021
67,No,No,Sí,No,No,No,NA,NA,No,Sí,NA,NA,20,La mitad,NA,No,2021
41,No,No,No,No,No,Sí,NA,NA,NA,NA,NA,NA,15,La mitad,NA,No,2021
56,No,No,Sí,No,No,Sí,NA,NA,No,Sí,NA,NA,30,La mayor parte,NA,No,2021
58,No,Sí,No,No,No,Sí,No,Sí,NA,NA,NA,NA,60,La mitad,NA,No,2021
23,Sí,Sí,Sí,No,No,Sí,No,Sí,No,Sí,NA,NA,30,La mayor parte,NA,Sí,2021
49,No,No,No,No,No,Sí,NA,NA,NA,NA,NA,NA,20,La mayor parte,NA,Sí,2021
30,No,Sí,No,No,No,Sí,No,Sí,NA,NA,NA,NA,30,La mayor parte,NA,Sí,2021
70,Sí,Sí,No,No,No,No,No,Sí,NA,NA,NA,NA,35,La mayor parte,NA,Sí,2021
89,No,No,No,No,No,No,NA,NA,NA,NA,NA,NA,0,NA,Problemas de salud,Sí,2021
37,Sí,No,No,No,No,No,NA,NA,NA,NA,NA,NA,0,NA,Falta de tiempo,Sí,2021
20,No,No,No,No,No,No,NA,NA,NA,NA,NA,NA,0,NA,Falta de interés/gusto,Sí,2021
53,Sí,Sí,Sí,Sí,No,Sí,No,Sí,No,Sí,No,Sí,60,La mayor parte,NA,Sí,2021
25,Sí,Sí,Sí,No,No,Sí,No,Sí,No,Sí,NA,NA,60,La mayor parte,NA,Sí,2021
82,No,No,No,No,No,No,NA,NA,NA,NA,NA,NA,0,NA,Problemas de salud,No,2021
51,No,No,No,Sí,No,No,NA,NA,NA,NA,No,Sí,15,La mayor parte,NA,Sí,2021
33,No,No,No,No,No,No,NA,NA,NA,NA,NA,NA,0,NA,Falta de tiempo,Sí,2021
84,No,No,No,No,No,No,NA,NA,NA,NA,NA,NA,0,NA,Problemas de salud,Sí,2021
30,No,No,No,No,No,No,NA,NA,NA,NA,NA,NA,0,NA,Falta de tiempo,Sí,2021
32,No,No,Sí,No,No,No,NA,NA,No,Sí,NA,NA,20,La mayor parte,NA,Sí,2021
38,No,No,No,No,No,No,NA,NA,NA,NA,NA,NA,0,NA,Falta de tiempo,Sí,2021
70,Sí,No,No,Sí,No,No,NA,NA,NA,NA,No,Sí,40,La mayor parte,NA,Sí,2021
64,Sí,No,No,Sí,No,No,NA,NA,NA,NA,No,Sí,15,La mayor parte,NA,No,2021
44,No,No,No,No,No,No,NA,NA,NA,NA,NA,NA,0,NA,Falta de tiempo,No,2021
72,No,No,No,No,No,No,NA,NA,NA,NA,NA,NA,0,NA,Falta de interés/gusto,No,2021
54,No,No,No,No,No,No,NA,NA,NA,NA,NA,NA,0,NA,Problemas de salud,No recuerda,2021
32,No,No,No,Sí,No,Sí,NA,NA,NA,NA,No,Sí,20,La mayor parte,NA,Sí,2021
45,No,No,No,No,No,No,NA,NA,NA,NA,NA,NA,0,NA,Falta de tiempo,Sí,2021
53,No,No,No,No,No,No,NA,NA,NA,NA,NA,NA,0,NA,Falta de tiempo,Sí,2021
24,Sí,Sí,No,Sí,No,Sí,No,Sí,NA,NA,No,Sí,35,La mayor parte,NA,Sí,2021
76,No,Sí,No,No,No,No,No,Sí,NA,NA,NA,NA,30,La mayor parte,NA,Sí,2021
58,No,No,Sí,No,No,No,NA,NA,No,Sí,NA,NA,20,La mayor parte,NA,Sí,2021
52,No,No,No,No,No,Sí,NA,NA,NA,NA,NA,NA,20,La mayor parte,NA,No,2021
65,Sí,Sí,No,No,No,Sí,No,Sí,NA,NA,NA,NA,40,La mayor parte,NA,Sí,2021
52,No,No,No,No,No,Sí,NA,NA,NA,NA,NA,NA,20,La mitad,NA,Sí,2021
51,No,No,No,No,No,No,NA,NA,NA,NA,NA,NA,0,NA,Falta de tiempo,Sí,2021
74,No,No,No,No,No,No,NA,NA,NA,NA,NA,NA,0,NA,Problemas de salud,No,2021
21,No,No,No,No,No,Sí,NA,NA,NA,NA,NA,NA,40,La mayor parte,NA,Sí,2021
23,Sí,Sí,No,Sí,No,Sí,No,Sí,NA,NA,Sí,No,45,La mayor parte,NA,Sí,2021
54,Sí,Sí,No,Sí,No,No,No,Sí,NA,NA,Sí,No,30,La mayor parte,NA,Sí,2021
73,No,No,No,No,No,No,NA,NA,NA,NA,NA,NA,0,NA,Problemas de salud,No,2021
41,Sí,Sí,No,Sí,No,Sí,No,Sí,NA,NA,Sí,No,60,La mayor parte,NA,No,2021
51,Sí,Sí,No,Sí,No,No,Sí,Sí,NA,NA,Sí,No,40,La mayor parte,NA,No,2021
45,Sí,Sí,Sí,No,No,Sí,No,Sí,No,Sí,NA,NA,40,La mayor parte,NA,Sí,2021
27,No,No,No,No,No,No,NA,NA,NA,NA,NA,NA,0,NA,Falta de tiempo,Sí,2021
38,Sí,Sí,No,Sí,No,Sí,No,Sí,NA,NA,No,Sí,50,La mayor parte,NA,Sí,2021
60,No,No,No,Sí,No,No,NA,NA,NA,NA,No,Sí,20,La mitad,NA,Sí,2021
49,Sí,Sí,Sí,No,No,Sí,No,Sí,No,Sí,NA,NA,40,La mayor parte,NA,Sí,2021
68,No,No,No,No,No,No,NA,NA,NA,NA,NA,NA,0,NA,Falta de interés/gusto,Sí,2021
44,No,No,Sí,Sí,No,No,NA,NA,No,Sí,No,Sí,15,La mitad,NA,Sí,2021
73,No,No,No,No,No,No,NA,NA,NA,NA,NA,NA,0,NA,Problemas de salud,No,2021
49,No,No,No,Sí,No,No,NA,NA,NA,NA,No,Sí,25,La mayor parte,NA,Sí,2021
26,No,No,No,Sí,No,No,NA,NA,NA,NA,No,Sí,20,La mayor parte,NA,Sí,2021
46,No,No,No,Sí,No,No,NA,NA,NA,NA,No,Sí,15,La mayor parte,NA,Sí,2021
23,No,No,No,No,No,No,NA,NA,NA,NA,NA,NA,0,NA,Falta de tiempo,Sí,2021
59,No,No,No,No,No,No,NA,NA,NA,NA,NA,NA,0,NA,Falta de tiempo,Sí,2021
41,Sí,No,No,Sí,No,No,NA,NA,NA,NA,No,Sí,40,La mayor parte,NA,Sí,2021
25,No,No,Sí,No,No,Sí,NA,NA,No,Sí,NA,NA,30,La mayor parte,NA,Sí,2021
21,No,No,No,No,No,No,NA,NA,NA,NA,NA,NA,0,NA,Falta de tiempo,Sí,2021
25,Sí,No,No,No,No,Sí,NA,NA,NA,NA,NA,NA,20,Toda,NA,Sí,2021
75,No,No,No,No,No,No,NA,NA,NA,NA,NA,NA,0,NA,Problemas de salud,No,2021
56,Sí,No,No,Sí,No,No,NA,NA,NA,NA,No,Sí,20,Toda,NA,Sí,2021
27,Sí,Sí,No,Sí,No,No,Sí,No,NA,NA,Sí,No,60,La mayor parte,NA,Sí,2021
43,Sí,No,No,No,No,No,NA,NA,NA,NA,NA,NA,0,NA,Falta de tiempo,Sí,2021
73,No,No,No,No,No,No,NA,NA,NA,NA,NA,NA,0,NA,Problemas de salud,No,2021
43,Sí,Sí,No,Sí,No,No,Sí,No,NA,NA,Sí,No,30,Toda,NA,Sí,2021
46,No,No,No,No,No,No,NA,NA,NA,NA,NA,NA,0,NA,Prefiere otras actividades,No,2021
24,No,No,No,No,No,No,NA,NA,NA,NA,NA,NA,0,NA,Prefiere otras actividades,No,2021
47,No,No,No,No,No,No,NA,NA,NA,NA,NA,NA,0,NA,Falta de interés/gusto,No,2021
51,No,No,No,No,No,No,NA,NA,NA,NA,NA,NA,0,NA,Falta de interés/gusto,No,2021
64,No,No,No,No,No,No,NA,NA,NA,NA,NA,NA,0,NA,Falta de interés/gusto,No,2021
58,Sí,No,Sí,No,No,No,NA,NA,No,Sí,NA,NA,20,Toda,NA,Sí,2021
37,No,No,No,No,No,No,NA,NA,NA,NA,NA,NA,0,NA,Falta de tiempo,No,2021
65,Sí,Sí,Sí,No,No,No,No,Sí,No,Sí,NA,NA,30,Toda,NA,Sí,2021
24,Sí,Sí,No,Sí,Sí,No,Sí,No,NA,NA,No,Sí,30,La mayor parte,NA,Sí,2021
44,Sí,Sí,No,No,No,No,No,Sí,NA,NA,NA,NA,30,La mayor parte,NA,No,2021
34,No,No,No,No,No,No,NA,NA,NA,NA,NA,NA,0,NA,Prefiere otras actividades,No,2021
56,Sí,No,No,No,No,Sí,NA,NA,NA,NA,NA,NA,40,La mitad,NA,Sí,2021
65,No,No,No,No,No,No,NA,NA,NA,NA,NA,NA,0,NA,Problemas de salud,Sí,2021
51,No,No,No,No,No,No,NA,NA,NA,NA,NA,NA,0,NA,Falta de tiempo,No recuerda,2021
65,Sí,No,Sí,No,No,No,NA,NA,No,Sí,NA,NA,30,La mayor parte,NA,No recuerda,2021
37,No,No,No,No,No,No,NA,NA,NA,NA,NA,NA,0,NA,Prefiere otras actividades,Sí,2021
73,No,No,No,No,No,No,NA,NA,NA,NA,NA,NA,0,NA,Problemas de salud,Sí,2021
66,No,No,No,No,No,No,NA,NA,NA,NA,NA,NA,0,NA,Falta de interés/gusto,No,2021
28,Sí,Sí,Sí,No,No,Sí,No,Sí,No,Sí,NA,NA,35,La mayor parte,NA,Sí,2021
48,No,No,No,Sí,No,No,NA,NA,NA,NA,No,Sí,20,La mayor parte,NA,Sí,2021
19,Sí,Sí,No,No,No,No,No,Sí,NA,NA,NA,NA,30,La mayor parte,NA,Sí,2021
69,Sí,Sí,No,Sí,No,No,No,Sí,NA,NA,No,Sí,25,La mayor parte,NA,No recuerda,2021
77,No,No,No,No,No,No,NA,NA,NA,NA,NA,NA,0,NA,Problemas de salud,No,2021
61,No,No,No,No,No,No,NA,NA,NA,NA,NA,NA,0,NA,Falta de tiempo,No recuerda,2021
55,Sí,No,No,Sí,No,No,NA,NA,NA,NA,No,Sí,20,Toda,NA,Sí,2021
54,Sí,No,Sí,No,No,No,NA,NA,No,Sí,NA,NA,25,La mayor parte,NA,No,2021
70,No,No,No,No,No,No,NA,NA,NA,NA,NA,NA,0,NA,Falta de interés/gusto,No,2021
49,Sí,No,No,Sí,No,No,NA,NA,NA,NA,No,Sí,20,Toda,NA,No,2021
52,Sí,Sí,No,Sí,No,Sí,Sí,No,NA,NA,No,Sí,40,La mayor parte,NA,Sí,2021
39,Sí,Sí,Sí,No,No,Sí,No,Sí,No,Sí,NA,NA,30,La mayor parte,NA,Sí,2021
51,Sí,Sí,No,No,No,Sí,No,Sí,NA,NA,NA,NA,30,La mayor parte,NA,Sí,2021
75,Sí,Sí,No,Sí,No,Sí,No,Sí,NA,NA,No,Sí,40,La mayor parte,NA,Sí,2021
61,No,Sí,No,No,No,No,No,Sí,NA,NA,NA,NA,30,La mitad,NA,Sí,2021
21,Sí,Sí,No,Sí,No,Sí,No,Sí,NA,NA,No,Sí,35,La mayor parte,NA,Sí,2021
68,Sí,Sí,Sí,No,No,No,No,Sí,No,Sí,NA,NA,60,La mayor parte,NA,Sí,2021
77,Sí,Sí,Sí,No,No,No,No,Sí,No,Sí,NA,NA,30,La mayor parte,NA,No,2021
44,Sí,Sí,Sí,No,No,Sí,No,Sí,No,Sí,NA,NA,60,La mayor parte,NA,Sí,2021
39,No,No,No,No,No,Sí,NA,NA,NA,NA,NA,NA,20,La mitad,NA,No,2021
75,Sí,Sí,No,No,No,Sí,No,Sí,NA,NA,NA,NA,30,La mayor parte,NA,Sí,2021
52,Sí,Sí,Sí,No,No,Sí,No,Sí,No,Sí,NA,NA,30,La mayor parte,NA,No,2021
39,No,No,No,No,No,Sí,NA,NA,NA,NA,NA,NA,20,La mitad,NA,No,2021
57,No,No,No,Sí,No,No,NA,NA,NA,NA,No,Sí,20,La mayor parte,NA,Sí,2021
51,No,No,No,No,No,No,NA,NA,NA,NA,NA,NA,0,NA,Falta de interés/gusto,Sí,2021
53,No,No,No,Sí,No,No,NA,NA,NA,NA,No,Sí,10,La mitad,NA,Sí,2021
60,No,No,No,No,No,No,NA,NA,NA,NA,NA,NA,0,NA,Falta de tiempo,Sí,2021
51,No,No,No,Sí,No,No,NA,NA,NA,NA,No,Sí,20,La mayor parte,NA,Sí,2021
35,Sí,Sí,No,Sí,No,Sí,No,Sí,NA,NA,No,Sí,30,La mayor parte,NA,Sí,2021
59,No,No,No,No,No,No,NA,NA,NA,NA,NA,NA,0,NA,Falta de interés/gusto,Sí,2021
59,Sí,No,Sí,No,No,No,NA,NA,No,Sí,NA,NA,25,Toda,NA,Sí,2021
31,Sí,Sí,Sí,No,No,Sí,No,Sí,No,Sí,NA,NA,90,Toda,NA,Sí,2021
48,Sí,No,Sí,No,No,No,NA,NA,No,Sí,NA,NA,25,Toda,NA,No,2021
75,No,No,No,No,No,No,NA,NA,NA,NA,NA,NA,0,NA,Falta de interés/gusto,No,2021
47,Sí,Sí,Sí,No,No,Sí,No,Sí,No,Sí,NA,NA,90,Toda,NA,Sí,2021
40,Sí,No,Sí,No,No,Sí,NA,NA,No,Sí,NA,NA,45,Toda,NA,No,2021
46,Sí,No,Sí,Sí,No,Sí,NA,NA,No,Sí,No,Sí,20,La mayor parte,NA,Sí,2021
53,No,No,No,No,No,Sí,NA,NA,NA,NA,NA,NA,30,La mayor parte,NA,No,2021
40,Sí,No,Sí,No,No,Sí,NA,NA,No,Sí,NA,NA,30,La mitad,NA,No,2021
55,No,No,No,No,No,Sí,NA,NA,NA,NA,NA,NA,20,La mayor parte,NA,No,2021
30,No,No,No,No,No,Sí,NA,NA,NA,NA,NA,NA,30,La mitad,NA,No,2021
82,No,No,No,No,No,No,NA,NA,NA,NA,NA,NA,0,NA,Problemas de salud,No,2021
41,Sí,No,Sí,No,No,Sí,NA,NA,No,Sí,NA,NA,30,Toda,NA,Sí,2021
43,No,No,No,No,No,No,NA,NA,NA,NA,NA,NA,0,NA,Falta de tiempo,No,2021
40,Sí,No,Sí,No,No,Sí,NA,NA,No,Sí,NA,NA,30,La mayor parte,NA,Sí,2021
53,No,No,No,No,No,No,NA,NA,NA,NA,NA,NA,0,NA,Problemas de salud,Sí,2021
40,No,No,No,No,No,No,NA,NA,NA,NA,NA,NA,0,NA,Prefiere otras actividades,No,2021
27,Sí,Sí,No,No,No,Sí,No,Sí,NA,NA,NA,NA,45,La mayor parte,NA,Sí,2021
50,Sí,No,No,No,No,Sí,NA,NA,NA,NA,NA,NA,20,La mitad,NA,Sí,2021
26,Sí,Sí,No,No,No,Sí,No,Sí,NA,NA,NA,NA,40,La mayor parte,NA,Sí,2021
26,No,No,No,No,No,No,NA,NA,NA,NA,NA,NA,0,NA,Falta de tiempo,No,2021
25,No,No,No,Sí,No,No,NA,NA,NA,NA,No,Sí,25,La mayor parte,NA,Sí,2021
42,No,No,No,No,No,Sí,NA,NA,NA,NA,NA,NA,20,La mayor parte,NA,Sí,2021
76,Sí,No,Sí,No,No,No,NA,NA,No,Sí,NA,NA,20,La mitad,NA,No,2021
56,No,No,No,No,No,No,NA,NA,NA,NA,NA,NA,0,NA,Falta de tiempo,Sí,2021
22,Sí,No,No,No,No,Sí,NA,NA,NA,NA,NA,NA,60,La mayor parte,NA,Sí,2021
20,Sí,No,No,Sí,No,No,NA,NA,NA,NA,No,Sí,15,La mayor parte,NA,Sí,2021
26,No,No,Sí,Sí,No,Sí,NA,NA,No,Sí,No,Sí,15,Toda,NA,Sí,2021
65,Sí,No,No,Sí,No,No,NA,NA,NA,NA,No,Sí,20,La mayor parte,NA,No,2021
19,No,No,No,No,No,No,NA,NA,NA,NA,NA,NA,0,NA,Falta de tiempo,No,2021
52,No,No,No,No,No,No,NA,NA,NA,NA,NA,NA,0,NA,Falta de tiempo,Sí,2021
90,No,No,No,No,No,No,NA,NA,NA,NA,NA,NA,0,NA,Problemas de salud,Sí,2021
59,Sí,No,Sí,Sí,No,No,NA,NA,No,Sí,No,Sí,30,La mitad,NA,Sí,2021
30,No,No,No,No,No,Sí,NA,NA,NA,NA,NA,NA,20,La mayor parte,NA,Sí,2021
67,No,No,No,Sí,No,No,NA,NA,NA,NA,No,Sí,25,La mayor parte,NA,No,2021
35,No,No,No,No,No,Sí,NA,NA,NA,NA,NA,NA,35,La mayor parte,NA,Sí,2021
21,No,No,No,Sí,No,No,NA,NA,NA,NA,No,Sí,25,La mayor parte,NA,Sí,2021
32,No,No,No,No,No,No,NA,NA,NA,NA,NA,NA,0,NA,Falta de tiempo,Sí,2021
73,Sí,Sí,Sí,No,No,No,No,Sí,No,Sí,NA,NA,20,La mitad,NA,Sí,2021
40,Sí,Sí,No,No,No,No,No,Sí,NA,NA,NA,NA,40,La mayor parte,NA,Sí,2021
41,Sí,No,Sí,Sí,No,No,NA,NA,No,Sí,No,Sí,20,La mayor parte,NA,Sí,2021
48,No,No,No,No,No,No,NA,NA,NA,NA,NA,NA,0,NA,Prefiere otras actividades,Sí,2021
46,Sí,No,Sí,Sí,No,Sí,NA,NA,No,Sí,No,Sí,30,La mitad,NA,Sí,2021
18,No,No,No,Sí,No,No,NA,NA,NA,NA,No,Sí,15,La mitad,NA,No,2021
59,Sí,No,Sí,Sí,No,No,NA,NA,No,Sí,No,Sí,20,Poca,NA,No,2021
32,No,No,No,No,No,No,NA,NA,NA,NA,NA,NA,0,NA,Falta de tiempo,Sí,2021
62,No,No,No,No,No,No,NA,NA,NA,NA,NA,NA,0,NA,Problemas de salud,No,2021
40,Sí,No,Sí,Sí,No,Sí,NA,NA,No,Sí,No,Sí,30,La mayor parte,NA,Sí,2021
39,Sí,No,No,No,No,Sí,NA,NA,NA,NA,NA,NA,20,La mitad,NA,Sí,2021
41,Sí,No,No,No,No,No,NA,NA,NA,NA,NA,NA,0,NA,Falta de tiempo,Sí,2021
25,Sí,No,No,Sí,No,No,NA,NA,NA,NA,Sí,No,10,La mitad,NA,Sí,2021
33,Sí,No,No,No,No,Sí,NA,NA,NA,NA,NA,NA,35,La mayor parte,NA,Sí,2021
45,Sí,No,Sí,No,No,No,NA,NA,No,Sí,NA,NA,30,La mitad,NA,Sí,2021
31,No,No,No,Sí,No,No,NA,NA,NA,NA,No,Sí,25,La mayor parte,NA,Sí,2021
25,Sí,Sí,Sí,Sí,No,No,No,Sí,No,Sí,No,Sí,35,La mayor parte,NA,Sí,2021
62,No,No,No,No,No,No,NA,NA,NA,NA,NA,NA,0,NA,Falta de tiempo,No,2021
52,Sí,No,No,No,No,No,NA,NA,NA,NA,NA,NA,0,NA,Falta de tiempo,No,2021
44,Sí,Sí,No,No,No,Sí,Sí,No,NA,NA,NA,NA,30,La mayor parte,NA,Sí,2021
53,Sí,Sí,No,Sí,No,Sí,No,Sí,NA,NA,Sí,No,60,Toda,NA,Sí,2021
58,Sí,No,No,Sí,No,No,NA,NA,NA,NA,No,Sí,30,Toda,NA,No,2021
43,Sí,Sí,No,No,No,Sí,No,Sí,NA,NA,NA,NA,40,La mayor parte,NA,Sí,2021
42,No,Sí,Sí,Sí,No,No,No,Sí,No,Sí,No,Sí,20,Toda,NA,No,2021
48,Sí,Sí,No,No,No,No,No,Sí,NA,NA,NA,NA,30,La mitad,NA,No,2021
44,Sí,No,No,Sí,No,No,NA,NA,NA,NA,No,Sí,15,Toda,NA,No,2021
32,Sí,No,Sí,No,No,No,NA,NA,No,Sí,NA,NA,30,Toda,NA,No,2021
59,Sí,Sí,No,No,No,Sí,No,Sí,NA,NA,NA,NA,60,La mitad,NA,No,2021
52,Sí,Sí,Sí,No,No,No,No,Sí,No,Sí,NA,NA,20,La mayor parte,NA,Sí,2021
57,Sí,No,Sí,Sí,No,Sí,NA,NA,No,Sí,No,Sí,60,La mayor parte,NA,Sí,2021
48,Sí,No,No,No,No,Sí,NA,NA,NA,NA,NA,NA,30,Toda,NA,No,2021
30,Sí,Sí,Sí,No,No,No,No,Sí,No,Sí,NA,NA,60,Toda,NA,Sí,2021
22,Sí,No,Sí,No,No,Sí,NA,NA,No,Sí,NA,NA,240,Toda,NA,Sí,2021
43,Sí,Sí,No,No,No,No,No,Sí,NA,NA,NA,NA,40,La mayor parte,NA,Sí,2021
38,No,No,No,No,No,No,NA,NA,NA,NA,NA,NA,0,NA,Falta de interés/gusto,Sí,2021
30,No,No,Sí,Sí,No,No,NA,NA,No,Sí,No,Sí,20,La mitad,NA,Sí,2021
55,Sí,No,No,Sí,No,No,NA,NA,NA,NA,No,Sí,60,Toda,NA,No,2021
27,Sí,Sí,No,No,Sí,No,No,Sí,NA,NA,NA,NA,90,Toda,NA,Sí,2021
21,No,No,No,Sí,No,No,NA,NA,NA,NA,No,Sí,10,Toda,NA,No,2021
63,Sí,No,No,Sí,No,No,NA,NA,NA,NA,No,Sí,15,La mayor parte,NA,No,2021
47,No,No,No,No,No,No,NA,NA,NA,NA,NA,NA,0,NA,Falta de tiempo,Sí,2021
51,Sí,Sí,No,Sí,No,No,No,Sí,NA,NA,No,Sí,60,La mitad,NA,Sí,2021
47,NA,NA,NA,NA,NA,NA,NA,NA,NA,NA,NA,NA,0,NA,NA,NA,2021
46,No,No,No,No,No,No,NA,NA,NA,NA,NA,NA,0,NA,Prefiere otras actividades,No,2021
61,Sí,Sí,No,No,No,No,No,Sí,NA,NA,NA,NA,20,La mayor parte,NA,No,2021
21,NA,NA,NA,NA,NA,NA,NA,NA,NA,NA,NA,NA,0,NA,NA,NA,2021
38,Sí,Sí,No,No,No,Sí,No,Sí,NA,NA,NA,NA,30,La mitad,NA,No,2021
56,Sí,No,No,Sí,No,No,NA,NA,NA,NA,No,Sí,20,Toda,NA,Sí,2021
32,Sí,Sí,Sí,No,No,Sí,Sí,Sí,Sí,No,NA,NA,120,Toda,NA,Sí,2021
64,No,No,No,No,No,No,NA,NA,NA,NA,NA,NA,0,NA,Problemas de salud,Sí,2021
43,No,No,No,No,No,No,NA,NA,NA,NA,NA,NA,0,NA,Falta de tiempo,No,2021
38,Sí,Sí,Sí,No,No,No,No,Sí,No,Sí,NA,NA,30,Toda,NA,No,2021
23,No,No,No,Sí,No,No,NA,NA,NA,NA,No,Sí,30,La mayor parte,NA,Sí,2021
33,No,No,No,Sí,No,No,NA,NA,NA,NA,No,Sí,20,La mayor parte,NA,Sí,2021
67,Sí,No,No,No,No,No,NA,NA,NA,NA,NA,NA,0,NA,Problemas de salud,No,2021
23,No,No,No,No,No,No,NA,NA,NA,NA,NA,NA,0,NA,Falta de interés/gusto,No,2021
56,Sí,Sí,No,No,No,Sí,No,Sí,NA,NA,NA,NA,60,La mayor parte,NA,Sí,2021
33,No,No,No,No,No,No,NA,NA,NA,NA,NA,NA,0,NA,Problemas de salud,Sí,2021
41,Sí,No,Sí,Sí,Sí,Sí,NA,NA,Sí,No,Sí,No,45,Toda,NA,Sí,2021
39,No,No,No,Sí,No,Sí,NA,NA,NA,NA,Sí,No,40,Toda,NA,Sí,2021
36,Sí,Sí,Sí,No,No,Sí,No,Sí,No,Sí,NA,NA,60,Toda,NA,Sí,2021
34,Sí,Sí,No,Sí,No,No,No,Sí,NA,NA,No,Sí,20,La mayor parte,NA,Sí,2021
59,Sí,Sí,Sí,Sí,No,Sí,Sí,No,No,Sí,No,Sí,120,Toda,NA,Sí,2021
27,Sí,Sí,Sí,Sí,Sí,Sí,No,Sí,No,Sí,Sí,No,120,La mayor parte,NA,Sí,2021
60,No,No,No,No,No,No,NA,NA,NA,NA,NA,NA,0,NA,Falta de tiempo,No,2021
42,No,No,No,No,No,No,NA,NA,NA,NA,NA,NA,0,NA,Falta de tiempo,No,2021
54,Sí,No,No,No,No,No,NA,NA,NA,NA,NA,NA,0,NA,Prefiere otras actividades,Sí,2021
29,Sí,Sí,Sí,Sí,No,Sí,No,Sí,No,Sí,Sí,No,20,La mitad,NA,Sí,2021
20,Sí,Sí,Sí,No,No,Sí,Sí,No,Sí,No,NA,NA,40,Toda,NA,Sí,2021
26,No,No,No,No,No,Sí,NA,NA,NA,NA,NA,NA,20,La mayor parte,NA,No,2021
41,Sí,No,No,Sí,No,No,NA,NA,NA,NA,No,Sí,20,La mayor parte,NA,No,2021
51,No,Sí,No,No,No,Sí,No,Sí,NA,NA,NA,NA,60,Toda,NA,Sí,2021
32,Sí,Sí,No,Sí,No,No,Sí,No,NA,NA,No,Sí,30,Toda,NA,No,2021
70,Sí,No,Sí,Sí,No,No,NA,NA,No,Sí,No,Sí,15,La mitad,NA,Sí,2021
33,No,No,No,No,No,No,NA,NA,NA,NA,NA,NA,0,NA,Falta de tiempo,Sí,2021
46,Sí,No,No,Sí,No,No,NA,NA,NA,NA,No,Sí,30,Toda,NA,Sí,2021
40,Sí,No,Sí,Sí,Sí,Sí,NA,NA,No,Sí,No,Sí,45,Toda,NA,Sí,2021
21,No,Sí,No,No,No,No,Sí,No,NA,NA,NA,NA,20,La mayor parte,NA,Sí,2021
28,Sí,No,No,Sí,No,No,NA,NA,NA,NA,No,Sí,20,La mitad,NA,Sí,2021
46,No,No,No,No,No,No,NA,NA,NA,NA,NA,NA,0,NA,Problemas de salud,No,2021
73,Sí,No,No,No,No,No,NA,NA,NA,NA,NA,NA,0,NA,Prefiere otras actividades,No,2021
45,No,No,No,No,No,No,NA,NA,NA,NA,NA,NA,0,NA,Falta de tiempo,Sí,2021
80,No,No,No,No,No,No,NA,NA,NA,NA,NA,NA,0,NA,Problemas de salud,No,2021
35,No,No,No,No,No,No,NA,NA,NA,NA,NA,NA,0,NA,Prefiere otras actividades,Sí,2021
32,Sí,No,No,Sí,No,Sí,NA,NA,NA,NA,Sí,No,180,La mayor parte,NA,Sí,2021
49,Sí,Sí,No,Sí,No,No,No,Sí,NA,NA,No,Sí,20,La mayor parte,NA,Sí,2021
28,No,No,No,No,No,No,NA,NA,NA,NA,NA,NA,0,NA,Falta de tiempo,Sí,2021
62,Sí,No,No,No,No,Sí,NA,NA,NA,NA,NA,NA,60,Toda,NA,Sí,2021
41,Sí,No,Sí,Sí,No,No,NA,NA,No,Sí,No,Sí,30,Toda,NA,Sí,2021
54,No,No,No,Sí,No,No,NA,NA,NA,NA,No,Sí,30,Toda,NA,No,2021
33,No,No,No,Sí,Sí,No,NA,NA,NA,NA,No,Sí,40,La mayor parte,NA,No,2021
46,No,No,No,Sí,No,No,NA,NA,NA,NA,No,Sí,20,La mayor parte,NA,Sí,2021
30,No,No,Sí,No,No,No,NA,NA,No,Sí,NA,NA,30,Toda,NA,Sí,2021
82,No,No,No,No,No,No,NA,NA,NA,NA,NA,NA,0,NA,Problemas de salud,No,2021
24,Sí,Sí,No,No,No,Sí,No,Sí,NA,NA,NA,NA,30,La mayor parte,NA,Sí,2021
22,No,No,No,Sí,No,No,NA,NA,NA,NA,No,Sí,20,Toda,NA,No,2021
30,No,No,Sí,No,No,No,NA,NA,No,Sí,NA,NA,50,Toda,NA,No,2021
30,No,No,Sí,Sí,No,No,NA,NA,No,Sí,No,Sí,20,Toda,NA,No,2021
58,Sí,Sí,No,No,No,No,No,Sí,NA,NA,NA,NA,30,La mayor parte,NA,No,2021
60,Sí,Sí,No,Sí,No,Sí,No,Sí,NA,NA,No,Sí,45,Toda,NA,No,2021
76,Sí,No,No,No,No,Sí,NA,NA,NA,NA,NA,NA,60,La mayor parte,NA,No,2021
56,Sí,Sí,No,Sí,No,No,No,Sí,NA,NA,No,Sí,35,Toda,NA,Sí,2021
63,No,No,No,No,No,No,NA,NA,NA,NA,NA,NA,0,NA,Falta de interés/gusto,No,2021
28,No,No,No,No,No,No,NA,NA,NA,NA,NA,NA,0,NA,Falta de tiempo,No,2021
20,No,No,No,No,No,No,NA,NA,NA,NA,NA,NA,0,NA,Prefiere otras actividades,No,2021
52,No,No,No,No,No,No,NA,NA,NA,NA,NA,NA,0,NA,Falta de interés/gusto,No,2021
57,Sí,Sí,No,No,No,No,No,Sí,NA,NA,NA,NA,40,La mayor parte,NA,No,2021
31,No,No,Sí,No,No,No,NA,NA,No,Sí,NA,NA,45,La mayor parte,NA,No,2021
60,No,No,No,No,No,No,NA,NA,NA,NA,NA,NA,0,NA,Falta de interés/gusto,No,2021
38,Sí,Sí,No,No,No,No,No,Sí,NA,NA,NA,NA,30,Toda,NA,No,2021
59,No,No,No,Sí,No,No,NA,NA,NA,NA,No,Sí,20,Toda,NA,No,2021
61,No,No,No,No,No,No,NA,NA,NA,NA,NA,NA,0,NA,Problemas de salud,No,2021
50,Sí,Sí,No,Sí,No,No,No,Sí,NA,NA,No,Sí,30,La mayor parte,NA,Sí,2021
57,Sí,Sí,Sí,No,No,No,No,Sí,No,Sí,NA,NA,40,La mayor parte,NA,Sí,2021
49,No,No,No,No,No,No,NA,NA,NA,NA,NA,NA,0,NA,Falta de interés/gusto,No,2021
22,Sí,Sí,No,No,No,No,No,Sí,NA,NA,NA,NA,60,La mayor parte,NA,No,2021
39,No,No,No,No,No,No,NA,NA,NA,NA,NA,NA,0,NA,Falta de tiempo,No,2021
50,No,No,Sí,No,No,No,NA,NA,No,Sí,NA,NA,30,La mayor parte,NA,No,2021
43,No,No,Sí,Sí,No,No,NA,NA,No,Sí,No,Sí,40,La mayor parte,NA,No,2021
43,No,No,Sí,Sí,No,No,NA,NA,No,Sí,No,Sí,60,La mayor parte,NA,No,2021
39,Sí,No,Sí,Sí,No,No,NA,NA,No,Sí,No,Sí,25,La mayor parte,NA,No,2021
63,No,No,No,No,No,No,NA,NA,NA,NA,NA,NA,0,NA,Falta de tiempo,No,2021
77,No,No,No,No,No,No,NA,NA,NA,NA,NA,NA,0,NA,Falta de interés/gusto,No,2021
38,No,No,Sí,No,No,No,NA,NA,No,Sí,NA,NA,40,La mayor parte,NA,No,2021
28,No,No,Sí,No,No,No,NA,NA,No,Sí,NA,NA,30,Toda,NA,No,2021
44,No,No,No,No,No,No,NA,NA,NA,NA,NA,NA,0,NA,Falta de tiempo,No,2021
29,No,No,No,Sí,No,No,NA,NA,NA,NA,No,Sí,20,Toda,NA,No,2021
28,No,No,Sí,No,No,No,NA,NA,No,Sí,NA,NA,30,Toda,NA,No,2021
46,No,No,No,No,No,No,NA,NA,NA,NA,NA,NA,0,NA,Falta de interés/gusto,No,2021
62,No,No,No,No,No,No,NA,NA,NA,NA,NA,NA,0,NA,Falta de interés/gusto,No,2021
64,No,No,No,No,No,No,NA,NA,NA,NA,NA,NA,0,NA,Falta de interés/gusto,No,2021
26,NA,NA,NA,NA,NA,NA,NA,NA,NA,NA,NA,NA,0,NA,NA,NA,2021
19,No,No,No,No,No,No,NA,NA,NA,NA,NA,NA,0,NA,Falta de interés/gusto,No,2021
51,No,No,No,No,No,No,NA,NA,NA,NA,NA,NA,0,NA,Falta de tiempo,No,2021
63,Sí,No,Sí,No,No,No,NA,NA,No,Sí,NA,NA,40,La mayor parte,NA,No,2021
56,Sí,Sí,No,No,No,No,No,Sí,NA,NA,NA,NA,60,La mayor parte,NA,No,2021
57,Sí,Sí,No,Sí,No,No,No,Sí,NA,NA,No,Sí,45,La mayor parte,NA,No,2021
19,No,No,No,No,No,No,NA,NA,NA,NA,NA,NA,0,NA,Problemas de salud,No,2021
38,Sí,Sí,No,No,No,Sí,No,Sí,NA,NA,NA,NA,40,La mayor parte,NA,Sí,2021
32,Sí,Sí,Sí,Sí,No,Sí,Sí,No,Sí,No,Sí,No,100,Toda,NA,Sí,2021
30,Sí,Sí,Sí,Sí,Sí,No,Sí,No,Sí,No,Sí,No,60,La mayor parte,NA,Sí,2021
56,Sí,Sí,No,No,No,No,No,Sí,NA,NA,NA,NA,120,La mayor parte,NA,No,2021
55,NA,NA,NA,NA,NA,NA,NA,NA,NA,NA,NA,NA,0,NA,NA,NA,2021
53,Sí,Sí,Sí,Sí,No,Sí,Sí,No,Sí,No,Sí,No,30,La mayor parte,NA,Sí,2021
65,Sí,Sí,No,No,No,Sí,No,Sí,NA,NA,NA,NA,120,Toda,NA,Sí,2021
22,Sí,Sí,Sí,Sí,No,Sí,No,Sí,No,Sí,No,Sí,60,Toda,NA,Sí,2021
50,Sí,Sí,Sí,Sí,Sí,Sí,No,Sí,No,Sí,Sí,No,120,Toda,NA,No,2021
40,Sí,Sí,No,Sí,No,Sí,Sí,No,NA,NA,Sí,No,30,La mayor parte,NA,Sí,2021
22,Sí,Sí,No,No,No,No,No,Sí,NA,NA,NA,NA,60,La mayor parte,NA,Sí,2021
34,Sí,No,Sí,Sí,No,No,NA,NA,Sí,No,Sí,No,20,La mayor parte,NA,Sí,2021
49,No,No,No,No,No,No,NA,NA,NA,NA,NA,NA,0,NA,Problemas de salud,No,2021
30,Sí,No,No,Sí,No,No,NA,NA,NA,NA,Sí,No,20,La mayor parte,NA,No,2021
43,Sí,Sí,No,Sí,No,No,No,Sí,NA,NA,Sí,No,120,La mayor parte,NA,Sí,2021
73,Sí,Sí,No,No,No,Sí,Sí,No,NA,NA,NA,NA,180,La mayor parte,NA,No,2021
27,Sí,Sí,No,No,No,Sí,No,Sí,NA,NA,NA,NA,120,Toda,NA,No,2021
23,Sí,Sí,No,Sí,No,Sí,Sí,No,NA,NA,Sí,No,30,La mayor parte,NA,Sí,2021
32,Sí,Sí,No,No,No,Sí,No,Sí,NA,NA,NA,NA,30,La mayor parte,NA,Sí,2021
54,No,No,No,No,No,No,NA,NA,NA,NA,NA,NA,0,NA,Prefiere otras actividades,Sí,2021
61,Sí,Sí,No,No,No,No,No,Sí,NA,NA,NA,NA,30,La mitad,NA,No,2021
23,Sí,Sí,Sí,No,Sí,Sí,Sí,No,Sí,No,NA,NA,60,La mayor parte,NA,Sí,2021
51,Sí,No,No,No,No,No,NA,NA,NA,NA,NA,NA,0,NA,Falta de tiempo,Sí,2021
34,Sí,Sí,Sí,Sí,Sí,Sí,Sí,Sí,Sí,No,Sí,No,120,La mayor parte,NA,Sí,2021
21,Sí,Sí,Sí,No,No,Sí,Sí,No,No,Sí,NA,NA,10,La mayor parte,NA,Sí,2021
65,Sí,Sí,Sí,Sí,No,No,No,Sí,No,Sí,No,Sí,60,La mayor parte,NA,No recuerda,2021
35,Sí,Sí,No,Sí,No,No,No,Sí,NA,NA,No,Sí,60,La mayor parte,NA,Sí,2021
30,No,No,No,No,No,No,NA,NA,NA,NA,NA,NA,0,NA,Falta de tiempo,No,2021
52,Sí,Sí,No,Sí,No,Sí,No,Sí,NA,NA,No,Sí,10,La mayor parte,NA,Sí,2021
19,Sí,Sí,No,No,No,No,No,Sí,NA,NA,NA,NA,60,Poca,NA,Sí,2021
26,Sí,Sí,Sí,Sí,No,Sí,No,Sí,No,Sí,Sí,No,30,La mayor parte,NA,No recuerda,2021
38,No,No,No,No,No,No,NA,NA,NA,NA,NA,NA,0,NA,Falta de tiempo,Sí,2021
38,No,No,No,No,No,No,NA,NA,NA,NA,NA,NA,0,NA,Falta de tiempo,No,2021
54,No,No,No,No,No,No,NA,NA,NA,NA,NA,NA,0,NA,Falta de tiempo,No recuerda,2021
51,Sí,Sí,No,No,No,Sí,No,Sí,NA,NA,NA,NA,120,La mayor parte,NA,Sí,2021
41,Sí,No,No,Sí,No,No,NA,NA,NA,NA,No,Sí,15,La mitad,NA,Sí,2021
41,Sí,Sí,No,No,No,No,No,Sí,NA,NA,NA,NA,30,Toda,NA,Sí,2021
25,No,No,No,No,No,No,NA,NA,NA,NA,NA,NA,0,NA,Problemas de salud,No,2021
20,No,No,No,No,No,No,NA,NA,NA,NA,NA,NA,0,NA,Prefiere otras actividades,Sí,2021
72,No,No,No,No,No,No,NA,NA,NA,NA,NA,NA,0,NA,Falta de tiempo,No,2021
63,Sí,Sí,Sí,No,No,No,No,Sí,No,Sí,NA,NA,120,La mitad,NA,Sí,2021
27,Sí,Sí,No,Sí,Sí,Sí,Sí,No,NA,NA,Sí,No,25,La mayor parte,NA,Sí,2021
42,Sí,Sí,No,No,No,No,No,Sí,NA,NA,NA,NA,40,La mayor parte,NA,Sí,2021
29,No,No,Sí,No,No,No,NA,NA,No,Sí,NA,NA,10,La mayor parte,NA,Sí,2021
22,Sí,No,Sí,No,No,Sí,NA,NA,Sí,Sí,NA,NA,60,La mayor parte,NA,Sí,2021
63,Sí,No,No,No,No,Sí,NA,NA,NA,NA,NA,NA,30,La mayor parte,NA,Sí,2021
75,No,No,No,No,No,No,NA,NA,NA,NA,NA,NA,0,NA,Problemas de salud,Sí,2021
68,Sí,No,No,No,No,Sí,NA,NA,NA,NA,NA,NA,60,La mayor parte,NA,Sí,2021
56,No,No,No,No,No,No,NA,NA,NA,NA,NA,NA,0,NA,Falta de tiempo,Sí,2021
27,Sí,No,No,No,No,Sí,NA,NA,NA,NA,NA,NA,45,Toda,NA,Sí,2021
47,No,No,No,No,No,No,NA,NA,NA,NA,NA,NA,0,NA,Falta de tiempo,Sí,2021
72,Sí,Sí,No,No,No,No,No,Sí,NA,NA,NA,NA,60,La mayor parte,NA,No,2021
51,No,No,No,No,No,No,NA,NA,NA,NA,NA,NA,0,NA,Prefiere otras actividades,Sí,2021
73,Sí,No,Sí,No,No,No,NA,NA,No,Sí,NA,NA,30,La mitad,NA,No,2021
30,Sí,Sí,No,No,Sí,Sí,No,Sí,NA,NA,NA,NA,45,La mayor parte,NA,Sí,2021
29,No,No,Sí,Sí,No,Sí,NA,NA,No,Sí,No,Sí,30,La mayor parte,NA,Sí,2021
24,Sí,No,No,Sí,No,No,NA,NA,NA,NA,No,Sí,3,La mitad,NA,Sí,2021
56,Sí,Sí,No,No,No,No,Sí,No,NA,NA,NA,NA,130,La mitad,NA,No,2021
42,No,No,No,No,Sí,No,NA,NA,NA,NA,NA,NA,10,La mitad,NA,Sí,2021
19,Sí,Sí,No,No,No,Sí,No,Sí,NA,NA,NA,NA,120,La mayor parte,NA,Sí,2021
20,Sí,Sí,Sí,Sí,No,Sí,Sí,No,No,Sí,No,Sí,40,La mayor parte,NA,Sí,2021
47,Sí,No,Sí,Sí,No,Sí,NA,NA,No,Sí,No,Sí,20,La mayor parte,NA,Sí,2021
27,No,Sí,No,Sí,No,Sí,No,Sí,NA,NA,Sí,No,35,La mayor parte,NA,Sí,2021
36,Sí,Sí,No,Sí,No,No,No,Sí,NA,NA,No,Sí,30,La mayor parte,NA,Sí,2021
50,Sí,No,Sí,No,No,No,NA,NA,No,Sí,NA,NA,15,Toda,NA,Sí,2021
57,Sí,No,Sí,No,No,No,NA,NA,No,Sí,NA,NA,30,La mitad,NA,Sí,2021
25,No,No,No,Sí,No,Sí,NA,NA,NA,NA,No,Sí,15,La mayor parte,NA,Sí,2021
62,No,No,No,No,No,No,NA,NA,NA,NA,NA,NA,0,NA,Falta de tiempo,No,2021
43,Sí,Sí,No,Sí,No,Sí,No,Sí,NA,NA,No,Sí,30,La mayor parte,NA,No,2021
28,Sí,Sí,No,No,Sí,No,No,Sí,NA,NA,NA,NA,30,La mayor parte,NA,Sí,2021
50,No,No,No,No,No,No,NA,NA,NA,NA,NA,NA,0,NA,Problemas de salud,No,2021
53,No,No,No,No,No,No,NA,NA,NA,NA,NA,NA,0,NA,Prefiere otras actividades,Sí,2021
28,No,No,No,No,No,No,NA,NA,NA,NA,NA,NA,0,NA,Prefiere otras actividades,No,2021
30,Sí,No,Sí,No,No,No,NA,NA,No,Sí,NA,NA,20,La mayor parte,NA,Sí,2021
26,No,Sí,No,No,No,Sí,No,Sí,NA,NA,NA,NA,20,La mayor parte,NA,Sí,2021
60,No,No,No,No,No,Sí,NA,NA,NA,NA,NA,NA,10,La mayor parte,NA,Sí,2021
45,Sí,Sí,Sí,No,No,Sí,Sí,No,Sí,No,NA,NA,300,Toda,NA,Sí,2021
33,Sí,Sí,No,No,No,No,No,Sí,NA,NA,NA,NA,20,Toda,NA,No,2021
58,No,No,No,No,No,No,NA,NA,NA,NA,NA,NA,0,NA,Problemas de salud,No,2021
54,No,No,No,No,No,No,NA,NA,NA,NA,NA,NA,0,NA,Falta de tiempo,Sí,2021
70,No,No,No,No,No,No,NA,NA,NA,NA,NA,NA,0,NA,Problemas de salud,No,2021
42,No,No,No,No,No,No,NA,NA,NA,NA,NA,NA,0,NA,Falta de tiempo,No,2021
28,No,No,No,No,No,No,NA,NA,NA,NA,NA,NA,0,NA,Prefiere otras actividades,Sí,2021
34,No,No,No,No,No,No,NA,NA,NA,NA,NA,NA,0,NA,Falta de interés/gusto,No,2021
26,No,No,No,No,No,No,NA,NA,NA,NA,NA,NA,0,NA,Falta de interés/gusto,No,2021
94,No,No,No,No,No,No,NA,NA,NA,NA,NA,NA,0,NA,Problemas de salud,No recuerda,2021
42,Sí,Sí,Sí,Sí,No,No,No,Sí,No,Sí,No,Sí,30,La mayor parte,NA,Sí,2021
31,Sí,No,No,No,No,Sí,NA,NA,NA,NA,NA,NA,120,Toda,NA,No,2021
83,No,No,No,Sí,No,No,NA,NA,NA,NA,No,Sí,30,Poca,NA,Sí,2021
58,Sí,Sí,No,No,No,No,No,Sí,NA,NA,NA,NA,40,La mayor parte,NA,Sí,2021
36,Sí,No,No,Sí,No,No,NA,NA,NA,NA,No,Sí,30,La mitad,NA,No,2021
38,No,No,No,No,No,Sí,NA,NA,NA,NA,NA,NA,20,La mitad,NA,Sí,2021
20,No,Sí,No,No,No,No,No,Sí,NA,NA,NA,NA,60,La mayor parte,NA,Sí,2021
46,Sí,Sí,No,Sí,No,Sí,No,Sí,NA,NA,No,Sí,15,La mayor parte,NA,Sí,2021
23,Sí,No,Sí,No,No,Sí,NA,NA,No,Sí,NA,NA,60,La mayor parte,NA,Sí,2021
60,Sí,No,No,Sí,No,Sí,NA,NA,NA,NA,No,Sí,30,La mayor parte,NA,No,2021
30,Sí,Sí,No,No,No,Sí,No,Sí,NA,NA,NA,NA,40,Toda,NA,Sí,2021
62,No,No,No,No,No,No,NA,NA,NA,NA,NA,NA,0,NA,Problemas de salud,No,2021
28,Sí,Sí,No,No,Sí,Sí,No,Sí,NA,NA,NA,NA,60,La mayor parte,NA,Sí,2021
57,No,No,No,No,No,No,NA,NA,NA,NA,NA,NA,0,NA,Falta de interés/gusto,No,2021
32,No,No,No,No,No,No,NA,NA,NA,NA,NA,NA,0,NA,Falta de dinero,No,2021
23,No,No,No,No,No,No,NA,NA,NA,NA,NA,NA,0,NA,Falta de tiempo,No,2021
38,No,No,No,No,No,No,NA,NA,NA,NA,NA,NA,0,NA,Falta de dinero,No,2021
60,Sí,No,Sí,Sí,No,Sí,NA,NA,No,Sí,No,Sí,30,Toda,NA,No,2021
77,No,No,No,No,No,No,NA,NA,NA,NA,NA,NA,0,NA,Problemas de salud,No,2021
27,Sí,Sí,No,No,No,Sí,No,Sí,NA,NA,NA,NA,15,La mayor parte,NA,No,2021
38,No,No,No,No,No,No,NA,NA,NA,NA,NA,NA,0,NA,Falta de dinero,No,2021
28,No,No,No,No,No,No,NA,NA,NA,NA,NA,NA,0,NA,Falta de tiempo,No,2021
42,No,No,No,No,No,No,NA,NA,NA,NA,NA,NA,0,NA,Falta de interés/gusto,No,2021
36,Sí,Sí,Sí,No,No,No,Sí,No,Sí,No,NA,NA,30,La mitad,NA,Sí,2021
56,Sí,Sí,Sí,No,Sí,Sí,Sí,No,No,Sí,NA,NA,30,La mayor parte,NA,Sí,2021
31,Sí,No,No,Sí,No,No,NA,NA,NA,NA,No,Sí,10,La mitad,NA,Sí,2021
58,Sí,No,Sí,No,No,Sí,NA,NA,Sí,No,NA,NA,90,La mayor parte,NA,Sí,2021
19,Sí,Sí,No,No,No,Sí,Sí,Sí,NA,NA,NA,NA,180,La mayor parte,NA,No,2021
40,No,No,Sí,No,No,No,NA,NA,No,Sí,NA,NA,60,Poca,NA,No,2021
68,No,No,No,No,No,No,NA,NA,NA,NA,NA,NA,0,NA,Prefiere otras actividades,No,2021
31,Sí,Sí,No,No,No,No,No,Sí,NA,NA,NA,NA,45,La mayor parte,NA,No,2021
76,No,No,No,No,No,No,NA,NA,NA,NA,NA,NA,0,NA,Falta de interés/gusto,No,2021
29,No,No,Sí,No,No,No,NA,NA,No,Sí,NA,NA,30,La mitad,NA,No,2021
58,No,No,No,No,No,No,NA,NA,NA,NA,NA,NA,0,NA,Prefiere otras actividades,No,2021
22,Sí,Sí,No,No,No,Sí,Sí,Sí,NA,NA,NA,NA,120,La mayor parte,NA,Sí,2021
37,No,Sí,No,No,Sí,No,Sí,No,NA,NA,NA,NA,30,Poca,NA,No,2021
52,Sí,No,Sí,No,Sí,No,NA,NA,No,Sí,NA,NA,30,La mitad,NA,Sí,2021
47,Sí,No,No,No,No,Sí,NA,NA,NA,NA,NA,NA,5,La mitad,NA,Sí,2021
40,Sí,No,No,Sí,No,No,NA,NA,NA,NA,No,Sí,30,La mitad,NA,Sí,2021
20,Sí,Sí,No,No,Sí,Sí,Sí,No,NA,NA,NA,NA,10,La mayor parte,NA,Sí,2021
55,No,No,No,No,No,No,NA,NA,NA,NA,NA,NA,0,NA,Prefiere otras actividades,No,2021
59,No,No,No,No,No,No,NA,NA,NA,NA,NA,NA,0,NA,Prefiere otras actividades,No,2021
28,No,No,No,No,No,No,NA,NA,NA,NA,NA,NA,0,NA,Falta de tiempo,No,2021
51,No,No,No,No,No,No,NA,NA,NA,NA,NA,NA,0,NA,Falta de interés/gusto,Sí,2021
56,Sí,No,Sí,No,No,No,NA,NA,No,Sí,NA,NA,30,La mayor parte,NA,Sí,2021
63,Sí,Sí,No,No,No,No,No,Sí,NA,NA,NA,NA,120,Poca,NA,Sí,2021
57,Sí,No,No,Sí,No,No,NA,NA,NA,NA,Sí,No,60,La mayor parte,NA,Sí,2021
30,No,No,No,No,No,No,NA,NA,NA,NA,NA,NA,0,NA,Falta de tiempo,No,2021
32,No,No,No,No,No,No,NA,NA,NA,NA,NA,NA,0,NA,Falta de interés/gusto,Sí,2021
20,Sí,Sí,No,Sí,Sí,No,Sí,No,NA,NA,Sí,No,130,Toda,NA,Sí,2021
77,Sí,No,Sí,No,No,No,NA,NA,No,Sí,NA,NA,20,La mitad,NA,Sí,2021
56,Sí,Sí,Sí,Sí,No,No,No,Sí,No,Sí,No,Sí,30,La mitad,NA,Sí,2021
33,No,No,No,No,No,No,NA,NA,NA,NA,NA,NA,0,NA,Falta de tiempo,No,2021
21,No,No,No,No,No,No,NA,NA,NA,NA,NA,NA,0,NA,Falta de interés/gusto,No,2021
23,Sí,No,No,No,No,Sí,NA,NA,NA,NA,NA,NA,20,Toda,NA,No,2021
53,Sí,No,Sí,No,No,No,NA,NA,No,Sí,NA,NA,45,Toda,NA,Sí,2021
43,No,No,No,Sí,No,Sí,NA,NA,NA,NA,No,Sí,30,La mayor parte,NA,No,2021
23,No,No,No,No,No,No,NA,NA,NA,NA,NA,NA,0,NA,Falta de tiempo,Sí,2021
55,No,No,No,No,No,No,NA,NA,NA,NA,NA,NA,0,NA,Falta de interés/gusto,No,2021
44,No,No,No,No,No,No,NA,NA,NA,NA,NA,NA,0,NA,Falta de tiempo,No,2021
42,No,No,Sí,No,No,No,NA,NA,No,Sí,NA,NA,10,Poca,NA,No,2021
57,No,No,No,No,No,No,NA,NA,NA,NA,NA,NA,0,NA,Falta de interés/gusto,No,2021
28,Sí,Sí,No,Sí,No,Sí,No,Sí,NA,NA,No,Sí,10,La mayor parte,NA,Sí,2021
57,No,No,No,No,No,No,NA,NA,NA,NA,NA,NA,0,NA,Falta de tiempo,No,2021
39,No,No,No,No,No,No,NA,NA,NA,NA,NA,NA,0,NA,Falta de interés/gusto,Sí,2021
33,No,No,Sí,No,No,Sí,NA,NA,Sí,No,NA,NA,120,Toda,NA,Sí,2021
40,No,No,No,No,No,No,NA,NA,NA,NA,NA,NA,0,NA,Falta de interés/gusto,No,2021
50,Sí,Sí,No,No,No,Sí,Sí,Sí,NA,NA,NA,NA,60,La mitad,NA,Sí,2021
32,Sí,Sí,No,No,No,Sí,Sí,Sí,NA,NA,NA,NA,60,La mitad,NA,No,2021
47,No,No,No,No,No,No,NA,NA,NA,NA,NA,NA,0,NA,Falta de tiempo,No,2021
48,No,No,No,No,No,No,NA,NA,NA,NA,NA,NA,0,NA,Falta de tiempo,Sí,2021
33,No,No,No,No,No,No,NA,NA,NA,NA,NA,NA,0,NA,Falta de tiempo,Sí,2021
55,Sí,No,No,Sí,No,Sí,NA,NA,NA,NA,No,Sí,60,La mayor parte,NA,Sí,2021
55,No,No,No,No,No,No,NA,NA,NA,NA,NA,NA,0,NA,Falta de interés/gusto,Sí,2021
64,No,No,No,No,No,No,NA,NA,NA,NA,NA,NA,0,NA,Falta de interés/gusto,Sí,2021
43,No,No,No,Sí,No,No,NA,NA,NA,NA,No,Sí,10,La mayor parte,NA,Sí,2021
40,No,No,No,No,No,No,NA,NA,NA,NA,NA,NA,0,NA,Falta de tiempo,Sí,2021
46,Sí,No,No,No,No,No,NA,NA,NA,NA,NA,NA,0,NA,Falta de interés/gusto,Sí,2021
20,Sí,No,Sí,Sí,No,Sí,NA,NA,No,Sí,No,Sí,5,Toda,NA,Sí,2021
30,Sí,Sí,Sí,No,Sí,Sí,Sí,No,No,Sí,NA,NA,20,La mayor parte,NA,No,2021
53,Sí,No,Sí,No,No,No,NA,NA,No,Sí,NA,NA,20,Toda,NA,Sí,2021
50,No,No,No,No,No,No,NA,NA,NA,NA,NA,NA,0,NA,Prefiere otras actividades,No,2021
38,No,No,No,No,No,No,NA,NA,NA,NA,NA,NA,0,NA,Falta de tiempo,No,2021
39,No,No,No,No,No,No,NA,NA,NA,NA,NA,NA,0,NA,Falta de interés/gusto,No,2021
38,No,No,No,No,No,Sí,NA,NA,NA,NA,NA,NA,60,La mayor parte,NA,No,2021
23,Sí,Sí,No,Sí,Sí,Sí,No,Sí,NA,NA,Sí,No,120,Toda,NA,Sí,2021
63,No,No,No,No,No,No,NA,NA,NA,NA,NA,NA,0,NA,Prefiere otras actividades,Sí,2021
78,No,No,No,No,No,No,NA,NA,NA,NA,NA,NA,0,NA,Prefiere otras actividades,No,2021
50,No,No,No,No,No,No,NA,NA,NA,NA,NA,NA,0,NA,Falta de tiempo,Sí,2021
55,No,No,No,No,No,No,NA,NA,NA,NA,NA,NA,0,NA,Falta de tiempo,Sí,2021
26,No,No,No,No,No,No,NA,NA,NA,NA,NA,NA,0,NA,Prefiere otras actividades,No,2021
58,Sí,Sí,Sí,No,No,No,No,Sí,No,Sí,NA,NA,60,Poca,NA,Sí,2021
39,Sí,No,No,No,No,Sí,NA,NA,NA,NA,NA,NA,45,La mayor parte,NA,Sí,2021
42,Sí,No,Sí,Sí,No,Sí,NA,NA,Sí,Sí,Sí,No,30,Toda,NA,Sí,2021
29,No,No,No,No,No,No,NA,NA,NA,NA,NA,NA,0,NA,Falta de tiempo,No,2021
23,Sí,Sí,No,No,No,Sí,No,Sí,NA,NA,NA,NA,25,Toda,NA,Sí,2021
57,No,No,No,No,No,No,NA,NA,NA,NA,NA,NA,0,NA,Falta de interés/gusto,No recuerda,2021
35,No,No,No,No,No,No,NA,NA,NA,NA,NA,NA,0,NA,Falta de interés/gusto,No,2021
80,No,No,No,No,No,No,NA,NA,NA,NA,NA,NA,0,NA,Falta de interés/gusto,No,2021
80,No,No,No,No,No,No,NA,NA,NA,NA,NA,NA,0,NA,Problemas de salud,No,2021
57,No,No,No,No,No,No,NA,NA,NA,NA,NA,NA,0,NA,Prefiere otras actividades,No,2021
53,Sí,Sí,No,No,No,Sí,Sí,Sí,NA,NA,NA,NA,120,La mayor parte,NA,Sí,2021
64,Sí,Sí,Sí,Sí,No,No,Sí,No,No,Sí,No,Sí,40,La mitad,NA,Sí,2021
54,No,No,No,No,No,No,NA,NA,NA,NA,NA,NA,0,NA,Falta de interés/gusto,No,2021
44,No,No,No,No,No,No,NA,NA,NA,NA,NA,NA,0,NA,Falta de dinero,No,2021
26,No,No,No,No,No,No,NA,NA,NA,NA,NA,NA,0,NA,Falta de tiempo,No,2021
19,No,No,No,No,No,No,NA,NA,NA,NA,NA,NA,0,NA,Falta de dinero,No,2021
43,No,No,No,No,No,Sí,NA,NA,NA,NA,NA,NA,15,La mayor parte,NA,No,2021
19,No,No,No,No,No,No,NA,NA,NA,NA,NA,NA,0,NA,Falta de interés/gusto,Sí,2021
47,Sí,Sí,No,No,No,Sí,No,Sí,NA,NA,NA,NA,15,La mayor parte,NA,No,2021
31,Sí,Sí,No,Sí,No,Sí,No,Sí,NA,NA,No,Sí,35,Toda,NA,Sí,2021
57,Sí,No,Sí,Sí,No,No,NA,NA,No,Sí,No,Sí,15,La mayor parte,NA,Sí,2021
28,Sí,Sí,Sí,No,No,Sí,No,Sí,No,Sí,NA,NA,20,Toda,NA,Sí,2021
21,Sí,Sí,No,No,No,No,No,Sí,NA,NA,NA,NA,30,Toda,NA,Sí,2021
74,No,No,Sí,No,No,No,NA,NA,No,Sí,NA,NA,30,La mitad,NA,Sí,2021
18,Sí,No,Sí,No,No,Sí,NA,NA,No,Sí,NA,NA,10,La mayor parte,NA,Sí,2021
47,Sí,Sí,Sí,No,No,No,No,Sí,No,Sí,NA,NA,20,La mayor parte,NA,Sí,2021
43,Sí,Sí,No,No,No,No,No,Sí,NA,NA,NA,NA,60,Toda,NA,No,2021
37,No,No,Sí,No,Sí,Sí,NA,NA,No,Sí,NA,NA,15,La mayor parte,NA,Sí,2021
55,Sí,Sí,No,No,No,Sí,Sí,No,NA,NA,NA,NA,90,La mayor parte,NA,Sí,2021
27,NA,NA,NA,NA,NA,NA,NA,NA,NA,NA,NA,NA,0,NA,NA,NA,2021
37,Sí,Sí,Sí,Sí,No,Sí,Sí,Sí,Sí,No,No,Sí,20,La mayor parte,NA,Sí,2021
23,No,No,No,No,No,No,NA,NA,NA,NA,NA,NA,0,NA,Falta de interés/gusto,Sí,2021
75,Sí,Sí,No,No,No,No,No,Sí,NA,NA,NA,NA,40,Toda,NA,Sí,2021
60,Sí,Sí,No,No,No,No,No,Sí,NA,NA,NA,NA,20,La mayor parte,NA,Sí,2021
66,Sí,Sí,No,No,No,Sí,Sí,No,NA,NA,NA,NA,30,La mayor parte,NA,Sí,2021
48,Sí,No,Sí,No,Sí,Sí,NA,NA,No,Sí,NA,NA,15,Toda,NA,Sí,2021
38,Sí,Sí,Sí,Sí,No,Sí,No,Sí,No,Sí,No,Sí,30,Toda,NA,No,2021
21,No,Sí,No,No,No,Sí,No,Sí,NA,NA,NA,NA,30,La mitad,NA,Sí,2021
63,No,No,No,No,No,No,NA,NA,NA,NA,NA,NA,0,NA,Falta de tiempo,No,2021
69,Sí,Sí,Sí,No,No,Sí,No,Sí,No,Sí,NA,NA,180,La mayor parte,NA,Sí,2021
80,Sí,Sí,Sí,No,No,No,No,Sí,No,Sí,NA,NA,120,La mitad,NA,Sí,2021
73,No,No,Sí,No,No,No,NA,NA,No,Sí,NA,NA,50,La mitad,NA,Sí,2021
26,Sí,Sí,Sí,No,No,Sí,No,Sí,No,Sí,NA,NA,60,Toda,NA,Sí,2021
19,No,No,No,No,Sí,Sí,NA,NA,NA,NA,NA,NA,120,La mitad,NA,No,2021
34,Sí,No,Sí,Sí,No,No,NA,NA,No,Sí,Sí,No,25,Toda,NA,Sí,2021
81,Sí,Sí,No,Sí,No,No,No,Sí,NA,NA,No,Sí,1,La mayor parte,NA,Sí,2021
56,Sí,Sí,Sí,No,No,No,Sí,No,No,Sí,NA,NA,60,La mitad,NA,Sí,2021
47,No,No,No,No,No,No,NA,NA,NA,NA,NA,NA,0,NA,Falta de interés/gusto,No,2021
44,No,No,No,No,No,No,NA,NA,NA,NA,NA,NA,0,NA,Falta de interés/gusto,No,2021
40,No,No,No,No,No,No,NA,NA,NA,NA,NA,NA,0,NA,Falta de tiempo,No,2021
21,Sí,Sí,No,No,No,Sí,No,Sí,NA,NA,NA,NA,40,Toda,NA,Sí,2021
48,Sí,Sí,Sí,No,No,Sí,Sí,No,Sí,No,NA,NA,30,Toda,NA,Sí,2021
48,Sí,Sí,Sí,Sí,No,Sí,No,Sí,No,Sí,No,Sí,70,Toda,NA,Sí,2021
59,No,No,No,No,No,No,NA,NA,NA,NA,NA,NA,0,NA,Falta de tiempo,Sí,2021
25,No,No,Sí,No,No,No,NA,NA,No,Sí,NA,NA,5,Poca,NA,No,2021
41,No,No,No,No,No,No,NA,NA,NA,NA,NA,NA,0,NA,Falta de tiempo,Sí,2021
35,Sí,Sí,No,Sí,No,No,No,Sí,NA,NA,No,Sí,20,La mayor parte,NA,No recuerda,2021
49,No,No,No,No,No,No,NA,NA,NA,NA,NA,NA,0,NA,Falta de tiempo,No,2021
62,No,No,Sí,No,No,No,NA,NA,No,Sí,NA,NA,5,La mitad,NA,Sí,2021
29,No,No,No,No,No,No,NA,NA,NA,NA,NA,NA,0,NA,Falta de tiempo,No,2021
31,No,No,No,No,No,No,NA,NA,NA,NA,NA,NA,0,NA,Falta de interés/gusto,No,2021
65,No,No,No,No,No,No,NA,NA,NA,NA,NA,NA,0,NA,Prefiere otras actividades,No,2021
37,No,No,No,No,No,No,NA,NA,NA,NA,NA,NA,0,NA,Prefiere otras actividades,No,2021
25,Sí,Sí,No,No,Sí,Sí,Sí,No,NA,NA,NA,NA,40,La mayor parte,NA,Sí,2021
46,Sí,Sí,No,No,No,Sí,No,Sí,NA,NA,NA,NA,60,Toda,NA,Sí,2021
22,Sí,Sí,No,No,No,Sí,No,Sí,NA,NA,NA,NA,15,Toda,NA,Sí,2021
44,No,No,No,No,No,Sí,NA,NA,NA,NA,NA,NA,10,La mayor parte,NA,Sí,2021
71,NA,NA,NA,NA,NA,NA,NA,NA,NA,NA,NA,NA,0,NA,NA,NA,2021
55,No,No,No,No,No,No,NA,NA,NA,NA,NA,NA,0,NA,Falta de tiempo,No,2021
36,Sí,Sí,No,No,No,Sí,No,Sí,NA,NA,NA,NA,40,La mayor parte,NA,Sí,2021
40,Sí,No,No,Sí,No,No,NA,NA,NA,NA,No,Sí,20,La mitad,NA,Sí,2021
30,Sí,Sí,Sí,Sí,No,Sí,No,Sí,No,Sí,No,Sí,30,Toda,NA,Sí,2021
38,No,No,No,No,No,No,NA,NA,NA,NA,NA,NA,0,NA,Falta de tiempo,No,2021
45,No,No,No,No,No,No,NA,NA,NA,NA,NA,NA,0,NA,Falta de interés/gusto,Sí,2021
76,No,No,No,No,No,No,NA,NA,NA,NA,NA,NA,0,NA,Falta de tiempo,Sí,2021
57,No,No,No,No,No,No,NA,NA,NA,NA,NA,NA,0,NA,Falta de interés/gusto,No,2021
28,Sí,No,No,No,No,Sí,NA,NA,NA,NA,NA,NA,30,Toda,NA,Sí,2021
54,No,No,No,No,No,No,NA,NA,NA,NA,NA,NA,0,NA,Falta de tiempo,No,2021
38,No,No,No,No,No,Sí,NA,NA,NA,NA,NA,NA,20,La mayor parte,NA,Sí,2021
47,No,No,No,No,No,No,NA,NA,NA,NA,NA,NA,0,NA,Falta de tiempo,Sí,2021
44,No,No,No,No,No,No,NA,NA,NA,NA,NA,NA,0,NA,Falta de tiempo,No,2021
33,Sí,Sí,No,No,No,No,No,Sí,NA,NA,NA,NA,30,La mayor parte,NA,No,2021
34,No,No,No,No,No,No,NA,NA,NA,NA,NA,NA,0,NA,Falta de tiempo,Sí,2021
56,No,No,No,No,No,No,NA,NA,NA,NA,NA,NA,0,NA,Falta de interés/gusto,No,2021
25,Sí,Sí,No,Sí,No,No,No,Sí,NA,NA,No,Sí,30,Toda,NA,Sí,2021
21,Sí,Sí,No,No,No,Sí,No,Sí,NA,NA,NA,NA,30,La mayor parte,NA,Sí,2021
59,No,No,No,No,No,No,NA,NA,NA,NA,NA,NA,0,NA,Falta de interés/gusto,No,2021
23,No,No,No,No,No,No,NA,NA,NA,NA,NA,NA,0,NA,Falta de tiempo,No,2021
66,Sí,No,Sí,Sí,No,No,NA,NA,Sí,No,Sí,No,45,Toda,NA,Sí,2021
45,Sí,Sí,No,No,No,No,No,Sí,NA,NA,NA,NA,90,Toda,NA,Sí,2021
24,Sí,Sí,No,No,No,Sí,No,Sí,NA,NA,NA,NA,60,Toda,NA,Sí,2021
55,Sí,Sí,Sí,Sí,No,No,Sí,No,Sí,No,No,Sí,30,La mayor parte,NA,Sí,2021
45,Sí,Sí,No,No,No,No,No,Sí,NA,NA,NA,NA,30,Poca,NA,No recuerda,2021
63,No,No,No,No,No,No,NA,NA,NA,NA,NA,NA,0,NA,Falta de tiempo,Sí,2021
21,Sí,No,Sí,Sí,No,Sí,NA,NA,No,Sí,No,Sí,40,La mayor parte,NA,Sí,2021
72,Sí,Sí,No,No,No,No,No,Sí,NA,NA,NA,NA,60,La mayor parte,NA,No,2021
31,Sí,Sí,Sí,Sí,Sí,Sí,No,Sí,No,Sí,No,Sí,60,La mayor parte,NA,Sí,2021
50,Sí,Sí,No,No,No,Sí,No,Sí,NA,NA,NA,NA,120,Toda,NA,Sí,2021
30,Sí,Sí,No,No,No,Sí,No,Sí,NA,NA,NA,NA,60,La mayor parte,NA,No,2021
35,No,No,No,No,No,No,NA,NA,NA,NA,NA,NA,0,NA,Falta de tiempo,Sí,2021
50,Sí,No,No,No,No,Sí,NA,NA,NA,NA,NA,NA,20,La mayor parte,NA,No,2021
47,Sí,Sí,No,No,No,No,No,Sí,NA,NA,NA,NA,20,La mayor parte,NA,Sí,2021
29,Sí,No,No,No,No,Sí,NA,NA,NA,NA,NA,NA,15,La mayor parte,NA,Sí,2021
20,Sí,No,No,No,No,Sí,NA,NA,NA,NA,NA,NA,15,La mayor parte,NA,No,2021
53,No,No,No,No,No,No,NA,NA,NA,NA,NA,NA,0,NA,Falta de tiempo,Sí,2021
58,Sí,Sí,No,No,No,No,No,Sí,NA,NA,NA,NA,45,La mayor parte,NA,Sí,2021
34,Sí,Sí,No,No,No,Sí,Sí,No,NA,NA,NA,NA,120,La mayor parte,NA,Sí,2021
37,Sí,Sí,No,No,No,Sí,No,Sí,NA,NA,NA,NA,120,La mayor parte,NA,Sí,2021
32,No,No,No,No,No,No,NA,NA,NA,NA,NA,NA,0,NA,Falta de tiempo,Sí,2021
61,No,No,No,No,No,No,NA,NA,NA,NA,NA,NA,0,NA,Falta de tiempo,Sí,2021
66,No,No,No,No,No,No,NA,NA,NA,NA,NA,NA,0,NA,Falta de tiempo,No,2021
68,No,No,No,No,No,No,NA,NA,NA,NA,NA,NA,0,NA,Falta de tiempo,No recuerda,2021
32,No,No,No,No,No,No,NA,NA,NA,NA,NA,NA,0,NA,Prefiere otras actividades,No,2021
39,No,No,No,No,No,No,NA,NA,NA,NA,NA,NA,0,NA,Prefiere otras actividades,No,2021
33,Sí,Sí,No,No,No,No,Sí,No,NA,NA,NA,NA,30,La mayor parte,NA,Sí,2021
65,Sí,No,Sí,No,No,No,NA,NA,No,Sí,NA,NA,30,La mayor parte,NA,Sí,2021
55,NA,NA,NA,NA,NA,NA,NA,NA,NA,NA,NA,NA,0,NA,NA,NA,2021
21,Sí,Sí,No,No,No,Sí,Sí,No,NA,NA,NA,NA,30,La mayor parte,NA,Sí,2021
36,No,No,No,No,No,No,NA,NA,NA,NA,NA,NA,0,NA,Falta de tiempo,Sí,2021
46,Sí,No,Sí,No,No,No,NA,NA,No,Sí,NA,NA,60,Poca,NA,No,2021
26,No,No,No,No,No,No,NA,NA,NA,NA,NA,NA,0,NA,Falta de tiempo,Sí,2021
18,Sí,Sí,No,No,No,Sí,Sí,No,NA,NA,NA,NA,30,Toda,NA,Sí,2021
64,Sí,Sí,Sí,Sí,No,No,No,Sí,No,Sí,No,Sí,60,La mitad,NA,Sí,2021
38,Sí,No,No,No,No,Sí,NA,NA,NA,NA,NA,NA,30,La mayor parte,NA,Sí,2021
31,No,No,No,No,No,No,NA,NA,NA,NA,NA,NA,0,NA,Falta de dinero,No,2021
41,No,No,No,No,No,No,NA,NA,NA,NA,NA,NA,0,NA,Falta de tiempo,No,2021
44,Sí,Sí,Sí,No,No,Sí,No,Sí,No,Sí,NA,NA,20,La mitad,NA,No,2021
79,Sí,No,Sí,No,No,No,NA,NA,No,Sí,NA,NA,60,Poca,NA,No,2021
43,Sí,Sí,No,No,No,No,No,Sí,NA,NA,NA,NA,120,La mayor parte,NA,Sí,2021
22,Sí,Sí,No,No,No,No,No,Sí,NA,NA,NA,NA,40,Toda,NA,Sí,2021
46,Sí,Sí,Sí,Sí,No,No,Sí,Sí,No,Sí,No,Sí,60,La mayor parte,NA,Sí,2021
42,No,No,No,No,No,No,NA,NA,NA,NA,NA,NA,0,NA,Falta de dinero,Sí,2021
45,Sí,Sí,No,No,No,Sí,No,Sí,NA,NA,NA,NA,60,La mayor parte,NA,Sí,2021
57,No,No,No,No,No,No,NA,NA,NA,NA,NA,NA,0,NA,Falta de interés/gusto,No,2021
61,No,No,No,No,No,No,NA,NA,NA,NA,NA,NA,0,NA,Problemas de salud,No,2021
59,Sí,Sí,No,No,No,No,Sí,No,NA,NA,NA,NA,30,La mayor parte,NA,Sí,2021
26,No,No,No,No,No,No,NA,NA,NA,NA,NA,NA,0,NA,Falta de tiempo,No,2021
50,Sí,Sí,No,Sí,No,No,No,Sí,NA,NA,No,Sí,30,La mayor parte,NA,Sí,2021
36,No,No,No,No,No,No,NA,NA,NA,NA,NA,NA,0,NA,Falta de tiempo,No recuerda,2021
43,No,No,No,No,No,No,NA,NA,NA,NA,NA,NA,0,NA,Prefiere otras actividades,Sí,2021
22,Sí,Sí,No,No,No,No,No,Sí,NA,NA,NA,NA,30,Toda,NA,Sí,2021
18,Sí,Sí,Sí,No,No,Sí,No,Sí,Sí,No,NA,NA,60,La mayor parte,NA,Sí,2021
67,Sí,Sí,No,No,No,No,No,Sí,NA,NA,NA,NA,30,La mayor parte,NA,No,2021
70,Sí,Sí,No,No,No,No,No,Sí,NA,NA,NA,NA,15,La mitad,NA,No,2021
48,No,No,No,No,No,No,NA,NA,NA,NA,NA,NA,0,NA,Falta de tiempo,No,2021
22,Sí,No,No,Sí,Sí,Sí,NA,NA,NA,NA,No,Sí,40,Toda,NA,Sí,2021
34,Sí,Sí,No,No,No,Sí,No,Sí,NA,NA,NA,NA,60,La mayor parte,NA,Sí,2021
49,Sí,No,No,Sí,No,Sí,NA,NA,NA,NA,No,Sí,10,La mitad,NA,No,2021
58,Sí,Sí,Sí,No,No,Sí,No,Sí,Sí,No,NA,NA,180,Toda,NA,Sí,2021
56,Sí,Sí,Sí,Sí,No,No,No,Sí,No,Sí,Sí,No,30,La mayor parte,NA,Sí,2021
50,No,No,No,No,No,No,NA,NA,NA,NA,NA,NA,0,NA,Prefiere otras actividades,Sí,2021
21,Sí,No,No,No,No,Sí,NA,NA,NA,NA,NA,NA,30,La mayor parte,NA,Sí,2021
52,No,No,No,No,No,No,NA,NA,NA,NA,NA,NA,0,NA,Falta de tiempo,No,2021
37,No,No,No,No,No,No,NA,NA,NA,NA,NA,NA,0,NA,Prefiere otras actividades,Sí,2021
23,No,No,No,No,No,No,NA,NA,NA,NA,NA,NA,0,NA,Falta de interés/gusto,Sí,2021
32,Sí,Sí,No,No,No,No,No,Sí,NA,NA,NA,NA,30,La mitad,NA,Sí,2021
27,Sí,Sí,No,No,No,Sí,No,Sí,NA,NA,NA,NA,60,La mitad,NA,Sí,2021
34,No,No,No,No,No,No,NA,NA,NA,NA,NA,NA,0,NA,Falta de tiempo,No,2021
32,No,No,No,No,No,No,NA,NA,NA,NA,NA,NA,0,NA,Falta de dinero,Sí,2021
43,No,No,No,No,No,No,NA,NA,NA,NA,NA,NA,0,NA,Falta de tiempo,No,2021
52,Sí,Sí,Sí,Sí,No,No,Sí,Sí,Sí,No,Sí,No,60,La mayor parte,NA,Sí,2021
46,No,No,No,No,No,No,NA,NA,NA,NA,NA,NA,0,NA,Falta de dinero,Sí,2021
31,Sí,No,Sí,No,No,No,NA,NA,No,Sí,NA,NA,20,La mayor parte,NA,No,2021
26,Sí,No,Sí,No,No,Sí,NA,NA,Sí,No,NA,NA,15,La mayor parte,NA,Sí,2021
31,Sí,No,Sí,No,No,No,NA,NA,No,Sí,NA,NA,30,La mayor parte,NA,Sí,2021
65,Sí,Sí,No,No,No,No,No,Sí,NA,NA,NA,NA,30,Poca,NA,No,2021
49,Sí,Sí,Sí,No,No,No,No,Sí,No,Sí,NA,NA,15,La mayor parte,NA,Sí,2021
49,No,No,No,No,No,No,NA,NA,NA,NA,NA,NA,0,NA,Falta de tiempo,No recuerda,2021
26,Sí,Sí,Sí,No,No,No,Sí,No,No,Sí,NA,NA,30,La mitad,NA,No,2021
23,No,No,No,No,No,No,NA,NA,NA,NA,NA,NA,0,NA,Falta de interés/gusto,No,2021
80,NA,NA,NA,NA,NA,NA,NA,NA,NA,NA,NA,NA,0,NA,NA,NA,2021
69,Sí,Sí,No,Sí,No,Sí,Sí,Sí,NA,NA,No,Sí,120,Toda,NA,Sí,2021
50,Sí,Sí,No,Sí,No,Sí,No,Sí,NA,NA,No,Sí,20,La mayor parte,NA,Sí,2021
72,Sí,Sí,No,No,No,No,No,Sí,NA,NA,NA,NA,90,Toda,NA,No,2021
62,No,No,No,No,No,No,NA,NA,NA,NA,NA,NA,0,NA,Falta de dinero,No,2021
40,Sí,No,Sí,No,No,No,NA,NA,No,Sí,NA,NA,30,La mayor parte,NA,Sí,2021
53,Sí,Sí,Sí,Sí,Sí,No,No,Sí,No,Sí,No,Sí,180,Toda,NA,Sí,2021
38,Sí,Sí,No,No,No,Sí,No,Sí,NA,NA,NA,NA,20,La mitad,NA,Sí,2021
56,No,No,No,No,No,No,NA,NA,NA,NA,NA,NA,0,NA,Falta de tiempo,No,2021
33,Sí,Sí,Sí,Sí,Sí,Sí,Sí,Sí,Sí,No,Sí,No,40,La mayor parte,NA,Sí,2021
58,Sí,Sí,No,No,No,Sí,No,Sí,NA,NA,NA,NA,120,Toda,NA,Sí,2021
65,No,No,No,No,No,No,NA,NA,NA,NA,NA,NA,0,NA,Prefiere otras actividades,Sí,2021
36,Sí,Sí,No,No,No,Sí,No,Sí,NA,NA,NA,NA,60,La mayor parte,NA,Sí,2021
31,No,No,No,No,No,No,NA,NA,NA,NA,NA,NA,0,NA,Prefiere otras actividades,No,2021
28,Sí,No,No,No,No,Sí,NA,NA,NA,NA,NA,NA,15,La mitad,NA,Sí,2021
41,No,No,No,No,No,No,NA,NA,NA,NA,NA,NA,0,NA,Falta de interés/gusto,No,2021
53,No,No,No,No,No,No,NA,NA,NA,NA,NA,NA,0,NA,Prefiere otras actividades,Sí,2021
43,Sí,No,No,Sí,No,Sí,NA,NA,NA,NA,No,Sí,15,La mitad,NA,No,2021
56,No,No,No,No,No,No,NA,NA,NA,NA,NA,NA,0,NA,Prefiere otras actividades,No,2021
50,Sí,No,No,Sí,No,No,NA,NA,NA,NA,No,Sí,20,La mitad,NA,Sí,2021
51,Sí,Sí,No,No,No,No,No,Sí,NA,NA,NA,NA,10,La mitad,NA,No,2021
31,Sí,No,Sí,No,No,No,NA,NA,No,Sí,NA,NA,10,La mitad,NA,No,2021
32,No,No,No,No,No,No,NA,NA,NA,NA,NA,NA,0,NA,Falta de interés/gusto,No,2021
74,No,No,No,No,No,No,NA,NA,NA,NA,NA,NA,0,NA,Problemas de salud,No recuerda,2021
47,Sí,No,No,No,No,Sí,NA,NA,NA,NA,NA,NA,30,Toda,NA,Sí,2021
35,No,No,No,No,No,No,NA,NA,NA,NA,NA,NA,0,NA,Prefiere otras actividades,Sí,2021
30,No,No,No,No,No,No,NA,NA,NA,NA,NA,NA,0,NA,Prefiere otras actividades,No,2021
30,No,No,No,No,No,No,NA,NA,NA,NA,NA,NA,0,NA,Prefiere otras actividades,Sí,2021
72,No,No,No,No,No,No,NA,NA,NA,NA,NA,NA,0,NA,Falta de interés/gusto,No,2021
27,No,No,No,No,No,No,NA,NA,NA,NA,NA,NA,0,NA,Falta de tiempo,No,2021
35,No,No,No,No,No,No,NA,NA,NA,NA,NA,NA,0,NA,Prefiere otras actividades,No,2021
56,Sí,Sí,Sí,No,No,No,No,Sí,No,Sí,NA,NA,30,La mayor parte,NA,Sí,2021
44,No,No,No,No,No,No,NA,NA,NA,NA,NA,NA,0,NA,Falta de interés/gusto,Sí,2021
56,No,No,No,No,No,No,NA,NA,NA,NA,NA,NA,0,NA,Prefiere otras actividades,Sí,2021
73,NA,NA,NA,NA,NA,NA,NA,NA,NA,NA,NA,NA,0,NA,NA,NA,2021
39,Sí,Sí,No,No,No,Sí,No,Sí,NA,NA,NA,NA,40,La mayor parte,NA,Sí,2021
52,Sí,Sí,No,No,No,No,No,Sí,NA,NA,NA,NA,45,La mayor parte,NA,Sí,2021
18,Sí,Sí,No,No,No,Sí,Sí,No,NA,NA,NA,NA,60,La mayor parte,NA,Sí,2021
61,Sí,No,Sí,No,Sí,Sí,NA,NA,No,Sí,NA,NA,30,La mayor parte,NA,Sí,2021
26,Sí,Sí,No,No,No,Sí,Sí,No,NA,NA,NA,NA,60,La mayor parte,NA,Sí,2021
35,Sí,Sí,No,No,No,Sí,No,Sí,NA,NA,NA,NA,120,La mayor parte,NA,Sí,2021
28,Sí,Sí,No,Sí,No,Sí,Sí,No,NA,NA,Sí,No,30,Toda,NA,Sí,2021
41,Sí,Sí,No,No,No,Sí,Sí,No,NA,NA,NA,NA,45,La mayor parte,NA,Sí,2021
76,Sí,Sí,No,No,No,No,No,Sí,NA,NA,NA,NA,30,Toda,NA,Sí,2021
44,No,No,No,Sí,No,No,NA,NA,NA,NA,No,Sí,20,La mayor parte,NA,No,2021
71,No,Sí,Sí,No,No,No,No,Sí,No,Sí,NA,NA,30,La mayor parte,NA,No,2021
67,No,No,No,No,No,No,NA,NA,NA,NA,NA,NA,0,NA,Falta de tiempo,No,2021
25,No,No,No,No,No,No,NA,NA,NA,NA,NA,NA,0,NA,Prefiere otras actividades,No,2021
39,Sí,Sí,No,No,No,No,No,Sí,NA,NA,NA,NA,180,Toda,NA,Sí,2021
73,Sí,No,No,No,No,No,NA,NA,NA,NA,NA,NA,0,NA,Problemas de salud,Sí,2021
26,Sí,No,No,No,No,No,NA,NA,NA,NA,NA,NA,0,NA,Falta de tiempo,No,2021
28,No,No,No,No,No,No,NA,NA,NA,NA,NA,NA,0,NA,Falta de tiempo,No,2021
39,Sí,Sí,Sí,No,No,Sí,No,Sí,No,Sí,NA,NA,30,Toda,NA,Sí,2021
61,Sí,Sí,No,No,No,Sí,No,Sí,NA,NA,NA,NA,90,La mayor parte,NA,Sí,2021
22,Sí,Sí,No,No,No,Sí,No,Sí,NA,NA,NA,NA,60,La mayor parte,NA,Sí,2021
25,No,No,No,No,No,No,NA,NA,NA,NA,NA,NA,0,NA,Prefiere otras actividades,No,2021
61,Sí,Sí,No,Sí,No,No,Sí,No,NA,NA,Sí,No,90,La mayor parte,NA,No,2021
24,Sí,Sí,No,No,No,No,No,Sí,NA,NA,NA,NA,15,La mayor parte,NA,Sí,2021
71,Sí,Sí,Sí,Sí,No,No,No,Sí,No,Sí,No,Sí,120,La mayor parte,NA,Sí,2021
28,No,Sí,No,No,No,Sí,Sí,No,NA,NA,NA,NA,40,La mitad,NA,Sí,2021
43,Sí,Sí,Sí,No,No,Sí,No,Sí,Sí,No,NA,NA,480,Toda,NA,Sí,2021
73,No,No,No,No,No,No,NA,NA,NA,NA,NA,NA,0,NA,Falta de interés/gusto,No,2021
45,No,No,No,No,No,No,NA,NA,NA,NA,NA,NA,0,NA,Falta de interés/gusto,No,2021
44,Sí,Sí,No,No,No,Sí,Sí,No,NA,NA,NA,NA,30,Toda,NA,Sí,2021
32,Sí,Sí,Sí,No,No,Sí,No,Sí,No,Sí,NA,NA,60,Toda,NA,Sí,2021
27,Sí,Sí,No,No,No,Sí,No,Sí,NA,NA,NA,NA,30,Toda,NA,Sí,2021
35,Sí,Sí,No,No,No,Sí,No,Sí,NA,NA,NA,NA,30,La mayor parte,NA,Sí,2021
71,Sí,Sí,No,No,No,No,No,Sí,NA,NA,NA,NA,40,La mitad,NA,Sí,2021
26,Sí,Sí,No,No,No,No,No,Sí,NA,NA,NA,NA,30,La mayor parte,NA,No,2021
48,No,No,No,No,No,No,NA,NA,NA,NA,NA,NA,0,NA,Falta de tiempo,No,2021
53,No,No,No,No,No,No,NA,NA,NA,NA,NA,NA,0,NA,Falta de tiempo,No,2021
26,No,No,No,No,No,No,NA,NA,NA,NA,NA,NA,0,NA,Prefiere otras actividades,No,2021
54,No,No,No,No,No,No,NA,NA,NA,NA,NA,NA,0,NA,Prefiere otras actividades,No,2021
85,No,No,No,No,No,No,NA,NA,NA,NA,NA,NA,0,NA,Falta de interés/gusto,No,2021
93,No,No,No,No,No,No,NA,NA,NA,NA,NA,NA,0,NA,Problemas de salud,No,2021
59,Sí,Sí,Sí,Sí,Sí,No,No,Sí,No,Sí,No,Sí,60,La mitad,NA,Sí,2021
46,Sí,Sí,No,No,No,No,No,Sí,NA,NA,NA,NA,30,La mitad,NA,No,2021
37,Sí,Sí,Sí,No,No,Sí,Sí,No,No,Sí,NA,NA,20,La mayor parte,NA,Sí,2021
51,No,No,No,No,No,No,NA,NA,NA,NA,NA,NA,0,NA,Falta de tiempo,Sí,2021
30,Sí,No,No,No,Sí,No,NA,NA,NA,NA,NA,NA,15,La mayor parte,NA,No,2021
26,Sí,Sí,No,No,No,Sí,No,Sí,NA,NA,NA,NA,30,La mayor parte,NA,No,2021
55,Sí,No,No,No,No,No,NA,NA,NA,NA,NA,NA,0,NA,Falta de interés/gusto,No,2021
63,Sí,Sí,No,No,No,No,No,Sí,NA,NA,NA,NA,30,Poca,NA,No,2021
67,No,Sí,No,No,No,No,No,Sí,NA,NA,NA,NA,30,La mitad,NA,No,2021
35,Sí,Sí,No,No,No,Sí,No,Sí,NA,NA,NA,NA,15,La mayor parte,NA,Sí,2021
70,Sí,Sí,No,No,No,Sí,No,Sí,NA,NA,NA,NA,120,La mayor parte,NA,No,2021
37,Sí,Sí,Sí,Sí,No,Sí,Sí,No,Sí,No,Sí,No,80,Toda,NA,Sí,2021
81,Sí,Sí,No,No,No,No,No,Sí,NA,NA,NA,NA,30,Poca,NA,No,2021
79,Sí,Sí,No,Sí,No,Sí,Sí,No,NA,NA,Sí,No,60,Toda,NA,Sí,2021
68,Sí,Sí,No,Sí,No,No,No,Sí,NA,NA,No,Sí,30,Poca,NA,No,2021
23,Sí,Sí,No,No,No,Sí,Sí,Sí,NA,NA,NA,NA,45,La mayor parte,NA,Sí,2021
43,No,No,No,No,No,No,NA,NA,NA,NA,NA,NA,0,NA,Falta de tiempo,No,2021
42,Sí,No,No,No,No,Sí,NA,NA,NA,NA,NA,NA,25,La mitad,NA,Sí,2021
67,No,No,No,No,No,No,NA,NA,NA,NA,NA,NA,0,NA,Problemas de salud,No,2021
35,Sí,No,Sí,No,No,No,NA,NA,No,Sí,NA,NA,30,La mayor parte,NA,Sí,2021
21,No,No,No,No,No,No,NA,NA,NA,NA,NA,NA,0,NA,Falta de interés/gusto,Sí,2021
65,NA,NA,NA,NA,NA,NA,NA,NA,NA,NA,NA,NA,0,NA,NA,NA,2021
22,Sí,Sí,No,Sí,No,Sí,No,Sí,NA,NA,Sí,No,20,La mayor parte,NA,Sí,2021
58,Sí,Sí,No,No,No,Sí,No,Sí,NA,NA,NA,NA,60,La mayor parte,NA,Sí,2021
34,Sí,Sí,No,No,No,Sí,No,Sí,NA,NA,NA,NA,30,La mayor parte,NA,Sí,2021
41,NA,NA,NA,NA,NA,NA,NA,NA,NA,NA,NA,NA,0,NA,NA,NA,2021
41,Sí,Sí,No,No,No,No,No,Sí,NA,NA,NA,NA,20,Poca,NA,No,2021
30,Sí,Sí,Sí,No,No,Sí,Sí,No,Sí,Sí,NA,NA,15,La mayor parte,NA,No,2021
31,Sí,Sí,No,No,No,Sí,No,Sí,NA,NA,NA,NA,30,Toda,NA,No,2021
33,Sí,No,No,No,No,No,NA,NA,NA,NA,NA,NA,0,NA,Falta de tiempo,Sí,2021
26,Sí,Sí,No,No,Sí,Sí,Sí,No,NA,NA,NA,NA,45,La mayor parte,NA,Sí,2021
29,Sí,No,No,Sí,No,Sí,NA,NA,NA,NA,No,Sí,15,La mitad,NA,No,2021
37,Sí,Sí,Sí,No,No,Sí,No,Sí,No,Sí,NA,NA,60,Toda,NA,Sí,2021
71,Sí,Sí,No,No,No,Sí,No,Sí,NA,NA,NA,NA,45,Toda,NA,Sí,2021
32,No,No,Sí,No,No,Sí,NA,NA,No,Sí,NA,NA,10,La mitad,NA,Sí,2021
28,Sí,Sí,No,No,No,Sí,No,Sí,NA,NA,NA,NA,30,La mayor parte,NA,Sí,2021
35,Sí,Sí,Sí,No,Sí,Sí,No,Sí,No,Sí,NA,NA,60,Poca,NA,Sí,2021
84,Sí,Sí,Sí,Sí,No,Sí,No,Sí,No,Sí,No,Sí,60,La mitad,NA,Sí,2021
75,Sí,Sí,Sí,Sí,No,No,No,Sí,No,Sí,No,Sí,30,La mayor parte,NA,Sí,2021
36,Sí,No,No,No,No,Sí,NA,NA,NA,NA,NA,NA,15,La mayor parte,NA,Sí,2021
30,Sí,Sí,No,No,No,Sí,Sí,No,NA,NA,NA,NA,30,La mayor parte,NA,Sí,2021
35,Sí,Sí,Sí,No,Sí,No,No,Sí,No,Sí,NA,NA,30,Toda,NA,Sí,2021
56,No,Sí,No,No,No,No,No,Sí,NA,NA,NA,NA,60,La mayor parte,NA,Sí,2021
36,No,No,No,No,No,No,NA,NA,NA,NA,NA,NA,0,NA,Falta de tiempo,Sí,2021
40,No,No,No,No,No,No,NA,NA,NA,NA,NA,NA,0,NA,Falta de tiempo,No,2021
36,No,No,No,No,No,No,NA,NA,NA,NA,NA,NA,0,NA,Prefiere otras actividades,No,2021
64,No,No,No,No,No,No,NA,NA,NA,NA,NA,NA,0,NA,Falta de interés/gusto,No,2021
22,Sí,No,Sí,No,Sí,No,NA,NA,No,Sí,NA,NA,20,La mayor parte,NA,Sí,2021
32,Sí,No,No,No,No,Sí,NA,NA,NA,NA,NA,NA,30,Toda,NA,Sí,2021
20,Sí,Sí,No,No,No,No,No,Sí,NA,NA,NA,NA,30,La mayor parte,NA,Sí,2021
76,Sí,No,No,No,No,No,NA,NA,NA,NA,NA,NA,0,NA,Falta de interés/gusto,No,2021
45,Sí,Sí,No,Sí,No,Sí,Sí,Sí,NA,NA,No,Sí,30,La mayor parte,NA,No,2021
34,Sí,Sí,No,No,No,No,No,Sí,NA,NA,NA,NA,90,La mayor parte,NA,No,2021
52,Sí,No,Sí,No,No,Sí,NA,NA,Sí,No,NA,NA,20,La mayor parte,NA,No,2021
38,Sí,No,Sí,Sí,No,Sí,NA,NA,Sí,No,Sí,No,120,La mayor parte,NA,Sí,2021
26,Sí,Sí,No,No,No,Sí,No,Sí,NA,NA,NA,NA,30,La mayor parte,NA,Sí,2021
80,Sí,Sí,Sí,Sí,No,No,No,Sí,No,Sí,No,Sí,45,Toda,NA,Sí,2021
56,No,No,No,No,No,No,NA,NA,NA,NA,NA,NA,0,NA,Falta de interés/gusto,No,2021
29,No,No,No,No,No,No,NA,NA,NA,NA,NA,NA,0,NA,Prefiere otras actividades,No,2021
47,Sí,Sí,No,No,No,Sí,No,Sí,NA,NA,NA,NA,30,La mayor parte,NA,No,2021
31,Sí,No,Sí,No,No,Sí,NA,NA,Sí,No,NA,NA,120,La mayor parte,NA,No,2021
73,No,No,No,No,No,No,NA,NA,NA,NA,NA,NA,0,NA,Falta de interés/gusto,No,2021
56,Sí,Sí,No,No,No,Sí,No,Sí,NA,NA,NA,NA,30,La mitad,NA,No,2021
56,NA,NA,NA,NA,NA,NA,NA,NA,NA,NA,NA,NA,0,NA,NA,NA,2021
30,No,No,No,No,No,No,NA,NA,NA,NA,NA,NA,0,NA,Falta de tiempo,Sí,2021
80,No,No,No,No,No,No,NA,NA,NA,NA,NA,NA,0,NA,Problemas de salud,No,2021
64,Sí,Sí,No,No,No,No,No,Sí,NA,NA,NA,NA,20,La mitad,NA,No,2021
36,Sí,No,Sí,No,No,Sí,NA,NA,No,Sí,NA,NA,30,La mitad,NA,No,2021
35,No,No,No,No,No,No,NA,NA,NA,NA,NA,NA,0,NA,Prefiere otras actividades,Sí,2021
56,No,No,No,No,No,No,NA,NA,NA,NA,NA,NA,0,NA,Problemas de salud,No,2021
56,Sí,Sí,No,No,No,No,No,Sí,NA,NA,NA,NA,15,La mitad,NA,No,2021
35,Sí,Sí,No,No,No,Sí,No,Sí,NA,NA,NA,NA,60,La mayor parte,NA,No,2021
57,No,No,No,No,No,No,NA,NA,NA,NA,NA,NA,0,NA,Falta de tiempo,No,2021
49,Sí,No,No,No,No,Sí,NA,NA,NA,NA,NA,NA,20,La mitad,NA,Sí,2021
25,No,No,No,No,No,No,NA,NA,NA,NA,NA,NA,0,NA,Falta de tiempo,No,2021
35,Sí,No,No,Sí,No,Sí,NA,NA,NA,NA,No,Sí,30,La mayor parte,NA,Sí,2021
41,No,No,No,No,No,No,NA,NA,NA,NA,NA,NA,0,NA,Falta de interés/gusto,No,2021
31,Sí,No,Sí,Sí,No,No,NA,NA,Sí,No,Sí,No,60,Toda,NA,Sí,2021
23,Sí,Sí,No,No,No,Sí,No,Sí,NA,NA,NA,NA,30,La mitad,NA,Sí,2021
49,Sí,No,Sí,No,No,Sí,NA,NA,Sí,No,NA,NA,30,Poca,NA,No,2021
21,Sí,Sí,No,No,No,Sí,No,Sí,NA,NA,NA,NA,15,La mayor parte,NA,No,2021
50,Sí,Sí,No,No,No,No,No,Sí,NA,NA,NA,NA,60,La mitad,NA,Sí,2021
74,NA,NA,NA,NA,NA,NA,NA,NA,NA,NA,NA,NA,0,NA,NA,NA,2021
64,No,No,No,No,No,No,NA,NA,NA,NA,NA,NA,0,NA,Prefiere otras actividades,No,2021
49,Sí,Sí,No,No,No,No,No,Sí,NA,NA,NA,NA,30,La mayor parte,NA,Sí,2021
60,No,No,No,No,No,No,NA,NA,NA,NA,NA,NA,0,NA,Falta de interés/gusto,No,2021
62,Sí,Sí,No,Sí,No,No,Sí,No,NA,NA,No,Sí,45,La mayor parte,NA,Sí,2021
36,Sí,Sí,No,No,No,Sí,No,Sí,NA,NA,NA,NA,30,La mayor parte,NA,Sí,2021
29,Sí,Sí,No,No,No,Sí,No,Sí,NA,NA,NA,NA,60,La mayor parte,NA,Sí,2021
39,Sí,Sí,No,Sí,Sí,Sí,No,Sí,NA,NA,No,Sí,30,La mitad,NA,Sí,2021
58,No,No,No,No,No,No,NA,NA,NA,NA,NA,NA,0,NA,Prefiere otras actividades,No,2021
63,Sí,Sí,No,No,No,No,No,Sí,NA,NA,NA,NA,40,Poca,NA,No,2021
41,Sí,No,No,Sí,No,Sí,NA,NA,NA,NA,No,Sí,30,La mitad,NA,Sí,2021
55,Sí,No,No,No,No,Sí,NA,NA,NA,NA,NA,NA,20,Toda,NA,No,2021
21,Sí,No,Sí,No,No,Sí,NA,NA,No,Sí,NA,NA,10,La mitad,NA,Sí,2021
26,Sí,Sí,Sí,No,No,Sí,Sí,No,No,Sí,NA,NA,20,Toda,NA,Sí,2021
51,Sí,No,No,No,No,Sí,NA,NA,NA,NA,NA,NA,20,La mayor parte,NA,No,2021
47,Sí,No,No,No,No,Sí,NA,NA,NA,NA,NA,NA,30,La mayor parte,NA,Sí,2021
31,Sí,No,Sí,No,No,Sí,NA,NA,No,Sí,NA,NA,30,Toda,NA,Sí,2021
30,Sí,No,No,Sí,No,No,NA,NA,NA,NA,No,Sí,15,Toda,NA,No,2021
71,No,No,No,No,No,No,NA,NA,NA,NA,NA,NA,0,NA,Problemas de salud,No,2021
71,Sí,No,No,No,No,No,NA,NA,NA,NA,NA,NA,0,NA,Falta de interés/gusto,No,2021
28,No,No,No,Sí,No,No,NA,NA,NA,NA,No,Sí,5,La mitad,NA,No,2021
54,Sí,No,No,No,No,No,NA,NA,NA,NA,NA,NA,0,NA,Prefiere otras actividades,No,2021
58,No,No,Sí,No,No,No,NA,NA,No,Sí,NA,NA,30,La mitad,NA,No,2021
50,No,No,No,No,No,No,NA,NA,NA,NA,NA,NA,0,NA,Problemas de salud,No,2021
20,Sí,Sí,No,No,No,Sí,No,Sí,NA,NA,NA,NA,45,La mayor parte,NA,Sí,2021
31,Sí,Sí,No,No,No,No,No,Sí,NA,NA,NA,NA,40,La mitad,NA,Sí,2021
58,Sí,Sí,No,Sí,No,Sí,No,Sí,NA,NA,No,Sí,90,La mayor parte,NA,Sí,2021
33,Sí,Sí,No,No,No,No,No,Sí,NA,NA,NA,NA,30,La mayor parte,NA,Sí,2021
68,Sí,Sí,Sí,Sí,Sí,Sí,No,Sí,No,Sí,No,Sí,20,Toda,NA,Sí,2021
33,Sí,No,No,No,No,Sí,NA,NA,NA,NA,NA,NA,30,La mayor parte,NA,Sí,2021
42,No,Sí,No,No,No,Sí,Sí,No,NA,NA,NA,NA,10,La mitad,NA,Sí,2021
45,Sí,Sí,No,No,No,Sí,No,Sí,NA,NA,NA,NA,90,La mayor parte,NA,Sí,2021
70,No,No,No,No,No,No,NA,NA,NA,NA,NA,NA,0,NA,Problemas de salud,No,2021
74,No,No,No,No,No,No,NA,NA,NA,NA,NA,NA,0,NA,Problemas de salud,No,2021
24,No,No,No,No,No,No,NA,NA,NA,NA,NA,NA,0,NA,Falta de interés/gusto,No,2021
52,Sí,No,Sí,No,No,Sí,NA,NA,Sí,Sí,NA,NA,30,La mitad,NA,No,2021
67,Sí,Sí,Sí,No,No,No,No,Sí,No,Sí,NA,NA,30,La mitad,NA,No,2021
58,No,No,No,No,No,Sí,NA,NA,NA,NA,NA,NA,15,Poca,NA,No,2021
73,Sí,No,No,Sí,No,No,NA,NA,NA,NA,No,Sí,60,Toda,NA,Sí,2021
81,Sí,Sí,Sí,Sí,No,Sí,No,Sí,No,Sí,No,Sí,60,Toda,NA,Sí,2021
62,Sí,No,Sí,No,No,Sí,NA,NA,No,Sí,NA,NA,30,Toda,NA,Sí,2021
41,No,No,No,No,No,No,NA,NA,NA,NA,NA,NA,0,NA,Falta de tiempo,No,2021
43,No,No,No,No,No,No,NA,NA,NA,NA,NA,NA,0,NA,Falta de tiempo,No,2021
35,Sí,Sí,No,Sí,No,Sí,No,Sí,NA,NA,No,Sí,60,Poca,NA,No,2021
48,No,No,No,No,No,No,NA,NA,NA,NA,NA,NA,0,NA,Falta de tiempo,No,2021
70,No,No,No,No,No,No,NA,NA,NA,NA,NA,NA,0,NA,Problemas de salud,Sí,2021
70,No,No,No,No,No,No,NA,NA,NA,NA,NA,NA,0,NA,Problemas de salud,No recuerda,2021
75,No,No,No,No,No,No,NA,NA,NA,NA,NA,NA,0,NA,Prefiere otras actividades,No,2021
63,Sí,Sí,Sí,No,No,No,No,Sí,No,Sí,NA,NA,30,La mayor parte,NA,Sí,2021
21,Sí,Sí,Sí,No,Sí,Sí,Sí,Sí,No,Sí,NA,NA,45,Toda,NA,Sí,2021
56,Sí,No,No,No,No,No,NA,NA,NA,NA,NA,NA,0,NA,Falta de tiempo,No,2021
45,No,No,No,No,No,No,NA,NA,NA,NA,NA,NA,0,NA,Falta de tiempo,No,2021
49,Sí,Sí,No,Sí,No,Sí,Sí,Sí,NA,NA,Sí,No,60,La mayor parte,NA,Sí,2021
55,Sí,No,Sí,No,No,Sí,NA,NA,Sí,No,NA,NA,20,La mayor parte,NA,Sí,2021
45,Sí,Sí,Sí,Sí,No,Sí,No,Sí,No,Sí,No,Sí,60,La mayor parte,NA,Sí,2021
27,Sí,No,No,No,No,Sí,NA,NA,NA,NA,NA,NA,60,La mayor parte,NA,Sí,2021
20,Sí,Sí,No,No,No,Sí,No,Sí,NA,NA,NA,NA,60,La mayor parte,NA,Sí,2021
52,Sí,Sí,Sí,Sí,No,No,No,Sí,No,Sí,No,Sí,60,Toda,NA,Sí,2021
39,Sí,Sí,Sí,No,Sí,Sí,No,Sí,No,Sí,NA,NA,45,La mayor parte,NA,Sí,2021
29,No,No,Sí,No,No,No,NA,NA,No,Sí,NA,NA,10,Toda,NA,Sí,2021
39,Sí,Sí,Sí,No,No,Sí,No,Sí,No,Sí,NA,NA,60,Toda,NA,Sí,2021
46,No,No,No,No,No,No,NA,NA,NA,NA,NA,NA,0,NA,Prefiere otras actividades,No,2021
59,Sí,Sí,Sí,No,No,Sí,No,Sí,No,Sí,NA,NA,60,Toda,NA,Sí,2021
91,NA,NA,NA,NA,NA,NA,NA,NA,NA,NA,NA,NA,0,NA,NA,NA,2021
42,No,No,No,No,No,No,NA,NA,NA,NA,NA,NA,0,NA,Prefiere otras actividades,No,2021
51,Sí,Sí,No,No,No,No,No,Sí,NA,NA,NA,NA,30,Poca,NA,Sí,2021
22,Sí,No,No,Sí,No,Sí,NA,NA,NA,NA,Sí,No,40,Poca,NA,No,2021
84,Sí,Sí,No,No,No,No,No,Sí,NA,NA,NA,NA,30,Poca,NA,No,2021
19,No,No,No,No,No,No,NA,NA,NA,NA,NA,NA,0,NA,Falta de tiempo,No,2021
32,Sí,Sí,No,No,No,Sí,No,Sí,NA,NA,NA,NA,30,La mitad,NA,No,2021
41,Sí,Sí,No,No,Sí,No,Sí,Sí,NA,NA,NA,NA,60,La mayor parte,NA,No,2021
49,No,No,No,No,No,No,NA,NA,NA,NA,NA,NA,0,NA,Falta de interés/gusto,No,2021
60,Sí,Sí,No,No,No,Sí,Sí,No,NA,NA,NA,NA,90,Toda,NA,Sí,2021
26,Sí,Sí,Sí,No,No,Sí,No,Sí,No,Sí,NA,NA,25,La mayor parte,NA,No,2021
78,Sí,Sí,Sí,No,No,No,No,Sí,No,Sí,NA,NA,20,Poca,NA,No recuerda,2021
53,Sí,Sí,Sí,Sí,No,Sí,Sí,No,Sí,Sí,No,Sí,30,La mayor parte,NA,Sí,2021
18,Sí,Sí,No,Sí,No,Sí,No,Sí,NA,NA,No,Sí,60,La mayor parte,NA,Sí,2021
27,Sí,Sí,No,Sí,No,Sí,No,Sí,NA,NA,No,Sí,60,La mayor parte,NA,Sí,2021
31,Sí,No,No,Sí,No,Sí,NA,NA,NA,NA,No,Sí,30,La mayor parte,NA,No,2021
31,Sí,No,Sí,Sí,Sí,Sí,NA,NA,Sí,No,Sí,No,20,La mayor parte,NA,Sí,2021
35,No,No,No,No,No,No,NA,NA,NA,NA,NA,NA,0,NA,Falta de tiempo,Sí,2021
46,Sí,No,Sí,Sí,Sí,Sí,NA,NA,No,Sí,No,Sí,15,Toda,NA,No,2021
36,Sí,Sí,No,No,No,Sí,No,Sí,NA,NA,NA,NA,10,La mayor parte,NA,No,2021
31,No,No,No,No,No,Sí,NA,NA,NA,NA,NA,NA,60,Toda,NA,Sí,2021
45,Sí,Sí,Sí,Sí,No,Sí,No,Sí,No,Sí,No,Sí,20,La mitad,NA,Sí,2021
70,No,No,No,No,No,No,NA,NA,NA,NA,NA,NA,0,NA,Problemas de salud,No,2021
75,Sí,No,No,Sí,No,No,NA,NA,NA,NA,No,Sí,30,La mitad,NA,Sí,2021
38,Sí,Sí,No,No,No,No,No,Sí,NA,NA,NA,NA,20,Toda,NA,Sí,2021
24,Sí,Sí,No,No,No,Sí,No,Sí,NA,NA,NA,NA,60,Toda,NA,Sí,2021
37,Sí,Sí,No,No,No,Sí,Sí,No,NA,NA,NA,NA,15,Toda,NA,Sí,2021
30,Sí,No,Sí,No,No,Sí,NA,NA,Sí,No,NA,NA,30,La mitad,NA,Sí,2021
52,Sí,Sí,Sí,Sí,No,Sí,No,Sí,Sí,No,Sí,No,60,Toda,NA,Sí,2021
40,No,No,No,No,No,No,NA,NA,NA,NA,NA,NA,0,NA,Falta de interés/gusto,Sí,2021
64,Sí,Sí,No,Sí,No,No,No,Sí,NA,NA,No,Sí,30,La mayor parte,NA,Sí,2021
27,Sí,No,No,Sí,No,Sí,NA,NA,NA,NA,No,Sí,30,Toda,NA,Sí,2021
48,No,No,No,Sí,No,No,NA,NA,NA,NA,No,Sí,20,Toda,NA,No,2021
58,Sí,No,Sí,No,No,Sí,NA,NA,No,Sí,NA,NA,30,La mayor parte,NA,Sí,2021
29,Sí,Sí,No,No,No,Sí,No,Sí,NA,NA,NA,NA,90,La mayor parte,NA,Sí,2021
49,Sí,No,No,No,No,Sí,NA,NA,NA,NA,NA,NA,60,Toda,NA,No,2021
36,Sí,No,Sí,No,No,No,NA,NA,No,Sí,NA,NA,120,Toda,NA,No,2021
25,Sí,No,No,Sí,Sí,Sí,NA,NA,NA,NA,No,Sí,15,La mitad,NA,No,2021
58,Sí,No,No,No,No,No,NA,NA,NA,NA,NA,NA,0,NA,Prefiere otras actividades,No,2021
21,Sí,No,Sí,No,No,Sí,NA,NA,Sí,No,NA,NA,60,Toda,NA,Sí,2021
45,No,No,No,No,No,No,NA,NA,NA,NA,NA,NA,0,NA,Falta de tiempo,No,2021
59,No,No,No,No,No,No,NA,NA,NA,NA,NA,NA,0,NA,Falta de tiempo,Sí,2021
46,No,No,No,No,No,Sí,NA,NA,NA,NA,NA,NA,6,La mitad,NA,Sí,2021
36,Sí,Sí,Sí,No,No,No,Sí,No,No,Sí,NA,NA,60,La mayor parte,NA,Sí,2021
46,Sí,No,Sí,Sí,No,Sí,NA,NA,Sí,No,Sí,No,60,La mayor parte,NA,No,2021
42,No,No,No,No,No,No,NA,NA,NA,NA,NA,NA,0,NA,Prefiere otras actividades,No,2021
32,Sí,No,Sí,No,No,Sí,NA,NA,No,Sí,NA,NA,15,La mitad,NA,Sí,2021
42,No,No,No,No,No,Sí,NA,NA,NA,NA,NA,NA,20,Toda,NA,No,2021
22,No,No,No,No,No,No,NA,NA,NA,NA,NA,NA,0,NA,Falta de tiempo,No,2021
40,Sí,Sí,Sí,Sí,No,No,No,Sí,No,Sí,No,Sí,30,La mitad,NA,Sí,2021
25,Sí,Sí,Sí,No,No,No,No,Sí,No,Sí,NA,NA,15,Toda,NA,Sí,2021
44,No,No,No,No,No,No,NA,NA,NA,NA,NA,NA,0,NA,Falta de tiempo,No,2021
30,No,No,No,No,No,No,NA,NA,NA,NA,NA,NA,0,NA,Falta de tiempo,No,2021
28,Sí,Sí,No,No,No,Sí,No,Sí,NA,NA,NA,NA,40,Toda,NA,No,2021
43,Sí,No,Sí,Sí,No,No,NA,NA,Sí,No,Sí,No,60,La mayor parte,NA,Sí,2021
19,Sí,Sí,Sí,No,No,Sí,No,Sí,Sí,No,NA,NA,60,La mayor parte,NA,Sí,2021
42,No,No,No,No,No,No,NA,NA,NA,NA,NA,NA,0,NA,Prefiere otras actividades,Sí,2021
44,Sí,No,Sí,No,No,No,NA,NA,Sí,No,NA,NA,120,La mitad,NA,No,2021
21,No,No,No,No,No,Sí,NA,NA,NA,NA,NA,NA,30,La mayor parte,NA,No recuerda,2021
19,Sí,Sí,No,No,Sí,Sí,Sí,No,NA,NA,NA,NA,90,Toda,NA,Sí,2021
60,Sí,Sí,No,Sí,No,Sí,No,Sí,NA,NA,No,Sí,20,Toda,NA,Sí,2021
69,Sí,Sí,No,No,No,Sí,No,Sí,NA,NA,NA,NA,90,La mitad,NA,No,2021
40,Sí,Sí,Sí,Sí,No,Sí,No,Sí,No,Sí,Sí,No,15,La mayor parte,NA,Sí,2021
21,Sí,Sí,No,Sí,No,Sí,No,Sí,NA,NA,No,Sí,60,La mayor parte,NA,Sí,2021
58,No,No,No,No,No,No,NA,NA,NA,NA,NA,NA,0,NA,Problemas de salud,No,2021
42,Sí,No,No,Sí,No,No,NA,NA,NA,NA,No,Sí,15,La mayor parte,NA,No,2021
59,Sí,No,No,Sí,No,No,NA,NA,NA,NA,No,Sí,15,La mayor parte,NA,No,2021
46,No,Sí,No,No,No,No,No,Sí,NA,NA,NA,NA,20,La mitad,NA,Sí,2021
43,No,No,No,No,No,No,NA,NA,NA,NA,NA,NA,0,NA,Falta de interés/gusto,Sí,2021
60,Sí,Sí,No,No,No,No,No,Sí,NA,NA,NA,NA,90,La mitad,NA,No,2021
34,Sí,No,Sí,No,No,Sí,NA,NA,No,Sí,NA,NA,15,La mayor parte,NA,No,2021
41,Sí,Sí,Sí,Sí,No,Sí,Sí,No,Sí,No,Sí,No,120,La mayor parte,NA,Sí,2021
26,Sí,Sí,No,No,No,Sí,Sí,No,NA,NA,NA,NA,60,Toda,NA,Sí,2021
43,Sí,No,Sí,No,No,No,NA,NA,Sí,Sí,NA,NA,30,La mayor parte,NA,Sí,2021
26,Sí,Sí,No,No,No,Sí,No,Sí,NA,NA,NA,NA,30,La mayor parte,NA,Sí,2021
23,No,No,No,Sí,No,Sí,NA,NA,NA,NA,Sí,No,9,La mitad,NA,Sí,2021
43,No,No,No,Sí,No,No,NA,NA,NA,NA,Sí,No,10,La mayor parte,NA,Sí,2021
45,Sí,Sí,No,No,No,Sí,No,Sí,NA,NA,NA,NA,60,La mitad,NA,Sí,2021
31,Sí,Sí,Sí,Sí,Sí,Sí,Sí,No,Sí,No,No,Sí,30,Toda,NA,Sí,2021
28,Sí,Sí,No,No,No,Sí,Sí,No,NA,NA,NA,NA,60,La mayor parte,NA,Sí,2021
31,Sí,Sí,No,No,No,Sí,Sí,No,NA,NA,NA,NA,40,La mayor parte,NA,Sí,2021
29,Sí,Sí,No,No,Sí,No,No,Sí,NA,NA,NA,NA,20,Poca,NA,No,2021
49,Sí,Sí,No,No,No,Sí,Sí,Sí,NA,NA,NA,NA,180,Toda,NA,Sí,2021
46,No,No,No,No,No,Sí,NA,NA,NA,NA,NA,NA,10,La mayor parte,NA,Sí,2021
28,Sí,Sí,Sí,Sí,No,Sí,Sí,Sí,No,Sí,No,Sí,30,Toda,NA,Sí,2021
54,Sí,Sí,Sí,Sí,No,Sí,No,Sí,No,Sí,Sí,No,90,Toda,NA,Sí,2021
78,No,No,No,No,No,No,NA,NA,NA,NA,NA,NA,0,NA,Otro,Sí,2021
70,NA,NA,NA,NA,NA,NA,NA,NA,NA,NA,NA,NA,0,NA,NA,NA,2021
73,Sí,No,Sí,Sí,No,Sí,NA,NA,No,Sí,No,Sí,60,Toda,NA,No,2021
78,Sí,Sí,No,No,No,No,No,Sí,NA,NA,NA,NA,120,Toda,NA,Sí,2021
29,Sí,No,No,No,No,Sí,NA,NA,NA,NA,NA,NA,30,La mayor parte,NA,Sí,2021
73,No,No,No,Sí,No,No,NA,NA,NA,NA,No,Sí,20,La mitad,NA,Sí,2021
46,No,No,No,No,No,No,NA,NA,NA,NA,NA,NA,0,NA,Prefiere otras actividades,No,2021
63,Sí,No,No,No,No,No,NA,NA,NA,NA,NA,NA,0,NA,Prefiere otras actividades,No recuerda,2021
62,No,Sí,No,No,No,No,No,Sí,NA,NA,NA,NA,30,Toda,NA,No,2021
32,No,No,No,No,No,Sí,NA,NA,NA,NA,NA,NA,20,La mayor parte,NA,No,2021
22,No,Sí,No,No,No,Sí,No,Sí,NA,NA,NA,NA,30,La mayor parte,NA,Sí,2021
43,No,No,No,No,No,Sí,NA,NA,NA,NA,NA,NA,20,La mitad,NA,No,2021
18,Sí,Sí,Sí,No,No,No,No,Sí,No,Sí,NA,NA,20,La mitad,NA,No,2021
20,No,No,No,No,No,No,NA,NA,NA,NA,NA,NA,0,NA,Falta de interés/gusto,No,2021
30,Sí,Sí,Sí,Sí,No,Sí,No,Sí,No,Sí,No,Sí,20,Toda,NA,Sí,2021
52,Sí,Sí,Sí,Sí,No,Sí,No,Sí,Sí,No,No,Sí,60,La mayor parte,NA,No,2021
18,Sí,Sí,Sí,Sí,No,Sí,No,Sí,No,Sí,No,Sí,45,La mayor parte,NA,Sí,2021
20,No,Sí,No,Sí,Sí,No,No,Sí,NA,NA,No,Sí,20,La mayor parte,NA,No,2021
21,Sí,Sí,No,No,Sí,Sí,Sí,No,NA,NA,NA,NA,120,La mayor parte,NA,Sí,2021
39,Sí,Sí,No,No,No,No,No,Sí,NA,NA,NA,NA,90,La mayor parte,NA,No,2021
41,Sí,Sí,No,No,No,Sí,No,Sí,NA,NA,NA,NA,30,La mayor parte,NA,Sí,2021
22,No,Sí,Sí,No,No,No,Sí,No,No,Sí,NA,NA,15,Toda,NA,Sí,2021
39,Sí,Sí,Sí,Sí,No,No,No,Sí,No,Sí,No,Sí,60,La mitad,NA,Sí,2021
62,Sí,No,No,Sí,No,Sí,NA,NA,NA,NA,No,Sí,30,La mitad,NA,No,2021
37,No,No,No,No,No,Sí,NA,NA,NA,NA,NA,NA,15,La mayor parte,NA,Sí,2021
33,Sí,Sí,Sí,No,No,Sí,No,Sí,No,Sí,NA,NA,20,Toda,NA,Sí,2021
42,No,No,No,Sí,No,No,NA,NA,NA,NA,No,Sí,30,Toda,NA,No,2021
29,No,No,No,No,No,Sí,NA,NA,NA,NA,NA,NA,15,La mayor parte,NA,Sí,2021
54,Sí,Sí,No,No,No,Sí,No,Sí,NA,NA,NA,NA,30,La mitad,NA,Sí,2021
58,Sí,No,Sí,Sí,No,No,NA,NA,No,Sí,No,Sí,15,La mitad,NA,Sí,2021
72,Sí,Sí,No,No,No,Sí,No,Sí,NA,NA,NA,NA,30,Poca,NA,No,2021
48,No,No,Sí,No,No,Sí,NA,NA,No,Sí,NA,NA,10,La mitad,NA,Sí,2021
53,Sí,Sí,No,No,No,Sí,Sí,No,NA,NA,NA,NA,120,La mayor parte,NA,Sí,2021
22,Sí,Sí,No,No,Sí,No,No,Sí,NA,NA,NA,NA,120,Toda,NA,No,2021
51,No,No,Sí,No,No,No,NA,NA,Sí,Sí,NA,NA,15,Toda,NA,Sí,2021
51,No,No,No,No,No,No,NA,NA,NA,NA,NA,NA,0,NA,Prefiere otras actividades,No,2021
47,Sí,No,Sí,Sí,No,No,NA,NA,No,Sí,No,Sí,20,Toda,NA,Sí,2021
27,No,No,No,No,No,Sí,NA,NA,NA,NA,NA,NA,15,Toda,NA,No,2021
20,No,No,Sí,Sí,No,No,NA,NA,No,Sí,No,Sí,10,La mayor parte,NA,Sí,2021
21,Sí,Sí,Sí,No,No,Sí,No,Sí,No,Sí,NA,NA,60,La mayor parte,NA,Sí,2021
43,No,No,No,No,No,No,NA,NA,NA,NA,NA,NA,0,NA,Falta de interés/gusto,No,2021
22,Sí,Sí,Sí,No,No,Sí,No,Sí,Sí,No,NA,NA,60,La mayor parte,NA,No,2021
66,Sí,No,No,Sí,No,Sí,NA,NA,NA,NA,No,Sí,60,La mitad,NA,No,2021
39,Sí,Sí,No,Sí,Sí,Sí,No,Sí,NA,NA,No,Sí,60,Toda,NA,Sí,2021
62,No,No,No,No,No,No,NA,NA,NA,NA,NA,NA,0,NA,Falta de interés/gusto,No,2021
20,No,No,Sí,No,No,Sí,NA,NA,No,Sí,NA,NA,10,Toda,NA,No,2021
56,Sí,No,No,Sí,No,Sí,NA,NA,NA,NA,No,Sí,20,Toda,NA,Sí,2021
53,No,No,No,No,No,No,NA,NA,NA,NA,NA,NA,0,NA,Falta de tiempo,Sí,2021
21,Sí,Sí,No,No,No,Sí,Sí,No,NA,NA,NA,NA,60,Toda,NA,Sí,2021
25,No,No,No,Sí,No,No,NA,NA,NA,NA,No,Sí,20,La mayor parte,NA,No,2021
19,Sí,Sí,No,Sí,No,Sí,No,Sí,NA,NA,No,Sí,30,La mayor parte,NA,No,2021
86,Sí,Sí,Sí,No,No,No,No,Sí,No,Sí,NA,NA,60,La mayor parte,NA,No,2021
65,Sí,Sí,Sí,Sí,No,No,No,Sí,No,Sí,No,Sí,20,La mayor parte,NA,Sí,2021
58,Sí,Sí,Sí,Sí,No,Sí,No,Sí,Sí,No,No,Sí,45,La mayor parte,NA,Sí,2021
38,Sí,No,Sí,Sí,No,Sí,NA,NA,No,Sí,No,Sí,30,Toda,NA,Sí,2021
62,No,No,No,Sí,No,No,NA,NA,NA,NA,No,Sí,20,La mitad,NA,No,2021
37,Sí,No,Sí,No,No,Sí,NA,NA,Sí,No,NA,NA,60,Toda,NA,Sí,2021
53,Sí,Sí,No,No,No,Sí,No,Sí,NA,NA,NA,NA,40,La mayor parte,NA,Sí,2021
59,Sí,No,No,No,No,No,NA,NA,NA,NA,NA,NA,0,NA,Falta de tiempo,Sí,2021
28,Sí,Sí,No,Sí,No,No,No,Sí,NA,NA,No,Sí,60,La mayor parte,NA,Sí,2021
52,Sí,Sí,No,No,No,Sí,No,Sí,NA,NA,NA,NA,5,La mayor parte,NA,No,2021
28,Sí,Sí,Sí,Sí,No,Sí,Sí,Sí,No,Sí,No,Sí,60,Toda,NA,Sí,2021
52,No,No,No,No,No,No,NA,NA,NA,NA,NA,NA,0,NA,Falta de tiempo,No,2021
25,Sí,Sí,No,No,Sí,No,No,Sí,NA,NA,NA,NA,30,La mayor parte,NA,Sí,2021
67,Sí,No,Sí,No,No,Sí,NA,NA,No,Sí,NA,NA,30,La mayor parte,NA,No,2021
19,No,No,No,No,No,Sí,NA,NA,NA,NA,NA,NA,60,La mayor parte,NA,Sí,2021
50,Sí,Sí,No,No,No,No,No,Sí,NA,NA,NA,NA,30,La mitad,NA,No,2021
42,Sí,Sí,No,No,No,No,No,Sí,NA,NA,NA,NA,45,La mitad,NA,No,2021
54,Sí,Sí,No,No,No,Sí,No,Sí,NA,NA,NA,NA,30,La mayor parte,NA,Sí,2021
62,Sí,Sí,Sí,No,Sí,Sí,Sí,No,No,Sí,NA,NA,30,La mayor parte,NA,No,2021
35,Sí,Sí,No,No,Sí,Sí,No,Sí,NA,NA,NA,NA,20,Poca,NA,No,2021
30,Sí,Sí,No,No,No,Sí,Sí,No,NA,NA,NA,NA,30,Toda,NA,Sí,2021
55,No,No,No,No,No,Sí,NA,NA,NA,NA,NA,NA,60,Poca,NA,Sí,2021
27,Sí,Sí,No,No,No,Sí,No,Sí,NA,NA,NA,NA,20,La mayor parte,NA,Sí,2021
60,NA,NA,NA,NA,NA,NA,NA,NA,NA,NA,NA,NA,0,NA,NA,NA,2021
49,Sí,Sí,No,No,No,No,No,Sí,NA,NA,NA,NA,30,La mitad,NA,No,2021
41,Sí,Sí,No,No,No,No,No,Sí,NA,NA,NA,NA,30,La mitad,NA,No,2021
51,Sí,Sí,Sí,No,No,No,No,Sí,No,Sí,NA,NA,60,La mayor parte,NA,Sí,2021
22,Sí,Sí,No,No,No,No,No,Sí,NA,NA,NA,NA,60,La mayor parte,NA,Sí,2021
42,No,No,No,No,No,No,NA,NA,NA,NA,NA,NA,0,NA,Falta de interés/gusto,No,2021
33,No,No,No,No,No,No,NA,NA,NA,NA,NA,NA,0,NA,Falta de tiempo,No,2021
75,Sí,Sí,Sí,Sí,No,Sí,Sí,Sí,Sí,No,Sí,No,120,La mayor parte,NA,Sí,2021
41,Sí,Sí,Sí,No,No,Sí,No,Sí,No,Sí,NA,NA,30,La mayor parte,NA,Sí,2021
61,Sí,No,No,No,No,No,NA,NA,NA,NA,NA,NA,0,NA,Problemas de salud,No,2021
27,Sí,Sí,Sí,No,No,No,No,Sí,No,Sí,NA,NA,15,La mayor parte,NA,Sí,2021
65,No,No,No,No,No,No,NA,NA,NA,NA,NA,NA,0,NA,Falta de tiempo,No,2021
53,Sí,Sí,No,Sí,No,Sí,Sí,No,NA,NA,Sí,No,30,La mayor parte,NA,Sí,2021
44,Sí,Sí,Sí,Sí,No,Sí,No,Sí,No,Sí,No,Sí,60,Toda,NA,No,2021
46,Sí,No,No,No,No,Sí,NA,NA,NA,NA,NA,NA,10,Poca,NA,Sí,2021
71,Sí,Sí,No,No,No,No,No,Sí,NA,NA,NA,NA,30,La mayor parte,NA,Sí,2021
62,Sí,No,Sí,No,No,No,NA,NA,No,Sí,NA,NA,60,La mayor parte,NA,Sí,2021
55,Sí,Sí,No,No,No,Sí,No,Sí,NA,NA,NA,NA,30,La mayor parte,NA,Sí,2021
20,Sí,Sí,No,No,No,Sí,Sí,No,NA,NA,NA,NA,15,La mitad,NA,Sí,2021
65,Sí,No,No,No,No,Sí,NA,NA,NA,NA,NA,NA,10,La mitad,NA,No,2021
52,Sí,Sí,Sí,Sí,No,Sí,Sí,Sí,Sí,Sí,Sí,No,180,La mayor parte,NA,Sí,2021
45,Sí,No,Sí,No,No,No,NA,NA,No,Sí,NA,NA,10,La mayor parte,NA,No,2021
57,Sí,No,No,No,No,No,NA,NA,NA,NA,NA,NA,0,NA,Prefiere otras actividades,No,2021
59,No,No,No,No,No,No,NA,NA,NA,NA,NA,NA,0,NA,Prefiere otras actividades,No,2021
48,Sí,No,Sí,Sí,No,No,NA,NA,No,Sí,No,Sí,30,La mitad,NA,No recuerda,2021
19,Sí,No,Sí,No,No,Sí,NA,NA,No,Sí,NA,NA,60,La mitad,NA,Sí,2021
53,No,No,No,No,No,No,NA,NA,NA,NA,NA,NA,0,NA,Falta de interés/gusto,Sí,2021
67,Sí,Sí,No,Sí,No,Sí,Sí,No,NA,NA,Sí,No,90,La mayor parte,NA,Sí,2021
31,Sí,No,No,No,No,No,NA,NA,NA,NA,NA,NA,0,NA,Falta de tiempo,No,2021
40,Sí,No,No,No,No,Sí,NA,NA,NA,NA,NA,NA,10,La mitad,NA,Sí,2021
53,Sí,Sí,No,No,No,No,No,Sí,NA,NA,NA,NA,30,La mitad,NA,No,2021
36,No,No,Sí,Sí,No,Sí,NA,NA,Sí,No,No,Sí,10,La mayor parte,NA,Sí,2021
57,Sí,Sí,Sí,No,No,No,No,Sí,No,Sí,NA,NA,30,La mayor parte,NA,Sí,2021
20,No,Sí,Sí,No,No,Sí,Sí,No,No,Sí,NA,NA,60,La mayor parte,NA,Sí,2021
70,No,No,No,No,No,No,NA,NA,NA,NA,NA,NA,0,NA,Problemas de salud,No,2021
37,Sí,Sí,Sí,No,No,Sí,No,Sí,Sí,No,NA,NA,60,La mitad,NA,Sí,2021
80,No,No,No,No,No,No,NA,NA,NA,NA,NA,NA,0,NA,Problemas de salud,No,2021
78,Sí,Sí,No,No,No,No,No,Sí,NA,NA,NA,NA,30,Poca,NA,No,2021
21,No,No,No,No,No,No,NA,NA,NA,NA,NA,NA,0,NA,Falta de dinero,Sí,2021
58,Sí,No,No,Sí,No,No,NA,NA,NA,NA,No,Sí,30,La mayor parte,NA,Sí,2021
68,Sí,No,No,Sí,No,No,NA,NA,NA,NA,No,Sí,25,La mayor parte,NA,Sí,2021
74,No,No,No,No,No,No,NA,NA,NA,NA,NA,NA,0,NA,Falta de interés/gusto,No,2021
28,Sí,Sí,No,No,No,Sí,No,Sí,NA,NA,NA,NA,40,La mayor parte,NA,Sí,2021
23,Sí,Sí,No,No,No,Sí,Sí,No,NA,NA,NA,NA,40,La mayor parte,NA,Sí,2021
43,No,No,No,No,No,No,NA,NA,NA,NA,NA,NA,0,NA,Falta de tiempo,No,2021
48,No,No,No,No,No,No,NA,NA,NA,NA,NA,NA,0,NA,Falta de interés/gusto,Sí,2021
39,Sí,Sí,No,Sí,No,Sí,Sí,No,NA,NA,Sí,No,60,La mayor parte,NA,Sí,2021
30,Sí,Sí,No,No,No,Sí,No,Sí,NA,NA,NA,NA,40,La mayor parte,NA,Sí,2021
49,No,No,No,No,No,Sí,NA,NA,NA,NA,NA,NA,60,La mayor parte,NA,Sí,2021
46,Sí,Sí,No,No,No,No,No,Sí,NA,NA,NA,NA,45,La mayor parte,NA,Sí,2021
42,Sí,Sí,No,No,No,Sí,No,Sí,NA,NA,NA,NA,90,La mayor parte,NA,Sí,2021
73,Sí,Sí,No,No,No,No,No,Sí,NA,NA,NA,NA,30,La mayor parte,NA,Sí,2021
52,No,No,No,No,No,No,NA,NA,NA,NA,NA,NA,0,NA,Falta de interés/gusto,No,2021
27,Sí,No,No,No,Sí,No,NA,NA,NA,NA,NA,NA,30,La mayor parte,NA,No,2021
25,Sí,Sí,No,No,No,No,Sí,No,NA,NA,NA,NA,120,La mitad,NA,No,2021
49,No,No,No,No,No,No,NA,NA,NA,NA,NA,NA,0,NA,Falta de interés/gusto,No,2021
23,No,No,No,No,No,No,NA,NA,NA,NA,NA,NA,0,NA,Falta de tiempo,No,2021
38,No,No,No,No,No,No,NA,NA,NA,NA,NA,NA,0,NA,Falta de tiempo,No,2021
40,No,No,No,No,No,No,NA,NA,NA,NA,NA,NA,0,NA,Falta de tiempo,No,2021
20,Sí,Sí,Sí,No,No,Sí,No,Sí,No,Sí,NA,NA,45,La mayor parte,NA,Sí,2021
48,No,No,No,No,No,No,NA,NA,NA,NA,NA,NA,0,NA,Falta de interés/gusto,No recuerda,2021
49,No,Sí,No,No,No,No,No,Sí,NA,NA,NA,NA,30,La mayor parte,NA,Sí,2021
52,No,No,No,No,No,No,NA,NA,NA,NA,NA,NA,0,NA,Falta de interés/gusto,Sí,2021
81,Sí,No,No,Sí,No,No,NA,NA,NA,NA,No,Sí,120,La mayor parte,NA,No,2021
75,No,No,No,No,No,No,NA,NA,NA,NA,NA,NA,0,NA,Falta de tiempo,No,2021
38,Sí,No,No,No,No,Sí,NA,NA,NA,NA,NA,NA,30,Toda,NA,No,2021
29,No,No,No,No,No,No,NA,NA,NA,NA,NA,NA,0,NA,Prefiere otras actividades,No,2021
68,NA,NA,NA,NA,NA,NA,NA,NA,NA,NA,NA,NA,0,NA,NA,NA,2021
39,No,No,Sí,No,No,Sí,NA,NA,No,Sí,NA,NA,30,La mayor parte,NA,Sí,2021
40,No,No,No,No,No,No,NA,NA,NA,NA,NA,NA,0,NA,Falta de tiempo,No,2021
63,Sí,Sí,No,No,No,Sí,No,Sí,NA,NA,NA,NA,90,La mayor parte,NA,Sí,2021
52,Sí,No,Sí,No,No,No,NA,NA,No,Sí,NA,NA,30,La mayor parte,NA,Sí,2021
24,Sí,No,Sí,No,No,Sí,NA,NA,No,Sí,NA,NA,30,La mayor parte,NA,Sí,2021
39,Sí,Sí,No,No,No,No,No,Sí,NA,NA,NA,NA,40,La mayor parte,NA,Sí,2021
43,Sí,Sí,No,No,No,No,No,Sí,NA,NA,NA,NA,50,La mayor parte,NA,Sí,2021
44,No,No,No,No,No,No,NA,NA,NA,NA,NA,NA,0,NA,Falta de tiempo,Sí,2021
56,No,No,No,No,No,No,NA,NA,NA,NA,NA,NA,0,NA,Falta de interés/gusto,No,2021
74,No,No,No,No,No,No,NA,NA,NA,NA,NA,NA,0,NA,Falta de tiempo,No,2021
35,Sí,Sí,No,No,No,Sí,No,Sí,NA,NA,NA,NA,20,La mayor parte,NA,Sí,2021
55,NA,NA,NA,NA,NA,NA,NA,NA,NA,NA,NA,NA,0,NA,NA,NA,2021
39,No,No,No,No,No,No,NA,NA,NA,NA,NA,NA,0,NA,Falta de tiempo,No,2021
51,No,No,No,No,No,No,NA,NA,NA,NA,NA,NA,0,NA,Falta de dinero,No,2021
63,Sí,Sí,No,No,No,No,No,Sí,NA,NA,NA,NA,30,La mayor parte,NA,Sí,2021
35,No,No,No,No,No,No,NA,NA,NA,NA,NA,NA,0,NA,Falta de tiempo,No,2021
27,No,No,No,No,No,No,NA,NA,NA,NA,NA,NA,0,NA,Falta de tiempo,No,2021
52,NA,NA,NA,NA,NA,NA,NA,NA,NA,NA,NA,NA,0,NA,NA,NA,2021
36,No,No,No,No,No,No,NA,NA,NA,NA,NA,NA,0,NA,Falta de tiempo,No,2021
20,Sí,Sí,No,No,No,No,No,Sí,NA,NA,NA,NA,20,La mayor parte,NA,No,2021
70,Sí,Sí,No,No,No,No,No,Sí,NA,NA,NA,NA,30,La mayor parte,NA,Sí,2021
69,Sí,Sí,Sí,Sí,No,Sí,No,Sí,No,Sí,Sí,No,45,Toda,NA,Sí,2021
21,No,No,No,No,No,No,NA,NA,NA,NA,NA,NA,0,NA,Falta de tiempo,No,2021
27,No,Sí,No,Sí,No,No,No,Sí,NA,NA,No,Sí,25,La mayor parte,NA,Sí,2021
33,Sí,Sí,Sí,Sí,No,No,No,Sí,No,Sí,No,Sí,30,La mayor parte,NA,Sí,2021
25,Sí,Sí,Sí,No,No,No,Sí,Sí,Sí,No,NA,NA,120,Toda,NA,Sí,2021
54,Sí,No,No,Sí,No,No,NA,NA,NA,NA,No,Sí,25,La mitad,NA,No,2021
27,Sí,Sí,No,No,No,No,No,Sí,NA,NA,NA,NA,30,La mayor parte,NA,Sí,2021
21,No,No,No,No,No,No,NA,NA,NA,NA,NA,NA,0,NA,Falta de tiempo,Sí,2021
40,Sí,Sí,No,No,No,No,Sí,Sí,NA,NA,NA,NA,30,La mayor parte,NA,Sí,2021
60,Sí,Sí,No,No,No,No,No,Sí,NA,NA,NA,NA,30,La mayor parte,NA,Sí,2021
41,Sí,Sí,Sí,Sí,No,Sí,No,Sí,No,Sí,Sí,No,60,La mayor parte,NA,Sí,2021
60,Sí,Sí,No,No,No,No,Sí,Sí,NA,NA,NA,NA,60,La mayor parte,NA,Sí,2021
35,Sí,No,No,No,No,Sí,NA,NA,NA,NA,NA,NA,30,La mayor parte,NA,Sí,2021
47,Sí,Sí,No,Sí,No,No,No,Sí,NA,NA,No,Sí,30,La mayor parte,NA,Sí,2021
74,Sí,Sí,No,No,No,No,No,Sí,NA,NA,NA,NA,120,La mayor parte,NA,Sí,2021
53,No,Sí,No,No,No,No,No,Sí,NA,NA,NA,NA,20,La mitad,NA,Sí,2021
78,No,No,No,No,No,No,NA,NA,NA,NA,NA,NA,0,NA,Problemas de salud,No,2021
78,No,No,No,Sí,No,No,NA,NA,NA,NA,No,Sí,60,Toda,NA,Sí,2021
41,No,No,Sí,No,No,No,NA,NA,No,Sí,NA,NA,20,La mayor parte,NA,Sí,2021
52,No,No,No,No,No,Sí,NA,NA,NA,NA,NA,NA,20,La mayor parte,NA,Sí,2021
43,Sí,Sí,No,No,No,No,No,Sí,NA,NA,NA,NA,20,La mayor parte,NA,Sí,2021
46,No,No,No,No,No,No,NA,NA,NA,NA,NA,NA,0,NA,Falta de tiempo,Sí,2021
36,No,No,No,No,No,No,NA,NA,NA,NA,NA,NA,0,NA,Falta de tiempo,Sí,2021
28,No,No,No,No,No,No,NA,NA,NA,NA,NA,NA,0,NA,Prefiere otras actividades,Sí,2021
50,No,No,No,No,No,No,NA,NA,NA,NA,NA,NA,0,NA,Falta de tiempo,Sí,2021
52,Sí,Sí,Sí,No,No,No,No,Sí,No,Sí,NA,NA,60,La mayor parte,NA,Sí,2021
62,Sí,No,No,No,No,No,NA,NA,NA,NA,NA,NA,0,NA,Prefiere otras actividades,Sí,2021
73,No,No,No,No,No,No,NA,NA,NA,NA,NA,NA,0,NA,Otro,Sí,2021
47,No,No,No,No,No,No,NA,NA,NA,NA,NA,NA,0,NA,Problemas de salud,No,2021
32,No,No,No,Sí,No,No,NA,NA,NA,NA,No,Sí,20,Toda,NA,Sí,2021
21,No,No,No,No,No,No,NA,NA,NA,NA,NA,NA,0,NA,Falta de tiempo,Sí,2021
72,No,No,No,No,No,No,NA,NA,NA,NA,NA,NA,0,NA,Prefiere otras actividades,Sí,2021
65,Sí,No,No,Sí,No,No,NA,NA,NA,NA,No,Sí,60,Toda,NA,Sí,2021
49,No,No,No,No,No,No,NA,NA,NA,NA,NA,NA,0,NA,Falta de tiempo,Sí,2021
20,No,No,Sí,Sí,No,No,NA,NA,No,Sí,No,Sí,10,La mitad,NA,Sí,2021
46,Sí,Sí,No,No,No,No,No,Sí,NA,NA,NA,NA,30,La mitad,NA,Sí,2021
55,No,No,No,No,No,No,NA,NA,NA,NA,NA,NA,0,NA,Falta de interés/gusto,No recuerda,2021
35,No,No,Sí,No,No,No,NA,NA,Sí,No,NA,NA,30,La mayor parte,NA,Sí,2021
44,Sí,Sí,No,No,Sí,No,No,Sí,NA,NA,NA,NA,30,Toda,NA,No,2021
35,Sí,No,No,Sí,No,No,NA,NA,NA,NA,No,Sí,30,Toda,NA,Sí,2021
41,No,No,No,No,No,No,NA,NA,NA,NA,NA,NA,0,NA,Falta de tiempo,Sí,2021
68,Sí,No,No,No,No,No,NA,NA,NA,NA,NA,NA,0,NA,Prefiere otras actividades,Sí,2021
45,Sí,No,No,No,No,No,NA,NA,NA,NA,NA,NA,0,NA,Falta de tiempo,Sí,2021
38,No,No,No,No,No,No,NA,NA,NA,NA,NA,NA,0,NA,Falta de tiempo,Sí,2021
19,Sí,No,No,Sí,No,No,NA,NA,NA,NA,Sí,No,30,Toda,NA,Sí,2021
57,No,No,No,No,No,No,NA,NA,NA,NA,NA,NA,0,NA,Falta de tiempo,Sí,2021
49,Sí,Sí,Sí,No,Sí,Sí,No,Sí,No,Sí,NA,NA,60,La mitad,NA,No,2021
28,Sí,Sí,No,No,No,Sí,No,Sí,NA,NA,NA,NA,60,La mayor parte,NA,Sí,2021
43,Sí,No,Sí,Sí,No,No,NA,NA,Sí,No,Sí,No,60,La mitad,NA,No,2021
43,Sí,No,Sí,Sí,Sí,Sí,NA,NA,No,Sí,No,Sí,20,Toda,NA,No,2021
47,No,No,Sí,Sí,No,Sí,NA,NA,No,Sí,No,Sí,10,Toda,NA,No,2021
57,No,No,No,Sí,No,Sí,NA,NA,NA,NA,No,Sí,20,Poca,NA,Sí,2021
62,No,No,No,Sí,No,No,NA,NA,NA,NA,No,Sí,5,La mitad,NA,No,2021
22,No,Sí,No,No,No,Sí,No,Sí,NA,NA,NA,NA,10,Toda,NA,Sí,2021
44,No,No,No,No,No,No,NA,NA,NA,NA,NA,NA,0,NA,Falta de interés/gusto,No,2021
31,No,Sí,No,Sí,No,Sí,No,Sí,NA,NA,No,Sí,30,La mayor parte,NA,Sí,2021
46,No,No,No,No,No,Sí,NA,NA,NA,NA,NA,NA,30,La mayor parte,NA,No,2021
44,Sí,Sí,No,No,Sí,No,No,Sí,NA,NA,NA,NA,30,La mayor parte,NA,Sí,2021
37,Sí,Sí,No,No,No,No,No,Sí,NA,NA,NA,NA,5,La mitad,NA,Sí,2021
30,No,No,No,No,No,Sí,NA,NA,NA,NA,NA,NA,10,Poca,NA,Sí,2021
52,Sí,Sí,No,No,Sí,Sí,No,Sí,NA,NA,NA,NA,20,Poca,NA,No,2021
51,Sí,Sí,No,Sí,No,Sí,No,Sí,NA,NA,No,Sí,20,Poca,NA,Sí,2021
22,Sí,No,Sí,No,Sí,Sí,NA,NA,Sí,Sí,NA,NA,60,La mitad,NA,Sí,2021
48,No,No,No,No,No,No,NA,NA,NA,NA,NA,NA,0,NA,Falta de interés/gusto,No,2021
42,Sí,No,No,Sí,No,No,NA,NA,NA,NA,Sí,No,40,Toda,NA,No,2021
44,Sí,Sí,No,No,No,Sí,No,Sí,NA,NA,NA,NA,60,La mayor parte,NA,No,2021
53,Sí,Sí,No,Sí,Sí,Sí,Sí,No,NA,NA,No,Sí,30,La mitad,NA,No,2021
37,Sí,Sí,No,No,No,No,Sí,No,NA,NA,NA,NA,120,La mayor parte,NA,Sí,2021
34,Sí,Sí,Sí,No,Sí,Sí,No,Sí,No,Sí,NA,NA,90,La mitad,NA,Sí,2021
36,Sí,Sí,No,No,No,No,No,Sí,NA,NA,NA,NA,60,La mayor parte,NA,Sí,2021
76,Sí,Sí,Sí,Sí,Sí,No,No,Sí,No,Sí,No,Sí,30,Poca,NA,No,2021
54,Sí,No,Sí,No,No,Sí,NA,NA,No,Sí,NA,NA,30,Poca,NA,No,2021
47,No,No,No,No,No,No,NA,NA,NA,NA,NA,NA,0,NA,Falta de tiempo,No,2021
35,No,No,No,No,No,No,NA,NA,NA,NA,NA,NA,0,NA,Falta de interés/gusto,No,2021
43,Sí,Sí,No,Sí,No,No,No,Sí,NA,NA,No,Sí,10,Poca,NA,No,2021
33,Sí,No,No,No,Sí,No,NA,NA,NA,NA,NA,NA,10,La mayor parte,NA,No,2021
43,Sí,Sí,Sí,Sí,Sí,No,No,Sí,No,Sí,No,Sí,20,Poca,NA,Sí,2021
32,Sí,No,No,Sí,No,No,NA,NA,NA,NA,No,Sí,5,La mayor parte,NA,No,2021
43,No,No,No,No,No,No,NA,NA,NA,NA,NA,NA,0,NA,Falta de interés/gusto,No,2021
38,No,No,No,Sí,Sí,No,NA,NA,NA,NA,No,Sí,10,La mitad,NA,No,2021
25,No,No,No,Sí,No,No,NA,NA,NA,NA,No,Sí,3,La mitad,NA,No,2021
35,NA,NA,NA,NA,NA,NA,NA,NA,NA,NA,NA,NA,0,NA,NA,NA,2021
51,Sí,Sí,No,Sí,No,No,No,Sí,NA,NA,No,Sí,20,La mitad,NA,No,2021
57,Sí,Sí,No,Sí,No,No,No,Sí,NA,NA,No,Sí,20,Poca,NA,No,2021
37,Sí,Sí,No,No,No,Sí,No,Sí,NA,NA,NA,NA,120,La mayor parte,NA,Sí,2021
19,Sí,Sí,No,No,No,No,Sí,No,NA,NA,NA,NA,60,La mayor parte,NA,Sí,2021
38,Sí,Sí,Sí,Sí,No,Sí,Sí,No,Sí,No,Sí,No,45,Toda,NA,Sí,2021
26,Sí,Sí,No,No,No,No,No,Sí,NA,NA,NA,NA,60,La mayor parte,NA,No,2021
30,No,No,No,No,No,Sí,NA,NA,NA,NA,NA,NA,30,La mayor parte,NA,No recuerda,2021
70,Sí,Sí,Sí,No,No,No,No,Sí,No,Sí,NA,NA,60,La mitad,NA,Sí,2021
72,Sí,No,Sí,No,No,No,NA,NA,No,Sí,NA,NA,10,Toda,NA,Sí,2021
31,Sí,Sí,Sí,Sí,No,Sí,No,Sí,No,Sí,No,Sí,60,La mayor parte,NA,Sí,2021
57,No,No,No,No,No,No,NA,NA,NA,NA,NA,NA,0,NA,Falta de tiempo,Sí,2021
39,Sí,Sí,Sí,Sí,No,No,No,Sí,No,Sí,No,Sí,30,La mitad,NA,No,2021
22,Sí,Sí,Sí,Sí,No,Sí,No,Sí,No,Sí,No,Sí,30,La mayor parte,NA,Sí,2021
44,Sí,No,No,Sí,No,No,NA,NA,NA,NA,No,Sí,15,La mitad,NA,Sí,2021
50,No,No,No,No,No,No,NA,NA,NA,NA,NA,NA,0,NA,Falta de tiempo,No,2021
47,Sí,Sí,No,Sí,No,No,No,Sí,NA,NA,No,Sí,20,Toda,NA,Sí,2021
27,No,No,No,No,No,Sí,NA,NA,NA,NA,NA,NA,30,La mayor parte,NA,Sí,2021
81,Sí,Sí,Sí,No,No,No,Sí,No,Sí,No,NA,NA,30,Toda,NA,Sí,2021
53,Sí,Sí,Sí,Sí,No,No,No,Sí,No,Sí,No,Sí,120,La mayor parte,NA,Sí,2021
66,Sí,Sí,Sí,No,No,No,No,Sí,No,Sí,NA,NA,45,Toda,NA,Sí,2021
83,Sí,Sí,Sí,Sí,No,No,No,Sí,No,Sí,No,Sí,60,Toda,NA,Sí,2021
68,No,No,No,No,No,No,NA,NA,NA,NA,NA,NA,0,NA,Problemas de salud,Sí,2021
80,Sí,Sí,No,No,No,No,No,Sí,NA,NA,NA,NA,15,La mayor parte,NA,Sí,2021
59,Sí,Sí,No,No,No,No,No,Sí,NA,NA,NA,NA,180,Toda,NA,Sí,2021
64,Sí,Sí,No,Sí,No,No,No,Sí,NA,NA,No,Sí,20,La mayor parte,NA,No,2021
33,Sí,No,Sí,No,No,Sí,NA,NA,No,Sí,NA,NA,45,La mayor parte,NA,Sí,2021
23,No,Sí,No,No,No,Sí,Sí,No,NA,NA,NA,NA,30,La mayor parte,NA,Sí,2021
42,Sí,Sí,No,No,No,No,No,Sí,NA,NA,NA,NA,30,La mayor parte,NA,No,2021
53,Sí,Sí,No,Sí,No,No,No,Sí,NA,NA,No,Sí,20,Toda,NA,Sí,2021
24,Sí,No,Sí,No,No,No,NA,NA,No,Sí,NA,NA,20,La mayor parte,NA,Sí,2021
67,Sí,No,Sí,No,No,No,NA,NA,No,Sí,NA,NA,20,La mayor parte,NA,Sí,2021
60,No,No,No,No,No,No,NA,NA,NA,NA,NA,NA,0,NA,Falta de tiempo,Sí,2021
68,No,No,No,No,No,No,NA,NA,NA,NA,NA,NA,0,NA,Problemas de salud,No,2021
22,No,No,No,No,No,Sí,NA,NA,NA,NA,NA,NA,30,La mayor parte,NA,No,2021
44,Sí,Sí,No,No,No,No,No,Sí,NA,NA,NA,NA,45,La mayor parte,NA,Sí,2021
82,NA,NA,NA,NA,NA,NA,NA,NA,NA,NA,NA,NA,0,NA,NA,NA,2021
62,No,No,No,No,No,No,NA,NA,NA,NA,NA,NA,0,NA,Falta de tiempo,No,2021
69,Sí,Sí,Sí,Sí,No,No,No,Sí,No,Sí,No,Sí,30,Toda,NA,No,2021
58,Sí,Sí,No,No,No,No,Sí,No,NA,NA,NA,NA,240,Toda,NA,Sí,2021
49,No,No,No,Sí,No,No,NA,NA,NA,NA,No,Sí,10,La mitad,NA,No recuerda,2021
21,Sí,Sí,Sí,No,No,Sí,No,Sí,No,Sí,NA,NA,60,La mayor parte,NA,Sí,2021
75,No,No,No,No,No,Sí,NA,NA,NA,NA,NA,NA,30,La mayor parte,NA,No,2021
28,No,No,No,No,No,Sí,NA,NA,NA,NA,NA,NA,10,La mitad,NA,No,2021
33,Sí,Sí,No,Sí,No,Sí,No,Sí,NA,NA,No,Sí,30,La mayor parte,NA,Sí,2021
29,No,No,No,No,No,Sí,NA,NA,NA,NA,NA,NA,5,La mayor parte,NA,No,2021
21,Sí,Sí,No,No,No,Sí,Sí,No,NA,NA,NA,NA,20,Toda,NA,Sí,2021
34,Sí,Sí,No,Sí,No,Sí,No,Sí,NA,NA,Sí,No,20,La mayor parte,NA,Sí,2021
28,No,No,No,No,No,No,NA,NA,NA,NA,NA,NA,0,NA,Falta de tiempo,No,2021
30,Sí,No,No,No,No,Sí,NA,NA,NA,NA,NA,NA,20,La mayor parte,NA,Sí,2021
24,Sí,Sí,No,Sí,No,Sí,Sí,No,NA,NA,No,Sí,60,Toda,NA,No,2021
37,Sí,Sí,No,No,No,No,No,Sí,NA,NA,NA,NA,60,La mayor parte,NA,Sí,2021
29,Sí,No,Sí,No,No,Sí,NA,NA,Sí,No,NA,NA,15,La mayor parte,NA,Sí,2021
43,Sí,No,No,No,No,No,NA,NA,NA,NA,NA,NA,0,NA,Falta de tiempo,No,2021
57,Sí,Sí,Sí,No,No,Sí,Sí,No,Sí,No,NA,NA,30,La mayor parte,NA,Sí,2021
58,Sí,Sí,Sí,No,No,Sí,Sí,No,Sí,No,NA,NA,30,Poca,NA,Sí,2021
55,Sí,Sí,Sí,No,No,No,No,Sí,No,Sí,NA,NA,60,Toda,NA,Sí,2021
34,No,No,No,No,No,Sí,NA,NA,NA,NA,NA,NA,10,La mayor parte,NA,Sí,2021
37,No,No,No,No,No,No,NA,NA,NA,NA,NA,NA,0,NA,Falta de interés/gusto,Sí,2021
62,NA,NA,NA,NA,NA,NA,NA,NA,NA,NA,NA,NA,0,NA,NA,NA,2021
25,Sí,Sí,Sí,Sí,Sí,Sí,No,Sí,Sí,No,Sí,No,130,La mayor parte,NA,Sí,2021
25,No,No,No,No,No,No,NA,NA,NA,NA,NA,NA,0,NA,Falta de interés/gusto,Sí,2021
29,No,No,Sí,No,Sí,No,NA,NA,No,Sí,NA,NA,30,La mayor parte,NA,Sí,2021
35,Sí,No,No,Sí,No,Sí,NA,NA,NA,NA,No,Sí,30,La mayor parte,NA,Sí,2021
66,Sí,No,Sí,No,No,Sí,NA,NA,No,Sí,NA,NA,30,La mayor parte,NA,Sí,2021
29,Sí,Sí,No,No,No,No,No,Sí,NA,NA,NA,NA,40,La mayor parte,NA,Sí,2021
60,Sí,Sí,No,No,No,Sí,Sí,No,NA,NA,NA,NA,30,La mayor parte,NA,Sí,2021
20,No,No,No,No,No,Sí,NA,NA,NA,NA,NA,NA,10,La mitad,NA,Sí,2021
76,Sí,Sí,No,Sí,No,No,No,Sí,NA,NA,No,Sí,10,La mayor parte,NA,No,2021
39,Sí,Sí,No,Sí,No,Sí,No,Sí,NA,NA,No,Sí,10,Toda,NA,No,2021
22,Sí,Sí,No,No,No,Sí,Sí,No,NA,NA,NA,NA,130,La mitad,NA,Sí,2021
74,NA,NA,NA,NA,NA,NA,NA,NA,NA,NA,NA,NA,0,NA,NA,NA,2021
60,Sí,No,No,No,No,Sí,NA,NA,NA,NA,NA,NA,15,La mayor parte,NA,Sí,2021
23,No,No,No,Sí,No,Sí,NA,NA,NA,NA,No,Sí,5,La mayor parte,NA,No,2021
32,Sí,Sí,Sí,No,No,Sí,No,Sí,No,Sí,NA,NA,10,La mayor parte,NA,Sí,2021
18,No,No,No,No,No,No,NA,NA,NA,NA,NA,NA,0,NA,Prefiere otras actividades,No,2021
42,No,No,No,No,No,No,NA,NA,NA,NA,NA,NA,0,NA,Falta de tiempo,No,2021
28,Sí,Sí,Sí,Sí,No,Sí,Sí,No,No,Sí,No,Sí,120,La mayor parte,NA,Sí,2021
39,No,No,No,No,No,No,NA,NA,NA,NA,NA,NA,0,NA,Falta de interés/gusto,Sí,2021
43,Sí,Sí,No,No,No,No,No,Sí,NA,NA,NA,NA,20,La mayor parte,NA,Sí,2021
66,Sí,Sí,No,No,No,No,No,Sí,NA,NA,NA,NA,30,La mayor parte,NA,No,2021
34,Sí,No,Sí,No,No,Sí,NA,NA,No,Sí,NA,NA,15,La mayor parte,NA,Sí,2021
47,Sí,Sí,Sí,No,No,No,No,Sí,No,Sí,NA,NA,20,Poca,NA,Sí,2021
42,No,No,No,No,No,No,NA,NA,NA,NA,NA,NA,0,NA,Falta de interés/gusto,Sí,2021
42,Sí,Sí,No,No,No,No,No,Sí,NA,NA,NA,NA,60,La mayor parte,NA,Sí,2021
39,No,No,No,Sí,No,No,NA,NA,NA,NA,No,Sí,15,La mayor parte,NA,Sí,2021
60,No,Sí,No,No,No,No,No,Sí,NA,NA,NA,NA,10,La mitad,NA,No,2021
19,Sí,Sí,No,Sí,Sí,No,Sí,Sí,NA,NA,No,Sí,30,La mayor parte,NA,Sí,2021
34,Sí,Sí,No,Sí,No,No,No,Sí,NA,NA,No,Sí,10,La mayor parte,NA,Sí,2021
42,Sí,Sí,Sí,Sí,No,Sí,No,Sí,No,Sí,No,Sí,40,La mayor parte,NA,Sí,2021
32,Sí,Sí,No,No,No,Sí,Sí,Sí,NA,NA,NA,NA,90,Toda,NA,Sí,2021
30,Sí,Sí,No,No,No,No,No,Sí,NA,NA,NA,NA,30,La mayor parte,NA,No,2021
81,Sí,Sí,No,No,No,No,No,Sí,NA,NA,NA,NA,60,La mayor parte,NA,No,2021
57,Sí,No,No,No,No,No,NA,NA,NA,NA,NA,NA,0,NA,Falta de interés/gusto,No,2021
57,Sí,No,No,Sí,No,Sí,NA,NA,NA,NA,Sí,No,15,La mayor parte,NA,Sí,2021
52,No,No,No,No,No,No,NA,NA,NA,NA,NA,NA,0,NA,Falta de tiempo,Sí,2021
53,Sí,Sí,Sí,Sí,No,No,No,Sí,Sí,No,Sí,No,60,Toda,NA,Sí,2021
45,Sí,Sí,No,No,No,Sí,No,Sí,NA,NA,NA,NA,30,La mayor parte,NA,No,2021
52,No,No,No,No,No,No,NA,NA,NA,NA,NA,NA,0,NA,Falta de interés/gusto,Sí,2021
35,Sí,No,Sí,No,No,No,NA,NA,Sí,No,NA,NA,30,La mayor parte,NA,No,2021
28,Sí,Sí,No,Sí,Sí,Sí,No,Sí,NA,NA,No,Sí,60,La mayor parte,NA,Sí,2021
26,Sí,Sí,Sí,Sí,Sí,Sí,No,Sí,Sí,No,Sí,No,60,La mitad,NA,Sí,2021
69,Sí,Sí,Sí,Sí,No,No,No,Sí,No,Sí,No,Sí,10,La mayor parte,NA,Sí,2021
73,Sí,No,No,No,No,No,NA,NA,NA,NA,NA,NA,0,NA,Falta de tiempo,No,2021
72,No,No,No,No,No,No,NA,NA,NA,NA,NA,NA,0,NA,Falta de interés/gusto,Sí,2021
53,No,No,No,No,No,No,NA,NA,NA,NA,NA,NA,0,NA,Falta de interés/gusto,Sí,2021
26,Sí,Sí,No,No,No,Sí,Sí,No,NA,NA,NA,NA,20,La mayor parte,NA,Sí,2021
74,Sí,Sí,No,No,No,No,Sí,Sí,NA,NA,NA,NA,60,La mayor parte,NA,No,2021
44,No,No,No,No,No,No,NA,NA,NA,NA,NA,NA,0,NA,Falta de interés/gusto,Sí,2021
60,Sí,No,No,No,No,No,NA,NA,NA,NA,NA,NA,0,NA,Falta de interés/gusto,No,2021
25,Sí,Sí,Sí,No,Sí,Sí,No,Sí,Sí,No,NA,NA,40,Toda,NA,Sí,2021
41,Sí,Sí,No,Sí,No,Sí,No,Sí,NA,NA,No,Sí,15,Toda,NA,Sí,2021
52,No,No,No,No,No,No,NA,NA,NA,NA,NA,NA,0,NA,Falta de interés/gusto,No,2021
48,Sí,Sí,No,No,No,No,No,Sí,NA,NA,NA,NA,30,Poca,NA,Sí,2021
66,NA,NA,NA,NA,NA,NA,NA,NA,NA,NA,NA,NA,0,NA,NA,NA,2021
53,Sí,Sí,Sí,Sí,No,No,No,Sí,No,Sí,No,Sí,20,Poca,NA,Sí,2021
45,Sí,Sí,Sí,No,No,No,No,Sí,No,Sí,NA,NA,20,Poca,NA,Sí,2021
49,NA,NA,NA,NA,NA,NA,NA,NA,NA,NA,NA,NA,0,NA,NA,NA,2021
50,No,No,Sí,No,No,No,NA,NA,Sí,No,NA,NA,30,La mitad,NA,No,2021
32,Sí,No,Sí,No,No,Sí,NA,NA,Sí,No,NA,NA,20,La mayor parte,NA,Sí,2021
41,Sí,Sí,No,Sí,No,Sí,Sí,No,NA,NA,Sí,No,20,La mayor parte,NA,Sí,2021
36,Sí,No,Sí,No,No,Sí,NA,NA,Sí,No,NA,NA,30,La mitad,NA,Sí,2021
30,No,No,No,No,Sí,No,NA,NA,NA,NA,NA,NA,20,Toda,NA,Sí,2021
46,Sí,No,Sí,Sí,No,No,NA,NA,Sí,No,Sí,No,10,La mayor parte,NA,Sí,2021
30,Sí,Sí,No,No,No,Sí,Sí,Sí,NA,NA,NA,NA,120,La mayor parte,NA,Sí,2021
60,Sí,Sí,Sí,Sí,No,No,No,Sí,No,Sí,No,Sí,30,La mayor parte,NA,No recuerda,2021
34,No,No,No,Sí,No,Sí,NA,NA,NA,NA,No,Sí,10,Toda,NA,Sí,2021
61,Sí,Sí,No,No,No,No,No,Sí,NA,NA,NA,NA,30,La mayor parte,NA,Sí,2021
38,Sí,Sí,Sí,Sí,No,Sí,Sí,No,Sí,No,No,Sí,120,La mayor parte,NA,Sí,2021
31,Sí,Sí,Sí,No,No,Sí,Sí,No,Sí,No,NA,NA,30,La mayor parte,NA,Sí,2021
45,Sí,Sí,No,No,Sí,Sí,No,Sí,NA,NA,NA,NA,30,La mitad,NA,Sí,2021
54,Sí,Sí,No,Sí,No,No,No,Sí,NA,NA,No,Sí,20,La mitad,NA,Sí,2021
63,Sí,No,Sí,Sí,No,No,NA,NA,No,Sí,No,Sí,20,La mayor parte,NA,No,2021
61,Sí,Sí,Sí,No,No,No,No,Sí,No,Sí,NA,NA,20,La mitad,NA,No,2021
48,No,No,No,No,No,No,NA,NA,NA,NA,NA,NA,0,NA,Prefiere otras actividades,Sí,2021
28,Sí,No,No,Sí,No,No,NA,NA,NA,NA,Sí,No,10,La mitad,NA,No,2021
60,Sí,Sí,No,No,No,Sí,Sí,No,NA,NA,NA,NA,30,La mayor parte,NA,No,2021
38,Sí,Sí,Sí,Sí,No,Sí,Sí,No,Sí,No,No,Sí,30,La mayor parte,NA,Sí,2021
34,No,Sí,Sí,Sí,No,Sí,No,Sí,No,Sí,Sí,No,60,La mayor parte,NA,Sí,2021
24,Sí,Sí,No,No,No,Sí,No,Sí,NA,NA,NA,NA,30,La mayor parte,NA,No,2021
55,Sí,Sí,No,No,No,No,No,Sí,NA,NA,NA,NA,30,La mayor parte,NA,No,2021
25,Sí,Sí,No,Sí,Sí,Sí,Sí,No,NA,NA,Sí,No,120,Toda,NA,Sí,2021
83,NA,NA,NA,NA,NA,NA,NA,NA,NA,NA,NA,NA,0,NA,NA,NA,2021
48,Sí,Sí,No,No,No,Sí,Sí,No,NA,NA,NA,NA,60,Toda,NA,Sí,2021
65,No,Sí,No,No,No,No,No,Sí,NA,NA,NA,NA,30,La mayor parte,NA,No,2021
55,Sí,Sí,Sí,No,No,No,No,Sí,No,Sí,NA,NA,30,La mitad,NA,Sí,2021
58,Sí,Sí,Sí,No,No,Sí,No,Sí,No,Sí,NA,NA,180,La mayor parte,NA,No,2021
62,Sí,No,Sí,No,No,Sí,NA,NA,Sí,No,NA,NA,60,Poca,NA,Sí,2021
36,Sí,Sí,No,No,No,Sí,Sí,No,NA,NA,NA,NA,25,La mayor parte,NA,Sí,2021
46,Sí,Sí,No,No,No,Sí,No,Sí,NA,NA,NA,NA,20,La mayor parte,NA,Sí,2021
25,Sí,Sí,Sí,Sí,No,Sí,No,Sí,Sí,No,Sí,No,60,La mayor parte,NA,Sí,2021
55,Sí,No,No,Sí,No,Sí,NA,NA,NA,NA,No,Sí,35,La mayor parte,NA,No recuerda,2021
22,NA,NA,NA,NA,NA,NA,NA,NA,NA,NA,NA,NA,0,NA,NA,NA,2021
20,Sí,Sí,No,No,No,No,Sí,No,NA,NA,NA,NA,60,Toda,NA,Sí,2021
50,Sí,No,No,No,No,No,NA,NA,NA,NA,NA,NA,0,NA,Falta de interés/gusto,Sí,2021
35,NA,NA,NA,NA,NA,NA,NA,NA,NA,NA,NA,NA,0,NA,NA,NA,2021
62,Sí,Sí,No,No,No,Sí,Sí,No,NA,NA,NA,NA,45,Toda,NA,No,2021
19,No,No,Sí,No,No,Sí,NA,NA,No,Sí,NA,NA,30,La mayor parte,NA,Sí,2021
57,No,No,No,No,No,No,NA,NA,NA,NA,NA,NA,0,NA,Falta de tiempo,No,2021
26,No,No,Sí,No,No,No,NA,NA,No,Sí,NA,NA,20,La mayor parte,NA,No,2021
45,No,No,No,No,No,No,NA,NA,NA,NA,NA,NA,0,NA,Falta de tiempo,No,2021
37,Sí,Sí,Sí,No,No,Sí,No,Sí,No,Sí,NA,NA,10,La mayor parte,NA,Sí,2021
34,Sí,Sí,No,No,Sí,No,No,Sí,NA,NA,NA,NA,30,La mitad,NA,Sí,2021
36,Sí,No,No,No,Sí,Sí,NA,NA,NA,NA,NA,NA,15,Toda,NA,No,2021
62,No,No,No,Sí,No,No,NA,NA,NA,NA,No,Sí,20,La mayor parte,NA,No,2021
32,No,No,Sí,Sí,No,Sí,NA,NA,No,Sí,No,Sí,20,La mayor parte,NA,Sí,2021
64,No,No,No,No,No,No,NA,NA,NA,NA,NA,NA,0,NA,Falta de interés/gusto,No,2021
29,Sí,Sí,No,No,No,Sí,No,Sí,NA,NA,NA,NA,20,La mayor parte,NA,Sí,2021
60,No,No,No,No,No,No,NA,NA,NA,NA,NA,NA,0,NA,Falta de tiempo,No,2021
41,Sí,Sí,Sí,No,No,No,Sí,No,No,Sí,NA,NA,30,La mayor parte,NA,Sí,2021
31,Sí,No,Sí,No,No,Sí,NA,NA,No,Sí,NA,NA,40,La mayor parte,NA,Sí,2021
55,Sí,Sí,No,No,No,No,No,Sí,NA,NA,NA,NA,60,Poca,NA,No,2021
42,Sí,Sí,No,Sí,No,Sí,Sí,No,NA,NA,No,Sí,20,Toda,NA,No,2021
69,NA,NA,NA,NA,NA,NA,NA,NA,NA,NA,NA,NA,0,NA,NA,NA,2021
52,No,No,No,Sí,No,Sí,NA,NA,NA,NA,No,Sí,15,Toda,NA,No,2021
28,No,No,No,No,No,Sí,NA,NA,NA,NA,NA,NA,20,La mayor parte,NA,No,2021
23,Sí,No,Sí,No,No,Sí,NA,NA,No,Sí,NA,NA,20,Toda,NA,Sí,2021
35,Sí,Sí,Sí,No,No,No,No,Sí,No,Sí,NA,NA,30,Toda,NA,Sí,2021
83,NA,NA,NA,NA,NA,NA,NA,NA,NA,NA,NA,NA,0,NA,NA,NA,2021
27,Sí,Sí,No,No,No,Sí,No,Sí,NA,NA,NA,NA,30,La mayor parte,NA,Sí,2021
72,No,Sí,No,No,No,No,No,Sí,NA,NA,NA,NA,40,La mayor parte,NA,Sí,2021
27,Sí,Sí,Sí,Sí,No,Sí,No,Sí,No,Sí,No,Sí,30,La mayor parte,NA,No,2021
22,Sí,No,Sí,No,No,Sí,NA,NA,No,Sí,NA,NA,50,La mayor parte,NA,Sí,2021
38,Sí,No,No,No,No,Sí,NA,NA,NA,NA,NA,NA,15,Toda,NA,Sí,2021
59,Sí,Sí,No,No,Sí,Sí,No,Sí,NA,NA,NA,NA,120,Toda,NA,Sí,2021
50,Sí,No,Sí,No,Sí,No,NA,NA,Sí,No,NA,NA,30,La mayor parte,NA,Sí,2021
52,Sí,No,Sí,No,No,No,NA,NA,No,Sí,NA,NA,30,Toda,NA,No,2021
27,NA,NA,NA,NA,NA,NA,NA,NA,NA,NA,NA,NA,0,NA,NA,NA,2021
35,Sí,No,No,No,No,Sí,NA,NA,NA,NA,NA,NA,50,Toda,NA,Sí,2021
23,Sí,Sí,Sí,No,No,Sí,Sí,No,Sí,No,NA,NA,60,Toda,NA,Sí,2021
35,No,No,No,No,No,No,NA,NA,NA,NA,NA,NA,0,NA,Falta de tiempo,Sí,2021
63,Sí,Sí,No,No,No,No,No,Sí,NA,NA,NA,NA,30,La mitad,NA,No,2021
31,Sí,No,No,No,No,No,NA,NA,NA,NA,NA,NA,0,NA,Falta de tiempo,No,2021
20,Sí,Sí,No,No,Sí,Sí,Sí,No,NA,NA,NA,NA,60,La mitad,NA,No,2021
45,Sí,No,No,No,Sí,No,NA,NA,NA,NA,NA,NA,50,La mitad,NA,No,2021
73,Sí,Sí,No,No,No,No,No,Sí,NA,NA,NA,NA,60,La mitad,NA,Sí,2021
34,Sí,Sí,Sí,No,Sí,Sí,No,Sí,No,Sí,NA,NA,15,La mayor parte,NA,Sí,2021
58,No,No,No,No,No,No,NA,NA,NA,NA,NA,NA,0,NA,Falta de interés/gusto,Sí,2021
40,No,No,No,No,No,No,NA,NA,NA,NA,NA,NA,0,NA,Falta de tiempo,No,2021
72,NA,NA,NA,NA,NA,NA,NA,NA,NA,NA,NA,NA,0,NA,NA,NA,2021
54,No,No,No,No,No,No,NA,NA,NA,NA,NA,NA,0,NA,Falta de tiempo,No,2021
36,Sí,No,No,No,No,Sí,NA,NA,NA,NA,NA,NA,30,La mayor parte,NA,No recuerda,2021
37,No,No,No,No,No,Sí,NA,NA,NA,NA,NA,NA,20,La mayor parte,NA,Sí,2021
58,No,No,No,Sí,No,No,NA,NA,NA,NA,No,Sí,20,La mayor parte,NA,No,2021
53,Sí,No,Sí,No,No,Sí,NA,NA,No,Sí,NA,NA,30,La mitad,NA,No,2021
60,Sí,No,Sí,Sí,No,Sí,NA,NA,No,Sí,No,Sí,45,La mayor parte,NA,No,2021
46,Sí,Sí,Sí,Sí,No,Sí,Sí,No,No,Sí,No,Sí,20,La mayor parte,NA,No,2021
47,Sí,Sí,No,Sí,No,No,No,Sí,NA,NA,No,Sí,30,La mayor parte,NA,Sí,2021
42,Sí,Sí,No,Sí,No,Sí,No,Sí,NA,NA,Sí,No,60,La mayor parte,NA,Sí,2021
25,Sí,No,Sí,No,No,Sí,NA,NA,Sí,No,NA,NA,10,La mayor parte,NA,Sí,2021
51,NA,NA,NA,NA,NA,NA,NA,NA,NA,NA,NA,NA,0,NA,NA,NA,2021
36,Sí,Sí,Sí,Sí,No,Sí,No,Sí,No,Sí,No,Sí,20,La mitad,NA,No,2021
56,No,No,No,No,No,No,NA,NA,NA,NA,NA,NA,0,NA,Falta de tiempo,No,2021
49,Sí,Sí,No,Sí,No,No,No,Sí,NA,NA,No,Sí,30,La mitad,NA,No,2021
72,Sí,Sí,No,No,No,No,No,Sí,NA,NA,NA,NA,60,Toda,NA,No,2021
34,Sí,No,Sí,Sí,No,No,NA,NA,No,Sí,No,Sí,20,Toda,NA,No,2021
49,Sí,No,No,No,No,No,NA,NA,NA,NA,NA,NA,0,NA,Falta de tiempo,No,2021
32,Sí,Sí,No,No,No,Sí,No,Sí,NA,NA,NA,NA,15,La mitad,NA,No,2021
23,No,No,No,No,No,Sí,NA,NA,NA,NA,NA,NA,30,Poca,NA,Sí,2021
57,Sí,Sí,No,No,No,Sí,No,Sí,NA,NA,NA,NA,30,La mayor parte,NA,No,2021
22,No,No,No,No,No,Sí,NA,NA,NA,NA,NA,NA,20,La mayor parte,NA,Sí,2021
42,Sí,Sí,No,Sí,No,No,No,Sí,NA,NA,No,Sí,60,Toda,NA,Sí,2021
85,Sí,No,Sí,Sí,No,No,NA,NA,No,Sí,No,Sí,10,La mayor parte,NA,Sí,2021
24,Sí,Sí,No,No,No,Sí,No,Sí,NA,NA,NA,NA,60,La mayor parte,NA,Sí,2021
58,Sí,Sí,Sí,Sí,No,Sí,No,Sí,No,Sí,No,Sí,180,Toda,NA,No,2021
47,Sí,Sí,Sí,Sí,No,Sí,No,Sí,No,Sí,Sí,No,30,La mayor parte,NA,Sí,2021
51,Sí,Sí,No,Sí,No,Sí,No,Sí,NA,NA,Sí,No,60,La mayor parte,NA,Sí,2021
39,Sí,Sí,No,No,No,Sí,No,Sí,NA,NA,NA,NA,30,La mitad,NA,Sí,2021
26,Sí,Sí,Sí,No,No,Sí,Sí,No,Sí,No,NA,NA,20,La mayor parte,NA,Sí,2021
68,Sí,Sí,No,Sí,No,Sí,Sí,No,NA,NA,Sí,No,180,Toda,NA,Sí,2021
49,Sí,No,Sí,No,No,Sí,NA,NA,Sí,Sí,NA,NA,40,La mayor parte,NA,Sí,2021
23,Sí,No,Sí,No,Sí,Sí,NA,NA,Sí,No,NA,NA,180,Poca,NA,Sí,2021
30,Sí,No,No,Sí,No,No,NA,NA,NA,NA,No,Sí,15,La mayor parte,NA,Sí,2021
47,No,No,No,Sí,No,No,NA,NA,NA,NA,No,Sí,10,La mayor parte,NA,Sí,2021
22,Sí,Sí,Sí,No,No,Sí,Sí,No,Sí,No,NA,NA,45,Toda,NA,Sí,2021
33,Sí,Sí,No,No,No,Sí,Sí,No,NA,NA,NA,NA,40,La mayor parte,NA,Sí,2021
61,Sí,Sí,No,Sí,No,No,No,Sí,NA,NA,No,Sí,25,La mitad,NA,Sí,2021
73,Sí,Sí,Sí,Sí,No,No,No,Sí,No,Sí,No,Sí,60,La mayor parte,NA,Sí,2021
37,Sí,Sí,No,Sí,No,Sí,No,Sí,NA,NA,Sí,No,40,Toda,NA,Sí,2021
30,Sí,No,No,No,No,Sí,NA,NA,NA,NA,NA,NA,10,La mayor parte,NA,Sí,2021
28,Sí,Sí,No,No,No,No,No,Sí,NA,NA,NA,NA,30,La mayor parte,NA,Sí,2021
72,Sí,No,No,Sí,No,No,NA,NA,NA,NA,No,Sí,30,La mayor parte,NA,Sí,2021
27,Sí,Sí,No,No,No,Sí,No,Sí,NA,NA,NA,NA,30,La mayor parte,NA,Sí,2021
69,Sí,Sí,Sí,No,No,No,No,Sí,No,Sí,NA,NA,20,La mayor parte,NA,Sí,2021
55,Sí,Sí,No,Sí,No,No,No,Sí,NA,NA,No,Sí,20,La mayor parte,NA,Sí,2021
53,Sí,No,Sí,No,No,Sí,NA,NA,No,Sí,NA,NA,10,La mitad,NA,No,2021
46,Sí,Sí,No,Sí,No,Sí,No,Sí,NA,NA,Sí,No,60,La mayor parte,NA,Sí,2021
33,Sí,Sí,No,Sí,No,Sí,No,Sí,NA,NA,Sí,No,60,Toda,NA,Sí,2021
57,Sí,No,No,Sí,No,No,NA,NA,NA,NA,No,Sí,20,La mitad,NA,Sí,2021
29,Sí,Sí,No,No,No,Sí,No,Sí,NA,NA,NA,NA,25,La mayor parte,NA,Sí,2021
46,Sí,Sí,No,Sí,No,Sí,Sí,No,NA,NA,No,Sí,60,La mayor parte,NA,No recuerda,2021
48,Sí,No,No,Sí,No,No,NA,NA,NA,NA,No,Sí,30,La mayor parte,NA,Sí,2021
61,Sí,No,No,No,No,No,NA,NA,NA,NA,NA,NA,0,NA,Falta de tiempo,Sí,2021
74,Sí,Sí,No,Sí,No,No,No,Sí,NA,NA,No,Sí,30,La mitad,NA,Sí,2021
88,No,No,No,No,No,No,NA,NA,NA,NA,NA,NA,0,NA,Problemas de salud,Sí,2021
18,No,Sí,Sí,No,Sí,No,No,Sí,No,Sí,NA,NA,60,Toda,NA,Sí,2021
24,Sí,Sí,No,No,No,No,No,Sí,NA,NA,NA,NA,60,La mayor parte,NA,Sí,2021
26,Sí,No,No,No,No,Sí,NA,NA,NA,NA,NA,NA,20,La mayor parte,NA,Sí,2021
41,No,No,No,No,No,Sí,NA,NA,NA,NA,NA,NA,30,La mayor parte,NA,Sí,2021
69,Sí,Sí,No,No,No,Sí,No,Sí,NA,NA,NA,NA,60,La mayor parte,NA,Sí,2021
69,Sí,Sí,No,No,No,No,No,Sí,NA,NA,NA,NA,120,La mayor parte,NA,No,2021
63,Sí,Sí,Sí,Sí,No,Sí,No,Sí,No,Sí,No,Sí,60,La mayor parte,NA,Sí,2021
34,No,No,No,No,No,No,NA,NA,NA,NA,NA,NA,0,NA,Falta de interés/gusto,Sí,2021
18,No,No,No,No,No,No,NA,NA,NA,NA,NA,NA,0,NA,Falta de tiempo,No,2021
56,Sí,Sí,No,No,No,No,Sí,No,NA,NA,NA,NA,120,La mayor parte,NA,No,2021
46,No,No,No,No,No,No,NA,NA,NA,NA,NA,NA,0,NA,Falta de tiempo,No,2021
27,Sí,No,No,No,No,Sí,NA,NA,NA,NA,NA,NA,60,La mayor parte,NA,Sí,2021
43,No,No,No,No,No,No,NA,NA,NA,NA,NA,NA,0,NA,Falta de tiempo,No,2021
37,Sí,No,Sí,No,No,Sí,NA,NA,Sí,No,NA,NA,10,La mayor parte,NA,No,2021
34,Sí,No,Sí,Sí,No,Sí,NA,NA,No,Sí,No,Sí,10,La mayor parte,NA,No,2021
19,Sí,Sí,No,No,Sí,Sí,No,Sí,NA,NA,NA,NA,60,La mayor parte,NA,Sí,2021
45,Sí,No,Sí,Sí,Sí,Sí,NA,NA,Sí,No,Sí,No,60,Toda,NA,Sí,2021
81,Sí,Sí,No,No,No,No,No,Sí,NA,NA,NA,NA,10,Poca,NA,Sí,2021
67,No,No,No,No,No,Sí,NA,NA,NA,NA,NA,NA,20,La mayor parte,NA,No recuerda,2021
27,Sí,No,No,Sí,No,No,NA,NA,NA,NA,No,Sí,30,Toda,NA,Sí,2021
74,Sí,No,No,Sí,No,No,NA,NA,NA,NA,No,Sí,60,La mayor parte,NA,No,2021
29,Sí,Sí,No,Sí,Sí,Sí,No,Sí,NA,NA,No,Sí,30,La mitad,NA,Sí,2021
41,No,No,No,No,No,No,NA,NA,NA,NA,NA,NA,0,NA,Falta de tiempo,No,2021
20,Sí,No,No,Sí,Sí,No,NA,NA,NA,NA,No,Sí,60,La mitad,NA,Sí,2021
81,Sí,Sí,No,No,No,No,No,Sí,NA,NA,NA,NA,120,Toda,NA,No,2021
42,Sí,Sí,Sí,Sí,Sí,Sí,No,Sí,No,Sí,No,Sí,30,Toda,NA,Sí,2021
29,No,No,No,Sí,No,Sí,NA,NA,NA,NA,No,Sí,10,La mayor parte,NA,Sí,2021
65,Sí,Sí,Sí,Sí,No,No,No,Sí,No,Sí,Sí,No,210,La mayor parte,NA,Sí,2021
38,Sí,Sí,No,Sí,No,Sí,No,Sí,NA,NA,Sí,Sí,60,La mayor parte,NA,No,2021
27,Sí,No,No,No,No,Sí,NA,NA,NA,NA,NA,NA,10,La mitad,NA,No,2021
43,Sí,Sí,Sí,Sí,Sí,Sí,No,Sí,No,Sí,No,Sí,60,La mayor parte,NA,Sí,2021
19,No,No,Sí,No,No,Sí,NA,NA,Sí,Sí,NA,NA,30,La mayor parte,NA,No,2021
24,Sí,Sí,No,No,No,Sí,Sí,Sí,NA,NA,NA,NA,30,Toda,NA,No,2021
41,Sí,Sí,Sí,Sí,Sí,Sí,Sí,No,Sí,No,No,Sí,10,Toda,NA,No recuerda,2021
71,Sí,No,No,Sí,No,No,NA,NA,NA,NA,No,Sí,60,La mayor parte,NA,No,2021
40,Sí,No,Sí,Sí,Sí,Sí,NA,NA,Sí,No,Sí,No,30,Toda,NA,Sí,2021
19,No,Sí,Sí,Sí,Sí,Sí,No,Sí,Sí,No,No,Sí,50,La mitad,NA,Sí,2021
59,Sí,Sí,Sí,No,No,Sí,No,Sí,Sí,No,NA,NA,240,Toda,NA,Sí,2021
24,Sí,Sí,Sí,No,No,No,No,Sí,No,Sí,NA,NA,25,La mayor parte,NA,Sí,2021
25,Sí,Sí,Sí,Sí,Sí,Sí,No,Sí,No,Sí,No,Sí,60,La mayor parte,NA,Sí,2021
50,Sí,No,Sí,Sí,No,Sí,NA,NA,No,Sí,No,Sí,60,Toda,NA,Sí,2021
26,Sí,Sí,Sí,No,No,No,Sí,No,No,Sí,NA,NA,15,La mayor parte,NA,Sí,2021
24,Sí,Sí,No,No,Sí,Sí,No,Sí,NA,NA,NA,NA,60,La mayor parte,NA,Sí,2021
44,No,No,No,No,No,No,NA,NA,NA,NA,NA,NA,0,NA,Falta de interés/gusto,Sí,2021
63,Sí,Sí,Sí,No,No,Sí,No,Sí,No,Sí,NA,NA,60,La mitad,NA,Sí,2021
27,Sí,Sí,No,No,No,Sí,Sí,Sí,NA,NA,NA,NA,20,La mayor parte,NA,Sí,2021
57,Sí,Sí,No,Sí,No,No,No,Sí,NA,NA,No,Sí,60,La mayor parte,NA,No,2021
57,Sí,Sí,Sí,No,No,Sí,No,Sí,No,Sí,NA,NA,20,La mayor parte,NA,Sí,2021
38,Sí,No,No,Sí,Sí,Sí,NA,NA,NA,NA,No,Sí,40,La mayor parte,NA,Sí,2021
65,NA,NA,NA,NA,NA,NA,NA,NA,NA,NA,NA,NA,0,NA,NA,NA,2021
21,No,No,No,No,No,No,NA,NA,NA,NA,NA,NA,0,NA,Falta de interés/gusto,Sí,2021
34,No,No,No,No,No,No,NA,NA,NA,NA,NA,NA,0,NA,Prefiere otras actividades,Sí,2021
40,No,No,No,No,No,No,NA,NA,NA,NA,NA,NA,0,NA,Falta de tiempo,No,2021
41,Sí,Sí,Sí,Sí,No,No,No,Sí,No,Sí,No,Sí,120,La mayor parte,NA,Sí,2021
39,No,No,No,No,No,No,NA,NA,NA,NA,NA,NA,0,NA,Falta de tiempo,No,2021
46,Sí,Sí,Sí,Sí,No,No,No,Sí,No,Sí,No,Sí,15,Poca,NA,No,2021
45,Sí,Sí,No,Sí,No,No,Sí,No,NA,NA,No,Sí,30,La mitad,NA,No,2021
42,Sí,No,Sí,No,No,Sí,NA,NA,Sí,Sí,NA,NA,5,La mitad,NA,Sí,2021
21,Sí,Sí,No,No,No,Sí,Sí,No,NA,NA,NA,NA,60,La mayor parte,NA,Sí,2021
35,Sí,Sí,No,No,No,No,No,Sí,NA,NA,NA,NA,60,La mayor parte,NA,No,2021
67,Sí,Sí,Sí,No,No,No,No,Sí,No,Sí,NA,NA,60,Poca,NA,No,2021
46,Sí,No,No,Sí,No,No,NA,NA,NA,NA,Sí,No,30,Toda,NA,No,2021
65,No,No,No,No,No,No,NA,NA,NA,NA,NA,NA,0,NA,Prefiere otras actividades,No,2021
67,Sí,Sí,Sí,No,No,Sí,Sí,No,Sí,No,NA,NA,120,Toda,NA,Sí,2021
43,Sí,Sí,Sí,Sí,No,Sí,Sí,No,Sí,No,Sí,No,30,La mayor parte,NA,Sí,2021
49,No,No,No,No,No,No,NA,NA,NA,NA,NA,NA,0,NA,Falta de tiempo,Sí,2021
54,No,No,No,No,No,No,NA,NA,NA,NA,NA,NA,0,NA,Falta de interés/gusto,No,2021
55,No,Sí,No,No,No,No,Sí,No,NA,NA,NA,NA,30,La mayor parte,NA,No,2021
32,No,No,No,Sí,No,No,NA,NA,NA,NA,No,Sí,10,Toda,NA,Sí,2021
26,No,No,No,No,No,Sí,NA,NA,NA,NA,NA,NA,20,Toda,NA,Sí,2021
38,Sí,No,No,No,No,Sí,NA,NA,NA,NA,NA,NA,30,La mayor parte,NA,No,2021
32,Sí,No,No,No,No,Sí,NA,NA,NA,NA,NA,NA,45,La mitad,NA,No,2021
53,No,No,No,No,No,No,NA,NA,NA,NA,NA,NA,0,NA,Falta de interés/gusto,No,2021
63,Sí,Sí,No,No,No,No,No,Sí,NA,NA,NA,NA,60,La mitad,NA,Sí,2021
40,Sí,Sí,No,No,Sí,No,Sí,No,NA,NA,NA,NA,30,La mayor parte,NA,No,2021
71,Sí,Sí,No,No,No,No,No,Sí,NA,NA,NA,NA,15,La mayor parte,NA,No,2021
48,No,No,No,No,No,Sí,NA,NA,NA,NA,NA,NA,40,La mayor parte,NA,Sí,2021
27,Sí,No,No,No,No,Sí,NA,NA,NA,NA,NA,NA,60,La mitad,NA,Sí,2021
69,No,No,No,No,No,No,NA,NA,NA,NA,NA,NA,0,NA,Prefiere otras actividades,No,2021
59,No,No,No,No,No,No,NA,NA,NA,NA,NA,NA,0,NA,Falta de interés/gusto,No,2021
50,Sí,No,Sí,Sí,Sí,Sí,NA,NA,Sí,No,Sí,No,15,Toda,NA,Sí,2021
34,No,Sí,No,No,No,Sí,Sí,No,NA,NA,NA,NA,30,Toda,NA,Sí,2021
19,No,Sí,No,No,No,Sí,No,Sí,NA,NA,NA,NA,30,La mayor parte,NA,No,2021
31,No,No,No,No,No,No,NA,NA,NA,NA,NA,NA,0,NA,Falta de tiempo,No,2021
35,Sí,Sí,No,No,No,Sí,No,Sí,NA,NA,NA,NA,120,La mayor parte,NA,Sí,2021
18,Sí,Sí,No,No,No,Sí,Sí,No,NA,NA,NA,NA,60,Toda,NA,Sí,2021
24,Sí,No,No,Sí,No,Sí,NA,NA,NA,NA,No,Sí,10,Poca,NA,Sí,2021
53,Sí,No,No,Sí,No,No,NA,NA,NA,NA,No,Sí,6,La mitad,NA,Sí,2021
52,Sí,Sí,Sí,Sí,Sí,Sí,No,Sí,No,Sí,No,Sí,30,La mayor parte,NA,Sí,2021
44,Sí,No,No,No,No,Sí,NA,NA,NA,NA,NA,NA,30,Poca,NA,No,2021
29,Sí,Sí,No,No,No,Sí,No,Sí,NA,NA,NA,NA,30,La mayor parte,NA,Sí,2021
56,No,No,No,No,No,No,NA,NA,NA,NA,NA,NA,0,NA,Falta de interés/gusto,No,2021
27,No,No,No,No,No,Sí,NA,NA,NA,NA,NA,NA,10,La mayor parte,NA,Sí,2021
51,No,No,No,No,No,Sí,NA,NA,NA,NA,NA,NA,20,La mayor parte,NA,Sí,2022
73,No,No,No,No,No,No,NA,NA,NA,NA,NA,NA,0,NA,Falta de interés/gusto,Sí,2022
52,No,No,No,No,No,Sí,NA,NA,NA,NA,NA,NA,15,La mayor parte,NA,Sí,2022
35,No,No,No,No,No,Sí,NA,NA,NA,NA,NA,NA,20,La mayor parte,NA,No,2022
28,No,No,No,No,No,Sí,NA,NA,NA,NA,NA,NA,20,La mayor parte,NA,Sí,2022
41,Sí,No,No,No,No,No,NA,NA,NA,NA,NA,NA,0,NA,Falta de interés/gusto,Sí,2022
44,No,No,No,No,No,No,NA,NA,NA,NA,NA,NA,0,NA,Falta de tiempo,Sí,2022
69,No,No,No,No,No,No,NA,NA,NA,NA,NA,NA,0,NA,Problemas de salud,No,2022
45,Sí,Sí,Sí,Sí,No,Sí,No,Sí,No,Sí,No,Sí,20,Toda,NA,Sí,2022
23,Sí,No,No,No,No,Sí,NA,NA,NA,NA,NA,NA,60,La mayor parte,NA,Sí,2022
47,Sí,Sí,No,No,No,Sí,No,Sí,NA,NA,NA,NA,20,La mayor parte,NA,Sí,2022
20,Sí,Sí,No,No,No,Sí,Sí,No,NA,NA,NA,NA,30,La mayor parte,NA,Sí,2022
45,Sí,No,No,Sí,No,Sí,NA,NA,NA,NA,No,Sí,40,Toda,NA,Sí,2022
42,No,No,No,No,No,No,NA,NA,NA,NA,NA,NA,0,NA,Falta de tiempo,Sí,2022
39,Sí,No,No,Sí,No,Sí,NA,NA,NA,NA,No,Sí,40,Toda,NA,Sí,2022
70,Sí,Sí,Sí,No,No,Sí,No,Sí,No,Sí,NA,NA,90,Toda,NA,Sí,2022
29,No,No,No,No,No,Sí,NA,NA,NA,NA,NA,NA,20,La mayor parte,NA,Sí,2022
54,No,No,No,No,No,No,NA,NA,NA,NA,NA,NA,0,NA,Falta de tiempo,Sí,2022
37,No,No,No,No,No,Sí,NA,NA,NA,NA,NA,NA,15,La mayor parte,NA,Sí,2022
53,Sí,Sí,No,No,No,Sí,Sí,No,NA,NA,NA,NA,30,La mayor parte,NA,Sí,2022
55,No,No,No,No,No,Sí,NA,NA,NA,NA,NA,NA,20,La mayor parte,NA,Sí,2022
46,No,No,No,No,No,No,NA,NA,NA,NA,NA,NA,0,NA,Falta de tiempo,Sí,2022
32,No,No,No,No,No,No,NA,NA,NA,NA,NA,NA,0,NA,Falta de tiempo,Sí,2022
38,No,No,No,No,No,Sí,NA,NA,NA,NA,NA,NA,15,La mayor parte,NA,Sí,2022
40,Sí,Sí,No,No,No,Sí,Sí,No,NA,NA,NA,NA,50,La mayor parte,NA,Sí,2022
21,Sí,Sí,No,No,No,Sí,Sí,No,NA,NA,NA,NA,30,La mayor parte,NA,Sí,2022
51,Sí,Sí,No,No,No,Sí,Sí,No,NA,NA,NA,NA,30,La mayor parte,NA,Sí,2022
26,Sí,Sí,No,No,No,Sí,No,Sí,NA,NA,NA,NA,20,La mayor parte,NA,Sí,2022
55,No,No,No,No,No,No,NA,NA,NA,NA,NA,NA,0,NA,Falta de tiempo,Sí,2022
76,No,No,No,No,No,No,NA,NA,NA,NA,NA,NA,0,NA,Problemas de salud,Sí,2022
29,No,No,No,No,No,Sí,NA,NA,NA,NA,NA,NA,15,La mayor parte,NA,Sí,2022
44,Sí,No,No,Sí,No,No,NA,NA,NA,NA,No,Sí,45,La mayor parte,NA,Sí,2022
42,Sí,Sí,No,No,No,Sí,Sí,No,NA,NA,NA,NA,120,La mayor parte,NA,Sí,2022
59,Sí,Sí,No,No,No,No,Sí,No,NA,NA,NA,NA,25,La mayor parte,NA,Sí,2022
36,No,No,No,No,No,Sí,NA,NA,NA,NA,NA,NA,15,La mitad,NA,No,2022
42,No,No,No,No,No,Sí,NA,NA,NA,NA,NA,NA,15,La mitad,NA,Sí,2022
32,Sí,No,Sí,Sí,No,Sí,NA,NA,No,Sí,Sí,No,30,Toda,NA,Sí,2022
32,No,No,No,No,No,Sí,NA,NA,NA,NA,NA,NA,20,La mitad,NA,Sí,2022
49,No,No,No,Sí,No,No,NA,NA,NA,NA,No,Sí,15,La mitad,NA,Sí,2022
49,No,No,No,No,No,No,NA,NA,NA,NA,NA,NA,0,NA,Falta de tiempo,No,2022
50,No,No,No,No,No,No,NA,NA,NA,NA,NA,NA,0,NA,Falta de interés/gusto,Sí,2022
34,No,No,No,Sí,No,Sí,NA,NA,NA,NA,No,Sí,20,La mayor parte,NA,Sí,2022
37,No,No,No,No,No,Sí,NA,NA,NA,NA,NA,NA,20,La mayor parte,NA,Sí,2022
52,No,No,No,Sí,No,Sí,NA,NA,NA,NA,Sí,No,20,La mayor parte,NA,Sí,2022
51,No,No,No,No,No,No,NA,NA,NA,NA,NA,NA,0,NA,Falta de tiempo,Sí,2022
35,No,No,No,No,No,Sí,NA,NA,NA,NA,NA,NA,15,La mayor parte,NA,Sí,2022
55,No,No,No,No,No,No,NA,NA,NA,NA,NA,NA,0,NA,Falta de tiempo,No,2022
48,NA,NA,NA,NA,NA,NA,NA,NA,NA,NA,NA,NA,0,NA,NA,NA,2022
34,Sí,No,Sí,Sí,No,Sí,NA,NA,No,Sí,No,Sí,25,Toda,NA,No,2022
35,No,Sí,No,Sí,No,Sí,Sí,No,NA,NA,No,Sí,15,La mayor parte,NA,Sí,2022
22,Sí,Sí,No,Sí,Sí,Sí,Sí,No,NA,NA,No,Sí,60,Toda,NA,Sí,2022
51,No,No,No,No,No,Sí,NA,NA,NA,NA,NA,NA,20,La mitad,NA,No recuerda,2022
25,Sí,No,Sí,Sí,No,Sí,NA,NA,No,Sí,Sí,No,60,La mayor parte,NA,Sí,2022
21,Sí,No,No,No,Sí,No,NA,NA,NA,NA,NA,NA,20,La mayor parte,NA,Sí,2022
27,Sí,Sí,Sí,No,No,Sí,Sí,No,Sí,No,NA,NA,25,Toda,NA,No,2022
28,Sí,Sí,No,No,No,Sí,Sí,No,NA,NA,NA,NA,30,La mitad,NA,Sí,2022
23,Sí,Sí,Sí,No,No,No,No,Sí,No,Sí,NA,NA,30,La mayor parte,NA,Sí,2022
49,Sí,Sí,No,No,No,Sí,Sí,No,NA,NA,NA,NA,30,La mitad,NA,No,2022
57,Sí,No,No,No,No,No,NA,NA,NA,NA,NA,NA,0,NA,Falta de interés/gusto,No,2022
36,No,No,No,No,No,No,NA,NA,NA,NA,NA,NA,0,NA,Falta de tiempo,No,2022
24,No,No,No,No,No,Sí,NA,NA,NA,NA,NA,NA,10,La mayor parte,NA,No,2022
45,Sí,No,No,No,No,No,NA,NA,NA,NA,NA,NA,0,NA,Falta de tiempo,Sí,2022
38,Sí,Sí,No,No,No,Sí,Sí,No,NA,NA,NA,NA,60,La mayor parte,NA,No,2022
37,Sí,Sí,Sí,No,Sí,Sí,No,Sí,No,Sí,NA,NA,15,La mayor parte,NA,Sí,2022
69,Sí,Sí,Sí,No,No,Sí,Sí,No,No,Sí,NA,NA,90,La mayor parte,NA,Sí,2022
27,Sí,Sí,Sí,Sí,No,Sí,No,Sí,No,Sí,No,Sí,40,La mayor parte,NA,Sí,2022
45,Sí,Sí,Sí,Sí,No,No,No,Sí,No,Sí,No,Sí,30,La mitad,NA,Sí,2022
72,No,No,No,No,No,No,NA,NA,NA,NA,NA,NA,0,NA,Otro,No recuerda,2022
37,No,No,Sí,No,No,Sí,NA,NA,No,Sí,NA,NA,7,La mitad,NA,No,2022
34,Sí,Sí,Sí,No,No,Sí,No,Sí,No,Sí,NA,NA,20,Toda,NA,Sí,2022
22,Sí,Sí,No,No,No,Sí,No,Sí,NA,NA,NA,NA,30,Toda,NA,No,2022
29,Sí,Sí,Sí,No,No,No,No,Sí,No,Sí,NA,NA,30,Toda,NA,Sí,2022
22,Sí,No,Sí,No,No,Sí,NA,NA,No,Sí,NA,NA,10,Toda,NA,Sí,2022
46,No,No,No,No,No,No,NA,NA,NA,NA,NA,NA,0,NA,Falta de tiempo,Sí,2022
42,Sí,No,Sí,No,No,No,NA,NA,No,Sí,NA,NA,30,La mayor parte,NA,Sí,2022
68,Sí,Sí,No,No,No,Sí,No,Sí,NA,NA,NA,NA,45,La mayor parte,NA,Sí,2022
28,Sí,Sí,No,No,Sí,Sí,No,Sí,NA,NA,NA,NA,30,La mayor parte,NA,Sí,2022
26,No,No,Sí,No,No,No,NA,NA,No,Sí,NA,NA,15,La mayor parte,NA,Sí,2022
88,No,No,No,No,No,No,NA,NA,NA,NA,NA,NA,0,NA,Problemas de salud,No,2022
24,Sí,Sí,No,No,Sí,Sí,No,Sí,NA,NA,NA,NA,60,La mayor parte,NA,Sí,2022
42,No,No,Sí,No,No,No,NA,NA,No,Sí,NA,NA,15,La mayor parte,NA,No,2022
25,No,No,No,No,No,No,NA,NA,NA,NA,NA,NA,0,NA,Falta de tiempo,No,2022
34,No,No,No,No,No,Sí,NA,NA,NA,NA,NA,NA,15,Toda,NA,Sí,2022
60,Sí,No,No,No,No,Sí,NA,NA,NA,NA,NA,NA,60,La mayor parte,NA,Sí,2022
36,Sí,Sí,Sí,No,No,Sí,No,Sí,No,Sí,NA,NA,30,La mayor parte,NA,Sí,2022
36,No,No,No,No,No,Sí,NA,NA,NA,NA,NA,NA,30,La mayor parte,NA,No,2022
28,Sí,Sí,No,No,No,Sí,No,Sí,NA,NA,NA,NA,40,Toda,NA,Sí,2022
81,No,No,No,No,No,No,NA,NA,NA,NA,NA,NA,0,NA,Problemas de salud,No,2022
43,Sí,Sí,No,No,No,Sí,No,Sí,NA,NA,NA,NA,20,La mayor parte,NA,No,2022
57,Sí,Sí,No,No,No,No,No,Sí,NA,NA,NA,NA,20,La mayor parte,NA,No,2022
53,Sí,Sí,Sí,No,No,No,No,Sí,No,Sí,NA,NA,40,Toda,NA,Sí,2022
71,No,No,Sí,No,No,No,NA,NA,No,Sí,NA,NA,20,La mayor parte,NA,Sí,2022
40,Sí,Sí,No,No,No,Sí,No,Sí,NA,NA,NA,NA,30,Toda,NA,No,2022
69,Sí,Sí,Sí,No,No,No,No,Sí,No,Sí,NA,NA,50,La mayor parte,NA,No recuerda,2022
36,No,No,No,No,No,Sí,NA,NA,NA,NA,NA,NA,60,La mayor parte,NA,Sí,2022
50,No,Sí,No,No,No,No,No,Sí,NA,NA,NA,NA,30,Toda,NA,Sí,2022
76,No,No,No,No,No,No,NA,NA,NA,NA,NA,NA,0,NA,Problemas de salud,No,2022
21,Sí,Sí,No,No,No,Sí,No,Sí,NA,NA,NA,NA,60,La mayor parte,NA,Sí,2022
73,No,No,No,No,No,No,NA,NA,NA,NA,NA,NA,0,NA,Problemas de salud,No,2022
21,Sí,Sí,No,No,No,Sí,No,Sí,NA,NA,NA,NA,20,La mayor parte,NA,Sí,2022
56,No,No,No,No,No,No,NA,NA,NA,NA,NA,NA,0,NA,Problemas de salud,No,2022
53,Sí,No,Sí,No,No,No,NA,NA,No,Sí,NA,NA,15,La mayor parte,NA,No,2022
30,No,No,No,No,No,No,NA,NA,NA,NA,NA,NA,0,NA,Falta de interés/gusto,No,2022
22,Sí,Sí,No,No,No,Sí,No,Sí,NA,NA,NA,NA,45,Toda,NA,No,2022
33,No,No,No,No,No,No,NA,NA,NA,NA,NA,NA,0,NA,Falta de tiempo,No,2022
25,Sí,Sí,No,No,No,Sí,Sí,No,NA,NA,NA,NA,35,Toda,NA,Sí,2022
74,Sí,Sí,No,No,No,No,No,Sí,NA,NA,NA,NA,35,La mayor parte,NA,No,2022
25,Sí,Sí,No,No,No,No,No,Sí,NA,NA,NA,NA,40,Toda,NA,Sí,2022
31,No,No,No,No,No,Sí,NA,NA,NA,NA,NA,NA,30,La mayor parte,NA,No,2022
26,Sí,No,Sí,No,No,Sí,NA,NA,No,Sí,NA,NA,40,La mayor parte,NA,Sí,2022
30,Sí,No,Sí,Sí,No,Sí,NA,NA,No,Sí,No,Sí,10,La mayor parte,NA,No,2022
38,Sí,Sí,Sí,Sí,No,Sí,No,Sí,Sí,No,Sí,No,40,La mayor parte,NA,Sí,2022
41,Sí,No,No,No,No,Sí,NA,NA,NA,NA,NA,NA,20,La mayor parte,NA,No,2022
36,Sí,No,Sí,No,No,No,NA,NA,No,Sí,NA,NA,20,La mayor parte,NA,No,2022
53,Sí,Sí,Sí,Sí,No,No,No,Sí,No,Sí,No,Sí,45,La mayor parte,NA,Sí,2022
52,Sí,No,Sí,No,No,No,NA,NA,No,Sí,NA,NA,20,La mayor parte,NA,No,2022
46,Sí,Sí,Sí,No,No,Sí,Sí,No,No,Sí,NA,NA,35,Toda,NA,No,2022
36,Sí,Sí,Sí,No,No,No,No,Sí,No,Sí,NA,NA,40,La mayor parte,NA,Sí,2022
29,Sí,Sí,Sí,No,No,No,No,Sí,No,Sí,NA,NA,40,Toda,NA,Sí,2022
71,Sí,No,No,Sí,No,No,NA,NA,NA,NA,No,Sí,20,La mayor parte,NA,Sí,2022
45,Sí,Sí,No,No,No,No,No,Sí,NA,NA,NA,NA,40,Toda,NA,Sí,2022
27,Sí,Sí,No,No,No,Sí,No,Sí,NA,NA,NA,NA,45,La mayor parte,NA,Sí,2022
44,No,No,No,No,No,No,NA,NA,NA,NA,NA,NA,0,NA,Falta de tiempo,No,2022
18,Sí,No,Sí,Sí,No,No,NA,NA,No,Sí,No,Sí,60,La mayor parte,NA,No,2022
35,Sí,Sí,No,No,No,No,No,Sí,NA,NA,NA,NA,60,La mitad,NA,Sí,2022
31,Sí,No,Sí,No,No,No,NA,NA,No,Sí,NA,NA,30,La mitad,NA,Sí,2022
43,No,No,No,No,No,No,NA,NA,NA,NA,NA,NA,0,NA,Falta de tiempo,Sí,2022
24,No,No,No,No,No,Sí,NA,NA,NA,NA,NA,NA,5,La mayor parte,NA,Sí,2022
51,Sí,Sí,Sí,Sí,No,Sí,No,Sí,No,Sí,No,Sí,30,La mayor parte,NA,Sí,2022
62,Sí,Sí,No,No,No,No,No,Sí,NA,NA,NA,NA,30,La mitad,NA,No,2022
54,Sí,No,No,Sí,No,Sí,NA,NA,NA,NA,No,Sí,15,Toda,NA,Sí,2022
79,Sí,Sí,Sí,Sí,No,No,No,Sí,No,Sí,No,Sí,60,Toda,NA,No,2022
40,Sí,Sí,No,Sí,No,Sí,Sí,No,NA,NA,Sí,No,60,Toda,NA,Sí,2022
38,No,No,No,No,No,Sí,NA,NA,NA,NA,NA,NA,20,Toda,NA,Sí,2022
35,Sí,Sí,Sí,Sí,Sí,Sí,No,Sí,Sí,No,No,Sí,240,Toda,NA,Sí,2022
66,Sí,Sí,No,No,No,Sí,Sí,No,NA,NA,NA,NA,90,La mayor parte,NA,No,2022
55,Sí,Sí,No,Sí,No,No,No,Sí,NA,NA,No,Sí,30,La mitad,NA,No,2022
69,Sí,No,Sí,Sí,No,Sí,NA,NA,No,Sí,No,Sí,60,La mayor parte,NA,No,2022
46,No,No,No,No,No,No,NA,NA,NA,NA,NA,NA,0,NA,Falta de interés/gusto,No,2022
70,Sí,Sí,Sí,No,No,No,No,Sí,No,Sí,NA,NA,60,Toda,NA,Sí,2022
40,Sí,No,Sí,No,No,Sí,NA,NA,No,Sí,NA,NA,30,La mitad,NA,Sí,2022
64,Sí,No,Sí,No,No,Sí,NA,NA,No,Sí,NA,NA,30,La mitad,NA,Sí,2022
53,Sí,Sí,Sí,Sí,No,No,No,Sí,No,Sí,No,Sí,60,Toda,NA,Sí,2022
40,Sí,Sí,No,No,No,Sí,No,Sí,NA,NA,NA,NA,80,La mayor parte,NA,Sí,2022
36,Sí,Sí,No,No,No,Sí,Sí,No,NA,NA,NA,NA,20,Toda,NA,Sí,2022
88,NA,NA,NA,NA,NA,NA,NA,NA,NA,NA,NA,NA,0,NA,NA,NA,2022
23,Sí,Sí,Sí,No,Sí,Sí,Sí,No,Sí,No,NA,NA,50,Toda,NA,Sí,2022
78,Sí,No,No,No,No,No,NA,NA,NA,NA,NA,NA,0,NA,Falta de tiempo,No,2022
54,Sí,No,Sí,Sí,No,Sí,NA,NA,Sí,No,Sí,No,30,Toda,NA,Sí,2022
40,No,No,No,Sí,No,No,NA,NA,NA,NA,Sí,No,15,Poca,NA,Sí,2022
30,Sí,Sí,Sí,No,No,No,No,Sí,Sí,Sí,NA,NA,40,La mitad,NA,Sí,2022
32,No,No,No,Sí,No,No,NA,NA,NA,NA,No,Sí,15,La mayor parte,NA,No,2022
56,No,No,No,No,No,Sí,NA,NA,NA,NA,NA,NA,20,La mayor parte,NA,No,2022
22,Sí,No,No,Sí,No,Sí,NA,NA,NA,NA,Sí,No,60,La mayor parte,NA,Sí,2022
82,Sí,Sí,No,Sí,No,No,No,Sí,NA,NA,No,Sí,15,Toda,NA,Sí,2022
54,Sí,Sí,Sí,Sí,No,Sí,Sí,Sí,Sí,No,No,Sí,30,La mayor parte,NA,Sí,2022
81,Sí,Sí,Sí,No,No,No,No,Sí,No,Sí,NA,NA,120,Toda,NA,Sí,2022
25,No,No,No,No,No,No,NA,NA,NA,NA,NA,NA,0,NA,Falta de tiempo,Sí,2022
40,No,No,No,No,No,No,NA,NA,NA,NA,NA,NA,0,NA,Falta de tiempo,No,2022
20,Sí,No,No,Sí,No,Sí,NA,NA,NA,NA,No,Sí,60,Toda,NA,Sí,2022
22,Sí,No,No,No,No,No,NA,NA,NA,NA,NA,NA,0,NA,Prefiere otras actividades,No,2022
23,Sí,No,Sí,Sí,No,No,NA,NA,Sí,No,Sí,No,15,Toda,NA,Sí,2022
55,No,No,No,Sí,No,Sí,NA,NA,NA,NA,No,Sí,30,La mayor parte,NA,No,2022
25,No,No,No,No,Sí,Sí,NA,NA,NA,NA,NA,NA,60,Toda,NA,Sí,2022
60,Sí,No,No,No,No,No,NA,NA,NA,NA,NA,NA,0,NA,Falta de tiempo,No,2022
30,No,No,No,No,No,Sí,NA,NA,NA,NA,NA,NA,10,La mayor parte,NA,Sí,2022
42,Sí,Sí,Sí,Sí,Sí,Sí,Sí,No,Sí,No,No,Sí,90,La mayor parte,NA,Sí,2022
69,Sí,Sí,Sí,No,No,No,No,Sí,No,Sí,NA,NA,30,La mayor parte,NA,No,2022
21,Sí,Sí,No,No,No,Sí,No,Sí,NA,NA,NA,NA,30,Toda,NA,Sí,2022
31,Sí,Sí,No,Sí,No,Sí,Sí,No,NA,NA,No,Sí,20,La mitad,NA,Sí,2022
36,No,No,No,No,No,No,NA,NA,NA,NA,NA,NA,0,NA,Prefiere otras actividades,Sí,2022
48,Sí,Sí,No,Sí,Sí,No,No,Sí,NA,NA,Sí,No,20,La mayor parte,NA,No,2022
25,Sí,No,No,No,No,Sí,NA,NA,NA,NA,NA,NA,10,La mitad,NA,Sí,2022
43,Sí,Sí,No,Sí,No,No,No,Sí,NA,NA,No,Sí,10,La mayor parte,NA,Sí,2022
45,No,No,No,No,No,No,NA,NA,NA,NA,NA,NA,0,NA,Falta de tiempo,Sí,2022
28,Sí,No,Sí,No,No,Sí,NA,NA,No,Sí,NA,NA,10,Toda,NA,Sí,2022
43,Sí,No,No,No,No,Sí,NA,NA,NA,NA,NA,NA,10,Toda,NA,Sí,2022
37,Sí,No,Sí,Sí,No,Sí,NA,NA,Sí,No,No,Sí,10,La mayor parte,NA,Sí,2022
47,Sí,Sí,No,No,No,Sí,No,Sí,NA,NA,NA,NA,60,Toda,NA,Sí,2022
23,Sí,Sí,No,Sí,No,Sí,No,Sí,NA,NA,No,Sí,20,La mayor parte,NA,Sí,2022
47,Sí,Sí,Sí,No,No,No,No,Sí,No,Sí,NA,NA,30,La mayor parte,NA,Sí,2022
61,Sí,Sí,Sí,Sí,No,Sí,No,Sí,No,Sí,No,Sí,30,La mayor parte,NA,No,2022
64,Sí,No,No,No,No,Sí,NA,NA,NA,NA,NA,NA,30,La mayor parte,NA,No,2022
24,Sí,No,No,No,No,Sí,NA,NA,NA,NA,NA,NA,20,La mayor parte,NA,Sí,2022
50,Sí,Sí,No,No,No,No,No,Sí,NA,NA,NA,NA,30,Toda,NA,Sí,2022
48,Sí,Sí,No,No,No,No,No,Sí,NA,NA,NA,NA,30,Toda,NA,Sí,2022
37,Sí,Sí,No,No,No,Sí,Sí,No,NA,NA,NA,NA,20,Toda,NA,No,2022
62,No,No,No,No,No,No,NA,NA,NA,NA,NA,NA,0,NA,Falta de tiempo,No,2022
70,Sí,Sí,No,No,No,No,No,Sí,NA,NA,NA,NA,60,Toda,NA,Sí,2022
40,No,No,No,Sí,No,Sí,NA,NA,NA,NA,Sí,No,10,Toda,NA,Sí,2022
21,Sí,Sí,Sí,Sí,Sí,Sí,No,Sí,No,Sí,No,Sí,60,La mayor parte,NA,Sí,2022
59,Sí,No,Sí,Sí,No,Sí,NA,NA,No,Sí,No,Sí,20,La mitad,NA,No,2022
38,Sí,No,No,Sí,No,No,NA,NA,NA,NA,No,Sí,10,Toda,NA,No,2022
73,Sí,Sí,No,No,No,No,No,Sí,NA,NA,NA,NA,15,Poca,NA,No,2022
35,Sí,Sí,No,No,No,Sí,No,Sí,NA,NA,NA,NA,40,La mayor parte,NA,Sí,2022
38,No,No,No,No,No,No,NA,NA,NA,NA,NA,NA,0,NA,Falta de tiempo,Sí,2022
46,Sí,Sí,No,No,No,Sí,No,Sí,NA,NA,NA,NA,60,La mayor parte,NA,No,2022
49,Sí,Sí,Sí,No,Sí,Sí,No,Sí,No,Sí,NA,NA,60,La mayor parte,NA,Sí,2022
66,Sí,No,No,No,No,Sí,NA,NA,NA,NA,NA,NA,45,La mayor parte,NA,Sí,2022
29,Sí,Sí,No,Sí,No,Sí,Sí,No,NA,NA,No,Sí,30,La mitad,NA,Sí,2022
21,Sí,Sí,No,Sí,No,Sí,Sí,No,NA,NA,No,Sí,30,La mayor parte,NA,Sí,2022
55,Sí,No,No,No,No,Sí,NA,NA,NA,NA,NA,NA,60,La mayor parte,NA,Sí,2022
46,Sí,No,No,Sí,No,No,NA,NA,NA,NA,No,Sí,10,Toda,NA,Sí,2022
64,NA,NA,NA,NA,NA,NA,NA,NA,NA,NA,NA,NA,0,NA,NA,NA,2022
67,Sí,No,Sí,No,No,No,NA,NA,No,Sí,NA,NA,30,La mayor parte,NA,Sí,2022
66,No,No,No,No,No,No,NA,NA,NA,NA,NA,NA,0,NA,Problemas de salud,No,2022
30,No,No,No,No,No,No,NA,NA,NA,NA,NA,NA,0,NA,Falta de interés/gusto,No,2022
35,Sí,Sí,No,Sí,No,No,No,Sí,NA,NA,No,Sí,25,La mayor parte,NA,Sí,2022
25,Sí,Sí,Sí,No,No,Sí,Sí,Sí,Sí,No,NA,NA,45,Toda,NA,Sí,2022
26,Sí,Sí,No,No,No,No,No,Sí,NA,NA,NA,NA,60,Toda,NA,Sí,2022
52,No,No,No,No,No,No,NA,NA,NA,NA,NA,NA,0,NA,Prefiere otras actividades,No,2022
36,Sí,Sí,No,No,No,Sí,No,Sí,NA,NA,NA,NA,30,Toda,NA,Sí,2022
40,Sí,Sí,Sí,No,No,No,No,Sí,No,Sí,NA,NA,45,La mitad,NA,No,2022
53,No,No,No,No,No,No,NA,NA,NA,NA,NA,NA,0,NA,Falta de tiempo,No,2022
74,Sí,Sí,No,No,No,No,No,Sí,NA,NA,NA,NA,60,Toda,NA,Sí,2022
59,No,No,No,No,No,No,NA,NA,NA,NA,NA,NA,0,NA,Prefiere otras actividades,No recuerda,2022
57,No,No,No,No,No,No,NA,NA,NA,NA,NA,NA,0,NA,Prefiere otras actividades,No,2022
21,No,No,No,No,No,No,NA,NA,NA,NA,NA,NA,0,NA,Falta de interés/gusto,No,2022
56,No,No,No,No,No,No,NA,NA,NA,NA,NA,NA,0,NA,Falta de interés/gusto,Sí,2022
63,No,No,No,No,No,No,NA,NA,NA,NA,NA,NA,0,NA,Problemas de salud,Sí,2022
19,No,No,No,No,No,No,NA,NA,NA,NA,NA,NA,0,NA,Falta de interés/gusto,Sí,2022
19,No,No,No,No,No,No,NA,NA,NA,NA,NA,NA,0,NA,Falta de interés/gusto,Sí,2022
75,No,No,No,No,No,No,NA,NA,NA,NA,NA,NA,0,NA,Prefiere otras actividades,No,2022
44,Sí,No,No,Sí,No,No,NA,NA,NA,NA,No,Sí,30,La mayor parte,NA,Sí,2022
64,Sí,No,No,Sí,No,No,NA,NA,NA,NA,No,Sí,40,La mitad,NA,No,2022
48,No,No,No,No,No,No,NA,NA,NA,NA,NA,NA,0,NA,Prefiere otras actividades,No,2022
26,No,No,No,No,No,No,NA,NA,NA,NA,NA,NA,0,NA,Prefiere otras actividades,No recuerda,2022
65,Sí,Sí,No,No,No,No,No,Sí,NA,NA,NA,NA,120,Toda,NA,Sí,2022
35,No,No,No,No,No,No,NA,NA,NA,NA,NA,NA,0,NA,Falta de interés/gusto,No,2022
67,No,No,No,Sí,No,No,NA,NA,NA,NA,No,Sí,60,La mayor parte,NA,Sí,2022
71,No,No,No,No,No,No,NA,NA,NA,NA,NA,NA,0,NA,Falta de interés/gusto,No,2022
61,Sí,Sí,No,No,No,No,No,Sí,NA,NA,NA,NA,45,Toda,NA,Sí,2022
54,No,No,No,No,No,No,NA,NA,NA,NA,NA,NA,0,NA,Problemas de salud,No,2022
52,No,No,No,No,No,No,NA,NA,NA,NA,NA,NA,0,NA,Prefiere otras actividades,No,2022
59,No,No,No,No,No,No,NA,NA,NA,NA,NA,NA,0,NA,Falta de interés/gusto,No,2022
51,Sí,Sí,No,No,No,Sí,Sí,No,NA,NA,NA,NA,120,Toda,NA,Sí,2022
68,Sí,Sí,Sí,No,No,No,No,Sí,No,Sí,NA,NA,30,La mayor parte,NA,Sí,2022
36,Sí,No,Sí,No,No,No,NA,NA,No,Sí,NA,NA,30,Toda,NA,Sí,2022
50,Sí,No,No,No,No,No,NA,NA,NA,NA,NA,NA,0,NA,Prefiere otras actividades,No,2022
37,No,No,No,No,No,No,NA,NA,NA,NA,NA,NA,0,NA,Prefiere otras actividades,No,2022
34,Sí,Sí,Sí,No,No,Sí,No,Sí,No,Sí,NA,NA,30,La mayor parte,NA,Sí,2022
86,Sí,Sí,No,No,No,No,No,Sí,NA,NA,NA,NA,30,La mitad,NA,No,2022
50,No,No,No,No,No,No,NA,NA,NA,NA,NA,NA,0,NA,Prefiere otras actividades,No,2022
62,No,No,No,No,No,No,NA,NA,NA,NA,NA,NA,0,NA,Problemas de salud,Sí,2022
39,Sí,Sí,Sí,No,Sí,No,Sí,Sí,No,Sí,NA,NA,20,La mitad,NA,Sí,2022
44,No,No,No,No,No,Sí,NA,NA,NA,NA,NA,NA,30,La mitad,NA,No,2022
23,Sí,Sí,No,No,No,Sí,Sí,Sí,NA,NA,NA,NA,60,La mayor parte,NA,Sí,2022
58,Sí,Sí,No,No,No,No,No,Sí,NA,NA,NA,NA,30,Toda,NA,No,2022
79,No,No,No,No,No,No,NA,NA,NA,NA,NA,NA,0,NA,Falta de interés/gusto,No,2022
80,Sí,Sí,No,No,No,No,No,Sí,NA,NA,NA,NA,120,La mayor parte,NA,No,2022
25,Sí,Sí,No,No,No,Sí,No,Sí,NA,NA,NA,NA,10,Toda,NA,Sí,2022
41,No,No,No,No,No,No,NA,NA,NA,NA,NA,NA,0,NA,Falta de tiempo,Sí,2022
56,Sí,No,No,Sí,No,No,NA,NA,NA,NA,Sí,No,15,La mayor parte,NA,Sí,2022
70,Sí,Sí,No,Sí,No,No,No,Sí,NA,NA,No,Sí,20,La mayor parte,NA,Sí,2022
44,No,No,No,Sí,No,No,NA,NA,NA,NA,No,Sí,30,La mitad,NA,Sí,2022
62,Sí,Sí,No,No,No,Sí,No,Sí,NA,NA,NA,NA,15,La mayor parte,NA,No,2022
53,No,No,No,Sí,No,No,NA,NA,NA,NA,No,Sí,5,La mayor parte,NA,Sí,2022
36,No,No,Sí,No,No,No,NA,NA,No,Sí,NA,NA,10,La mitad,NA,No,2022
57,Sí,Sí,Sí,No,No,Sí,Sí,No,Sí,No,NA,NA,15,La mayor parte,NA,No,2022
61,No,No,No,No,No,Sí,NA,NA,NA,NA,NA,NA,45,La mitad,NA,No,2022
34,Sí,No,Sí,No,No,No,NA,NA,Sí,No,NA,NA,15,La mayor parte,NA,Sí,2022
42,No,No,No,No,No,No,NA,NA,NA,NA,NA,NA,0,NA,Falta de tiempo,Sí,2022
31,No,No,No,No,No,No,NA,NA,NA,NA,NA,NA,0,NA,Falta de tiempo,Sí,2022
59,No,No,No,No,No,No,NA,NA,NA,NA,NA,NA,0,NA,Falta de interés/gusto,No,2022
76,Sí,Sí,No,No,No,No,No,Sí,NA,NA,NA,NA,120,Toda,NA,No,2022
50,Sí,Sí,Sí,No,No,Sí,Sí,Sí,No,Sí,NA,NA,60,La mayor parte,NA,No,2022
56,Sí,Sí,Sí,No,Sí,Sí,Sí,No,Sí,Sí,NA,NA,120,La mayor parte,NA,Sí,2022
25,Sí,Sí,Sí,No,Sí,Sí,No,Sí,Sí,No,NA,NA,10,La mayor parte,NA,Sí,2022
64,NA,NA,NA,NA,NA,NA,NA,NA,NA,NA,NA,NA,0,NA,NA,NA,2022
29,Sí,Sí,No,No,No,Sí,No,Sí,NA,NA,NA,NA,60,La mayor parte,NA,Sí,2022
21,No,Sí,No,No,No,Sí,No,Sí,NA,NA,NA,NA,30,La mitad,NA,Sí,2022
63,No,No,Sí,No,No,No,NA,NA,No,Sí,NA,NA,30,La mitad,NA,No,2022
34,No,No,No,No,No,No,NA,NA,NA,NA,NA,NA,0,NA,Falta de tiempo,No,2022
28,Sí,No,Sí,No,No,No,NA,NA,Sí,No,NA,NA,10,La mitad,NA,Sí,2022
32,No,No,No,No,No,No,NA,NA,NA,NA,NA,NA,0,NA,Falta de interés/gusto,No,2022
83,Sí,Sí,No,No,No,No,No,Sí,NA,NA,NA,NA,15,Poca,NA,No,2022
32,No,No,Sí,Sí,No,No,NA,NA,No,Sí,No,Sí,15,Toda,NA,No,2022
38,Sí,Sí,No,No,No,No,No,Sí,NA,NA,NA,NA,15,Poca,NA,No,2022
46,Sí,No,No,No,No,Sí,NA,NA,NA,NA,NA,NA,20,La mayor parte,NA,No,2022
50,Sí,Sí,Sí,No,No,Sí,No,Sí,No,Sí,NA,NA,10,La mayor parte,NA,Sí,2022
47,Sí,Sí,No,No,No,Sí,Sí,Sí,NA,NA,NA,NA,60,La mayor parte,NA,Sí,2022
65,No,No,No,No,No,No,NA,NA,NA,NA,NA,NA,0,NA,Falta de tiempo,Sí,2022
60,Sí,Sí,No,No,No,Sí,Sí,No,NA,NA,NA,NA,20,Toda,NA,Sí,2022
34,Sí,No,Sí,No,No,No,NA,NA,No,Sí,NA,NA,120,La mayor parte,NA,Sí,2022
24,Sí,Sí,Sí,No,Sí,Sí,Sí,Sí,Sí,No,NA,NA,45,La mayor parte,NA,Sí,2022
42,No,No,No,No,No,No,NA,NA,NA,NA,NA,NA,0,NA,Falta de interés/gusto,Sí,2022
24,Sí,Sí,Sí,Sí,No,Sí,Sí,Sí,No,Sí,Sí,No,60,La mayor parte,NA,Sí,2022
32,No,No,No,No,No,Sí,NA,NA,NA,NA,NA,NA,5,La mayor parte,NA,Sí,2022
36,No,No,No,No,No,No,NA,NA,NA,NA,NA,NA,0,NA,Falta de tiempo,Sí,2022
30,Sí,Sí,No,Sí,Sí,Sí,Sí,Sí,NA,NA,Sí,No,45,La mayor parte,NA,Sí,2022
33,Sí,Sí,No,No,No,Sí,No,Sí,NA,NA,NA,NA,45,La mayor parte,NA,Sí,2022
74,Sí,No,No,Sí,No,No,NA,NA,NA,NA,No,Sí,30,La mayor parte,NA,No,2022
78,No,No,No,No,No,No,NA,NA,NA,NA,NA,NA,0,NA,Problemas de salud,No,2022
36,No,No,No,No,No,No,NA,NA,NA,NA,NA,NA,0,NA,Falta de tiempo,Sí,2022
51,No,No,No,No,No,No,NA,NA,NA,NA,NA,NA,0,NA,Falta de interés/gusto,Sí,2022
28,No,No,No,No,No,No,NA,NA,NA,NA,NA,NA,0,NA,Falta de interés/gusto,Sí,2022
62,No,No,No,No,No,No,NA,NA,NA,NA,NA,NA,0,NA,Falta de tiempo,Sí,2022
60,Sí,Sí,No,No,No,No,No,Sí,NA,NA,NA,NA,30,Poca,NA,No,2022
31,Sí,No,No,No,No,Sí,NA,NA,NA,NA,NA,NA,30,Poca,NA,Sí,2022
41,Sí,Sí,No,No,No,No,No,Sí,NA,NA,NA,NA,60,La mayor parte,NA,Sí,2022
34,Sí,No,Sí,Sí,No,No,NA,NA,No,Sí,No,Sí,15,La mitad,NA,Sí,2022
25,No,No,No,No,No,No,NA,NA,NA,NA,NA,NA,0,NA,Falta de tiempo,No,2022
41,Sí,Sí,No,No,No,No,Sí,No,NA,NA,NA,NA,30,La mayor parte,NA,No,2022
76,Sí,No,No,No,No,Sí,NA,NA,NA,NA,NA,NA,120,La mitad,NA,No,2022
67,Sí,No,No,Sí,No,No,NA,NA,NA,NA,No,Sí,30,La mitad,NA,No,2022
65,No,No,No,No,No,No,NA,NA,NA,NA,NA,NA,0,NA,Problemas de salud,No,2022
45,No,No,No,No,No,No,NA,NA,NA,NA,NA,NA,0,NA,Falta de tiempo,Sí,2022
83,No,No,No,No,No,No,NA,NA,NA,NA,NA,NA,0,NA,Problemas de salud,No,2022
67,No,No,No,No,No,No,NA,NA,NA,NA,NA,NA,0,NA,Falta de interés/gusto,No,2022
30,Sí,No,Sí,No,No,No,NA,NA,No,Sí,NA,NA,30,Toda,NA,Sí,2022
31,Sí,Sí,No,No,No,Sí,Sí,No,NA,NA,NA,NA,120,La mayor parte,NA,Sí,2022
58,Sí,Sí,No,No,No,No,No,Sí,NA,NA,NA,NA,60,Toda,NA,Sí,2022
52,No,No,No,No,No,No,NA,NA,NA,NA,NA,NA,0,NA,Falta de tiempo,Sí,2022
70,No,No,No,No,No,No,NA,NA,NA,NA,NA,NA,0,NA,Problemas de salud,No,2022
23,No,No,No,No,No,No,NA,NA,NA,NA,NA,NA,0,NA,Falta de tiempo,Sí,2022
52,No,No,No,No,No,No,NA,NA,NA,NA,NA,NA,0,NA,Falta de tiempo,No,2022
72,No,No,No,No,No,No,NA,NA,NA,NA,NA,NA,0,NA,Falta de interés/gusto,No,2022
43,No,No,No,No,No,No,NA,NA,NA,NA,NA,NA,0,NA,Falta de tiempo,No,2022
49,No,No,No,No,No,No,NA,NA,NA,NA,NA,NA,0,NA,Falta de tiempo,Sí,2022
64,Sí,Sí,No,No,No,No,No,Sí,NA,NA,NA,NA,20,La mitad,NA,Sí,2022
67,No,No,No,No,No,No,NA,NA,NA,NA,NA,NA,0,NA,Prefiere otras actividades,No,2022
60,NA,NA,NA,NA,NA,NA,NA,NA,NA,NA,NA,NA,0,NA,NA,NA,2022
55,No,No,No,No,No,No,NA,NA,NA,NA,NA,NA,0,NA,Falta de tiempo,Sí,2022
59,Sí,Sí,No,No,No,No,No,Sí,NA,NA,NA,NA,60,Toda,NA,Sí,2022
44,Sí,No,Sí,Sí,No,No,NA,NA,Sí,No,Sí,No,60,Toda,NA,Sí,2022
29,Sí,Sí,No,No,No,No,Sí,No,NA,NA,NA,NA,30,La mayor parte,NA,Sí,2022
40,No,No,No,No,No,No,NA,NA,NA,NA,NA,NA,0,NA,Prefiere otras actividades,Sí,2022
19,No,No,No,No,No,No,NA,NA,NA,NA,NA,NA,0,NA,Falta de interés/gusto,No,2022
65,Sí,Sí,No,Sí,No,No,No,Sí,NA,NA,No,Sí,30,La mitad,NA,No,2022
52,Sí,No,Sí,Sí,No,No,NA,NA,No,Sí,No,Sí,30,Toda,NA,No recuerda,2022
42,Sí,Sí,Sí,No,No,Sí,No,Sí,No,Sí,NA,NA,60,Toda,NA,Sí,2022
55,Sí,No,No,Sí,No,No,NA,NA,NA,NA,No,Sí,15,Toda,NA,No,2022
72,Sí,No,No,Sí,No,No,NA,NA,NA,NA,No,Sí,25,La mayor parte,NA,No,2022
50,No,No,No,No,Sí,Sí,NA,NA,NA,NA,NA,NA,10,La mayor parte,NA,Sí,2022
41,Sí,No,No,Sí,No,No,NA,NA,NA,NA,No,Sí,35,La mayor parte,NA,No recuerda,2022
27,Sí,Sí,No,Sí,No,No,No,Sí,NA,NA,Sí,No,15,Toda,NA,Sí,2022
31,Sí,No,Sí,Sí,No,Sí,NA,NA,No,Sí,No,Sí,40,Toda,NA,Sí,2022
33,Sí,No,No,Sí,No,No,NA,NA,NA,NA,No,Sí,20,La mayor parte,NA,No,2022
64,Sí,Sí,Sí,Sí,No,Sí,No,Sí,No,Sí,No,Sí,60,Toda,NA,Sí,2022
56,Sí,Sí,No,Sí,No,Sí,Sí,No,NA,NA,No,Sí,90,Toda,NA,Sí,2022
31,Sí,Sí,Sí,No,No,Sí,Sí,No,No,Sí,NA,NA,90,Toda,NA,Sí,2022
33,Sí,No,Sí,Sí,No,Sí,NA,NA,No,Sí,No,Sí,60,Toda,NA,Sí,2022
20,Sí,Sí,Sí,No,No,No,No,Sí,No,Sí,NA,NA,40,La mayor parte,NA,Sí,2022
51,Sí,No,No,Sí,No,No,NA,NA,NA,NA,No,Sí,10,La mayor parte,NA,No,2022
47,Sí,No,No,Sí,No,No,NA,NA,NA,NA,No,Sí,20,La mayor parte,NA,No,2022
41,Sí,Sí,No,Sí,No,No,No,Sí,NA,NA,No,Sí,30,La mayor parte,NA,Sí,2022
27,No,Sí,No,Sí,No,No,No,Sí,NA,NA,No,Sí,30,La mayor parte,NA,No,2022
33,Sí,Sí,No,No,No,No,No,Sí,NA,NA,NA,NA,30,La mayor parte,NA,No,2022
39,No,No,No,No,No,No,NA,NA,NA,NA,NA,NA,0,NA,Falta de tiempo,No,2022
30,No,No,No,No,No,No,NA,NA,NA,NA,NA,NA,0,NA,Falta de tiempo,No,2022
60,No,No,No,No,No,No,NA,NA,NA,NA,NA,NA,0,NA,Falta de interés/gusto,No,2022
48,Sí,Sí,No,Sí,No,No,No,Sí,NA,NA,No,Sí,50,La mayor parte,NA,Sí,2022
30,No,No,No,No,No,No,NA,NA,NA,NA,NA,NA,0,NA,Falta de tiempo,No,2022
36,Sí,No,No,No,No,Sí,NA,NA,NA,NA,NA,NA,15,Toda,NA,No recuerda,2022
36,Sí,Sí,No,Sí,No,No,No,Sí,NA,NA,Sí,No,90,Toda,NA,Sí,2022
40,Sí,No,No,Sí,No,Sí,NA,NA,NA,NA,No,Sí,20,Toda,NA,Sí,2022
31,No,No,No,No,No,Sí,NA,NA,NA,NA,NA,NA,30,La mayor parte,NA,No,2022
51,No,No,No,No,No,No,NA,NA,NA,NA,NA,NA,0,NA,Falta de tiempo,Sí,2022
41,No,No,Sí,No,No,No,NA,NA,No,Sí,NA,NA,25,La mayor parte,NA,Sí,2022
69,No,No,No,No,No,No,NA,NA,NA,NA,NA,NA,0,NA,Falta de interés/gusto,Sí,2022
51,No,No,No,No,No,No,NA,NA,NA,NA,NA,NA,0,NA,Falta de tiempo,Sí,2022
73,Sí,Sí,Sí,No,No,Sí,No,Sí,No,Sí,NA,NA,40,Toda,NA,Sí,2022
44,Sí,No,No,No,No,Sí,NA,NA,NA,NA,NA,NA,10,La mitad,NA,Sí,2022
46,Sí,No,No,No,No,Sí,NA,NA,NA,NA,NA,NA,15,La mayor parte,NA,Sí,2022
19,No,No,Sí,No,No,Sí,NA,NA,Sí,No,NA,NA,30,La mayor parte,NA,Sí,2022
56,No,No,No,No,No,No,NA,NA,NA,NA,NA,NA,0,NA,Prefiere otras actividades,Sí,2022
56,Sí,Sí,No,No,No,No,No,Sí,NA,NA,NA,NA,35,La mayor parte,NA,Sí,2022
42,Sí,Sí,No,Sí,No,Sí,No,Sí,NA,NA,No,Sí,35,La mayor parte,NA,Sí,2022
68,No,No,No,No,No,No,NA,NA,NA,NA,NA,NA,0,NA,Problemas de salud,Sí,2022
71,No,No,No,No,No,No,NA,NA,NA,NA,NA,NA,0,NA,Falta de interés/gusto,No,2022
24,Sí,No,Sí,No,No,Sí,NA,NA,No,Sí,NA,NA,20,La mayor parte,NA,Sí,2022
36,No,No,No,No,No,No,NA,NA,NA,NA,NA,NA,0,NA,Falta de tiempo,No,2022
72,Sí,No,Sí,No,No,No,NA,NA,No,Sí,NA,NA,25,La mitad,NA,Sí,2022
55,Sí,No,No,No,No,Sí,NA,NA,NA,NA,NA,NA,90,Toda,NA,Sí,2022
73,No,No,No,No,No,No,NA,NA,NA,NA,NA,NA,0,NA,Falta de tiempo,No recuerda,2022
31,Sí,Sí,No,No,No,No,No,Sí,NA,NA,NA,NA,60,La mayor parte,NA,No,2022
29,No,No,No,No,No,No,NA,NA,NA,NA,NA,NA,0,NA,Falta de tiempo,No,2022
27,Sí,Sí,Sí,No,No,Sí,No,Sí,No,Sí,NA,NA,30,La mayor parte,NA,Sí,2022
31,Sí,No,Sí,Sí,No,Sí,NA,NA,No,Sí,No,Sí,40,La mayor parte,NA,No,2022
36,No,No,No,No,No,Sí,NA,NA,NA,NA,NA,NA,20,La mitad,NA,No,2022
75,No,No,No,No,No,No,NA,NA,NA,NA,NA,NA,0,NA,Problemas de salud,No,2022
34,Sí,No,Sí,Sí,No,Sí,NA,NA,No,Sí,No,Sí,20,Toda,NA,Sí,2022
48,Sí,Sí,No,Sí,No,No,No,Sí,NA,NA,No,Sí,20,La mayor parte,NA,Sí,2022
76,No,No,No,No,No,No,NA,NA,NA,NA,NA,NA,0,NA,Prefiere otras actividades,No,2022
85,No,No,No,No,No,No,NA,NA,NA,NA,NA,NA,0,NA,Problemas de salud,No,2022
68,No,No,No,No,No,No,NA,NA,NA,NA,NA,NA,0,NA,Problemas de salud,No,2022
45,No,No,No,No,No,No,NA,NA,NA,NA,NA,NA,0,NA,Falta de tiempo,Sí,2022
69,No,No,No,No,No,No,NA,NA,NA,NA,NA,NA,0,NA,Problemas de salud,No,2022
27,Sí,Sí,No,No,No,Sí,No,Sí,NA,NA,NA,NA,60,La mayor parte,NA,Sí,2022
32,Sí,No,Sí,Sí,No,Sí,NA,NA,No,Sí,Sí,No,30,La mitad,NA,Sí,2022
31,Sí,Sí,Sí,No,No,Sí,No,Sí,No,Sí,NA,NA,30,La mayor parte,NA,Sí,2022
26,Sí,Sí,No,No,No,Sí,No,Sí,NA,NA,NA,NA,60,Toda,NA,Sí,2022
62,Sí,Sí,No,Sí,No,Sí,Sí,Sí,NA,NA,Sí,Sí,30,La mayor parte,NA,Sí,2022
30,No,No,No,No,No,No,NA,NA,NA,NA,NA,NA,0,NA,Falta de interés/gusto,No,2022
44,No,No,No,No,No,No,NA,NA,NA,NA,NA,NA,0,NA,Falta de tiempo,No,2022
76,No,No,No,No,No,No,NA,NA,NA,NA,NA,NA,0,NA,Problemas de salud,Sí,2022
30,Sí,Sí,Sí,No,No,No,No,Sí,No,Sí,NA,NA,30,La mayor parte,NA,Sí,2022
44,No,No,No,No,No,No,NA,NA,NA,NA,NA,NA,0,NA,Falta de interés/gusto,Sí,2022
54,No,No,No,Sí,No,No,NA,NA,NA,NA,No,Sí,20,La mayor parte,NA,Sí,2022
39,Sí,Sí,Sí,No,No,No,No,Sí,No,Sí,NA,NA,30,La mayor parte,NA,Sí,2022
18,Sí,Sí,No,No,No,No,No,Sí,NA,NA,NA,NA,40,La mayor parte,NA,Sí,2022
35,No,No,No,Sí,No,No,NA,NA,NA,NA,No,Sí,25,La mayor parte,NA,Sí,2022
30,Sí,No,No,No,No,Sí,NA,NA,NA,NA,NA,NA,20,Toda,NA,Sí,2022
43,Sí,No,Sí,Sí,No,No,NA,NA,Sí,No,No,Sí,25,Toda,NA,Sí,2022
58,No,No,No,No,No,No,NA,NA,NA,NA,NA,NA,0,NA,Falta de tiempo,No,2022
33,Sí,Sí,No,Sí,No,No,Sí,No,NA,NA,No,Sí,40,Toda,NA,Sí,2022
56,Sí,No,Sí,No,No,Sí,NA,NA,No,Sí,NA,NA,30,La mayor parte,NA,Sí,2022
64,No,No,No,No,No,No,NA,NA,NA,NA,NA,NA,0,NA,Prefiere otras actividades,No,2022
34,No,No,No,No,No,Sí,NA,NA,NA,NA,NA,NA,30,La mitad,NA,Sí,2022
29,Sí,Sí,Sí,No,No,Sí,No,Sí,No,Sí,NA,NA,30,La mayor parte,NA,Sí,2022
72,Sí,Sí,No,Sí,No,Sí,No,Sí,NA,NA,No,Sí,30,La mayor parte,NA,Sí,2022
37,Sí,Sí,No,No,No,Sí,No,Sí,NA,NA,NA,NA,30,La mayor parte,NA,Sí,2022
71,Sí,No,No,Sí,No,No,NA,NA,NA,NA,No,Sí,20,La mayor parte,NA,No recuerda,2022
53,No,No,No,No,No,Sí,NA,NA,NA,NA,NA,NA,20,La mayor parte,NA,No,2022
61,No,No,No,No,No,No,NA,NA,NA,NA,NA,NA,0,NA,Falta de tiempo,No,2022
23,Sí,Sí,No,No,No,Sí,No,Sí,NA,NA,NA,NA,30,La mayor parte,NA,Sí,2022
47,No,No,No,No,No,Sí,NA,NA,NA,NA,NA,NA,20,La mayor parte,NA,No,2022
74,No,No,No,No,No,No,NA,NA,NA,NA,NA,NA,0,NA,Falta de tiempo,No,2022
39,Sí,No,Sí,No,No,Sí,NA,NA,No,Sí,NA,NA,20,La mayor parte,NA,Sí,2022
82,No,No,Sí,No,No,No,NA,NA,No,Sí,NA,NA,20,Poca,NA,No,2022
44,No,No,No,No,No,No,NA,NA,NA,NA,NA,NA,0,NA,Falta de interés/gusto,No,2022
55,Sí,No,No,Sí,No,No,NA,NA,NA,NA,No,Sí,20,La mayor parte,NA,Sí,2022
59,No,No,No,Sí,No,Sí,NA,NA,NA,NA,No,Sí,15,La mitad,NA,No,2022
52,Sí,No,No,Sí,No,Sí,NA,NA,NA,NA,No,Sí,10,Toda,NA,Sí,2022
36,Sí,Sí,No,No,No,Sí,Sí,No,NA,NA,NA,NA,60,Toda,NA,Sí,2022
32,Sí,Sí,Sí,No,No,Sí,No,Sí,No,Sí,NA,NA,60,La mayor parte,NA,Sí,2022
79,Sí,Sí,No,No,No,No,No,Sí,NA,NA,NA,NA,60,La mayor parte,NA,Sí,2022
53,Sí,No,No,Sí,No,No,NA,NA,NA,NA,No,Sí,25,Toda,NA,Sí,2022
35,Sí,No,Sí,No,No,No,NA,NA,No,Sí,NA,NA,15,La mayor parte,NA,No,2022
81,Sí,Sí,Sí,No,No,No,No,Sí,No,Sí,NA,NA,60,Toda,NA,No,2022
19,Sí,Sí,No,No,No,Sí,Sí,No,NA,NA,NA,NA,90,Toda,NA,No,2022
41,No,No,No,No,No,No,NA,NA,NA,NA,NA,NA,0,NA,Falta de tiempo,No recuerda,2022
51,No,No,No,No,No,No,NA,NA,NA,NA,NA,NA,0,NA,Falta de tiempo,No recuerda,2022
24,No,No,No,No,No,No,NA,NA,NA,NA,NA,NA,0,NA,Falta de interés/gusto,No,2022
58,No,No,No,No,No,No,NA,NA,NA,NA,NA,NA,0,NA,Falta de tiempo,No recuerda,2022
50,Sí,No,Sí,Sí,No,Sí,NA,NA,No,Sí,No,Sí,40,La mayor parte,NA,Sí,2022
32,Sí,Sí,Sí,No,No,Sí,No,Sí,No,Sí,NA,NA,50,La mayor parte,NA,Sí,2022
56,Sí,No,Sí,Sí,No,Sí,NA,NA,No,Sí,No,Sí,30,La mayor parte,NA,Sí,2022
50,Sí,Sí,Sí,No,No,Sí,Sí,No,No,Sí,NA,NA,60,La mayor parte,NA,Sí,2022
34,No,No,Sí,Sí,No,No,NA,NA,No,Sí,No,Sí,25,La mayor parte,NA,Sí,2022
85,No,No,No,No,No,No,NA,NA,NA,NA,NA,NA,0,NA,Problemas de salud,Sí,2022
52,No,No,No,Sí,No,No,NA,NA,NA,NA,No,Sí,15,Toda,NA,Sí,2022
33,Sí,No,No,Sí,No,No,NA,NA,NA,NA,No,Sí,15,La mayor parte,NA,No,2022
35,No,No,No,No,No,No,NA,NA,NA,NA,NA,NA,0,NA,Prefiere otras actividades,No recuerda,2022
39,No,No,No,No,No,No,NA,NA,NA,NA,NA,NA,0,NA,Falta de tiempo,No,2022
31,No,No,No,Sí,No,No,NA,NA,NA,NA,No,Sí,20,La mayor parte,NA,Sí,2022
57,No,No,No,No,No,No,NA,NA,NA,NA,NA,NA,0,NA,Prefiere otras actividades,Sí,2022
48,No,No,No,No,No,No,NA,NA,NA,NA,NA,NA,0,NA,Falta de tiempo,Sí,2022
57,No,No,No,Sí,No,No,NA,NA,NA,NA,No,Sí,15,La mitad,NA,Sí,2022
31,Sí,No,No,No,No,Sí,NA,NA,NA,NA,NA,NA,25,La mayor parte,NA,Sí,2022
23,Sí,No,No,No,No,Sí,NA,NA,NA,NA,NA,NA,30,Toda,NA,Sí,2022
61,No,No,No,No,No,No,NA,NA,NA,NA,NA,NA,0,NA,Problemas de salud,No recuerda,2022
55,Sí,Sí,No,No,No,No,No,Sí,NA,NA,NA,NA,15,La mayor parte,NA,No recuerda,2022
18,Sí,Sí,Sí,No,No,Sí,Sí,Sí,No,Sí,NA,NA,120,Toda,NA,Sí,2022
67,Sí,No,No,Sí,No,No,NA,NA,NA,NA,No,Sí,20,La mayor parte,NA,No,2022
31,Sí,Sí,Sí,Sí,No,Sí,No,Sí,No,Sí,No,Sí,60,Toda,NA,Sí,2022
80,Sí,No,Sí,No,No,No,NA,NA,No,Sí,NA,NA,25,Toda,NA,Sí,2022
65,Sí,No,No,Sí,No,No,NA,NA,NA,NA,No,Sí,20,La mayor parte,NA,No,2022
45,No,No,No,No,No,No,NA,NA,NA,NA,NA,NA,0,NA,Falta de tiempo,No,2022
73,No,No,No,No,No,No,NA,NA,NA,NA,NA,NA,0,NA,Falta de interés/gusto,No,2022
57,No,No,No,No,No,No,NA,NA,NA,NA,NA,NA,0,NA,Falta de tiempo,Sí,2022
36,Sí,Sí,Sí,No,No,Sí,No,Sí,No,Sí,NA,NA,40,La mayor parte,NA,Sí,2022
59,No,No,No,Sí,No,No,NA,NA,NA,NA,No,Sí,20,La mayor parte,NA,Sí,2022
24,No,No,Sí,Sí,No,No,NA,NA,No,Sí,No,Sí,15,La mayor parte,NA,Sí,2022
46,No,No,No,No,No,Sí,NA,NA,NA,NA,NA,NA,10,La mayor parte,NA,No,2022
55,Sí,Sí,No,Sí,No,No,No,Sí,NA,NA,No,Sí,30,Toda,NA,Sí,2022
66,Sí,Sí,Sí,Sí,No,Sí,Sí,No,No,Sí,Sí,No,120,Toda,NA,Sí,2022
59,No,No,No,No,No,No,NA,NA,NA,NA,NA,NA,0,NA,Falta de tiempo,No,2022
77,No,Sí,No,No,No,No,Sí,No,NA,NA,NA,NA,120,La mayor parte,NA,No,2022
54,Sí,Sí,No,No,No,No,No,Sí,NA,NA,NA,NA,60,La mayor parte,NA,Sí,2022
25,Sí,Sí,No,No,No,Sí,No,Sí,NA,NA,NA,NA,60,La mayor parte,NA,Sí,2022
53,No,No,No,No,No,No,NA,NA,NA,NA,NA,NA,0,NA,Falta de tiempo,No,2022
66,Sí,Sí,Sí,No,No,Sí,No,Sí,No,Sí,NA,NA,40,La mayor parte,NA,Sí,2022
53,Sí,No,Sí,No,No,Sí,NA,NA,No,Sí,NA,NA,30,La mayor parte,NA,Sí,2022
53,No,No,No,No,No,No,NA,NA,NA,NA,NA,NA,0,NA,Falta de interés/gusto,No recuerda,2022
26,Sí,Sí,Sí,No,No,Sí,No,Sí,No,Sí,NA,NA,60,La mayor parte,NA,No,2022
39,No,No,No,No,No,No,NA,NA,NA,NA,NA,NA,0,NA,Falta de tiempo,No,2022
68,No,No,No,No,No,No,NA,NA,NA,NA,NA,NA,0,NA,Falta de dinero,No recuerda,2022
61,Sí,No,No,Sí,No,No,NA,NA,NA,NA,No,Sí,20,Toda,NA,Sí,2022
21,Sí,No,Sí,No,No,Sí,NA,NA,No,Sí,NA,NA,25,La mayor parte,NA,Sí,2022
36,Sí,No,Sí,No,No,No,NA,NA,No,Sí,NA,NA,20,Toda,NA,Sí,2022
47,Sí,No,No,Sí,No,No,NA,NA,NA,NA,No,Sí,20,Toda,NA,Sí,2022
61,Sí,Sí,No,Sí,No,No,No,Sí,NA,NA,No,Sí,35,La mayor parte,NA,Sí,2022
39,No,No,No,Sí,No,No,NA,NA,NA,NA,No,Sí,20,La mayor parte,NA,Sí,2022
28,No,No,No,No,No,No,NA,NA,NA,NA,NA,NA,0,NA,Prefiere otras actividades,Sí,2022
46,No,No,Sí,Sí,No,No,NA,NA,No,Sí,No,Sí,30,La mayor parte,NA,Sí,2022
45,Sí,Sí,No,Sí,No,No,No,Sí,NA,NA,No,Sí,25,La mayor parte,NA,Sí,2022
69,No,No,No,No,No,No,NA,NA,NA,NA,NA,NA,0,NA,Falta de interés/gusto,Sí,2022
74,NA,NA,NA,NA,NA,NA,NA,NA,NA,NA,NA,NA,0,NA,NA,NA,2022
50,No,No,Sí,No,No,No,NA,NA,No,Sí,NA,NA,20,La mayor parte,NA,Sí,2022
49,Sí,Sí,Sí,No,No,No,No,Sí,No,Sí,NA,NA,45,Toda,NA,Sí,2022
51,Sí,No,Sí,Sí,No,Sí,NA,NA,No,Sí,No,Sí,40,La mayor parte,NA,Sí,2022
40,Sí,No,No,Sí,No,Sí,NA,NA,NA,NA,No,Sí,30,Toda,NA,Sí,2022
28,Sí,No,Sí,No,No,Sí,NA,NA,No,Sí,NA,NA,35,Toda,NA,Sí,2022
43,No,No,No,No,No,No,NA,NA,NA,NA,NA,NA,0,NA,Falta de tiempo,No,2022
27,No,No,No,No,No,No,NA,NA,NA,NA,NA,NA,0,NA,Falta de tiempo,No,2022
45,No,No,No,No,No,No,NA,NA,NA,NA,NA,NA,0,NA,Falta de tiempo,No,2022
35,No,No,No,No,No,No,NA,NA,NA,NA,NA,NA,0,NA,Falta de interés/gusto,No,2022
36,Sí,No,Sí,No,No,No,NA,NA,No,Sí,NA,NA,20,La mayor parte,NA,No,2022
64,Sí,No,No,Sí,No,No,NA,NA,NA,NA,No,Sí,30,La mayor parte,NA,Sí,2022
29,Sí,No,Sí,No,No,Sí,NA,NA,No,Sí,NA,NA,35,Toda,NA,Sí,2022
64,Sí,No,No,Sí,No,No,NA,NA,NA,NA,No,Sí,20,Toda,NA,No,2022
40,Sí,Sí,Sí,Sí,No,Sí,No,Sí,No,Sí,No,Sí,60,La mayor parte,NA,Sí,2022
32,Sí,No,Sí,No,No,Sí,NA,NA,Sí,No,NA,NA,30,La mitad,NA,Sí,2022
67,No,No,No,No,No,No,NA,NA,NA,NA,NA,NA,0,NA,Falta de tiempo,Sí,2022
49,No,No,No,No,No,No,NA,NA,NA,NA,NA,NA,0,NA,Falta de dinero,No,2022
53,No,No,No,No,No,No,NA,NA,NA,NA,NA,NA,0,NA,Falta de tiempo,No,2022
35,Sí,No,Sí,No,No,Sí,NA,NA,No,Sí,NA,NA,40,La mayor parte,NA,No,2022
66,Sí,Sí,Sí,No,No,Sí,No,Sí,No,Sí,NA,NA,30,La mayor parte,NA,Sí,2022
60,Sí,Sí,Sí,Sí,No,Sí,No,Sí,No,Sí,No,Sí,60,La mayor parte,NA,No,2022
48,Sí,No,Sí,No,No,Sí,NA,NA,No,Sí,NA,NA,30,La mayor parte,NA,Sí,2022
58,Sí,Sí,No,No,No,Sí,No,Sí,NA,NA,NA,NA,20,La mayor parte,NA,Sí,2022
55,Sí,No,Sí,No,No,Sí,NA,NA,No,Sí,NA,NA,25,La mayor parte,NA,Sí,2022
64,No,No,No,No,No,No,NA,NA,NA,NA,NA,NA,0,NA,Prefiere otras actividades,No recuerda,2022
52,Sí,Sí,Sí,No,No,Sí,Sí,Sí,No,Sí,NA,NA,30,La mayor parte,NA,Sí,2022
35,Sí,No,Sí,No,No,Sí,NA,NA,No,Sí,NA,NA,20,Toda,NA,Sí,2022
43,Sí,No,No,Sí,No,No,NA,NA,NA,NA,No,Sí,25,Toda,NA,Sí,2022
35,Sí,No,No,Sí,No,Sí,NA,NA,NA,NA,No,Sí,30,Toda,NA,Sí,2022
36,Sí,Sí,Sí,Sí,No,No,Sí,No,No,Sí,No,Sí,60,Toda,NA,Sí,2022
22,Sí,Sí,No,Sí,No,Sí,No,Sí,NA,NA,No,Sí,35,La mayor parte,NA,Sí,2022
62,No,No,No,No,No,No,NA,NA,NA,NA,NA,NA,0,NA,Falta de interés/gusto,Sí,2022
55,No,No,No,No,No,No,NA,NA,NA,NA,NA,NA,0,NA,Falta de tiempo,No,2022
56,Sí,No,Sí,Sí,No,No,NA,NA,No,Sí,No,Sí,20,La mayor parte,NA,No,2022
56,No,No,No,No,No,No,NA,NA,NA,NA,NA,NA,0,NA,Falta de tiempo,No recuerda,2022
21,No,No,No,No,No,No,NA,NA,NA,NA,NA,NA,0,NA,Falta de interés/gusto,No,2022
37,Sí,No,No,Sí,No,No,NA,NA,NA,NA,No,Sí,25,Toda,NA,Sí,2022
28,Sí,No,Sí,No,No,Sí,NA,NA,No,Sí,NA,NA,30,Toda,NA,Sí,2022
35,No,No,No,No,No,No,NA,NA,NA,NA,NA,NA,0,NA,Falta de tiempo,Sí,2022
27,Sí,No,Sí,No,No,Sí,NA,NA,No,Sí,NA,NA,25,Toda,NA,No,2022
54,No,No,No,Sí,No,No,NA,NA,NA,NA,No,Sí,25,La mayor parte,NA,Sí,2022
58,No,No,No,Sí,No,No,NA,NA,NA,NA,No,Sí,20,La mayor parte,NA,Sí,2022
52,No,No,No,No,No,No,NA,NA,NA,NA,NA,NA,0,NA,Falta de tiempo,Sí,2022
61,No,No,No,No,No,No,NA,NA,NA,NA,NA,NA,0,NA,Falta de interés/gusto,Sí,2022
60,No,No,No,Sí,No,No,NA,NA,NA,NA,No,Sí,25,La mitad,NA,Sí,2022
52,No,No,No,Sí,No,No,NA,NA,NA,NA,No,Sí,30,La mayor parte,NA,Sí,2022
37,No,No,No,Sí,No,No,NA,NA,NA,NA,No,Sí,20,La mayor parte,NA,Sí,2022
60,Sí,Sí,No,No,No,Sí,No,Sí,NA,NA,NA,NA,50,La mayor parte,NA,Sí,2022
56,Sí,Sí,No,Sí,No,Sí,Sí,No,NA,NA,Sí,No,30,Toda,NA,Sí,2022
32,Sí,Sí,No,No,No,No,Sí,No,NA,NA,NA,NA,45,Toda,NA,Sí,2022
49,No,No,No,No,No,No,NA,NA,NA,NA,NA,NA,0,NA,Falta de tiempo,Sí,2022
76,No,No,No,No,No,No,NA,NA,NA,NA,NA,NA,0,NA,Problemas de salud,No,2022
47,Sí,No,Sí,No,No,Sí,NA,NA,No,Sí,NA,NA,35,La mayor parte,NA,Sí,2022
48,Sí,No,Sí,No,No,Sí,NA,NA,No,Sí,NA,NA,35,Toda,NA,Sí,2022
41,Sí,No,Sí,No,No,Sí,NA,NA,No,Sí,NA,NA,45,Toda,NA,No,2022
54,No,No,No,No,No,Sí,NA,NA,NA,NA,NA,NA,30,La mayor parte,NA,Sí,2022
41,No,No,No,No,No,Sí,NA,NA,NA,NA,NA,NA,20,La mitad,NA,No,2022
56,No,No,No,No,No,Sí,NA,NA,NA,NA,NA,NA,20,La mitad,NA,No,2022
31,No,No,No,Sí,No,Sí,NA,NA,NA,NA,No,Sí,40,La mitad,NA,Sí,2022
63,Sí,No,Sí,Sí,Sí,Sí,NA,NA,No,Sí,No,Sí,60,La mayor parte,NA,Sí,2022
20,No,No,No,No,No,Sí,NA,NA,NA,NA,NA,NA,30,La mayor parte,NA,Sí,2022
50,No,No,No,No,No,No,NA,NA,NA,NA,NA,NA,0,NA,Falta de tiempo,No,2022
28,No,No,No,No,No,No,NA,NA,NA,NA,NA,NA,0,NA,Falta de tiempo,Sí,2022
54,No,No,No,No,No,No,NA,NA,NA,NA,NA,NA,0,NA,Prefiere otras actividades,No recuerda,2022
41,No,No,No,No,No,No,NA,NA,NA,NA,NA,NA,0,NA,Prefiere otras actividades,No recuerda,2022
50,No,No,No,No,No,Sí,NA,NA,NA,NA,NA,NA,10,La mayor parte,NA,No recuerda,2022
47,Sí,No,Sí,Sí,No,No,NA,NA,No,Sí,No,Sí,30,La mayor parte,NA,No,2022
65,No,No,No,No,No,No,NA,NA,NA,NA,NA,NA,0,NA,Problemas de salud,No,2022
18,No,No,No,No,No,No,NA,NA,NA,NA,NA,NA,0,NA,Falta de tiempo,No,2022
24,Sí,No,No,Sí,No,No,NA,NA,NA,NA,No,Sí,30,La mayor parte,NA,No,2022
77,Sí,Sí,No,No,No,No,No,Sí,NA,NA,NA,NA,20,La mayor parte,NA,Sí,2022
57,No,No,No,No,No,Sí,NA,NA,NA,NA,NA,NA,20,Toda,NA,No,2022
66,Sí,Sí,No,Sí,No,No,No,Sí,NA,NA,No,Sí,20,La mitad,NA,No,2022
43,Sí,Sí,No,No,No,Sí,No,Sí,NA,NA,NA,NA,40,Toda,NA,Sí,2022
27,Sí,No,No,Sí,No,Sí,NA,NA,NA,NA,No,Sí,60,Toda,NA,Sí,2022
50,No,No,No,Sí,No,No,NA,NA,NA,NA,No,Sí,15,La mitad,NA,No,2022
21,No,No,No,No,No,No,NA,NA,NA,NA,NA,NA,0,NA,Falta de tiempo,Sí,2022
66,No,No,No,No,No,No,NA,NA,NA,NA,NA,NA,0,NA,Falta de tiempo,No,2022
32,No,No,No,No,No,Sí,NA,NA,NA,NA,NA,NA,30,La mayor parte,NA,No recuerda,2022
38,No,No,No,No,No,No,NA,NA,NA,NA,NA,NA,0,NA,Falta de tiempo,Sí,2022
56,No,No,No,No,No,No,NA,NA,NA,NA,NA,NA,0,NA,Falta de interés/gusto,No recuerda,2022
48,Sí,Sí,Sí,Sí,No,Sí,Sí,No,Sí,No,Sí,No,60,Toda,NA,Sí,2022
61,Sí,No,Sí,Sí,No,No,NA,NA,No,Sí,No,Sí,30,La mayor parte,NA,Sí,2022
32,Sí,Sí,No,No,No,No,No,Sí,NA,NA,NA,NA,20,Toda,NA,Sí,2022
50,No,No,No,No,No,No,NA,NA,NA,NA,NA,NA,0,NA,Falta de tiempo,No,2022
24,No,No,No,No,No,No,NA,NA,NA,NA,NA,NA,0,NA,Prefiere otras actividades,No,2022
33,No,No,No,No,No,Sí,NA,NA,NA,NA,NA,NA,20,La mayor parte,NA,Sí,2022
22,Sí,No,Sí,Sí,No,No,NA,NA,No,Sí,No,Sí,30,La mitad,NA,Sí,2022
74,Sí,Sí,Sí,No,No,No,No,Sí,No,Sí,NA,NA,60,La mayor parte,NA,Sí,2022
33,Sí,Sí,Sí,Sí,No,No,No,Sí,No,Sí,No,Sí,40,La mayor parte,NA,Sí,2022
20,No,No,Sí,No,No,No,NA,NA,No,Sí,NA,NA,25,La mitad,NA,No,2022
63,Sí,Sí,Sí,No,No,No,No,Sí,No,Sí,NA,NA,35,La mayor parte,NA,No,2022
60,Sí,No,No,Sí,No,No,NA,NA,NA,NA,No,Sí,20,La mayor parte,NA,Sí,2022
68,No,No,No,Sí,No,No,NA,NA,NA,NA,No,Sí,20,La mitad,NA,Sí,2022
72,No,No,No,No,No,No,NA,NA,NA,NA,NA,NA,0,NA,Problemas de salud,No,2022
51,Sí,Sí,No,No,No,No,No,Sí,NA,NA,NA,NA,40,La mayor parte,NA,Sí,2022
19,No,No,No,Sí,No,No,NA,NA,NA,NA,No,Sí,20,La mitad,NA,No,2022
21,No,No,No,No,No,No,NA,NA,NA,NA,NA,NA,0,NA,Prefiere otras actividades,No,2022
45,No,No,No,No,No,No,NA,NA,NA,NA,NA,NA,0,NA,Falta de tiempo,Sí,2022
18,Sí,Sí,No,No,No,Sí,No,Sí,NA,NA,NA,NA,40,La mayor parte,NA,Sí,2022
42,No,No,No,No,No,No,NA,NA,NA,NA,NA,NA,0,NA,Falta de tiempo,No,2022
40,Sí,Sí,Sí,No,No,Sí,No,Sí,No,Sí,NA,NA,35,La mayor parte,NA,Sí,2022
26,No,No,No,Sí,No,No,NA,NA,NA,NA,No,Sí,30,La mayor parte,NA,Sí,2022
41,No,No,No,No,No,No,NA,NA,NA,NA,NA,NA,0,NA,Falta de tiempo,Sí,2022
54,Sí,Sí,No,Sí,No,Sí,Sí,No,NA,NA,Sí,No,30,La mayor parte,NA,Sí,2022
44,Sí,Sí,Sí,Sí,No,Sí,No,Sí,No,Sí,No,Sí,120,Toda,NA,Sí,2022
58,Sí,No,No,No,No,Sí,NA,NA,NA,NA,NA,NA,60,Toda,NA,Sí,2022
49,No,No,No,No,No,No,NA,NA,NA,NA,NA,NA,0,NA,Falta de interés/gusto,No,2022
43,No,No,Sí,No,No,No,NA,NA,No,Sí,NA,NA,10,Toda,NA,No,2022
45,No,No,No,No,No,No,NA,NA,NA,NA,NA,NA,0,NA,Prefiere otras actividades,No,2022
63,NA,NA,NA,NA,NA,NA,NA,NA,NA,NA,NA,NA,0,NA,NA,NA,2022
27,Sí,No,No,No,No,Sí,NA,NA,NA,NA,NA,NA,20,La mayor parte,NA,Sí,2022
65,No,No,No,No,No,No,NA,NA,NA,NA,NA,NA,0,NA,Problemas de salud,No,2022
22,Sí,No,Sí,No,No,Sí,NA,NA,No,Sí,NA,NA,30,La mayor parte,NA,Sí,2022
47,Sí,No,No,No,No,No,NA,NA,NA,NA,NA,NA,0,NA,Falta de tiempo,No,2022
21,Sí,Sí,No,No,Sí,No,No,Sí,NA,NA,NA,NA,60,La mayor parte,NA,No,2022
43,Sí,Sí,Sí,Sí,No,No,No,Sí,No,Sí,No,Sí,90,Toda,NA,Sí,2022
23,Sí,Sí,No,No,No,No,No,Sí,NA,NA,NA,NA,90,Toda,NA,Sí,2022
48,Sí,Sí,No,No,No,Sí,No,Sí,NA,NA,NA,NA,60,Toda,NA,Sí,2022
58,Sí,No,No,Sí,No,Sí,NA,NA,NA,NA,No,Sí,60,La mayor parte,NA,No,2022
60,Sí,No,Sí,Sí,No,No,NA,NA,No,Sí,No,Sí,45,La mayor parte,NA,Sí,2022
49,Sí,No,No,No,No,Sí,NA,NA,NA,NA,NA,NA,30,Toda,NA,No,2022
53,Sí,Sí,No,No,No,No,No,Sí,NA,NA,NA,NA,20,La mitad,NA,Sí,2022
23,No,No,No,No,No,No,NA,NA,NA,NA,NA,NA,0,NA,Prefiere otras actividades,No,2022
38,No,No,No,No,No,No,NA,NA,NA,NA,NA,NA,0,NA,Falta de interés/gusto,No,2022
39,No,No,No,No,No,No,NA,NA,NA,NA,NA,NA,0,NA,Falta de tiempo,No recuerda,2022
44,No,No,No,No,No,No,NA,NA,NA,NA,NA,NA,0,NA,Falta de tiempo,No,2022
68,Sí,No,Sí,Sí,No,No,NA,NA,No,Sí,No,Sí,30,La mayor parte,NA,Sí,2022
91,No,No,No,No,No,No,NA,NA,NA,NA,NA,NA,0,NA,Problemas de salud,No,2022
68,Sí,Sí,No,Sí,No,No,No,Sí,NA,NA,No,Sí,45,La mayor parte,NA,No,2022
52,Sí,Sí,No,Sí,No,Sí,No,Sí,NA,NA,No,Sí,60,Toda,NA,Sí,2022
48,No,No,No,No,No,No,NA,NA,NA,NA,NA,NA,0,NA,Falta de interés/gusto,No,2022
64,No,No,No,Sí,No,No,NA,NA,NA,NA,No,Sí,20,Toda,NA,No,2022
18,Sí,Sí,No,No,No,Sí,No,Sí,NA,NA,NA,NA,120,La mayor parte,NA,Sí,2022
39,Sí,Sí,No,Sí,No,No,No,Sí,NA,NA,No,Sí,30,Toda,NA,Sí,2022
41,Sí,No,No,Sí,No,No,NA,NA,NA,NA,No,Sí,60,La mayor parte,NA,Sí,2022
32,No,No,No,No,No,No,NA,NA,NA,NA,NA,NA,0,NA,Falta de interés/gusto,No,2022
50,No,No,No,No,No,No,NA,NA,NA,NA,NA,NA,0,NA,Falta de interés/gusto,No,2022
38,No,No,No,Sí,No,No,NA,NA,NA,NA,No,Sí,10,La mayor parte,NA,No,2022
38,Sí,No,No,Sí,No,No,NA,NA,NA,NA,No,Sí,45,La mayor parte,NA,No,2022
34,No,No,No,No,No,No,NA,NA,NA,NA,NA,NA,0,NA,Falta de dinero,No,2022
63,Sí,No,No,No,No,No,NA,NA,NA,NA,NA,NA,0,NA,Problemas de salud,Sí,2022
31,Sí,Sí,No,No,No,Sí,Sí,Sí,NA,NA,NA,NA,30,La mayor parte,NA,Sí,2022
60,No,No,No,No,No,No,NA,NA,NA,NA,NA,NA,0,NA,Problemas de salud,Sí,2022
55,Sí,Sí,No,No,No,Sí,No,Sí,NA,NA,NA,NA,30,La mayor parte,NA,No,2022
37,Sí,No,No,Sí,No,Sí,NA,NA,NA,NA,Sí,No,30,Toda,NA,Sí,2022
40,Sí,No,No,No,No,Sí,NA,NA,NA,NA,NA,NA,45,La mayor parte,NA,Sí,2022
42,Sí,No,No,No,No,Sí,NA,NA,NA,NA,NA,NA,30,Toda,NA,Sí,2022
39,Sí,Sí,Sí,No,No,Sí,Sí,No,No,Sí,NA,NA,30,La mayor parte,NA,Sí,2022
37,Sí,No,No,No,No,Sí,NA,NA,NA,NA,NA,NA,120,La mayor parte,NA,Sí,2022
42,No,No,No,No,No,No,NA,NA,NA,NA,NA,NA,0,NA,Prefiere otras actividades,Sí,2022
49,No,No,No,No,No,No,NA,NA,NA,NA,NA,NA,0,NA,Prefiere otras actividades,Sí,2022
54,No,No,No,No,No,No,NA,NA,NA,NA,NA,NA,0,NA,Falta de interés/gusto,No,2022
44,Sí,No,Sí,Sí,No,No,NA,NA,No,Sí,No,Sí,10,Toda,NA,No,2022
38,Sí,Sí,No,No,Sí,No,No,Sí,NA,NA,NA,NA,30,Poca,NA,Sí,2022
56,Sí,Sí,No,No,No,Sí,No,Sí,NA,NA,NA,NA,60,Toda,NA,Sí,2022
61,No,No,No,No,No,No,NA,NA,NA,NA,NA,NA,0,NA,Problemas de salud,No,2022
43,No,No,No,No,No,No,NA,NA,NA,NA,NA,NA,0,NA,Falta de tiempo,No recuerda,2022
55,Sí,No,No,No,No,No,NA,NA,NA,NA,NA,NA,0,NA,Falta de tiempo,Sí,2022
30,No,No,No,No,No,No,NA,NA,NA,NA,NA,NA,0,NA,Falta de tiempo,Sí,2022
62,Sí,No,No,No,No,Sí,NA,NA,NA,NA,NA,NA,45,Toda,NA,Sí,2022
18,Sí,Sí,No,No,No,No,Sí,No,NA,NA,NA,NA,60,La mayor parte,NA,Sí,2022
58,Sí,Sí,Sí,Sí,Sí,Sí,Sí,No,No,Sí,No,Sí,45,Toda,NA,Sí,2022
32,Sí,Sí,No,Sí,No,Sí,No,Sí,NA,NA,No,Sí,45,La mayor parte,NA,Sí,2022
71,Sí,No,No,Sí,No,No,NA,NA,NA,NA,No,Sí,45,La mayor parte,NA,Sí,2022
33,Sí,Sí,No,No,No,No,No,Sí,NA,NA,NA,NA,60,Toda,NA,Sí,2022
47,No,No,No,No,No,No,NA,NA,NA,NA,NA,NA,0,NA,Falta de tiempo,No,2022
41,Sí,No,No,Sí,No,Sí,NA,NA,NA,NA,No,Sí,25,Toda,NA,No,2022
22,Sí,No,No,No,No,No,NA,NA,NA,NA,NA,NA,0,NA,Prefiere otras actividades,Sí,2022
34,Sí,No,No,No,No,Sí,NA,NA,NA,NA,NA,NA,30,La mayor parte,NA,Sí,2022
55,No,No,No,No,No,No,NA,NA,NA,NA,NA,NA,0,NA,Problemas de salud,No,2022
47,No,No,No,No,No,No,NA,NA,NA,NA,NA,NA,0,NA,Falta de tiempo,No,2022
67,Sí,No,No,Sí,No,No,NA,NA,NA,NA,No,Sí,20,La mayor parte,NA,No,2022
58,No,No,No,No,No,No,NA,NA,NA,NA,NA,NA,0,NA,Falta de tiempo,No,2022
18,Sí,Sí,No,No,No,Sí,Sí,No,NA,NA,NA,NA,120,La mayor parte,NA,Sí,2022
19,Sí,Sí,Sí,No,No,Sí,No,Sí,Sí,No,NA,NA,30,La mayor parte,NA,Sí,2022
81,Sí,No,Sí,Sí,No,No,NA,NA,No,Sí,No,Sí,30,La mitad,NA,No,2022
46,Sí,Sí,No,Sí,No,Sí,No,Sí,NA,NA,No,Sí,60,La mayor parte,NA,Sí,2022
31,No,No,No,No,No,No,NA,NA,NA,NA,NA,NA,0,NA,Prefiere otras actividades,Sí,2022
56,Sí,Sí,No,Sí,No,No,No,Sí,NA,NA,No,Sí,40,La mayor parte,NA,Sí,2022
25,Sí,Sí,No,No,No,No,No,Sí,NA,NA,NA,NA,60,La mayor parte,NA,Sí,2022
83,No,No,No,No,No,No,NA,NA,NA,NA,NA,NA,0,NA,Problemas de salud,No,2022
39,Sí,Sí,No,No,No,No,No,Sí,NA,NA,NA,NA,120,La mayor parte,NA,Sí,2022
68,No,No,No,No,No,No,NA,NA,NA,NA,NA,NA,0,NA,Problemas de salud,No,2022
53,No,No,No,Sí,No,No,NA,NA,NA,NA,No,Sí,20,Toda,NA,No,2022
21,Sí,No,Sí,Sí,No,No,NA,NA,No,Sí,No,Sí,40,La mayor parte,NA,No,2022
31,Sí,Sí,No,No,No,No,No,Sí,NA,NA,NA,NA,90,La mayor parte,NA,Sí,2022
26,No,No,No,No,No,No,NA,NA,NA,NA,NA,NA,0,NA,Prefiere otras actividades,No,2022
18,Sí,No,Sí,No,Sí,No,NA,NA,No,Sí,NA,NA,30,Poca,NA,Sí,2022
26,Sí,Sí,No,Sí,No,No,Sí,No,NA,NA,No,Sí,60,La mayor parte,NA,Sí,2022
42,No,No,No,No,No,No,NA,NA,NA,NA,NA,NA,0,NA,Falta de interés/gusto,No,2022
24,No,No,No,No,No,No,NA,NA,NA,NA,NA,NA,0,NA,Falta de tiempo,Sí,2022
59,Sí,Sí,No,No,No,No,No,Sí,NA,NA,NA,NA,45,La mayor parte,NA,No,2022
92,Sí,Sí,No,No,No,No,No,Sí,NA,NA,NA,NA,180,La mayor parte,NA,No,2022
77,Sí,No,Sí,Sí,No,No,NA,NA,No,Sí,No,Sí,60,La mayor parte,NA,No,2022
55,Sí,Sí,No,No,No,No,No,Sí,NA,NA,NA,NA,40,La mayor parte,NA,Sí,2022
23,No,No,No,No,No,No,NA,NA,NA,NA,NA,NA,0,NA,Falta de tiempo,Sí,2022
57,Sí,Sí,No,No,No,No,No,Sí,NA,NA,NA,NA,60,Toda,NA,Sí,2022
36,No,No,No,No,No,No,NA,NA,NA,NA,NA,NA,0,NA,Falta de tiempo,No,2022
38,Sí,Sí,No,No,No,No,No,Sí,NA,NA,NA,NA,120,La mayor parte,NA,Sí,2022
23,Sí,Sí,No,No,No,No,Sí,No,NA,NA,NA,NA,180,La mayor parte,NA,No,2022
70,No,No,No,No,No,No,NA,NA,NA,NA,NA,NA,0,NA,Falta de interés/gusto,No,2022
42,Sí,Sí,No,No,No,No,No,Sí,NA,NA,NA,NA,60,Toda,NA,No,2022
46,No,No,No,Sí,No,No,NA,NA,NA,NA,No,Sí,20,La mayor parte,NA,No,2022
40,Sí,No,No,No,No,No,NA,NA,NA,NA,NA,NA,0,NA,Falta de tiempo,No,2022
51,Sí,No,No,No,No,No,NA,NA,NA,NA,NA,NA,0,NA,Falta de tiempo,No,2022
23,Sí,Sí,No,No,No,No,Sí,No,NA,NA,NA,NA,60,La mayor parte,NA,Sí,2022
29,No,No,No,No,No,No,NA,NA,NA,NA,NA,NA,0,NA,Falta de tiempo,No,2022
78,No,No,No,No,No,No,NA,NA,NA,NA,NA,NA,0,NA,Falta de interés/gusto,No,2022
39,No,No,No,No,No,No,NA,NA,NA,NA,NA,NA,0,NA,Falta de interés/gusto,No,2022
76,NA,NA,NA,NA,NA,NA,NA,NA,NA,NA,NA,NA,0,NA,NA,NA,2022
47,Sí,Sí,No,No,No,No,No,Sí,NA,NA,NA,NA,60,La mayor parte,NA,No,2022
30,Sí,No,Sí,No,No,No,NA,NA,No,Sí,NA,NA,30,Toda,NA,No,2022
39,No,No,No,No,No,No,NA,NA,NA,NA,NA,NA,0,NA,Falta de tiempo,No,2022
64,No,No,No,No,No,No,NA,NA,NA,NA,NA,NA,0,NA,Falta de interés/gusto,No,2022
54,No,No,No,No,No,No,NA,NA,NA,NA,NA,NA,0,NA,Falta de interés/gusto,Sí,2022
52,No,No,No,No,No,No,NA,NA,NA,NA,NA,NA,0,NA,Falta de tiempo,No,2022
53,No,No,No,No,No,No,NA,NA,NA,NA,NA,NA,0,NA,Falta de interés/gusto,Sí,2022
81,No,No,No,No,No,No,NA,NA,NA,NA,NA,NA,0,NA,Problemas de salud,No,2022
39,No,No,Sí,No,No,No,NA,NA,No,Sí,NA,NA,30,Toda,NA,No,2022
62,No,No,No,No,No,No,NA,NA,NA,NA,NA,NA,0,NA,Falta de interés/gusto,No,2022
57,No,No,No,No,No,No,NA,NA,NA,NA,NA,NA,0,NA,Problemas de salud,No,2022
58,Sí,Sí,No,No,No,No,No,Sí,NA,NA,NA,NA,60,La mayor parte,NA,No,2022
66,Sí,Sí,No,No,No,No,No,Sí,NA,NA,NA,NA,60,Toda,NA,No,2022
69,Sí,No,No,Sí,No,No,NA,NA,NA,NA,Sí,No,30,La mayor parte,NA,Sí,2022
31,Sí,Sí,Sí,Sí,Sí,Sí,Sí,No,Sí,No,Sí,No,60,Toda,NA,Sí,2022
33,Sí,Sí,Sí,Sí,No,Sí,Sí,No,Sí,No,Sí,No,20,Toda,NA,Sí,2022
23,Sí,No,No,No,Sí,Sí,NA,NA,NA,NA,NA,NA,15,La mayor parte,NA,Sí,2022
19,Sí,No,No,No,No,No,NA,NA,NA,NA,NA,NA,0,NA,Falta de tiempo,Sí,2022
29,Sí,Sí,Sí,No,No,Sí,Sí,No,No,Sí,NA,NA,120,La mitad,NA,Sí,2022
66,Sí,Sí,Sí,No,No,Sí,Sí,No,No,Sí,NA,NA,60,Toda,NA,Sí,2022
57,Sí,Sí,Sí,No,No,No,No,Sí,No,Sí,NA,NA,60,Toda,NA,No recuerda,2022
56,NA,NA,NA,NA,NA,NA,NA,NA,NA,NA,NA,NA,0,NA,NA,NA,2022
54,Sí,Sí,Sí,Sí,No,Sí,Sí,No,Sí,No,Sí,No,60,La mayor parte,NA,Sí,2022
51,NA,NA,NA,NA,NA,NA,NA,NA,NA,NA,NA,NA,0,NA,NA,NA,2022
51,Sí,Sí,Sí,Sí,Sí,Sí,No,Sí,No,Sí,Sí,No,20,La mayor parte,NA,Sí,2022
41,Sí,Sí,No,Sí,No,Sí,Sí,No,NA,NA,Sí,No,30,La mayor parte,NA,Sí,2022
53,No,No,No,No,No,Sí,NA,NA,NA,NA,NA,NA,5,Toda,NA,No recuerda,2022
62,Sí,Sí,No,No,No,Sí,No,Sí,NA,NA,NA,NA,60,La mayor parte,NA,Sí,2022
57,Sí,Sí,No,No,Sí,No,No,Sí,NA,NA,NA,NA,20,Toda,NA,Sí,2022
71,NA,NA,NA,NA,NA,NA,NA,NA,NA,NA,NA,NA,0,NA,NA,NA,2022
18,No,No,No,No,No,Sí,NA,NA,NA,NA,NA,NA,30,La mayor parte,NA,Sí,2022
34,Sí,No,Sí,No,No,No,NA,NA,Sí,Sí,NA,NA,60,La mayor parte,NA,Sí,2022
65,Sí,Sí,No,No,No,No,No,Sí,NA,NA,NA,NA,20,Toda,NA,Sí,2022
73,Sí,Sí,Sí,No,No,No,No,Sí,Sí,No,NA,NA,20,La mayor parte,NA,Sí,2022
70,Sí,Sí,No,No,No,Sí,No,Sí,NA,NA,NA,NA,60,La mayor parte,NA,Sí,2022
27,No,Sí,Sí,No,No,Sí,No,Sí,No,Sí,NA,NA,60,La mayor parte,NA,Sí,2022
50,Sí,Sí,No,No,Sí,No,No,Sí,NA,NA,NA,NA,10,Poca,NA,Sí,2022
51,Sí,Sí,No,No,No,No,No,Sí,NA,NA,NA,NA,60,La mayor parte,NA,No,2022
66,No,No,No,No,No,No,NA,NA,NA,NA,NA,NA,0,NA,Falta de tiempo,No,2022
35,Sí,Sí,Sí,Sí,Sí,Sí,No,Sí,Sí,No,Sí,No,44,La mayor parte,NA,Sí,2022
22,Sí,Sí,No,No,No,Sí,Sí,No,NA,NA,NA,NA,20,La mayor parte,NA,Sí,2022
53,Sí,Sí,Sí,No,No,Sí,No,Sí,No,Sí,NA,NA,30,La mayor parte,NA,Sí,2022
31,No,No,No,No,No,No,NA,NA,NA,NA,NA,NA,0,NA,Falta de tiempo,No,2022
36,Sí,Sí,No,No,Sí,No,No,Sí,NA,NA,NA,NA,60,Toda,NA,Sí,2022
55,No,No,No,No,No,No,NA,NA,NA,NA,NA,NA,0,NA,Falta de tiempo,No,2022
52,Sí,Sí,No,No,No,Sí,No,Sí,NA,NA,NA,NA,30,La mayor parte,NA,No recuerda,2022
39,Sí,No,No,No,No,Sí,NA,NA,NA,NA,NA,NA,30,La mayor parte,NA,Sí,2022
54,Sí,No,No,Sí,No,No,NA,NA,NA,NA,Sí,No,30,La mayor parte,NA,Sí,2022
40,Sí,Sí,Sí,No,No,No,No,Sí,No,Sí,NA,NA,60,La mayor parte,NA,No,2022
36,Sí,Sí,Sí,No,No,Sí,Sí,No,Sí,No,NA,NA,30,Poca,NA,No,2022
48,No,No,No,No,No,No,NA,NA,NA,NA,NA,NA,0,NA,Falta de tiempo,Sí,2022
68,Sí,Sí,No,No,No,Sí,No,Sí,NA,NA,NA,NA,120,Toda,NA,Sí,2022
42,No,No,No,No,No,No,NA,NA,NA,NA,NA,NA,0,NA,Prefiere otras actividades,Sí,2022
40,No,No,No,No,No,Sí,NA,NA,NA,NA,NA,NA,60,Toda,NA,Sí,2022
64,Sí,Sí,Sí,No,No,No,No,Sí,No,Sí,NA,NA,60,La mayor parte,NA,Sí,2022
28,No,No,No,No,No,Sí,NA,NA,NA,NA,NA,NA,60,La mayor parte,NA,Sí,2022
73,No,No,No,No,No,No,NA,NA,NA,NA,NA,NA,0,NA,Falta de tiempo,No,2022
43,Sí,Sí,No,No,No,Sí,No,Sí,NA,NA,NA,NA,30,La mayor parte,NA,No,2022
23,No,No,No,No,No,No,NA,NA,NA,NA,NA,NA,0,NA,Falta de interés/gusto,Sí,2022
22,Sí,Sí,No,No,No,Sí,Sí,No,NA,NA,NA,NA,30,La mayor parte,NA,Sí,2022
52,No,No,No,No,No,No,NA,NA,NA,NA,NA,NA,0,NA,Falta de tiempo,No,2022
69,Sí,Sí,Sí,No,No,No,No,Sí,No,Sí,NA,NA,60,La mayor parte,NA,Sí,2022
64,Sí,Sí,No,No,No,No,No,Sí,NA,NA,NA,NA,120,Toda,NA,No,2022
76,Sí,Sí,No,No,No,No,No,Sí,NA,NA,NA,NA,40,La mitad,NA,No,2022
57,Sí,Sí,No,No,No,No,No,Sí,NA,NA,NA,NA,60,La mayor parte,NA,Sí,2022
23,No,No,No,No,No,No,NA,NA,NA,NA,NA,NA,0,NA,Prefiere otras actividades,Sí,2022
56,Sí,No,Sí,Sí,No,No,NA,NA,No,Sí,No,Sí,30,Toda,NA,Sí,2022
49,Sí,Sí,No,No,No,No,No,Sí,NA,NA,NA,NA,15,Poca,NA,Sí,2022
43,No,No,No,No,No,No,NA,NA,NA,NA,NA,NA,0,NA,Falta de interés/gusto,No,2022
50,No,No,No,No,No,No,NA,NA,NA,NA,NA,NA,0,NA,Falta de tiempo,No,2022
52,Sí,No,No,No,No,No,NA,NA,NA,NA,NA,NA,0,NA,Falta de tiempo,Sí,2022
31,No,No,No,No,No,No,NA,NA,NA,NA,NA,NA,0,NA,Falta de tiempo,Sí,2022
74,No,No,No,No,No,No,NA,NA,NA,NA,NA,NA,0,NA,Falta de interés/gusto,Sí,2022
64,No,No,No,No,No,No,NA,NA,NA,NA,NA,NA,0,NA,Falta de interés/gusto,No recuerda,2022
43,No,No,No,No,No,Sí,NA,NA,NA,NA,NA,NA,2,Toda,NA,Sí,2022
57,No,Sí,No,No,No,No,No,Sí,NA,NA,NA,NA,90,Toda,NA,No,2022
25,Sí,No,No,Sí,No,No,NA,NA,NA,NA,No,Sí,2,La mayor parte,NA,No,2022
30,Sí,No,Sí,No,Sí,Sí,NA,NA,Sí,No,NA,NA,30,La mayor parte,NA,Sí,2022
20,Sí,Sí,Sí,No,No,No,Sí,No,Sí,No,NA,NA,180,La mayor parte,NA,Sí,2022
63,Sí,Sí,No,No,No,No,No,Sí,NA,NA,NA,NA,15,La mitad,NA,No,2022
21,Sí,No,Sí,No,Sí,Sí,NA,NA,Sí,No,NA,NA,120,La mayor parte,NA,Sí,2022
54,No,No,No,No,No,No,NA,NA,NA,NA,NA,NA,0,NA,Falta de interés/gusto,No,2022
28,Sí,Sí,No,Sí,No,Sí,No,Sí,NA,NA,No,Sí,20,Toda,NA,Sí,2022
58,Sí,No,Sí,No,No,No,NA,NA,No,Sí,NA,NA,20,Toda,NA,Sí,2022
34,Sí,Sí,Sí,Sí,No,No,No,Sí,No,Sí,No,Sí,25,Toda,NA,Sí,2022
26,No,No,No,No,No,Sí,NA,NA,NA,NA,NA,NA,60,La mitad,NA,No,2022
29,Sí,Sí,No,No,No,Sí,No,Sí,NA,NA,NA,NA,60,La mayor parte,NA,Sí,2022
63,No,No,No,No,No,No,NA,NA,NA,NA,NA,NA,0,NA,Falta de interés/gusto,Sí,2022
44,Sí,Sí,No,Sí,No,Sí,No,Sí,NA,NA,No,Sí,30,Toda,NA,No,2022
32,Sí,Sí,Sí,No,No,No,No,Sí,No,Sí,NA,NA,25,Toda,NA,Sí,2022
54,Sí,Sí,Sí,No,No,Sí,No,Sí,No,Sí,NA,NA,15,La mayor parte,NA,Sí,2022
31,No,No,No,No,No,No,NA,NA,NA,NA,NA,NA,0,NA,Falta de interés/gusto,Sí,2022
64,Sí,No,No,No,No,Sí,NA,NA,NA,NA,NA,NA,30,La mayor parte,NA,Sí,2022
30,Sí,Sí,No,No,No,Sí,No,Sí,NA,NA,NA,NA,30,La mayor parte,NA,Sí,2022
27,No,No,No,No,No,Sí,NA,NA,NA,NA,NA,NA,10,Toda,NA,Sí,2022
55,Sí,Sí,Sí,No,No,Sí,No,Sí,No,Sí,NA,NA,35,Toda,NA,Sí,2022
59,No,No,No,No,No,No,NA,NA,NA,NA,NA,NA,0,NA,Falta de interés/gusto,No,2022
71,Sí,No,Sí,Sí,No,No,NA,NA,No,Sí,No,Sí,10,La mayor parte,NA,No,2022
32,Sí,No,Sí,No,No,Sí,NA,NA,No,Sí,NA,NA,60,La mayor parte,NA,Sí,2022
65,Sí,No,No,Sí,No,No,NA,NA,NA,NA,No,Sí,45,La mayor parte,NA,No,2022
21,Sí,Sí,No,No,No,Sí,Sí,No,NA,NA,NA,NA,20,Toda,NA,Sí,2022
84,No,No,No,Sí,No,No,NA,NA,NA,NA,No,Sí,30,La mitad,NA,Sí,2022
30,No,No,Sí,Sí,No,Sí,NA,NA,Sí,No,Sí,No,30,La mayor parte,NA,Sí,2022
72,Sí,Sí,Sí,No,No,Sí,No,Sí,No,Sí,NA,NA,15,La mitad,NA,Sí,2022
37,No,No,No,No,No,No,NA,NA,NA,NA,NA,NA,0,NA,Falta de tiempo,No,2022
25,Sí,Sí,Sí,No,Sí,Sí,No,Sí,No,Sí,NA,NA,60,Toda,NA,Sí,2022
59,No,No,No,No,No,No,NA,NA,NA,NA,NA,NA,0,NA,Falta de interés/gusto,No recuerda,2022
47,Sí,Sí,Sí,No,No,Sí,No,Sí,No,Sí,NA,NA,15,La mayor parte,NA,Sí,2022
61,Sí,No,Sí,No,No,No,NA,NA,No,Sí,NA,NA,20,La mitad,NA,No,2022
21,No,No,Sí,No,No,Sí,NA,NA,No,Sí,NA,NA,30,La mayor parte,NA,Sí,2022
31,Sí,Sí,No,No,No,No,No,Sí,NA,NA,NA,NA,30,Toda,NA,Sí,2022
29,Sí,Sí,No,No,Sí,Sí,No,Sí,NA,NA,NA,NA,15,La mayor parte,NA,Sí,2022
33,Sí,Sí,No,No,No,Sí,No,Sí,NA,NA,NA,NA,15,La mayor parte,NA,Sí,2022
26,No,Sí,No,No,No,Sí,Sí,No,NA,NA,NA,NA,30,La mayor parte,NA,Sí,2022
30,No,No,No,No,No,No,NA,NA,NA,NA,NA,NA,0,NA,Falta de interés/gusto,Sí,2022
22,Sí,Sí,Sí,No,No,Sí,No,Sí,No,Sí,NA,NA,30,La mayor parte,NA,No,2022
69,No,No,No,No,No,No,NA,NA,NA,NA,NA,NA,0,NA,Falta de interés/gusto,No,2022
66,No,Sí,No,Sí,No,Sí,No,Sí,NA,NA,Sí,No,15,La mayor parte,NA,Sí,2022
21,Sí,Sí,No,Sí,No,Sí,Sí,No,NA,NA,Sí,No,120,La mayor parte,NA,Sí,2022
41,Sí,Sí,Sí,Sí,Sí,Sí,Sí,No,Sí,No,Sí,No,60,La mitad,NA,Sí,2022
48,Sí,No,No,No,No,No,NA,NA,NA,NA,NA,NA,0,NA,Falta de interés/gusto,Sí,2022
45,No,No,No,No,No,No,NA,NA,NA,NA,NA,NA,0,NA,Falta de interés/gusto,No,2022
58,No,No,No,No,No,No,NA,NA,NA,NA,NA,NA,0,NA,Problemas de salud,No,2022
49,No,No,No,No,No,No,NA,NA,NA,NA,NA,NA,0,NA,Falta de tiempo,Sí,2022
69,No,No,No,No,No,No,NA,NA,NA,NA,NA,NA,0,NA,Falta de interés/gusto,No,2022
41,Sí,Sí,No,No,No,Sí,No,Sí,NA,NA,NA,NA,40,La mitad,NA,Sí,2022
59,Sí,Sí,Sí,No,No,Sí,Sí,Sí,Sí,No,NA,NA,60,La mayor parte,NA,No recuerda,2022
20,Sí,Sí,No,Sí,No,Sí,Sí,Sí,NA,NA,No,Sí,180,La mayor parte,NA,Sí,2022
28,No,No,No,No,No,Sí,NA,NA,NA,NA,NA,NA,10,La mayor parte,NA,Sí,2022
23,Sí,Sí,No,No,No,Sí,No,Sí,NA,NA,NA,NA,60,La mayor parte,NA,Sí,2022
39,No,No,No,No,No,No,NA,NA,NA,NA,NA,NA,0,NA,Prefiere otras actividades,No,2022
45,No,No,No,No,No,Sí,NA,NA,NA,NA,NA,NA,30,Poca,NA,Sí,2022
38,Sí,Sí,Sí,No,No,Sí,No,Sí,No,Sí,NA,NA,30,Toda,NA,Sí,2022
55,No,No,No,No,No,No,NA,NA,NA,NA,NA,NA,0,NA,Falta de tiempo,Sí,2022
32,No,No,No,Sí,No,No,NA,NA,NA,NA,No,Sí,5,La mitad,NA,No,2022
53,No,No,No,No,No,No,NA,NA,NA,NA,NA,NA,0,NA,Prefiere otras actividades,No,2022
44,Sí,Sí,No,No,No,Sí,Sí,Sí,NA,NA,NA,NA,120,La mitad,NA,Sí,2022
22,Sí,Sí,Sí,No,No,Sí,Sí,No,No,Sí,NA,NA,30,La mayor parte,NA,No,2022
33,No,No,No,No,No,No,NA,NA,NA,NA,NA,NA,0,NA,Falta de tiempo,Sí,2022
50,Sí,No,No,Sí,No,No,NA,NA,NA,NA,No,Sí,15,La mayor parte,NA,Sí,2022
77,No,No,No,No,No,No,NA,NA,NA,NA,NA,NA,0,NA,Falta de tiempo,No,2022
32,Sí,Sí,Sí,No,No,Sí,No,Sí,Sí,No,NA,NA,60,La mayor parte,NA,Sí,2022
86,Sí,No,Sí,Sí,No,No,NA,NA,No,Sí,No,Sí,30,La mitad,NA,No,2022
23,No,No,No,No,No,No,NA,NA,NA,NA,NA,NA,0,NA,Falta de interés/gusto,No,2022
91,No,No,No,No,No,No,NA,NA,NA,NA,NA,NA,0,NA,Problemas de salud,No,2022
58,Sí,No,Sí,No,No,Sí,NA,NA,No,Sí,NA,NA,15,La mayor parte,NA,No recuerda,2022
48,No,No,No,Sí,No,No,NA,NA,NA,NA,No,Sí,10,Toda,NA,No,2022
70,No,No,No,No,No,Sí,NA,NA,NA,NA,NA,NA,15,La mayor parte,NA,No,2022
75,No,No,No,No,No,No,NA,NA,NA,NA,NA,NA,0,NA,Problemas de salud,Sí,2022
22,Sí,No,No,No,No,No,NA,NA,NA,NA,NA,NA,0,NA,Falta de tiempo,No,2022
47,No,No,Sí,No,No,No,NA,NA,No,Sí,NA,NA,5,La mitad,NA,No,2022
26,No,No,No,No,No,No,NA,NA,NA,NA,NA,NA,0,NA,Falta de tiempo,No,2022
27,No,No,No,No,No,No,NA,NA,NA,NA,NA,NA,0,NA,Falta de interés/gusto,No,2022
61,Sí,Sí,No,No,No,No,No,Sí,NA,NA,NA,NA,240,Toda,NA,Sí,2022
27,Sí,Sí,Sí,No,Sí,Sí,Sí,Sí,No,Sí,NA,NA,30,Toda,NA,Sí,2022
35,Sí,No,No,No,No,Sí,NA,NA,NA,NA,NA,NA,30,Toda,NA,Sí,2022
58,No,No,No,No,No,No,NA,NA,NA,NA,NA,NA,0,NA,Falta de interés/gusto,Sí,2022
55,Sí,Sí,Sí,No,No,No,No,Sí,No,Sí,NA,NA,25,La mayor parte,NA,Sí,2022
25,Sí,No,No,Sí,Sí,Sí,NA,NA,NA,NA,No,Sí,20,Toda,NA,Sí,2022
71,Sí,Sí,No,No,No,No,No,Sí,NA,NA,NA,NA,15,Poca,NA,Sí,2022
19,Sí,Sí,Sí,No,Sí,Sí,No,Sí,No,Sí,NA,NA,45,La mayor parte,NA,Sí,2022
24,No,No,No,No,No,Sí,NA,NA,NA,NA,NA,NA,60,La mayor parte,NA,Sí,2022
33,Sí,Sí,No,No,No,Sí,Sí,Sí,NA,NA,NA,NA,240,La mayor parte,NA,Sí,2022
44,Sí,Sí,No,No,No,No,No,Sí,NA,NA,NA,NA,30,Toda,NA,Sí,2022
41,Sí,Sí,No,Sí,No,Sí,No,Sí,NA,NA,No,Sí,20,Toda,NA,Sí,2022
52,No,No,Sí,No,No,No,NA,NA,No,Sí,NA,NA,5,La mitad,NA,No,2022
85,No,No,No,No,No,No,NA,NA,NA,NA,NA,NA,0,NA,Problemas de salud,No recuerda,2022
41,No,No,No,No,No,No,NA,NA,NA,NA,NA,NA,0,NA,Falta de tiempo,No,2022
24,Sí,Sí,Sí,No,No,Sí,No,Sí,No,Sí,NA,NA,60,La mayor parte,NA,Sí,2022
36,Sí,Sí,No,Sí,No,Sí,No,Sí,NA,NA,No,Sí,60,La mayor parte,NA,Sí,2022
43,No,Sí,No,No,No,Sí,No,Sí,NA,NA,NA,NA,15,La mayor parte,NA,Sí,2022
49,Sí,Sí,No,No,No,Sí,No,Sí,NA,NA,NA,NA,45,La mayor parte,NA,Sí,2022
56,No,No,No,No,No,No,NA,NA,NA,NA,NA,NA,0,NA,Falta de interés/gusto,No,2022
34,Sí,Sí,No,No,No,No,No,Sí,NA,NA,NA,NA,45,La mayor parte,NA,Sí,2022
46,Sí,Sí,No,Sí,No,No,Sí,No,NA,NA,Sí,No,60,Toda,NA,Sí,2022
56,No,No,No,No,No,No,NA,NA,NA,NA,NA,NA,0,NA,Falta de tiempo,No recuerda,2022
44,No,No,Sí,No,No,No,NA,NA,No,Sí,NA,NA,15,La mayor parte,NA,Sí,2022
65,Sí,No,Sí,No,No,No,NA,NA,No,Sí,NA,NA,20,Toda,NA,Sí,2022
41,No,No,No,No,No,No,NA,NA,NA,NA,NA,NA,0,NA,Falta de tiempo,Sí,2022
37,Sí,Sí,No,No,No,Sí,No,Sí,NA,NA,NA,NA,30,Toda,NA,Sí,2022
26,Sí,No,Sí,No,No,Sí,NA,NA,Sí,No,NA,NA,60,Toda,NA,Sí,2022
46,Sí,No,No,No,No,Sí,NA,NA,NA,NA,NA,NA,60,Toda,NA,Sí,2022
23,Sí,Sí,No,No,No,No,Sí,No,NA,NA,NA,NA,30,La mayor parte,NA,Sí,2022
37,No,No,No,No,No,No,NA,NA,NA,NA,NA,NA,0,NA,Falta de tiempo,Sí,2022
36,No,No,No,No,No,No,NA,NA,NA,NA,NA,NA,0,NA,Falta de interés/gusto,No,2022
39,No,No,No,No,No,No,NA,NA,NA,NA,NA,NA,0,NA,Falta de interés/gusto,No,2022
42,Sí,Sí,No,No,No,No,No,Sí,NA,NA,NA,NA,120,Toda,NA,Sí,2022
47,No,No,No,No,No,No,NA,NA,NA,NA,NA,NA,0,NA,Falta de tiempo,Sí,2022
21,Sí,No,Sí,Sí,No,No,NA,NA,No,Sí,No,Sí,5,La mayor parte,NA,No,2022
31,No,No,No,No,No,No,NA,NA,NA,NA,NA,NA,0,NA,Falta de tiempo,Sí,2022
54,No,No,No,No,No,Sí,NA,NA,NA,NA,NA,NA,30,La mayor parte,NA,Sí,2022
39,No,No,No,No,No,No,NA,NA,NA,NA,NA,NA,0,NA,Falta de interés/gusto,No,2022
51,Sí,No,Sí,No,No,No,NA,NA,No,Sí,NA,NA,20,La mayor parte,NA,Sí,2022
40,No,No,No,No,No,No,NA,NA,NA,NA,NA,NA,0,NA,Falta de interés/gusto,Sí,2022
39,No,No,No,No,No,Sí,NA,NA,NA,NA,NA,NA,15,La mitad,NA,Sí,2022
64,Sí,Sí,Sí,No,No,No,No,Sí,No,Sí,NA,NA,20,La mayor parte,NA,Sí,2022
33,Sí,Sí,No,No,No,Sí,No,Sí,NA,NA,NA,NA,60,Toda,NA,Sí,2022
20,Sí,Sí,No,No,Sí,Sí,No,Sí,NA,NA,NA,NA,30,La mayor parte,NA,Sí,2022
45,Sí,Sí,No,No,Sí,Sí,No,Sí,NA,NA,NA,NA,60,Toda,NA,Sí,2022
25,Sí,Sí,No,No,No,Sí,No,Sí,NA,NA,NA,NA,20,Toda,NA,Sí,2022
56,Sí,Sí,No,No,No,No,No,Sí,NA,NA,NA,NA,30,La mitad,NA,Sí,2022
69,Sí,Sí,No,No,No,No,No,Sí,NA,NA,NA,NA,10,La mitad,NA,No,2022
49,Sí,No,No,Sí,No,Sí,NA,NA,NA,NA,No,Sí,30,La mayor parte,NA,Sí,2022
43,Sí,Sí,No,No,No,No,Sí,No,NA,NA,NA,NA,5,La mayor parte,NA,No,2022
38,Sí,Sí,Sí,No,No,Sí,No,Sí,Sí,No,NA,NA,15,La mayor parte,NA,Sí,2022
48,No,Sí,No,No,No,No,No,Sí,NA,NA,NA,NA,20,La mayor parte,NA,No,2022
58,No,No,No,No,No,No,NA,NA,NA,NA,NA,NA,0,NA,Falta de tiempo,No,2022
24,Sí,No,Sí,Sí,No,Sí,NA,NA,Sí,No,No,Sí,20,La mayor parte,NA,Sí,2022
30,Sí,Sí,Sí,No,No,No,No,Sí,No,Sí,NA,NA,48,La mayor parte,NA,Sí,2022
36,Sí,Sí,No,No,No,Sí,Sí,Sí,NA,NA,NA,NA,40,La mayor parte,NA,Sí,2022
24,No,No,No,No,No,No,NA,NA,NA,NA,NA,NA,0,NA,Otro,No,2022
36,Sí,No,Sí,Sí,No,Sí,NA,NA,Sí,No,No,Sí,30,La mayor parte,NA,Sí,2022
24,No,No,No,No,No,No,NA,NA,NA,NA,NA,NA,0,NA,Falta de tiempo,Sí,2022
44,Sí,Sí,No,No,Sí,Sí,No,Sí,NA,NA,NA,NA,20,Toda,NA,Sí,2022
20,Sí,Sí,No,No,Sí,Sí,No,Sí,NA,NA,NA,NA,60,La mayor parte,NA,Sí,2022
25,Sí,Sí,No,No,No,No,No,Sí,NA,NA,NA,NA,20,Toda,NA,No,2022
67,Sí,Sí,No,Sí,No,No,No,Sí,NA,NA,No,Sí,20,La mayor parte,NA,Sí,2022
38,Sí,Sí,Sí,No,No,Sí,No,Sí,No,Sí,NA,NA,15,La mayor parte,NA,Sí,2022
70,No,No,No,No,No,No,NA,NA,NA,NA,NA,NA,0,NA,Prefiere otras actividades,No,2022
38,Sí,Sí,Sí,Sí,No,Sí,Sí,Sí,Sí,No,No,Sí,60,La mayor parte,NA,Sí,2022
56,No,No,No,No,No,No,NA,NA,NA,NA,NA,NA,0,NA,Prefiere otras actividades,No,2022
61,Sí,Sí,No,No,No,No,No,Sí,NA,NA,NA,NA,30,La mayor parte,NA,No,2022
24,No,No,No,Sí,No,No,NA,NA,NA,NA,No,Sí,10,La mayor parte,NA,Sí,2022
76,Sí,Sí,No,No,No,No,No,Sí,NA,NA,NA,NA,20,Poca,NA,No,2022
67,Sí,Sí,No,No,No,Sí,Sí,No,NA,NA,NA,NA,120,Toda,NA,Sí,2022
64,No,No,No,No,No,No,NA,NA,NA,NA,NA,NA,0,NA,Falta de tiempo,No,2022
22,Sí,Sí,No,No,No,Sí,No,Sí,NA,NA,NA,NA,60,La mayor parte,NA,Sí,2022
39,Sí,No,Sí,No,No,Sí,NA,NA,No,Sí,NA,NA,30,La mitad,NA,No,2022
49,Sí,No,No,Sí,No,Sí,NA,NA,NA,NA,No,Sí,10,La mayor parte,NA,No,2022
85,Sí,Sí,No,No,No,No,No,Sí,NA,NA,NA,NA,60,La mayor parte,NA,Sí,2022
74,No,No,No,No,No,No,NA,NA,NA,NA,NA,NA,0,NA,Falta de interés/gusto,No recuerda,2022
70,Sí,Sí,No,No,No,Sí,No,Sí,NA,NA,NA,NA,120,La mitad,NA,Sí,2022
65,Sí,Sí,No,No,No,No,No,Sí,NA,NA,NA,NA,20,Poca,NA,Sí,2022
52,No,No,No,No,No,No,NA,NA,NA,NA,NA,NA,0,NA,Falta de interés/gusto,No recuerda,2022
78,No,No,No,No,No,No,NA,NA,NA,NA,NA,NA,0,NA,Falta de interés/gusto,No recuerda,2022
29,Sí,No,No,No,No,Sí,NA,NA,NA,NA,NA,NA,30,La mayor parte,NA,Sí,2022
49,Sí,Sí,No,No,No,No,No,Sí,NA,NA,NA,NA,10,La mayor parte,NA,Sí,2022
31,No,Sí,No,No,No,Sí,No,Sí,NA,NA,NA,NA,15,La mitad,NA,Sí,2022
56,Sí,No,No,No,No,Sí,NA,NA,NA,NA,NA,NA,45,Poca,NA,No,2022
72,Sí,No,No,No,No,Sí,NA,NA,NA,NA,NA,NA,30,La mitad,NA,No,2022
70,No,No,No,No,No,No,NA,NA,NA,NA,NA,NA,0,NA,Problemas de salud,No,2022
21,No,No,No,No,No,No,NA,NA,NA,NA,NA,NA,0,NA,Falta de tiempo,No,2022
43,Sí,Sí,No,No,No,Sí,No,Sí,NA,NA,NA,NA,15,La mayor parte,NA,Sí,2022
20,Sí,Sí,No,No,Sí,Sí,Sí,No,NA,NA,NA,NA,90,La mayor parte,NA,Sí,2022
60,Sí,No,No,No,No,No,NA,NA,NA,NA,NA,NA,0,NA,Falta de tiempo,Sí,2022
24,Sí,Sí,Sí,No,No,Sí,Sí,Sí,No,Sí,NA,NA,30,Toda,NA,Sí,2022
82,Sí,Sí,Sí,Sí,No,Sí,No,Sí,No,Sí,Sí,No,40,Toda,NA,Sí,2022
49,Sí,Sí,Sí,No,No,Sí,No,Sí,Sí,No,NA,NA,45,Toda,NA,Sí,2022
26,No,No,No,Sí,No,No,NA,NA,NA,NA,No,Sí,30,Toda,NA,Sí,2022
60,No,No,No,No,No,No,NA,NA,NA,NA,NA,NA,0,NA,Falta de tiempo,No,2022
32,Sí,Sí,No,No,No,No,No,Sí,NA,NA,NA,NA,30,La mayor parte,NA,No,2022
43,Sí,Sí,No,No,No,No,No,Sí,NA,NA,NA,NA,240,La mitad,NA,Sí,2022
42,Sí,Sí,No,Sí,No,Sí,No,Sí,NA,NA,Sí,No,45,La mayor parte,NA,Sí,2022
50,No,No,No,No,No,No,NA,NA,NA,NA,NA,NA,0,NA,Falta de tiempo,No,2022
36,Sí,Sí,Sí,No,No,Sí,No,Sí,No,Sí,NA,NA,90,Toda,NA,Sí,2022
63,Sí,Sí,Sí,Sí,No,Sí,Sí,No,Sí,No,No,Sí,60,La mayor parte,NA,Sí,2022
40,Sí,No,No,No,No,Sí,NA,NA,NA,NA,NA,NA,240,La mayor parte,NA,Sí,2022
65,Sí,Sí,No,No,No,No,No,Sí,NA,NA,NA,NA,30,Poca,NA,No,2022
41,No,No,No,No,No,No,NA,NA,NA,NA,NA,NA,0,NA,Falta de interés/gusto,No,2022
25,No,Sí,No,No,No,Sí,No,Sí,NA,NA,NA,NA,30,Poca,NA,No,2022
47,No,No,No,No,No,No,NA,NA,NA,NA,NA,NA,0,NA,Falta de tiempo,Sí,2022
54,No,No,No,No,No,No,NA,NA,NA,NA,NA,NA,0,NA,Problemas de salud,Sí,2022
30,Sí,No,Sí,Sí,No,No,NA,NA,No,Sí,No,Sí,15,La mayor parte,NA,No,2022
38,Sí,No,No,No,Sí,No,NA,NA,NA,NA,NA,NA,30,La mayor parte,NA,No,2022
75,NA,NA,NA,NA,NA,NA,NA,NA,NA,NA,NA,NA,0,NA,NA,NA,2022
32,No,No,No,No,No,No,NA,NA,NA,NA,NA,NA,0,NA,Falta de interés/gusto,No,2022
69,No,No,No,No,No,No,NA,NA,NA,NA,NA,NA,0,NA,Falta de tiempo,No,2022
21,No,No,No,No,No,No,NA,NA,NA,NA,NA,NA,0,NA,Falta de tiempo,No,2022
62,Sí,Sí,No,No,No,No,No,Sí,NA,NA,NA,NA,60,La mitad,NA,No,2022
67,Sí,Sí,No,No,No,Sí,No,Sí,NA,NA,NA,NA,20,La mayor parte,NA,No,2022
43,Sí,Sí,Sí,No,No,Sí,No,Sí,No,Sí,NA,NA,30,Toda,NA,Sí,2022
31,Sí,No,Sí,No,No,No,NA,NA,No,Sí,NA,NA,25,Toda,NA,Sí,2022
34,Sí,No,No,No,No,Sí,NA,NA,NA,NA,NA,NA,30,Poca,NA,No recuerda,2022
34,Sí,No,Sí,No,No,No,NA,NA,No,Sí,NA,NA,60,La mitad,NA,Sí,2022
18,No,No,No,No,No,No,NA,NA,NA,NA,NA,NA,0,NA,Falta de interés/gusto,No,2022
22,Sí,Sí,No,No,No,No,No,Sí,NA,NA,NA,NA,120,La mayor parte,NA,Sí,2022
23,Sí,No,No,No,No,Sí,NA,NA,NA,NA,NA,NA,50,La mitad,NA,No recuerda,2022
60,No,No,No,No,No,No,NA,NA,NA,NA,NA,NA,0,NA,Falta de interés/gusto,No,2022
26,No,No,No,Sí,No,No,NA,NA,NA,NA,No,Sí,15,La mayor parte,NA,No recuerda,2022
46,Sí,Sí,Sí,Sí,No,Sí,No,Sí,No,Sí,Sí,No,120,Toda,NA,Sí,2022
67,Sí,Sí,No,No,No,Sí,No,Sí,NA,NA,NA,NA,60,La mayor parte,NA,Sí,2022
25,Sí,Sí,No,No,No,Sí,Sí,No,NA,NA,NA,NA,40,La mayor parte,NA,Sí,2022
43,Sí,Sí,No,No,No,Sí,No,Sí,NA,NA,NA,NA,30,La mayor parte,NA,Sí,2022
64,Sí,Sí,No,No,No,No,No,Sí,NA,NA,NA,NA,15,La mitad,NA,No,2022
35,Sí,Sí,Sí,No,No,Sí,Sí,Sí,No,Sí,NA,NA,60,La mayor parte,NA,Sí,2022
31,Sí,Sí,No,No,No,Sí,No,Sí,NA,NA,NA,NA,30,La mayor parte,NA,No,2022
51,Sí,No,No,No,No,Sí,NA,NA,NA,NA,NA,NA,20,Toda,NA,Sí,2022
36,Sí,No,No,No,No,Sí,NA,NA,NA,NA,NA,NA,10,La mitad,NA,Sí,2022
35,Sí,No,No,No,No,Sí,NA,NA,NA,NA,NA,NA,20,La mitad,NA,Sí,2022
46,Sí,No,No,No,No,Sí,NA,NA,NA,NA,NA,NA,30,La mayor parte,NA,Sí,2022
25,Sí,Sí,No,No,No,Sí,No,Sí,NA,NA,NA,NA,45,Toda,NA,Sí,2022
28,Sí,Sí,Sí,No,No,Sí,No,Sí,No,Sí,NA,NA,10,La mayor parte,NA,Sí,2022
58,No,No,No,No,No,No,NA,NA,NA,NA,NA,NA,0,NA,Falta de interés/gusto,No,2022
40,Sí,Sí,No,No,No,Sí,No,Sí,NA,NA,NA,NA,10,La mayor parte,NA,No,2022
37,No,No,Sí,No,No,No,NA,NA,No,Sí,NA,NA,20,La mayor parte,NA,Sí,2022
60,No,No,No,No,No,No,NA,NA,NA,NA,NA,NA,0,NA,Falta de tiempo,Sí,2022
54,Sí,No,Sí,No,No,No,NA,NA,No,Sí,NA,NA,20,La mitad,NA,No,2022
30,Sí,Sí,No,No,No,No,No,Sí,NA,NA,NA,NA,20,La mitad,NA,No,2022
48,Sí,Sí,Sí,Sí,No,No,No,Sí,No,Sí,No,Sí,30,Toda,NA,Sí,2022
35,Sí,Sí,No,No,No,Sí,Sí,No,NA,NA,NA,NA,30,La mayor parte,NA,Sí,2022
64,No,Sí,Sí,No,No,No,No,Sí,No,Sí,NA,NA,20,Poca,NA,No,2022
62,No,No,No,No,No,No,NA,NA,NA,NA,NA,NA,0,NA,Falta de tiempo,Sí,2022
40,Sí,No,No,Sí,No,Sí,NA,NA,NA,NA,No,Sí,30,Toda,NA,Sí,2022
59,Sí,Sí,No,No,No,Sí,Sí,No,NA,NA,NA,NA,60,La mayor parte,NA,No recuerda,2022
56,No,No,No,No,No,No,NA,NA,NA,NA,NA,NA,0,NA,Prefiere otras actividades,Sí,2022
37,Sí,Sí,Sí,No,No,No,No,Sí,No,Sí,NA,NA,15,La mayor parte,NA,No,2022
86,NA,NA,NA,NA,NA,NA,NA,NA,NA,NA,NA,NA,0,NA,NA,NA,2022
47,No,No,No,No,No,No,NA,NA,NA,NA,NA,NA,0,NA,Falta de tiempo,Sí,2022
27,Sí,No,No,Sí,No,No,NA,NA,NA,NA,No,Sí,10,La mitad,NA,Sí,2022
39,No,No,No,No,No,No,NA,NA,NA,NA,NA,NA,0,NA,Prefiere otras actividades,No,2022
38,Sí,Sí,No,No,No,No,No,Sí,NA,NA,NA,NA,60,La mayor parte,NA,Sí,2022
33,Sí,Sí,No,No,No,No,No,Sí,NA,NA,NA,NA,30,La mayor parte,NA,Sí,2022
61,No,No,No,No,No,No,NA,NA,NA,NA,NA,NA,0,NA,Prefiere otras actividades,No,2022
64,Sí,Sí,No,No,No,No,No,Sí,NA,NA,NA,NA,15,La mayor parte,NA,Sí,2022
63,Sí,Sí,Sí,Sí,No,No,No,Sí,No,Sí,No,Sí,60,Toda,NA,Sí,2022
31,Sí,Sí,No,No,No,Sí,Sí,No,NA,NA,NA,NA,45,La mitad,NA,No,2022
59,Sí,Sí,No,No,No,Sí,No,Sí,NA,NA,NA,NA,120,Toda,NA,No recuerda,2022
31,No,No,No,No,No,No,NA,NA,NA,NA,NA,NA,0,NA,Falta de tiempo,Sí,2022
56,Sí,No,Sí,No,No,Sí,NA,NA,No,Sí,NA,NA,15,La mayor parte,NA,Sí,2022
35,Sí,Sí,No,No,No,Sí,No,Sí,NA,NA,NA,NA,40,La mayor parte,NA,Sí,2022
43,Sí,Sí,No,No,No,No,No,Sí,NA,NA,NA,NA,20,La mayor parte,NA,No,2022
65,Sí,Sí,No,No,No,No,No,Sí,NA,NA,NA,NA,30,Toda,NA,No,2022
39,Sí,Sí,No,Sí,No,Sí,No,Sí,NA,NA,No,Sí,60,La mayor parte,NA,No,2022
62,No,No,No,No,No,No,NA,NA,NA,NA,NA,NA,0,NA,Falta de tiempo,No,2022
58,Sí,Sí,No,No,No,No,No,Sí,NA,NA,NA,NA,20,La mayor parte,NA,No,2022
60,Sí,Sí,No,No,No,Sí,No,Sí,NA,NA,NA,NA,30,Toda,NA,Sí,2022
35,Sí,No,No,No,No,Sí,NA,NA,NA,NA,NA,NA,10,Toda,NA,Sí,2022
55,Sí,Sí,Sí,No,No,Sí,No,Sí,No,Sí,NA,NA,60,La mayor parte,NA,Sí,2022
51,No,No,No,No,No,No,NA,NA,NA,NA,NA,NA,0,NA,Falta de dinero,No,2022
30,Sí,Sí,Sí,No,No,Sí,No,Sí,No,Sí,NA,NA,60,La mayor parte,NA,Sí,2022
18,Sí,Sí,No,No,Sí,No,No,Sí,NA,NA,NA,NA,120,La mayor parte,NA,Sí,2022
38,Sí,Sí,No,Sí,No,Sí,Sí,Sí,NA,NA,No,Sí,60,Toda,NA,Sí,2022
65,Sí,Sí,No,No,No,No,No,Sí,NA,NA,NA,NA,120,Poca,NA,No,2022
43,Sí,No,No,No,No,Sí,NA,NA,NA,NA,NA,NA,60,La mayor parte,NA,Sí,2022
42,Sí,Sí,No,No,No,Sí,No,Sí,NA,NA,NA,NA,30,La mayor parte,NA,Sí,2022
37,Sí,Sí,No,No,No,Sí,No,Sí,NA,NA,NA,NA,60,La mayor parte,NA,No,2022
44,Sí,Sí,No,No,No,No,No,Sí,NA,NA,NA,NA,60,Toda,NA,Sí,2022
19,Sí,Sí,No,No,No,Sí,Sí,No,NA,NA,NA,NA,60,La mayor parte,NA,Sí,2022
68,Sí,Sí,No,No,No,No,No,Sí,NA,NA,NA,NA,30,Poca,NA,No,2022
23,Sí,Sí,No,No,No,No,Sí,No,NA,NA,NA,NA,20,La mitad,NA,No,2022
71,No,No,No,No,No,No,NA,NA,NA,NA,NA,NA,0,NA,Prefiere otras actividades,No,2022
26,Sí,No,No,No,No,Sí,NA,NA,NA,NA,NA,NA,20,La mitad,NA,No,2022
42,Sí,Sí,No,Sí,No,No,No,Sí,NA,NA,No,Sí,60,La mitad,NA,No,2022
49,No,No,No,No,No,No,NA,NA,NA,NA,NA,NA,0,NA,Falta de interés/gusto,No recuerda,2022
66,Sí,No,No,Sí,No,Sí,NA,NA,NA,NA,No,Sí,10,Toda,NA,Sí,2022
50,Sí,Sí,Sí,Sí,No,Sí,No,Sí,No,Sí,No,Sí,30,La mayor parte,NA,Sí,2022
56,Sí,Sí,Sí,Sí,No,No,No,Sí,No,Sí,No,Sí,15,Toda,NA,Sí,2022
43,Sí,Sí,No,No,No,No,No,Sí,NA,NA,NA,NA,60,Toda,NA,Sí,2022
44,Sí,Sí,No,Sí,No,Sí,No,Sí,NA,NA,No,Sí,20,Toda,NA,Sí,2022
72,Sí,Sí,No,Sí,No,No,No,Sí,NA,NA,No,Sí,30,La mitad,NA,Sí,2022
55,Sí,No,No,Sí,No,No,NA,NA,NA,NA,No,Sí,30,La mitad,NA,No recuerda,2022
36,Sí,No,No,No,No,Sí,NA,NA,NA,NA,NA,NA,30,La mayor parte,NA,Sí,2022
52,Sí,Sí,No,No,No,Sí,Sí,No,NA,NA,NA,NA,40,La mitad,NA,Sí,2022
68,NA,NA,NA,NA,NA,NA,NA,NA,NA,NA,NA,NA,0,NA,NA,NA,2022
64,Sí,Sí,No,No,No,No,Sí,No,NA,NA,NA,NA,15,Poca,NA,Sí,2022
24,Sí,No,Sí,No,Sí,Sí,NA,NA,Sí,No,NA,NA,30,La mayor parte,NA,Sí,2022
57,Sí,Sí,Sí,Sí,No,Sí,Sí,No,No,Sí,No,Sí,60,Toda,NA,Sí,2022
59,No,No,No,No,No,No,NA,NA,NA,NA,NA,NA,0,NA,Prefiere otras actividades,Sí,2022
43,No,No,No,No,No,No,NA,NA,NA,NA,NA,NA,0,NA,Problemas de salud,No,2022
64,Sí,No,No,No,No,Sí,NA,NA,NA,NA,NA,NA,60,La mayor parte,NA,Sí,2022
61,No,No,No,No,No,No,NA,NA,NA,NA,NA,NA,0,NA,Otro,Sí,2022
48,No,No,No,No,No,No,NA,NA,NA,NA,NA,NA,0,NA,Problemas de salud,Sí,2022
59,Sí,Sí,Sí,No,No,Sí,No,Sí,No,Sí,NA,NA,60,Toda,NA,Sí,2022
33,Sí,Sí,No,No,No,Sí,No,Sí,NA,NA,NA,NA,60,La mayor parte,NA,Sí,2022
40,Sí,No,No,Sí,No,No,NA,NA,NA,NA,No,Sí,30,La mitad,NA,Sí,2022
42,Sí,Sí,No,No,No,Sí,No,Sí,NA,NA,NA,NA,20,La mitad,NA,Sí,2022
59,Sí,Sí,No,Sí,No,No,No,Sí,NA,NA,No,Sí,10,Poca,NA,No,2022
20,Sí,Sí,Sí,No,No,Sí,Sí,Sí,No,Sí,NA,NA,60,La mayor parte,NA,Sí,2022
27,No,No,No,No,No,No,NA,NA,NA,NA,NA,NA,0,NA,Prefiere otras actividades,No recuerda,2022
39,No,No,No,No,No,No,NA,NA,NA,NA,NA,NA,0,NA,Prefiere otras actividades,No recuerda,2022
81,NA,NA,NA,NA,NA,NA,NA,NA,NA,NA,NA,NA,0,NA,NA,NA,2022
24,No,No,No,No,No,No,NA,NA,NA,NA,NA,NA,0,NA,Falta de interés/gusto,No,2022
20,Sí,Sí,No,No,No,Sí,Sí,No,NA,NA,NA,NA,60,La mayor parte,NA,Sí,2022
53,NA,NA,NA,NA,NA,NA,NA,NA,NA,NA,NA,NA,0,NA,NA,NA,2022
32,No,No,No,No,No,No,NA,NA,NA,NA,NA,NA,0,NA,Falta de tiempo,Sí,2022
68,Sí,Sí,No,No,No,No,No,Sí,NA,NA,NA,NA,120,La mayor parte,NA,No,2022
36,Sí,No,No,No,No,Sí,NA,NA,NA,NA,NA,NA,120,La mayor parte,NA,Sí,2022
47,Sí,No,Sí,No,No,No,NA,NA,No,Sí,NA,NA,30,Poca,NA,No,2022
57,No,No,Sí,No,No,No,NA,NA,No,Sí,NA,NA,60,Poca,NA,No,2022
28,Sí,Sí,Sí,Sí,No,Sí,No,Sí,Sí,No,Sí,No,60,La mayor parte,NA,Sí,2022
38,Sí,Sí,No,No,No,Sí,Sí,Sí,NA,NA,NA,NA,30,La mitad,NA,No,2022
59,Sí,Sí,Sí,No,No,No,No,Sí,Sí,No,NA,NA,30,La mayor parte,NA,Sí,2022
37,Sí,Sí,No,No,No,Sí,No,Sí,NA,NA,NA,NA,60,Toda,NA,Sí,2022
54,NA,NA,NA,NA,NA,NA,NA,NA,NA,NA,NA,NA,0,NA,NA,NA,2022
66,No,No,No,No,No,No,NA,NA,NA,NA,NA,NA,0,NA,Falta de tiempo,No,2022
68,Sí,Sí,No,No,No,No,No,Sí,NA,NA,NA,NA,60,La mayor parte,NA,No,2022
53,NA,NA,NA,NA,NA,NA,NA,NA,NA,NA,NA,NA,0,NA,NA,NA,2022
18,Sí,Sí,No,No,No,No,No,Sí,NA,NA,NA,NA,30,Toda,NA,Sí,2022
53,Sí,Sí,No,No,No,No,No,Sí,NA,NA,NA,NA,30,La mayor parte,NA,No,2022
33,No,No,No,No,No,No,NA,NA,NA,NA,NA,NA,0,NA,Falta de tiempo,No,2022
67,No,No,No,No,No,No,NA,NA,NA,NA,NA,NA,0,NA,Prefiere otras actividades,No,2022
29,Sí,Sí,No,No,No,No,No,Sí,NA,NA,NA,NA,20,La mayor parte,NA,No,2022
33,Sí,Sí,No,No,No,No,Sí,No,NA,NA,NA,NA,30,La mayor parte,NA,Sí,2022
29,Sí,Sí,Sí,No,No,No,Sí,No,No,Sí,NA,NA,20,La mitad,NA,No,2022
49,No,No,No,No,No,No,NA,NA,NA,NA,NA,NA,0,NA,Falta de tiempo,Sí,2022
39,Sí,Sí,Sí,Sí,Sí,Sí,No,Sí,Sí,No,Sí,No,30,La mayor parte,NA,Sí,2022
51,Sí,No,No,Sí,No,No,NA,NA,NA,NA,No,Sí,30,Toda,NA,No,2022
53,No,No,No,No,No,No,NA,NA,NA,NA,NA,NA,0,NA,Falta de tiempo,No,2022
29,Sí,Sí,No,No,No,No,No,Sí,NA,NA,NA,NA,90,La mayor parte,NA,Sí,2022
54,No,No,No,No,No,No,NA,NA,NA,NA,NA,NA,0,NA,Falta de tiempo,No,2022
43,No,Sí,No,No,No,No,No,Sí,NA,NA,NA,NA,30,La mitad,NA,No,2022
45,No,No,No,No,No,No,NA,NA,NA,NA,NA,NA,0,NA,Falta de interés/gusto,No recuerda,2022
59,Sí,Sí,No,Sí,No,No,No,Sí,NA,NA,No,Sí,30,La mayor parte,NA,No,2022
71,No,No,No,No,No,No,NA,NA,NA,NA,NA,NA,0,NA,Problemas de salud,No,2022
57,No,No,No,No,No,No,NA,NA,NA,NA,NA,NA,0,NA,Falta de dinero,No,2022
28,No,No,No,No,No,No,NA,NA,NA,NA,NA,NA,0,NA,Falta de interés/gusto,Sí,2022
22,No,No,No,No,No,No,NA,NA,NA,NA,NA,NA,0,NA,Falta de tiempo,No,2022
41,Sí,Sí,Sí,No,No,No,No,Sí,No,Sí,NA,NA,40,La mayor parte,NA,No,2022
62,Sí,Sí,No,Sí,No,No,Sí,No,NA,NA,No,Sí,60,La mayor parte,NA,Sí,2022
20,Sí,Sí,No,No,No,Sí,No,Sí,NA,NA,NA,NA,60,La mayor parte,NA,Sí,2022
34,Sí,Sí,Sí,No,No,Sí,Sí,Sí,No,Sí,NA,NA,30,La mayor parte,NA,Sí,2022
38,Sí,Sí,No,Sí,No,Sí,No,Sí,NA,NA,No,Sí,30,La mayor parte,NA,No,2022
73,No,No,No,No,No,No,NA,NA,NA,NA,NA,NA,0,NA,Falta de interés/gusto,No,2022
28,No,No,No,No,No,No,NA,NA,NA,NA,NA,NA,0,NA,Falta de tiempo,No,2022
45,No,No,No,No,No,No,NA,NA,NA,NA,NA,NA,0,NA,Falta de tiempo,Sí,2022
57,Sí,Sí,No,No,No,No,No,Sí,NA,NA,NA,NA,90,Toda,NA,Sí,2022
53,No,No,No,No,No,No,NA,NA,NA,NA,NA,NA,0,NA,Prefiere otras actividades,Sí,2022
61,No,No,No,No,No,No,NA,NA,NA,NA,NA,NA,0,NA,Problemas de salud,No,2022
19,Sí,Sí,No,No,No,Sí,No,Sí,NA,NA,NA,NA,45,Toda,NA,Sí,2022
34,Sí,Sí,Sí,No,No,Sí,No,Sí,No,Sí,NA,NA,20,La mayor parte,NA,No,2022
35,Sí,Sí,No,No,No,No,No,Sí,NA,NA,NA,NA,20,La mayor parte,NA,No,2022
85,NA,NA,NA,NA,NA,NA,NA,NA,NA,NA,NA,NA,0,NA,NA,NA,2022
42,No,No,No,No,No,No,NA,NA,NA,NA,NA,NA,0,NA,Falta de tiempo,No,2022
43,Sí,Sí,No,No,No,No,Sí,No,NA,NA,NA,NA,40,Toda,NA,Sí,2022
30,Sí,Sí,No,No,No,No,Sí,No,NA,NA,NA,NA,120,La mitad,NA,Sí,2022
28,No,No,No,No,No,No,NA,NA,NA,NA,NA,NA,0,NA,Falta de tiempo,No,2022
68,Sí,Sí,No,No,No,No,No,Sí,NA,NA,NA,NA,10,La mitad,NA,No,2022
29,Sí,Sí,No,No,No,Sí,No,Sí,NA,NA,NA,NA,30,Toda,NA,No,2022
48,Sí,No,No,No,No,No,NA,NA,NA,NA,NA,NA,0,NA,Falta de interés/gusto,No,2022
45,No,No,No,Sí,No,Sí,NA,NA,NA,NA,No,Sí,30,Toda,NA,Sí,2022
68,Sí,No,Sí,No,No,No,NA,NA,No,Sí,NA,NA,20,Toda,NA,No,2022
72,Sí,Sí,Sí,No,No,No,No,Sí,No,Sí,NA,NA,40,La mayor parte,NA,No,2022
74,Sí,Sí,No,No,No,No,No,Sí,NA,NA,NA,NA,15,Toda,NA,No,2022
40,Sí,No,No,No,No,No,NA,NA,NA,NA,NA,NA,0,NA,Falta de interés/gusto,No,2022
29,No,No,No,No,No,No,NA,NA,NA,NA,NA,NA,0,NA,Falta de tiempo,Sí,2022
54,Sí,No,No,No,No,Sí,NA,NA,NA,NA,NA,NA,60,La mitad,NA,No,2022
61,Sí,No,Sí,No,No,Sí,NA,NA,No,Sí,NA,NA,20,La mayor parte,NA,Sí,2022
85,No,No,No,No,No,No,NA,NA,NA,NA,NA,NA,0,NA,Problemas de salud,No,2022
55,Sí,No,Sí,Sí,No,No,NA,NA,No,Sí,No,Sí,30,La mitad,NA,No,2022
62,Sí,Sí,Sí,Sí,No,Sí,No,Sí,No,Sí,Sí,No,120,Toda,NA,Sí,2022
25,Sí,No,No,No,No,No,NA,NA,NA,NA,NA,NA,0,NA,Falta de tiempo,Sí,2022
29,Sí,Sí,No,Sí,No,No,Sí,Sí,NA,NA,No,Sí,180,Toda,NA,Sí,2022
39,Sí,No,Sí,No,No,Sí,NA,NA,Sí,No,NA,NA,25,La mayor parte,NA,Sí,2022
44,Sí,Sí,Sí,No,No,Sí,Sí,No,No,Sí,NA,NA,120,Toda,NA,Sí,2022
51,Sí,Sí,No,No,No,Sí,No,Sí,NA,NA,NA,NA,90,Toda,NA,Sí,2022
56,Sí,No,No,No,No,Sí,NA,NA,NA,NA,NA,NA,180,La mayor parte,NA,Sí,2022
22,Sí,Sí,Sí,No,No,Sí,No,Sí,Sí,No,NA,NA,360,La mayor parte,NA,Sí,2022
33,Sí,No,No,No,No,Sí,NA,NA,NA,NA,NA,NA,30,La mayor parte,NA,Sí,2022
22,Sí,Sí,No,No,No,Sí,Sí,No,NA,NA,NA,NA,5,Toda,NA,No,2022
25,Sí,Sí,No,Sí,No,Sí,No,Sí,NA,NA,Sí,No,30,La mayor parte,NA,Sí,2022
48,Sí,Sí,Sí,No,No,No,No,Sí,No,Sí,NA,NA,20,La mayor parte,NA,No,2022
48,Sí,No,Sí,No,No,No,NA,NA,No,Sí,NA,NA,20,La mayor parte,NA,Sí,2022
47,Sí,No,No,No,No,No,NA,NA,NA,NA,NA,NA,0,NA,Prefiere otras actividades,No,2022
25,No,No,No,No,No,No,NA,NA,NA,NA,NA,NA,0,NA,Falta de tiempo,Sí,2022
18,Sí,No,No,No,No,No,NA,NA,NA,NA,NA,NA,0,NA,Falta de tiempo,Sí,2022
27,No,No,No,No,No,No,NA,NA,NA,NA,NA,NA,0,NA,Falta de tiempo,Sí,2022
54,No,No,No,No,No,No,NA,NA,NA,NA,NA,NA,0,NA,Falta de tiempo,No,2022
49,No,No,No,No,No,No,NA,NA,NA,NA,NA,NA,0,NA,Prefiere otras actividades,No,2022
43,Sí,Sí,Sí,Sí,No,Sí,No,Sí,Sí,Sí,Sí,No,60,Toda,NA,Sí,2022
53,Sí,No,Sí,Sí,No,No,NA,NA,No,Sí,No,Sí,60,La mayor parte,NA,Sí,2022
61,Sí,Sí,No,No,No,Sí,No,Sí,NA,NA,NA,NA,60,La mayor parte,NA,No recuerda,2022
21,Sí,Sí,No,No,Sí,Sí,No,Sí,NA,NA,NA,NA,20,La mayor parte,NA,Sí,2022
26,No,No,No,No,No,No,NA,NA,NA,NA,NA,NA,0,NA,Prefiere otras actividades,Sí,2022
39,Sí,Sí,No,No,Sí,Sí,Sí,No,NA,NA,NA,NA,30,Toda,NA,Sí,2022
72,Sí,No,Sí,No,No,No,NA,NA,No,Sí,NA,NA,60,La mayor parte,NA,Sí,2022
67,No,No,No,No,No,Sí,NA,NA,NA,NA,NA,NA,180,La mayor parte,NA,Sí,2022
38,No,No,Sí,No,No,Sí,NA,NA,Sí,No,NA,NA,30,La mayor parte,NA,No,2022
27,Sí,Sí,No,Sí,No,Sí,Sí,Sí,NA,NA,No,Sí,40,La mayor parte,NA,No,2022
56,Sí,Sí,No,No,No,No,No,Sí,NA,NA,NA,NA,30,Toda,NA,No,2022
31,No,No,No,No,No,Sí,NA,NA,NA,NA,NA,NA,60,La mayor parte,NA,No,2022
38,Sí,Sí,Sí,Sí,No,No,Sí,No,No,Sí,Sí,No,60,Toda,NA,Sí,2022
45,No,No,No,No,No,No,NA,NA,NA,NA,NA,NA,0,NA,Falta de tiempo,No,2022
71,Sí,Sí,No,No,No,Sí,No,Sí,NA,NA,NA,NA,60,La mayor parte,NA,Sí,2022
36,Sí,Sí,No,No,No,Sí,Sí,No,NA,NA,NA,NA,30,La mayor parte,NA,Sí,2022
70,No,No,No,No,No,No,NA,NA,NA,NA,NA,NA,0,NA,Prefiere otras actividades,No recuerda,2022
29,Sí,Sí,Sí,No,No,No,Sí,No,Sí,No,NA,NA,180,Toda,NA,Sí,2022
29,Sí,Sí,No,No,No,No,No,Sí,NA,NA,NA,NA,30,La mayor parte,NA,No recuerda,2022
51,No,No,No,No,No,No,NA,NA,NA,NA,NA,NA,0,NA,Falta de tiempo,Sí,2022
43,Sí,No,Sí,No,No,No,NA,NA,No,Sí,NA,NA,10,La mayor parte,NA,No recuerda,2022
44,Sí,Sí,Sí,No,No,No,No,Sí,No,Sí,NA,NA,10,La mayor parte,NA,Sí,2022
24,Sí,No,No,No,No,Sí,NA,NA,NA,NA,NA,NA,40,La mayor parte,NA,Sí,2022
28,No,No,No,No,No,Sí,NA,NA,NA,NA,NA,NA,5,Toda,NA,Sí,2022
31,Sí,Sí,No,No,No,Sí,Sí,No,NA,NA,NA,NA,20,La mayor parte,NA,Sí,2022
33,Sí,No,Sí,Sí,No,No,NA,NA,No,Sí,No,Sí,30,La mitad,NA,Sí,2022
65,NA,NA,NA,NA,NA,NA,NA,NA,NA,NA,NA,NA,0,NA,NA,NA,2022
44,Sí,Sí,No,No,No,No,Sí,No,NA,NA,NA,NA,60,La mayor parte,NA,Sí,2022
36,Sí,Sí,Sí,No,No,Sí,No,Sí,No,Sí,NA,NA,60,La mayor parte,NA,Sí,2022
53,Sí,No,No,No,No,No,NA,NA,NA,NA,NA,NA,0,NA,Falta de tiempo,Sí,2022
68,Sí,No,No,No,No,Sí,NA,NA,NA,NA,NA,NA,30,La mitad,NA,No,2022
65,Sí,Sí,No,No,No,No,No,Sí,NA,NA,NA,NA,60,La mayor parte,NA,Sí,2022
24,Sí,Sí,No,Sí,No,Sí,No,Sí,NA,NA,No,Sí,10,Toda,NA,Sí,2022
34,Sí,Sí,Sí,Sí,No,No,No,Sí,No,Sí,No,Sí,30,La mayor parte,NA,No recuerda,2022
27,Sí,Sí,Sí,Sí,Sí,Sí,No,Sí,No,Sí,No,Sí,120,Toda,NA,Sí,2022
63,Sí,Sí,No,No,No,No,No,Sí,NA,NA,NA,NA,30,Poca,NA,Sí,2022
47,No,No,No,No,No,No,NA,NA,NA,NA,NA,NA,0,NA,Falta de interés/gusto,No,2022
62,No,No,No,No,No,No,NA,NA,NA,NA,NA,NA,0,NA,Problemas de salud,No,2022
37,No,No,No,No,Sí,Sí,NA,NA,NA,NA,NA,NA,30,La mayor parte,NA,Sí,2022
31,Sí,No,Sí,No,No,Sí,NA,NA,Sí,Sí,NA,NA,20,Toda,NA,Sí,2022
36,Sí,Sí,Sí,No,No,Sí,No,Sí,No,Sí,NA,NA,60,La mayor parte,NA,Sí,2022
40,No,No,Sí,Sí,No,No,NA,NA,Sí,No,Sí,No,30,Toda,NA,Sí,2022
49,Sí,No,Sí,Sí,No,Sí,NA,NA,No,Sí,Sí,No,25,La mayor parte,NA,Sí,2022
29,Sí,Sí,No,No,No,No,No,Sí,NA,NA,NA,NA,60,La mayor parte,NA,Sí,2022
69,Sí,Sí,No,No,No,No,No,Sí,NA,NA,NA,NA,30,La mitad,NA,No,2022
57,Sí,Sí,No,No,No,No,Sí,No,NA,NA,NA,NA,30,La mayor parte,NA,No recuerda,2022
41,No,No,No,No,No,No,NA,NA,NA,NA,NA,NA,0,NA,Falta de tiempo,No,2022
37,No,No,No,No,No,No,NA,NA,NA,NA,NA,NA,0,NA,Falta de tiempo,No,2022
37,No,No,No,No,No,No,NA,NA,NA,NA,NA,NA,0,NA,Falta de tiempo,No,2022
54,Sí,Sí,No,No,No,No,No,Sí,NA,NA,NA,NA,20,La mayor parte,NA,No,2022
65,No,No,No,No,No,No,NA,NA,NA,NA,NA,NA,0,NA,Problemas de salud,No,2022
21,Sí,Sí,No,No,No,No,No,Sí,NA,NA,NA,NA,30,Toda,NA,Sí,2022
33,Sí,Sí,No,No,No,No,No,Sí,NA,NA,NA,NA,40,Toda,NA,Sí,2022
53,Sí,No,No,No,No,No,NA,NA,NA,NA,NA,NA,0,NA,Falta de tiempo,No,2022
35,No,Sí,No,No,No,No,No,Sí,NA,NA,NA,NA,30,La mayor parte,NA,Sí,2022
77,No,No,No,No,No,No,NA,NA,NA,NA,NA,NA,0,NA,Problemas de salud,No,2022
46,Sí,Sí,No,Sí,No,No,No,Sí,NA,NA,No,Sí,30,Poca,NA,Sí,2022
48,No,No,No,No,No,No,NA,NA,NA,NA,NA,NA,0,NA,Falta de interés/gusto,No,2022
23,Sí,Sí,Sí,No,No,No,Sí,No,Sí,No,NA,NA,30,Toda,NA,Sí,2022
24,Sí,Sí,No,No,No,No,No,Sí,NA,NA,NA,NA,30,Toda,NA,Sí,2022
28,No,No,No,No,No,No,NA,NA,NA,NA,NA,NA,0,NA,Falta de tiempo,No,2022
59,No,No,No,No,No,No,NA,NA,NA,NA,NA,NA,0,NA,Falta de dinero,No recuerda,2022
31,Sí,Sí,Sí,Sí,No,Sí,No,Sí,No,Sí,No,Sí,90,La mayor parte,NA,Sí,2022
34,No,No,No,No,No,No,NA,NA,NA,NA,NA,NA,0,NA,Falta de interés/gusto,No,2022
39,No,No,No,No,No,No,NA,NA,NA,NA,NA,NA,0,NA,Falta de tiempo,Sí,2022
50,NA,NA,NA,NA,NA,NA,NA,NA,NA,NA,NA,NA,0,NA,NA,NA,2022
28,No,Sí,Sí,No,Sí,Sí,No,Sí,Sí,No,NA,NA,60,Toda,NA,No,2022
37,No,No,No,No,No,No,NA,NA,NA,NA,NA,NA,0,NA,Falta de tiempo,No,2022
28,No,No,No,No,No,No,NA,NA,NA,NA,NA,NA,0,NA,Falta de interés/gusto,Sí,2022
41,No,No,No,No,No,No,NA,NA,NA,NA,NA,NA,0,NA,Falta de interés/gusto,No,2022
38,Sí,No,Sí,Sí,No,Sí,NA,NA,No,Sí,No,Sí,60,La mayor parte,NA,Sí,2022
58,Sí,Sí,No,No,No,No,No,Sí,NA,NA,NA,NA,60,La mayor parte,NA,Sí,2022
59,Sí,Sí,No,No,No,No,No,Sí,NA,NA,NA,NA,60,Toda,NA,Sí,2022
65,No,No,No,No,No,No,NA,NA,NA,NA,NA,NA,0,NA,Problemas de salud,No,2022
36,Sí,Sí,No,No,No,No,No,Sí,NA,NA,NA,NA,30,Toda,NA,No,2022
63,No,No,No,No,No,No,NA,NA,NA,NA,NA,NA,0,NA,Problemas de salud,No,2022
57,Sí,Sí,No,No,No,No,No,Sí,NA,NA,NA,NA,20,La mayor parte,NA,No,2022
58,No,No,No,No,No,No,NA,NA,NA,NA,NA,NA,0,NA,Falta de interés/gusto,No,2022
24,No,No,No,No,No,No,NA,NA,NA,NA,NA,NA,0,NA,Falta de interés/gusto,Sí,2022
36,Sí,Sí,No,No,No,Sí,No,Sí,NA,NA,NA,NA,60,Toda,NA,Sí,2022
66,No,No,No,No,No,No,NA,NA,NA,NA,NA,NA,0,NA,Problemas de salud,No,2022
35,Sí,Sí,No,No,No,No,No,Sí,NA,NA,NA,NA,45,Toda,NA,Sí,2022
27,Sí,Sí,Sí,No,No,Sí,No,Sí,No,Sí,NA,NA,30,La mayor parte,NA,Sí,2022
21,No,No,No,No,No,No,NA,NA,NA,NA,NA,NA,0,NA,Falta de interés/gusto,Sí,2022
61,No,No,No,No,No,No,NA,NA,NA,NA,NA,NA,0,NA,Problemas de salud,No,2022
30,Sí,Sí,Sí,No,No,No,No,Sí,Sí,No,NA,NA,90,Toda,NA,Sí,2022
37,Sí,Sí,Sí,Sí,No,No,No,Sí,Sí,No,No,Sí,60,La mayor parte,NA,Sí,2022
72,Sí,Sí,No,Sí,No,No,No,Sí,NA,NA,No,Sí,45,Toda,NA,No,2022
40,No,No,No,Sí,No,Sí,NA,NA,NA,NA,No,Sí,30,La mayor parte,NA,No,2022
64,Sí,Sí,Sí,Sí,No,No,No,Sí,No,Sí,No,Sí,40,La mayor parte,NA,No,2022
59,Sí,Sí,No,Sí,No,No,No,Sí,NA,NA,No,Sí,30,Toda,NA,No,2022
45,No,No,No,No,No,No,NA,NA,NA,NA,NA,NA,0,NA,Falta de interés/gusto,No,2022
27,Sí,Sí,No,No,No,No,No,Sí,NA,NA,NA,NA,60,Toda,NA,No,2022
52,No,No,No,Sí,No,No,NA,NA,NA,NA,No,Sí,30,La mayor parte,NA,No,2022
56,Sí,No,Sí,Sí,No,No,NA,NA,No,Sí,No,Sí,60,La mayor parte,NA,No,2022
53,Sí,No,Sí,No,No,No,NA,NA,No,Sí,NA,NA,20,La mitad,NA,No,2022
74,No,No,No,No,No,No,NA,NA,NA,NA,NA,NA,0,NA,Falta de interés/gusto,Sí,2022
40,No,No,No,No,No,No,NA,NA,NA,NA,NA,NA,0,NA,Falta de interés/gusto,Sí,2022
32,Sí,No,No,Sí,No,No,NA,NA,NA,NA,Sí,No,40,Toda,NA,No recuerda,2022
48,Sí,Sí,No,No,No,Sí,No,Sí,NA,NA,NA,NA,15,La mitad,NA,Sí,2022
31,Sí,No,No,No,No,Sí,NA,NA,NA,NA,NA,NA,60,Toda,NA,Sí,2022
55,Sí,No,No,No,No,No,NA,NA,NA,NA,NA,NA,0,NA,Prefiere otras actividades,No,2022
29,Sí,No,No,Sí,No,No,NA,NA,NA,NA,No,Sí,15,La mitad,NA,No,2022
72,Sí,No,No,Sí,No,No,NA,NA,NA,NA,No,Sí,30,La mayor parte,NA,No,2022
72,Sí,No,No,No,No,No,NA,NA,NA,NA,NA,NA,0,NA,Falta de interés/gusto,No,2022
49,Sí,Sí,No,Sí,No,No,No,Sí,NA,NA,No,Sí,15,La mayor parte,NA,No,2022
49,Sí,Sí,No,No,No,No,No,Sí,NA,NA,NA,NA,15,La mitad,NA,Sí,2022
58,No,No,No,No,No,No,NA,NA,NA,NA,NA,NA,0,NA,Falta de interés/gusto,No,2022
26,Sí,No,No,Sí,No,No,NA,NA,NA,NA,No,Sí,15,La mayor parte,NA,Sí,2022
65,Sí,No,Sí,Sí,No,No,NA,NA,Sí,No,Sí,No,20,Toda,NA,Sí,2022
29,Sí,Sí,No,No,No,Sí,Sí,Sí,NA,NA,NA,NA,30,La mayor parte,NA,Sí,2022
61,No,No,No,No,No,No,NA,NA,NA,NA,NA,NA,0,NA,Falta de tiempo,No,2022
45,Sí,Sí,No,No,No,No,No,Sí,NA,NA,NA,NA,20,La mitad,NA,Sí,2022
59,Sí,No,Sí,Sí,No,No,NA,NA,No,Sí,No,Sí,30,Toda,NA,Sí,2022
53,Sí,Sí,Sí,Sí,No,Sí,No,Sí,No,Sí,No,Sí,30,Toda,NA,Sí,2022
59,Sí,Sí,Sí,Sí,No,Sí,No,Sí,No,Sí,No,Sí,40,Toda,NA,Sí,2022
68,Sí,Sí,Sí,Sí,No,No,No,Sí,No,Sí,No,Sí,30,Toda,NA,No,2022
37,Sí,Sí,Sí,Sí,No,Sí,No,Sí,No,Sí,No,Sí,60,La mayor parte,NA,Sí,2022
36,Sí,No,No,No,No,Sí,NA,NA,NA,NA,NA,NA,60,La mitad,NA,Sí,2022
25,Sí,Sí,No,No,No,Sí,Sí,No,NA,NA,NA,NA,10,La mayor parte,NA,Sí,2022
20,Sí,Sí,No,No,No,Sí,No,Sí,NA,NA,NA,NA,20,La mayor parte,NA,No,2022
85,Sí,Sí,Sí,Sí,No,No,No,Sí,No,Sí,No,Sí,120,Toda,NA,Sí,2022
67,Sí,No,No,No,No,No,NA,NA,NA,NA,NA,NA,0,NA,Falta de interés/gusto,Sí,2022
75,Sí,No,Sí,Sí,No,No,NA,NA,No,Sí,No,Sí,40,Toda,NA,No,2022
41,Sí,No,No,Sí,No,No,NA,NA,NA,NA,No,Sí,20,La mayor parte,NA,Sí,2022
22,Sí,Sí,No,No,No,Sí,Sí,No,NA,NA,NA,NA,20,Toda,NA,Sí,2022
24,No,Sí,No,No,Sí,Sí,No,Sí,NA,NA,NA,NA,30,La mayor parte,NA,Sí,2022
28,Sí,Sí,No,No,No,Sí,No,Sí,NA,NA,NA,NA,35,La mayor parte,NA,No,2022
54,Sí,No,Sí,No,No,Sí,NA,NA,No,Sí,NA,NA,60,Toda,NA,Sí,2022
33,Sí,Sí,No,No,No,Sí,No,Sí,NA,NA,NA,NA,40,Toda,NA,Sí,2022
57,Sí,Sí,No,No,No,Sí,No,Sí,NA,NA,NA,NA,120,La mitad,NA,Sí,2022
55,No,No,No,No,No,No,NA,NA,NA,NA,NA,NA,0,NA,Falta de tiempo,No,2022
20,No,No,No,No,No,Sí,NA,NA,NA,NA,NA,NA,20,Toda,NA,Sí,2022
55,No,No,No,No,No,Sí,NA,NA,NA,NA,NA,NA,120,Toda,NA,Sí,2022
38,Sí,Sí,Sí,Sí,Sí,Sí,No,Sí,No,Sí,No,Sí,120,Toda,NA,Sí,2022
46,Sí,No,No,No,No,Sí,NA,NA,NA,NA,NA,NA,30,La mayor parte,NA,No,2022
27,Sí,No,No,No,No,No,NA,NA,NA,NA,NA,NA,0,NA,Falta de interés/gusto,No,2022
50,Sí,Sí,Sí,No,Sí,Sí,No,Sí,No,Sí,NA,NA,60,Toda,NA,No,2022
25,No,No,No,No,No,No,NA,NA,NA,NA,NA,NA,0,NA,Prefiere otras actividades,No,2022
68,Sí,Sí,Sí,Sí,No,No,No,Sí,No,Sí,No,Sí,60,Toda,NA,Sí,2022
53,No,No,No,No,No,No,NA,NA,NA,NA,NA,NA,0,NA,Falta de tiempo,No,2022
82,Sí,Sí,Sí,Sí,Sí,No,No,Sí,No,Sí,No,Sí,60,Toda,NA,Sí,2022
74,Sí,No,Sí,Sí,No,Sí,NA,NA,Sí,No,Sí,No,180,Toda,NA,Sí,2022
63,Sí,Sí,Sí,No,Sí,Sí,No,Sí,No,Sí,NA,NA,20,La mayor parte,NA,Sí,2022
59,No,No,No,No,No,No,NA,NA,NA,NA,NA,NA,0,NA,Falta de interés/gusto,No,2022
36,Sí,Sí,No,No,No,No,No,Sí,NA,NA,NA,NA,60,Toda,NA,No,2022
44,Sí,No,No,No,No,Sí,NA,NA,NA,NA,NA,NA,60,Toda,NA,No,2022
70,No,No,No,No,No,No,NA,NA,NA,NA,NA,NA,0,NA,Prefiere otras actividades,No,2022
76,No,No,No,No,No,No,NA,NA,NA,NA,NA,NA,0,NA,Problemas de salud,No recuerda,2022
37,Sí,No,No,No,No,No,NA,NA,NA,NA,NA,NA,0,NA,Prefiere otras actividades,No recuerda,2022
64,No,No,No,No,No,No,NA,NA,NA,NA,NA,NA,0,NA,Prefiere otras actividades,No,2022
22,Sí,Sí,No,No,No,No,No,Sí,NA,NA,NA,NA,60,Toda,NA,No,2022
57,Sí,No,No,No,No,No,NA,NA,NA,NA,NA,NA,0,NA,Falta de tiempo,Sí,2022
30,No,No,Sí,No,No,Sí,NA,NA,No,Sí,NA,NA,15,Toda,NA,Sí,2022
46,No,No,No,No,No,No,NA,NA,NA,NA,NA,NA,0,NA,Falta de tiempo,No,2022
33,Sí,No,No,Sí,No,No,NA,NA,NA,NA,No,Sí,30,La mayor parte,NA,No,2022
50,Sí,Sí,No,No,No,Sí,Sí,No,NA,NA,NA,NA,60,La mayor parte,NA,No,2022
43,No,No,No,No,No,No,NA,NA,NA,NA,NA,NA,0,NA,Falta de tiempo,Sí,2022
49,Sí,Sí,Sí,Sí,No,Sí,Sí,No,Sí,No,Sí,No,30,La mitad,NA,Sí,2022
32,Sí,Sí,No,No,No,No,No,Sí,NA,NA,NA,NA,30,La mayor parte,NA,Sí,2022
57,Sí,No,No,Sí,No,No,NA,NA,NA,NA,Sí,No,180,La mayor parte,NA,No,2022
56,Sí,No,Sí,No,No,No,NA,NA,No,Sí,NA,NA,20,La mayor parte,NA,Sí,2022
30,Sí,Sí,No,No,No,Sí,No,Sí,NA,NA,NA,NA,20,La mayor parte,NA,Sí,2022
40,Sí,Sí,No,No,No,No,No,Sí,NA,NA,NA,NA,20,Toda,NA,Sí,2022
39,Sí,Sí,No,No,No,Sí,No,Sí,NA,NA,NA,NA,60,La mayor parte,NA,No,2022
61,Sí,Sí,No,No,No,Sí,No,Sí,NA,NA,NA,NA,60,La mayor parte,NA,No,2022
40,Sí,Sí,Sí,Sí,Sí,Sí,No,Sí,No,Sí,No,Sí,30,La mayor parte,NA,No,2022
40,Sí,Sí,Sí,No,No,Sí,No,Sí,No,Sí,NA,NA,30,La mayor parte,NA,Sí,2022
43,Sí,Sí,Sí,Sí,Sí,Sí,Sí,No,Sí,No,Sí,No,60,La mayor parte,NA,No,2022
30,Sí,No,Sí,No,No,Sí,NA,NA,No,Sí,NA,NA,20,Toda,NA,Sí,2022
26,Sí,Sí,No,No,No,Sí,No,Sí,NA,NA,NA,NA,15,La mayor parte,NA,Sí,2022
75,No,No,No,No,No,No,NA,NA,NA,NA,NA,NA,0,NA,Problemas de salud,No,2022
46,No,No,No,No,No,No,NA,NA,NA,NA,NA,NA,0,NA,Falta de tiempo,Sí,2022
49,Sí,Sí,No,Sí,No,Sí,No,Sí,NA,NA,No,Sí,30,La mayor parte,NA,Sí,2022
52,NA,NA,NA,NA,NA,NA,NA,NA,NA,NA,NA,NA,0,NA,NA,NA,2022
44,No,No,No,No,No,No,NA,NA,NA,NA,NA,NA,0,NA,Falta de tiempo,No,2022
20,No,No,No,No,No,No,NA,NA,NA,NA,NA,NA,0,NA,Falta de interés/gusto,No,2022
85,No,No,No,No,No,No,NA,NA,NA,NA,NA,NA,0,NA,Problemas de salud,No,2022
34,Sí,Sí,No,Sí,No,No,No,Sí,NA,NA,Sí,No,40,La mayor parte,NA,No,2022
27,No,No,No,No,No,No,NA,NA,NA,NA,NA,NA,0,NA,Falta de interés/gusto,Sí,2022
28,No,No,No,No,No,No,NA,NA,NA,NA,NA,NA,0,NA,Falta de interés/gusto,No,2022
42,No,No,No,No,No,No,NA,NA,NA,NA,NA,NA,0,NA,Falta de tiempo,No,2022
43,Sí,Sí,No,No,No,No,No,Sí,NA,NA,NA,NA,20,La mayor parte,NA,Sí,2022
71,Sí,Sí,No,No,No,Sí,No,Sí,NA,NA,NA,NA,30,La mitad,NA,Sí,2022
58,Sí,Sí,No,No,No,Sí,No,Sí,NA,NA,NA,NA,60,Toda,NA,Sí,2022
71,No,No,No,No,No,No,NA,NA,NA,NA,NA,NA,0,NA,Prefiere otras actividades,No,2022
27,Sí,No,No,Sí,No,Sí,NA,NA,NA,NA,Sí,No,30,La mayor parte,NA,No recuerda,2022
54,No,No,No,No,No,No,NA,NA,NA,NA,NA,NA,0,NA,Falta de interés/gusto,No,2022
26,No,No,No,No,No,No,NA,NA,NA,NA,NA,NA,0,NA,Prefiere otras actividades,Sí,2022
65,No,No,No,No,No,No,NA,NA,NA,NA,NA,NA,0,NA,Problemas de salud,No,2022
48,Sí,Sí,Sí,Sí,No,No,No,Sí,No,Sí,No,Sí,3,Poca,NA,Sí,2022
43,Sí,No,No,No,Sí,Sí,NA,NA,NA,NA,NA,NA,20,La mitad,NA,No,2022
21,No,No,No,No,No,Sí,NA,NA,NA,NA,NA,NA,5,Poca,NA,No,2022
22,No,Sí,Sí,No,Sí,No,No,Sí,Sí,No,NA,NA,90,La mayor parte,NA,Sí,2022
37,Sí,No,No,Sí,No,No,NA,NA,NA,NA,No,Sí,60,La mayor parte,NA,Sí,2022
39,No,No,No,No,No,No,NA,NA,NA,NA,NA,NA,0,NA,Falta de tiempo,Sí,2022
48,Sí,Sí,Sí,No,No,No,No,Sí,No,Sí,NA,NA,60,La mayor parte,NA,No,2022
67,No,No,No,No,No,No,NA,NA,NA,NA,NA,NA,0,NA,Problemas de salud,No,2022
63,No,Sí,No,No,No,No,No,Sí,NA,NA,NA,NA,30,La mayor parte,NA,No,2022
32,No,No,No,No,No,No,NA,NA,NA,NA,NA,NA,0,NA,Prefiere otras actividades,Sí,2022
37,Sí,No,Sí,No,No,Sí,NA,NA,Sí,No,NA,NA,10,La mitad,NA,No,2022
55,Sí,Sí,No,Sí,No,Sí,Sí,No,NA,NA,No,Sí,20,Toda,NA,No,2022
21,Sí,Sí,No,Sí,No,No,Sí,No,NA,NA,No,Sí,30,La mayor parte,NA,Sí,2022
21,Sí,Sí,No,No,No,Sí,No,Sí,NA,NA,NA,NA,60,La mayor parte,NA,Sí,2022
32,Sí,Sí,No,Sí,No,No,Sí,No,NA,NA,Sí,No,20,La mayor parte,NA,Sí,2022
38,Sí,No,No,Sí,No,No,NA,NA,NA,NA,Sí,No,20,La mayor parte,NA,Sí,2022
25,Sí,Sí,No,No,No,Sí,Sí,Sí,NA,NA,NA,NA,120,Toda,NA,Sí,2022
39,No,No,No,No,No,Sí,NA,NA,NA,NA,NA,NA,10,Toda,NA,Sí,2022
54,Sí,No,Sí,Sí,No,No,NA,NA,No,Sí,No,Sí,20,Toda,NA,No,2022
27,Sí,No,Sí,No,No,Sí,NA,NA,Sí,No,NA,NA,30,Poca,NA,Sí,2022
40,Sí,Sí,Sí,No,No,No,No,Sí,No,Sí,NA,NA,60,Toda,NA,Sí,2022
55,Sí,No,Sí,No,No,No,NA,NA,No,Sí,NA,NA,20,La mayor parte,NA,No,2022
39,Sí,No,No,No,No,Sí,NA,NA,NA,NA,NA,NA,30,La mitad,NA,No,2022
38,Sí,No,Sí,Sí,No,Sí,NA,NA,No,Sí,Sí,No,40,Toda,NA,No,2022
53,Sí,No,Sí,No,No,No,NA,NA,No,Sí,NA,NA,20,Poca,NA,No,2022
32,No,No,No,No,No,No,NA,NA,NA,NA,NA,NA,0,NA,Falta de tiempo,No,2022
39,Sí,No,No,Sí,No,Sí,NA,NA,NA,NA,No,Sí,40,Toda,NA,No,2022
30,No,No,No,No,No,No,NA,NA,NA,NA,NA,NA,0,NA,Falta de tiempo,No,2022
35,No,No,No,No,No,No,NA,NA,NA,NA,NA,NA,0,NA,Falta de tiempo,No,2022
33,Sí,Sí,No,No,No,No,No,Sí,NA,NA,NA,NA,30,La mayor parte,NA,Sí,2022
23,No,No,No,No,No,No,NA,NA,NA,NA,NA,NA,0,NA,Falta de tiempo,No,2022
41,No,No,No,No,No,No,NA,NA,NA,NA,NA,NA,0,NA,Falta de tiempo,No,2022
43,No,No,No,No,No,No,NA,NA,NA,NA,NA,NA,0,NA,Falta de interés/gusto,No,2022
26,No,Sí,Sí,Sí,No,No,No,Sí,No,Sí,No,Sí,30,Toda,NA,Sí,2022
29,No,No,No,No,No,No,NA,NA,NA,NA,NA,NA,0,NA,Falta de tiempo,No,2022
31,No,No,No,No,No,No,NA,NA,NA,NA,NA,NA,0,NA,Falta de tiempo,No,2022
45,No,No,No,No,No,No,NA,NA,NA,NA,NA,NA,0,NA,Falta de tiempo,No,2022
62,Sí,Sí,No,No,No,No,No,Sí,NA,NA,NA,NA,60,La mayor parte,NA,No,2022
71,Sí,Sí,No,No,No,No,No,Sí,NA,NA,NA,NA,60,La mitad,NA,Sí,2022
67,No,No,No,No,No,No,NA,NA,NA,NA,NA,NA,0,NA,Falta de interés/gusto,No,2022
43,Sí,No,Sí,No,No,Sí,NA,NA,Sí,No,NA,NA,15,La mitad,NA,Sí,2022
54,Sí,Sí,Sí,Sí,No,No,No,Sí,No,Sí,No,Sí,20,Toda,NA,Sí,2022
44,Sí,Sí,No,Sí,No,Sí,Sí,No,NA,NA,Sí,No,180,La mayor parte,NA,Sí,2022
44,Sí,No,Sí,Sí,No,Sí,NA,NA,Sí,No,Sí,No,120,Toda,NA,Sí,2022
20,Sí,Sí,No,No,No,Sí,No,Sí,NA,NA,NA,NA,60,La mayor parte,NA,Sí,2022
43,No,No,No,Sí,No,No,NA,NA,NA,NA,Sí,No,15,La mayor parte,NA,Sí,2022
45,Sí,No,Sí,No,No,Sí,NA,NA,Sí,No,NA,NA,60,La mayor parte,NA,No,2022
22,Sí,Sí,No,No,No,No,Sí,Sí,NA,NA,NA,NA,30,La mayor parte,NA,No,2022
61,Sí,Sí,No,Sí,No,No,No,Sí,NA,NA,No,Sí,40,Toda,NA,No,2022
20,Sí,No,No,No,No,Sí,NA,NA,NA,NA,NA,NA,30,Toda,NA,Sí,2022
70,No,No,Sí,Sí,No,No,NA,NA,No,Sí,No,Sí,30,La mayor parte,NA,Sí,2022
22,Sí,No,Sí,Sí,No,Sí,NA,NA,No,Sí,No,Sí,60,Toda,NA,No,2022
59,No,No,No,No,No,No,NA,NA,NA,NA,NA,NA,0,NA,Problemas de salud,No,2022
40,Sí,Sí,Sí,No,No,Sí,Sí,No,Sí,No,NA,NA,10,Toda,NA,Sí,2022
43,No,No,No,No,No,No,NA,NA,NA,NA,NA,NA,0,NA,Falta de interés/gusto,Sí,2022
44,No,No,No,No,No,No,NA,NA,NA,NA,NA,NA,0,NA,Falta de interés/gusto,Sí,2022
47,Sí,Sí,No,No,No,No,No,Sí,NA,NA,NA,NA,20,La mayor parte,NA,Sí,2022
60,Sí,No,No,Sí,No,No,NA,NA,NA,NA,No,Sí,20,La mayor parte,NA,No,2022
61,Sí,Sí,Sí,No,No,No,No,Sí,No,Sí,NA,NA,120,La mayor parte,NA,Sí,2022
44,Sí,Sí,No,No,No,No,No,Sí,NA,NA,NA,NA,40,La mayor parte,NA,Sí,2022
31,Sí,Sí,No,No,No,Sí,No,Sí,NA,NA,NA,NA,60,Toda,NA,Sí,2022
27,Sí,Sí,No,No,No,No,No,Sí,NA,NA,NA,NA,40,La mayor parte,NA,Sí,2022
54,Sí,No,No,No,No,Sí,NA,NA,NA,NA,NA,NA,15,La mayor parte,NA,No,2022
34,Sí,Sí,Sí,No,No,Sí,No,Sí,No,Sí,NA,NA,10,La mayor parte,NA,Sí,2022
51,No,No,Sí,No,No,No,NA,NA,No,Sí,NA,NA,180,Poca,NA,No,2022
57,Sí,No,No,No,No,No,NA,NA,NA,NA,NA,NA,0,NA,Prefiere otras actividades,No,2022
57,No,No,No,No,No,No,NA,NA,NA,NA,NA,NA,0,NA,Falta de tiempo,No,2022
45,No,No,No,Sí,No,No,NA,NA,NA,NA,No,Sí,15,La mayor parte,NA,No,2022
62,No,No,No,No,No,No,NA,NA,NA,NA,NA,NA,0,NA,Falta de tiempo,Sí,2022
60,No,No,No,No,No,No,NA,NA,NA,NA,NA,NA,0,NA,Problemas de salud,Sí,2022
47,Sí,No,No,No,No,Sí,NA,NA,NA,NA,NA,NA,30,Toda,NA,Sí,2022
59,No,No,No,No,No,No,NA,NA,NA,NA,NA,NA,0,NA,Falta de interés/gusto,No,2022
55,Sí,Sí,Sí,Sí,No,Sí,Sí,No,Sí,No,Sí,No,30,La mitad,NA,Sí,2022
45,Sí,Sí,No,No,No,Sí,No,Sí,NA,NA,NA,NA,45,La mayor parte,NA,Sí,2022
31,Sí,No,No,Sí,No,No,NA,NA,NA,NA,No,Sí,30,Toda,NA,Sí,2022
21,No,No,No,No,No,Sí,NA,NA,NA,NA,NA,NA,60,Toda,NA,Sí,2022
57,Sí,Sí,No,No,No,No,No,Sí,NA,NA,NA,NA,45,La mayor parte,NA,Sí,2022
53,Sí,No,Sí,Sí,No,No,NA,NA,Sí,No,No,Sí,60,Toda,NA,Sí,2022
22,Sí,Sí,No,Sí,Sí,Sí,Sí,No,NA,NA,Sí,No,90,Toda,NA,Sí,2022
24,Sí,Sí,No,No,No,Sí,No,Sí,NA,NA,NA,NA,120,La mayor parte,NA,Sí,2022
21,Sí,No,Sí,No,Sí,No,NA,NA,No,Sí,NA,NA,30,La mayor parte,NA,No,2022
19,Sí,Sí,No,No,Sí,Sí,Sí,No,NA,NA,NA,NA,60,La mayor parte,NA,Sí,2022
23,No,Sí,No,No,No,No,No,Sí,NA,NA,NA,NA,20,La mayor parte,NA,Sí,2022
42,Sí,Sí,No,No,No,No,Sí,No,NA,NA,NA,NA,60,Toda,NA,Sí,2022
40,Sí,Sí,No,Sí,No,Sí,No,Sí,NA,NA,No,Sí,60,La mayor parte,NA,Sí,2022
47,No,No,No,No,No,No,NA,NA,NA,NA,NA,NA,0,NA,Prefiere otras actividades,Sí,2022
67,Sí,Sí,Sí,Sí,No,Sí,Sí,No,Sí,No,Sí,No,60,La mayor parte,NA,Sí,2022
60,No,No,No,No,No,No,NA,NA,NA,NA,NA,NA,0,NA,Falta de tiempo,No,2022
43,Sí,Sí,Sí,Sí,Sí,Sí,No,Sí,No,Sí,No,Sí,30,La mayor parte,NA,No,2022
32,Sí,Sí,Sí,Sí,No,No,No,Sí,No,Sí,No,Sí,30,Toda,NA,Sí,2022
38,No,No,No,No,No,No,NA,NA,NA,NA,NA,NA,0,NA,Falta de tiempo,No recuerda,2022
42,Sí,No,No,No,No,No,NA,NA,NA,NA,NA,NA,0,NA,Prefiere otras actividades,No,2022
66,No,No,No,No,No,Sí,NA,NA,NA,NA,NA,NA,30,La mayor parte,NA,No,2022
54,No,No,No,No,No,No,NA,NA,NA,NA,NA,NA,0,NA,Prefiere otras actividades,No recuerda,2022
49,No,No,No,No,No,No,NA,NA,NA,NA,NA,NA,0,NA,Falta de tiempo,No,2022
73,Sí,Sí,No,No,No,No,No,Sí,NA,NA,NA,NA,40,Toda,NA,No,2022
54,Sí,No,Sí,No,No,Sí,NA,NA,No,Sí,NA,NA,60,Toda,NA,No,2022
48,No,No,No,No,No,No,NA,NA,NA,NA,NA,NA,0,NA,Prefiere otras actividades,No,2022
52,No,No,No,No,No,No,NA,NA,NA,NA,NA,NA,0,NA,Prefiere otras actividades,No,2022
28,No,No,No,No,No,No,NA,NA,NA,NA,NA,NA,0,NA,Falta de interés/gusto,No,2022
52,No,No,No,No,No,No,NA,NA,NA,NA,NA,NA,0,NA,Prefiere otras actividades,No,2022
23,Sí,Sí,Sí,No,No,No,No,Sí,No,Sí,NA,NA,60,Toda,NA,Sí,2022
21,Sí,Sí,Sí,Sí,No,Sí,No,Sí,No,Sí,No,Sí,45,Toda,NA,Sí,2022
22,Sí,Sí,Sí,No,No,Sí,No,Sí,No,Sí,NA,NA,45,Toda,NA,Sí,2022
86,Sí,Sí,No,No,No,No,No,Sí,NA,NA,NA,NA,15,La mitad,NA,No,2022
26,Sí,Sí,No,No,No,No,No,Sí,NA,NA,NA,NA,60,La mayor parte,NA,Sí,2022
66,Sí,No,No,Sí,No,No,NA,NA,NA,NA,No,Sí,30,La mayor parte,NA,No,2022
40,No,No,No,No,No,No,NA,NA,NA,NA,NA,NA,0,NA,Falta de tiempo,No,2022
35,No,No,No,No,No,No,NA,NA,NA,NA,NA,NA,0,NA,Prefiere otras actividades,Sí,2022
34,No,No,No,No,No,No,NA,NA,NA,NA,NA,NA,0,NA,Falta de tiempo,No,2022
34,Sí,No,Sí,No,Sí,No,NA,NA,Sí,No,NA,NA,30,La mayor parte,NA,Sí,2022
27,Sí,No,No,No,Sí,Sí,NA,NA,NA,NA,NA,NA,60,Toda,NA,Sí,2022
19,Sí,No,Sí,Sí,No,Sí,NA,NA,Sí,No,No,Sí,30,La mayor parte,NA,Sí,2022
60,No,No,No,No,No,Sí,NA,NA,NA,NA,NA,NA,30,La mitad,NA,No,2022
44,Sí,No,Sí,No,No,Sí,NA,NA,No,Sí,NA,NA,15,Toda,NA,Sí,2022
26,Sí,No,No,No,No,Sí,NA,NA,NA,NA,NA,NA,10,La mayor parte,NA,No,2022
30,Sí,No,No,No,No,Sí,NA,NA,NA,NA,NA,NA,15,La mitad,NA,No,2022
28,Sí,Sí,No,No,No,Sí,Sí,Sí,NA,NA,NA,NA,60,Toda,NA,Sí,2022
60,Sí,No,Sí,Sí,Sí,No,NA,NA,No,Sí,No,Sí,30,Toda,NA,Sí,2022
29,No,No,No,No,No,No,NA,NA,NA,NA,NA,NA,0,NA,Falta de tiempo,No,2022
53,Sí,Sí,No,No,No,Sí,No,Sí,NA,NA,NA,NA,15,La mayor parte,NA,No,2022
34,Sí,No,Sí,No,No,Sí,NA,NA,No,Sí,NA,NA,20,La mayor parte,NA,Sí,2022
42,Sí,Sí,Sí,Sí,No,Sí,Sí,Sí,Sí,Sí,No,Sí,60,Toda,NA,Sí,2022
55,Sí,Sí,No,No,Sí,No,No,Sí,NA,NA,NA,NA,30,La mayor parte,NA,Sí,2022
63,Sí,Sí,Sí,Sí,Sí,No,Sí,No,Sí,No,No,Sí,30,La mitad,NA,No recuerda,2022
31,Sí,Sí,No,No,No,Sí,No,Sí,NA,NA,NA,NA,60,La mayor parte,NA,Sí,2022
36,Sí,No,No,No,No,Sí,NA,NA,NA,NA,NA,NA,60,Poca,NA,No,2022
44,Sí,No,No,Sí,No,Sí,NA,NA,NA,NA,No,Sí,15,La mayor parte,NA,Sí,2022
69,No,No,No,No,No,No,NA,NA,NA,NA,NA,NA,0,NA,Problemas de salud,No,2022
52,No,No,No,No,No,No,NA,NA,NA,NA,NA,NA,0,NA,Falta de tiempo,No,2022
43,No,No,No,No,No,No,NA,NA,NA,NA,NA,NA,0,NA,Falta de interés/gusto,No,2022
75,Sí,Sí,No,No,No,No,No,Sí,NA,NA,NA,NA,30,Poca,NA,Sí,2022
35,Sí,Sí,Sí,Sí,No,Sí,No,Sí,No,Sí,No,Sí,90,Toda,NA,Sí,2022
56,Sí,Sí,No,No,No,No,Sí,No,NA,NA,NA,NA,30,La mayor parte,NA,Sí,2022
52,Sí,Sí,No,No,No,Sí,No,Sí,NA,NA,NA,NA,20,La mitad,NA,No,2022
33,Sí,No,No,No,Sí,No,NA,NA,NA,NA,NA,NA,30,Poca,NA,Sí,2022
29,No,No,No,No,No,Sí,NA,NA,NA,NA,NA,NA,20,La mitad,NA,Sí,2022
41,No,No,No,No,No,Sí,NA,NA,NA,NA,NA,NA,30,Toda,NA,No,2022
38,Sí,Sí,No,No,No,Sí,No,Sí,NA,NA,NA,NA,45,La mayor parte,NA,No,2022
28,Sí,No,Sí,Sí,No,No,NA,NA,Sí,No,No,Sí,30,La mayor parte,NA,Sí,2022
66,No,No,No,No,No,No,NA,NA,NA,NA,NA,NA,0,NA,Falta de tiempo,No,2022
54,Sí,Sí,No,No,No,Sí,Sí,No,NA,NA,NA,NA,60,Toda,NA,Sí,2022
45,Sí,Sí,Sí,No,No,No,No,Sí,No,Sí,NA,NA,30,Toda,NA,Sí,2022
56,Sí,No,Sí,No,No,Sí,NA,NA,No,Sí,NA,NA,15,La mitad,NA,Sí,2022
21,No,Sí,No,No,No,No,Sí,Sí,NA,NA,NA,NA,45,La mayor parte,NA,Sí,2022
66,No,No,No,No,No,Sí,NA,NA,NA,NA,NA,NA,5,La mitad,NA,No,2022
53,Sí,Sí,Sí,No,No,Sí,Sí,Sí,No,Sí,NA,NA,45,La mayor parte,NA,Sí,2022
36,Sí,Sí,No,No,No,Sí,Sí,Sí,NA,NA,NA,NA,60,La mayor parte,NA,Sí,2022
21,No,No,No,No,No,Sí,NA,NA,NA,NA,NA,NA,20,La mitad,NA,Sí,2022
32,Sí,Sí,No,No,No,Sí,No,Sí,NA,NA,NA,NA,20,Poca,NA,Sí,2022
38,No,No,No,No,No,No,NA,NA,NA,NA,NA,NA,0,NA,Falta de tiempo,No,2022
49,No,No,No,No,No,No,NA,NA,NA,NA,NA,NA,0,NA,Prefiere otras actividades,No,2022
60,No,No,No,Sí,No,No,NA,NA,NA,NA,No,Sí,20,La mayor parte,NA,No,2022
46,No,Sí,No,No,No,Sí,No,Sí,NA,NA,NA,NA,20,La mitad,NA,Sí,2022
58,Sí,No,No,No,No,No,NA,NA,NA,NA,NA,NA,0,NA,Falta de tiempo,Sí,2022
45,No,No,No,No,No,No,NA,NA,NA,NA,NA,NA,0,NA,Falta de tiempo,No,2022
27,No,No,No,No,No,No,NA,NA,NA,NA,NA,NA,0,NA,Falta de tiempo,No,2022
70,Sí,Sí,No,No,Sí,No,No,Sí,NA,NA,NA,NA,15,La mayor parte,NA,No,2022
69,Sí,Sí,No,No,No,No,No,Sí,NA,NA,NA,NA,15,Poca,NA,No,2022
27,No,No,No,No,Sí,Sí,NA,NA,NA,NA,NA,NA,30,La mayor parte,NA,Sí,2022
38,Sí,Sí,No,No,No,Sí,No,Sí,NA,NA,NA,NA,40,La mayor parte,NA,Sí,2022
79,No,No,No,No,No,No,NA,NA,NA,NA,NA,NA,0,NA,Falta de tiempo,No,2022
81,No,No,No,No,No,No,NA,NA,NA,NA,NA,NA,0,NA,Problemas de salud,No,2022
23,Sí,Sí,Sí,Sí,Sí,Sí,Sí,Sí,Sí,Sí,Sí,Sí,60,Toda,NA,Sí,2022
60,Sí,No,Sí,No,No,No,NA,NA,No,Sí,NA,NA,60,La mitad,NA,No,2022
32,Sí,Sí,No,No,Sí,Sí,Sí,No,NA,NA,NA,NA,60,Toda,NA,Sí,2022
62,Sí,Sí,No,No,No,No,No,Sí,NA,NA,NA,NA,20,La mayor parte,NA,No,2022
66,Sí,Sí,Sí,No,No,No,No,Sí,No,Sí,NA,NA,120,La mayor parte,NA,Sí,2022
74,Sí,Sí,No,No,No,No,No,Sí,NA,NA,NA,NA,30,La mayor parte,NA,Sí,2022
69,Sí,Sí,No,No,No,No,No,Sí,NA,NA,NA,NA,60,La mayor parte,NA,Sí,2022
79,Sí,Sí,No,No,No,No,No,Sí,NA,NA,NA,NA,30,La mayor parte,NA,Sí,2022
59,Sí,Sí,Sí,No,No,No,No,Sí,No,Sí,NA,NA,45,La mayor parte,NA,Sí,2022
69,Sí,No,Sí,Sí,No,No,NA,NA,No,Sí,No,Sí,30,La mayor parte,NA,Sí,2022
75,No,No,No,No,No,No,NA,NA,NA,NA,NA,NA,0,NA,Falta de tiempo,Sí,2022
29,Sí,Sí,Sí,No,No,Sí,No,Sí,No,Sí,NA,NA,30,Toda,NA,Sí,2022
55,No,No,No,No,No,No,NA,NA,NA,NA,NA,NA,0,NA,Falta de tiempo,No,2022
33,No,No,No,No,No,No,NA,NA,NA,NA,NA,NA,0,NA,Falta de interés/gusto,No,2022
46,No,No,No,No,No,No,NA,NA,NA,NA,NA,NA,0,NA,Falta de tiempo,Sí,2022
33,No,No,No,No,No,No,NA,NA,NA,NA,NA,NA,0,NA,Falta de interés/gusto,Sí,2022
49,No,No,No,No,No,Sí,NA,NA,NA,NA,NA,NA,20,Toda,NA,Sí,2022
31,Sí,Sí,No,No,No,No,No,Sí,NA,NA,NA,NA,15,Toda,NA,Sí,2022
63,Sí,Sí,Sí,No,No,Sí,Sí,No,Sí,Sí,NA,NA,90,Toda,NA,Sí,2022
57,No,No,No,No,No,No,NA,NA,NA,NA,NA,NA,0,NA,Falta de interés/gusto,Sí,2022
32,NA,NA,NA,NA,NA,NA,NA,NA,NA,NA,NA,NA,0,NA,NA,NA,2022
26,No,No,No,No,No,No,NA,NA,NA,NA,NA,NA,0,NA,Falta de tiempo,No,2022
33,No,Sí,No,No,No,No,No,Sí,NA,NA,NA,NA,30,La mitad,NA,No,2022
50,Sí,Sí,No,No,No,Sí,Sí,No,NA,NA,NA,NA,30,Toda,NA,Sí,2022
74,No,No,No,No,No,No,NA,NA,NA,NA,NA,NA,0,NA,Falta de interés/gusto,Sí,2022
43,Sí,Sí,No,No,No,Sí,Sí,No,NA,NA,NA,NA,40,La mayor parte,NA,Sí,2022
47,No,No,Sí,No,No,No,NA,NA,No,Sí,NA,NA,30,La mayor parte,NA,Sí,2022
39,No,No,No,No,No,No,NA,NA,NA,NA,NA,NA,0,NA,Falta de tiempo,Sí,2022
50,Sí,Sí,Sí,No,No,No,No,Sí,No,Sí,NA,NA,45,La mayor parte,NA,Sí,2022
41,No,No,Sí,No,No,Sí,NA,NA,No,Sí,NA,NA,25,La mayor parte,NA,Sí,2022
24,Sí,Sí,Sí,No,No,Sí,No,Sí,No,Sí,NA,NA,50,Toda,NA,Sí,2022
69,NA,NA,NA,NA,NA,NA,NA,NA,NA,NA,NA,NA,0,NA,NA,NA,2022
55,Sí,Sí,No,No,No,No,No,Sí,NA,NA,NA,NA,30,La mayor parte,NA,No,2022
34,No,No,No,No,No,No,NA,NA,NA,NA,NA,NA,0,NA,Falta de tiempo,No,2022
41,No,No,No,No,No,No,NA,NA,NA,NA,NA,NA,0,NA,Falta de interés/gusto,No,2022
40,No,No,No,No,No,No,NA,NA,NA,NA,NA,NA,0,NA,Falta de tiempo,No,2022
69,NA,NA,NA,NA,NA,NA,NA,NA,NA,NA,NA,NA,0,NA,NA,NA,2022
30,No,No,No,No,No,No,NA,NA,NA,NA,NA,NA,0,NA,Prefiere otras actividades,No,2022
49,Sí,Sí,No,No,No,Sí,No,Sí,NA,NA,NA,NA,30,La mayor parte,NA,Sí,2022
58,No,No,No,No,No,No,NA,NA,NA,NA,NA,NA,0,NA,Falta de tiempo,Sí,2022
56,No,No,No,No,No,No,NA,NA,NA,NA,NA,NA,0,NA,Falta de dinero,No,2022
50,Sí,Sí,No,No,No,Sí,No,Sí,NA,NA,NA,NA,60,La mayor parte,NA,Sí,2022
53,No,No,Sí,No,No,Sí,NA,NA,No,Sí,NA,NA,30,Toda,NA,Sí,2022
25,No,No,Sí,No,No,No,NA,NA,No,Sí,NA,NA,20,La mayor parte,NA,Sí,2022
40,No,No,No,No,No,No,NA,NA,NA,NA,NA,NA,0,NA,Falta de interés/gusto,Sí,2022
64,Sí,Sí,No,Sí,No,Sí,No,Sí,NA,NA,No,Sí,40,La mayor parte,NA,Sí,2022
72,No,Sí,No,No,No,No,No,Sí,NA,NA,NA,NA,60,La mitad,NA,No,2022
60,No,No,No,No,No,No,NA,NA,NA,NA,NA,NA,0,NA,Falta de tiempo,No,2022
61,Sí,Sí,No,No,No,No,No,Sí,NA,NA,NA,NA,40,La mayor parte,NA,Sí,2022
53,No,No,No,No,No,No,NA,NA,NA,NA,NA,NA,0,NA,Falta de interés/gusto,No,2022
21,Sí,Sí,No,No,No,No,No,Sí,NA,NA,NA,NA,40,La mayor parte,NA,Sí,2022
37,Sí,Sí,No,No,No,No,No,Sí,NA,NA,NA,NA,40,Toda,NA,No,2022
71,Sí,Sí,No,No,No,No,Sí,Sí,NA,NA,NA,NA,45,Toda,NA,Sí,2022
70,Sí,Sí,No,No,No,No,No,Sí,NA,NA,NA,NA,240,Toda,NA,Sí,2022
82,Sí,Sí,No,No,No,No,No,Sí,NA,NA,NA,NA,30,La mayor parte,NA,No recuerda,2022
56,Sí,Sí,No,No,No,No,No,Sí,NA,NA,NA,NA,30,Toda,NA,Sí,2022
44,No,No,No,No,No,No,NA,NA,NA,NA,NA,NA,0,NA,Falta de interés/gusto,No recuerda,2022
64,Sí,Sí,No,No,No,No,No,Sí,NA,NA,NA,NA,50,La mayor parte,NA,Sí,2022
45,No,No,No,No,No,No,NA,NA,NA,NA,NA,NA,0,NA,Falta de interés/gusto,Sí,2022
40,No,No,No,No,No,No,NA,NA,NA,NA,NA,NA,0,NA,Falta de interés/gusto,No,2022
28,Sí,Sí,No,No,No,Sí,No,Sí,NA,NA,NA,NA,30,La mayor parte,NA,Sí,2022
55,Sí,Sí,No,No,No,No,No,Sí,NA,NA,NA,NA,15,La mayor parte,NA,No,2022
22,No,No,No,No,No,Sí,NA,NA,NA,NA,NA,NA,15,La mayor parte,NA,No,2022
37,No,No,No,Sí,No,Sí,NA,NA,NA,NA,No,Sí,15,Toda,NA,Sí,2022
40,No,No,No,No,No,No,NA,NA,NA,NA,NA,NA,0,NA,Falta de tiempo,Sí,2022
54,Sí,Sí,No,No,No,No,No,Sí,NA,NA,NA,NA,40,La mitad,NA,Sí,2022
44,Sí,No,No,No,No,No,NA,NA,NA,NA,NA,NA,0,NA,Falta de tiempo,Sí,2022
54,No,No,No,No,No,No,NA,NA,NA,NA,NA,NA,0,NA,Falta de tiempo,Sí,2022
65,No,No,No,No,No,No,NA,NA,NA,NA,NA,NA,0,NA,Falta de tiempo,No,2022
30,Sí,Sí,No,No,No,No,No,Sí,NA,NA,NA,NA,15,Toda,NA,Sí,2022
37,Sí,No,No,No,No,No,NA,NA,NA,NA,NA,NA,0,NA,Falta de tiempo,Sí,2022
41,Sí,Sí,Sí,No,No,No,Sí,Sí,Sí,Sí,NA,NA,30,Toda,NA,Sí,2022
42,Sí,Sí,Sí,No,No,No,Sí,Sí,Sí,Sí,NA,NA,40,Toda,NA,Sí,2022
31,Sí,Sí,No,No,No,Sí,Sí,Sí,NA,NA,NA,NA,60,Toda,NA,Sí,2022
46,Sí,Sí,No,No,No,No,Sí,No,NA,NA,NA,NA,30,La mayor parte,NA,Sí,2022
40,Sí,Sí,No,Sí,No,Sí,Sí,Sí,NA,NA,Sí,No,30,Toda,NA,Sí,2022
76,Sí,Sí,No,No,No,No,No,Sí,NA,NA,NA,NA,20,La mitad,NA,Sí,2022
79,No,Sí,No,Sí,No,No,No,Sí,NA,NA,No,Sí,30,La mitad,NA,Sí,2022
54,No,Sí,No,No,No,No,No,Sí,NA,NA,NA,NA,20,Poca,NA,Sí,2022
79,NA,NA,NA,NA,NA,NA,NA,NA,NA,NA,NA,NA,0,NA,NA,NA,2022
42,Sí,Sí,No,No,No,Sí,No,Sí,NA,NA,NA,NA,30,La mayor parte,NA,Sí,2022
60,No,No,No,No,No,No,NA,NA,NA,NA,NA,NA,0,NA,Problemas de salud,Sí,2022
53,Sí,Sí,No,No,No,No,No,Sí,NA,NA,NA,NA,30,Toda,NA,Sí,2022
57,Sí,Sí,No,No,No,No,Sí,No,NA,NA,NA,NA,20,Toda,NA,Sí,2022
32,Sí,Sí,No,No,No,No,Sí,Sí,NA,NA,NA,NA,60,Toda,NA,Sí,2022
30,Sí,Sí,No,No,Sí,Sí,No,Sí,NA,NA,NA,NA,25,La mayor parte,NA,Sí,2022
32,Sí,No,No,Sí,No,No,NA,NA,NA,NA,No,Sí,35,Toda,NA,Sí,2022
48,Sí,No,No,Sí,No,No,NA,NA,NA,NA,No,Sí,30,Toda,NA,Sí,2022
33,Sí,No,No,No,No,Sí,NA,NA,NA,NA,NA,NA,60,Toda,NA,Sí,2022
63,Sí,No,No,Sí,No,No,NA,NA,NA,NA,No,Sí,30,Toda,NA,Sí,2022
73,Sí,Sí,Sí,No,No,No,No,Sí,No,Sí,NA,NA,15,La mitad,NA,Sí,2022
74,No,No,No,No,No,No,NA,NA,NA,NA,NA,NA,0,NA,Otro,Sí,2022
34,No,No,No,No,No,Sí,NA,NA,NA,NA,NA,NA,30,La mayor parte,NA,Sí,2022
69,Sí,Sí,No,No,No,No,No,Sí,NA,NA,NA,NA,90,Toda,NA,Sí,2022
26,Sí,Sí,No,No,Sí,Sí,Sí,No,NA,NA,NA,NA,20,La mayor parte,NA,Sí,2022
56,No,No,No,No,No,No,NA,NA,NA,NA,NA,NA,0,NA,Otro,Sí,2022
21,Sí,Sí,No,No,No,No,No,Sí,NA,NA,NA,NA,30,La mitad,NA,Sí,2022
27,No,No,No,No,No,No,NA,NA,NA,NA,NA,NA,0,NA,Falta de tiempo,Sí,2022
47,NA,NA,NA,NA,NA,NA,NA,NA,NA,NA,NA,NA,0,NA,NA,NA,2022
24,Sí,Sí,No,No,No,Sí,Sí,Sí,NA,NA,NA,NA,30,Toda,NA,Sí,2022
63,Sí,Sí,No,No,No,Sí,No,Sí,NA,NA,NA,NA,60,Toda,NA,Sí,2022
36,No,No,No,No,No,No,NA,NA,NA,NA,NA,NA,0,NA,Falta de tiempo,Sí,2022
58,Sí,Sí,No,Sí,No,Sí,No,Sí,NA,NA,No,Sí,60,La mayor parte,NA,Sí,2022
39,Sí,No,Sí,No,No,Sí,NA,NA,No,Sí,NA,NA,10,Toda,NA,Sí,2022
33,Sí,Sí,No,Sí,No,Sí,Sí,No,NA,NA,Sí,No,60,La mayor parte,NA,Sí,2022
48,No,No,No,Sí,No,No,NA,NA,NA,NA,No,Sí,5,La mitad,NA,No,2022
58,No,No,No,No,No,No,NA,NA,NA,NA,NA,NA,0,NA,Falta de interés/gusto,No,2022
63,Sí,No,No,Sí,No,No,NA,NA,NA,NA,No,Sí,10,La mitad,NA,No,2022
28,No,Sí,Sí,No,No,Sí,Sí,No,No,Sí,NA,NA,30,La mitad,NA,Sí,2022
32,Sí,Sí,Sí,No,No,Sí,Sí,Sí,Sí,No,NA,NA,40,La mayor parte,NA,Sí,2022
45,No,Sí,No,No,No,Sí,No,Sí,NA,NA,NA,NA,30,La mitad,NA,Sí,2022
47,Sí,Sí,No,No,No,No,No,Sí,NA,NA,NA,NA,30,Toda,NA,No,2022
23,Sí,Sí,No,No,Sí,Sí,No,Sí,NA,NA,NA,NA,20,La mayor parte,NA,Sí,2022
40,Sí,Sí,Sí,Sí,No,No,Sí,Sí,No,Sí,No,Sí,30,La mayor parte,NA,Sí,2022
55,Sí,No,Sí,No,No,No,NA,NA,No,Sí,NA,NA,20,La mayor parte,NA,No,2022
36,Sí,Sí,Sí,Sí,No,Sí,Sí,No,No,Sí,No,Sí,60,La mayor parte,NA,Sí,2022
34,No,No,No,Sí,No,No,NA,NA,NA,NA,No,Sí,20,Poca,NA,No,2022
23,No,No,Sí,No,Sí,Sí,NA,NA,No,Sí,NA,NA,15,La mitad,NA,No,2022
49,No,No,No,No,No,No,NA,NA,NA,NA,NA,NA,0,NA,Falta de tiempo,No,2022
52,Sí,Sí,No,Sí,No,No,No,Sí,NA,NA,No,Sí,20,Poca,NA,Sí,2022
43,Sí,Sí,Sí,Sí,No,Sí,No,Sí,Sí,No,Sí,No,90,La mayor parte,NA,Sí,2022
55,No,No,No,No,No,No,NA,NA,NA,NA,NA,NA,0,NA,Falta de interés/gusto,No,2022
56,No,No,No,No,No,No,NA,NA,NA,NA,NA,NA,0,NA,Falta de tiempo,Sí,2022
59,No,Sí,Sí,Sí,No,No,No,Sí,No,Sí,No,Sí,15,Poca,NA,No,2022
21,No,Sí,No,No,No,Sí,No,Sí,NA,NA,NA,NA,21,Poca,NA,Sí,2022
77,Sí,No,No,Sí,No,No,NA,NA,NA,NA,No,Sí,30,La mitad,NA,Sí,2022
35,Sí,Sí,No,No,No,Sí,No,Sí,NA,NA,NA,NA,120,La mayor parte,NA,Sí,2022
37,Sí,Sí,No,No,No,No,No,Sí,NA,NA,NA,NA,40,La mayor parte,NA,Sí,2022
44,Sí,Sí,Sí,No,No,No,No,Sí,Sí,Sí,NA,NA,120,La mayor parte,NA,Sí,2022
38,Sí,Sí,No,No,No,No,Sí,Sí,NA,NA,NA,NA,60,Toda,NA,Sí,2022
36,No,No,No,No,No,No,NA,NA,NA,NA,NA,NA,0,NA,Falta de tiempo,Sí,2022
45,Sí,No,Sí,No,No,Sí,NA,NA,No,Sí,NA,NA,10,La mitad,NA,Sí,2022
44,Sí,No,No,Sí,No,No,NA,NA,NA,NA,No,Sí,15,Poca,NA,Sí,2022
34,No,No,No,No,No,No,NA,NA,NA,NA,NA,NA,0,NA,Falta de tiempo,No,2022
40,Sí,Sí,Sí,No,No,No,No,Sí,No,Sí,NA,NA,30,La mayor parte,NA,Sí,2022
30,Sí,Sí,No,No,No,Sí,No,Sí,NA,NA,NA,NA,30,Toda,NA,No,2022
51,Sí,Sí,No,No,No,No,Sí,Sí,NA,NA,NA,NA,120,La mayor parte,NA,Sí,2022
44,No,No,No,No,No,No,NA,NA,NA,NA,NA,NA,0,NA,Falta de tiempo,No,2022
34,Sí,Sí,No,No,No,No,Sí,Sí,NA,NA,NA,NA,30,La mayor parte,NA,Sí,2022
39,No,No,No,Sí,No,No,NA,NA,NA,NA,No,Sí,15,Poca,NA,No,2022
32,Sí,No,Sí,No,No,Sí,NA,NA,No,Sí,NA,NA,10,La mitad,NA,Sí,2022
28,No,No,Sí,No,No,Sí,NA,NA,No,Sí,NA,NA,10,La mitad,NA,Sí,2022
60,No,Sí,No,No,No,No,No,Sí,NA,NA,NA,NA,90,Poca,NA,Sí,2022
29,Sí,Sí,Sí,No,No,Sí,No,Sí,No,Sí,NA,NA,16,Toda,NA,Sí,2022
53,No,No,No,No,No,No,NA,NA,NA,NA,NA,NA,0,NA,Falta de interés/gusto,No recuerda,2022
63,Sí,Sí,No,Sí,No,No,No,Sí,NA,NA,No,Sí,60,La mitad,NA,No,2022
46,Sí,Sí,No,No,No,No,No,Sí,NA,NA,NA,NA,60,La mayor parte,NA,Sí,2022
63,NA,NA,NA,NA,NA,NA,NA,NA,NA,NA,NA,NA,0,NA,NA,NA,2022
36,No,No,No,No,No,No,NA,NA,NA,NA,NA,NA,0,NA,Falta de tiempo,No recuerda,2022
38,No,No,No,No,No,No,NA,NA,NA,NA,NA,NA,0,NA,Falta de tiempo,No,2022
20,Sí,Sí,No,No,No,No,No,Sí,NA,NA,NA,NA,90,Toda,NA,Sí,2022
69,No,No,No,No,No,No,NA,NA,NA,NA,NA,NA,0,NA,Falta de interés/gusto,No recuerda,2022
73,No,No,No,No,No,No,NA,NA,NA,NA,NA,NA,0,NA,Falta de interés/gusto,No recuerda,2022
71,Sí,Sí,No,No,No,No,No,Sí,NA,NA,NA,NA,25,La mayor parte,NA,No,2022
39,Sí,Sí,Sí,No,No,Sí,No,Sí,No,Sí,NA,NA,120,Toda,NA,Sí,2022
40,No,No,No,No,No,No,NA,NA,NA,NA,NA,NA,0,NA,Falta de tiempo,No,2022
32,Sí,Sí,Sí,Sí,No,No,Sí,No,No,Sí,No,Sí,30,La mayor parte,NA,Sí,2022
58,No,No,No,No,No,No,NA,NA,NA,NA,NA,NA,0,NA,Falta de tiempo,Sí,2022
50,No,No,No,No,No,No,NA,NA,NA,NA,NA,NA,0,NA,Falta de tiempo,No,2022
22,No,No,No,No,No,No,NA,NA,NA,NA,NA,NA,0,NA,Falta de tiempo,Sí,2022
71,Sí,No,No,Sí,No,No,NA,NA,NA,NA,No,Sí,30,Toda,NA,No,2022
71,No,No,No,No,No,No,NA,NA,NA,NA,NA,NA,0,NA,Prefiere otras actividades,No recuerda,2022
69,Sí,Sí,Sí,No,No,No,No,Sí,No,Sí,NA,NA,60,La mitad,NA,Sí,2022
84,Sí,Sí,Sí,Sí,No,No,No,Sí,No,Sí,No,Sí,60,La mayor parte,NA,Sí,2022
81,Sí,No,No,No,No,No,NA,NA,NA,NA,NA,NA,0,NA,Problemas de salud,Sí,2022
60,Sí,Sí,No,No,No,Sí,No,Sí,NA,NA,NA,NA,60,La mayor parte,NA,Sí,2022
32,No,No,No,No,No,No,NA,NA,NA,NA,NA,NA,0,NA,Falta de tiempo,No,2022
34,Sí,No,Sí,Sí,No,No,NA,NA,Sí,No,No,Sí,30,Toda,NA,Sí,2022
21,No,No,No,No,No,No,NA,NA,NA,NA,NA,NA,0,NA,Falta de tiempo,Sí,2022
34,Sí,Sí,Sí,No,No,No,No,Sí,No,Sí,NA,NA,30,La mayor parte,NA,Sí,2022
30,Sí,Sí,Sí,Sí,No,Sí,No,Sí,No,Sí,No,Sí,30,La mayor parte,NA,No,2022
68,Sí,Sí,No,Sí,No,No,No,Sí,NA,NA,No,Sí,60,La mayor parte,NA,Sí,2022
19,Sí,Sí,No,Sí,No,Sí,No,Sí,NA,NA,No,Sí,60,La mayor parte,NA,Sí,2022
65,Sí,Sí,No,Sí,No,No,No,Sí,NA,NA,No,Sí,30,La mitad,NA,No,2022
34,No,No,No,No,No,No,NA,NA,NA,NA,NA,NA,0,NA,Falta de tiempo,Sí,2022
24,No,No,No,No,No,Sí,NA,NA,NA,NA,NA,NA,30,La mayor parte,NA,Sí,2022
43,No,No,No,No,No,No,NA,NA,NA,NA,NA,NA,0,NA,Falta de tiempo,No recuerda,2022
25,No,No,No,No,No,No,NA,NA,NA,NA,NA,NA,0,NA,Falta de tiempo,Sí,2022
54,No,Sí,No,No,No,Sí,No,Sí,NA,NA,NA,NA,30,La mayor parte,NA,No,2022
22,Sí,Sí,Sí,Sí,Sí,Sí,Sí,No,Sí,No,Sí,No,120,Toda,NA,Sí,2022
28,No,No,No,No,No,No,NA,NA,NA,NA,NA,NA,0,NA,Falta de tiempo,Sí,2022
71,No,No,No,No,No,No,NA,NA,NA,NA,NA,NA,0,NA,Falta de tiempo,No,2022
27,No,No,No,No,No,No,NA,NA,NA,NA,NA,NA,0,NA,Falta de tiempo,Sí,2022
50,No,No,No,No,No,No,NA,NA,NA,NA,NA,NA,0,NA,Falta de tiempo,No recuerda,2022
54,Sí,Sí,Sí,Sí,Sí,No,No,Sí,No,Sí,No,Sí,60,Toda,NA,No,2022
50,No,No,No,No,No,No,NA,NA,NA,NA,NA,NA,0,NA,Falta de tiempo,No,2022
55,No,No,No,No,No,No,NA,NA,NA,NA,NA,NA,0,NA,Falta de tiempo,Sí,2022
56,No,No,Sí,No,No,No,NA,NA,No,Sí,NA,NA,25,Toda,NA,Sí,2022
76,No,No,No,No,No,No,NA,NA,NA,NA,NA,NA,0,NA,Falta de interés/gusto,No,2022
29,Sí,No,Sí,No,Sí,Sí,NA,NA,No,Sí,NA,NA,30,La mitad,NA,No,2022
34,No,No,Sí,Sí,No,Sí,NA,NA,No,Sí,No,Sí,20,Toda,NA,Sí,2022
25,No,No,No,Sí,No,Sí,NA,NA,NA,NA,No,Sí,20,La mayor parte,NA,No,2022
38,No,No,No,Sí,No,No,NA,NA,NA,NA,No,Sí,20,La mayor parte,NA,Sí,2022
31,No,Sí,No,No,No,Sí,Sí,No,NA,NA,NA,NA,15,La mayor parte,NA,Sí,2022
68,No,No,No,No,No,No,NA,NA,NA,NA,NA,NA,0,NA,Falta de interés/gusto,No,2022
62,No,No,No,No,No,No,NA,NA,NA,NA,NA,NA,0,NA,Falta de interés/gusto,No,2022
22,No,Sí,No,No,No,Sí,No,Sí,NA,NA,NA,NA,20,La mayor parte,NA,Sí,2022
47,Sí,Sí,Sí,Sí,No,No,No,Sí,No,Sí,No,Sí,60,La mayor parte,NA,Sí,2022
55,No,No,No,Sí,No,No,NA,NA,NA,NA,No,Sí,15,La mayor parte,NA,No,2022
50,Sí,No,No,Sí,No,Sí,NA,NA,NA,NA,Sí,No,10,La mayor parte,NA,Sí,2022
25,Sí,Sí,No,No,No,Sí,Sí,No,NA,NA,NA,NA,30,La mayor parte,NA,Sí,2022
43,Sí,No,No,No,No,No,NA,NA,NA,NA,NA,NA,0,NA,Falta de interés/gusto,No,2022
34,No,No,No,No,No,No,NA,NA,NA,NA,NA,NA,0,NA,Falta de interés/gusto,No,2022
62,Sí,Sí,No,Sí,No,No,No,Sí,NA,NA,No,Sí,40,La mayor parte,NA,Sí,2022
44,No,No,No,No,No,No,NA,NA,NA,NA,NA,NA,0,NA,Falta de interés/gusto,No,2022
30,Sí,Sí,No,No,No,Sí,Sí,No,NA,NA,NA,NA,40,La mayor parte,NA,Sí,2022
64,No,No,No,No,No,No,NA,NA,NA,NA,NA,NA,0,NA,Problemas de salud,No,2022
59,No,No,No,Sí,No,No,NA,NA,NA,NA,No,Sí,20,La mayor parte,NA,No,2022
18,Sí,Sí,No,No,No,Sí,Sí,No,NA,NA,NA,NA,60,La mayor parte,NA,Sí,2022
52,Sí,No,No,Sí,No,No,NA,NA,NA,NA,No,Sí,40,La mayor parte,NA,Sí,2022
61,No,No,No,No,No,No,NA,NA,NA,NA,NA,NA,0,NA,Falta de tiempo,No,2022
63,NA,NA,NA,NA,NA,NA,NA,NA,NA,NA,NA,NA,0,NA,NA,NA,2022
38,No,No,No,No,No,No,NA,NA,NA,NA,NA,NA,0,NA,Falta de interés/gusto,No,2022
26,Sí,Sí,Sí,Sí,Sí,Sí,No,Sí,Sí,No,Sí,Sí,45,Toda,NA,Sí,2022
61,Sí,Sí,Sí,No,No,Sí,No,Sí,No,Sí,NA,NA,30,La mayor parte,NA,Sí,2022
40,Sí,Sí,Sí,No,Sí,Sí,No,Sí,No,Sí,NA,NA,30,Toda,NA,Sí,2022
21,No,No,No,Sí,No,Sí,NA,NA,NA,NA,No,Sí,4,La mitad,NA,Sí,2022
52,No,No,No,No,No,No,NA,NA,NA,NA,NA,NA,0,NA,Falta de tiempo,No,2022
19,Sí,Sí,No,No,No,Sí,No,Sí,NA,NA,NA,NA,90,La mayor parte,NA,Sí,2022
18,Sí,Sí,No,No,No,Sí,Sí,No,NA,NA,NA,NA,30,Toda,NA,Sí,2022
53,Sí,No,No,No,No,Sí,NA,NA,NA,NA,NA,NA,20,La mayor parte,NA,Sí,2022
25,Sí,Sí,No,No,No,Sí,No,Sí,NA,NA,NA,NA,30,La mitad,NA,Sí,2022
42,No,No,No,No,No,No,NA,NA,NA,NA,NA,NA,0,NA,Problemas de salud,Sí,2022
48,Sí,No,No,Sí,No,No,NA,NA,NA,NA,No,Sí,30,La mayor parte,NA,No,2022
60,No,No,No,Sí,No,No,NA,NA,NA,NA,No,Sí,30,La mayor parte,NA,No,2022
24,No,No,No,No,No,No,NA,NA,NA,NA,NA,NA,0,NA,Falta de tiempo,No,2022
23,No,No,No,Sí,No,Sí,NA,NA,NA,NA,No,Sí,20,La mitad,NA,Sí,2022
46,No,No,No,No,No,Sí,NA,NA,NA,NA,NA,NA,20,La mitad,NA,Sí,2022
40,No,No,No,Sí,No,No,NA,NA,NA,NA,Sí,No,30,La mayor parte,NA,Sí,2022
44,Sí,No,Sí,Sí,No,Sí,NA,NA,No,Sí,Sí,No,30,La mayor parte,NA,Sí,2022
29,Sí,Sí,No,No,No,Sí,Sí,No,NA,NA,NA,NA,60,La mayor parte,NA,Sí,2022
43,Sí,Sí,No,Sí,No,Sí,No,Sí,NA,NA,Sí,No,10,La mayor parte,NA,Sí,2022
47,Sí,No,No,Sí,No,No,NA,NA,NA,NA,No,Sí,20,La mayor parte,NA,Sí,2022
48,Sí,Sí,No,Sí,No,No,No,Sí,NA,NA,No,Sí,30,La mayor parte,NA,Sí,2022
71,No,Sí,No,No,No,No,No,Sí,NA,NA,NA,NA,120,Toda,NA,No,2022
45,Sí,No,Sí,Sí,No,No,NA,NA,Sí,No,Sí,No,15,La mayor parte,NA,Sí,2022
30,Sí,Sí,Sí,No,No,Sí,No,Sí,No,Sí,NA,NA,60,Toda,NA,Sí,2022
40,Sí,No,Sí,Sí,No,Sí,NA,NA,No,Sí,No,Sí,15,La mayor parte,NA,Sí,2022
66,No,No,No,No,No,No,NA,NA,NA,NA,NA,NA,0,NA,Problemas de salud,Sí,2022
43,Sí,Sí,No,No,Sí,No,No,Sí,NA,NA,NA,NA,20,Toda,NA,Sí,2022
43,No,No,No,Sí,No,No,NA,NA,NA,NA,No,Sí,5,La mayor parte,NA,Sí,2022
61,Sí,No,No,No,No,No,NA,NA,NA,NA,NA,NA,0,NA,Falta de interés/gusto,Sí,2022
40,Sí,No,No,Sí,No,No,NA,NA,NA,NA,No,Sí,10,Toda,NA,Sí,2022
20,Sí,No,No,Sí,Sí,Sí,NA,NA,NA,NA,No,Sí,60,La mayor parte,NA,Sí,2022
43,Sí,Sí,Sí,No,No,Sí,No,Sí,No,Sí,NA,NA,30,Toda,NA,No,2022
35,Sí,No,Sí,No,No,Sí,NA,NA,No,Sí,NA,NA,15,La mayor parte,NA,Sí,2022
64,No,No,No,No,No,No,NA,NA,NA,NA,NA,NA,0,NA,Falta de interés/gusto,No recuerda,2022
35,Sí,Sí,Sí,Sí,No,Sí,No,Sí,No,Sí,Sí,No,60,La mayor parte,NA,Sí,2022
28,Sí,Sí,Sí,Sí,No,No,No,Sí,No,Sí,No,Sí,60,La mitad,NA,Sí,2022
44,No,No,No,No,No,No,NA,NA,NA,NA,NA,NA,0,NA,Falta de interés/gusto,No,2022
44,Sí,No,No,Sí,No,Sí,NA,NA,NA,NA,Sí,No,30,La mayor parte,NA,Sí,2022
46,No,No,Sí,Sí,No,Sí,NA,NA,No,Sí,No,Sí,15,Toda,NA,No,2022
42,Sí,Sí,Sí,Sí,No,Sí,Sí,No,Sí,No,Sí,Sí,30,Toda,NA,Sí,2022
24,No,No,No,No,No,No,NA,NA,NA,NA,NA,NA,0,NA,Falta de interés/gusto,No,2022
53,No,No,No,No,No,No,NA,NA,NA,NA,NA,NA,0,NA,Falta de interés/gusto,No,2022
46,Sí,Sí,No,Sí,No,No,No,Sí,NA,NA,Sí,No,30,Toda,NA,No,2022
53,No,No,No,No,No,No,NA,NA,NA,NA,NA,NA,0,NA,Falta de interés/gusto,Sí,2022
54,Sí,Sí,No,Sí,No,No,No,Sí,NA,NA,Sí,No,40,La mayor parte,NA,Sí,2022
75,Sí,Sí,No,No,No,No,No,Sí,NA,NA,NA,NA,90,Toda,NA,No,2022
23,Sí,No,No,No,No,Sí,NA,NA,NA,NA,NA,NA,10,La mitad,NA,No,2022
73,No,No,No,Sí,No,No,NA,NA,NA,NA,No,Sí,15,La mayor parte,NA,No recuerda,2022
74,No,No,No,No,No,No,NA,NA,NA,NA,NA,NA,0,NA,Falta de interés/gusto,Sí,2022
70,Sí,Sí,No,Sí,No,No,No,Sí,NA,NA,No,Sí,60,Toda,NA,Sí,2022
29,Sí,Sí,Sí,Sí,No,Sí,No,Sí,No,Sí,No,Sí,30,La mayor parte,NA,Sí,2022
49,No,No,No,No,No,No,NA,NA,NA,NA,NA,NA,0,NA,Falta de tiempo,No recuerda,2022
54,No,No,No,No,No,No,NA,NA,NA,NA,NA,NA,0,NA,Falta de tiempo,Sí,2022
67,NA,NA,NA,NA,NA,NA,NA,NA,NA,NA,NA,NA,0,NA,NA,NA,2022
53,No,No,No,No,No,No,NA,NA,NA,NA,NA,NA,0,NA,Falta de interés/gusto,Sí,2022
20,Sí,Sí,No,No,No,Sí,No,Sí,NA,NA,NA,NA,30,La mitad,NA,Sí,2022
38,Sí,Sí,No,No,No,Sí,No,Sí,NA,NA,NA,NA,60,Poca,NA,Sí,2022
57,Sí,Sí,Sí,No,No,Sí,Sí,No,Sí,No,NA,NA,60,La mitad,NA,Sí,2022
20,Sí,Sí,Sí,No,No,Sí,Sí,No,Sí,No,NA,NA,30,La mayor parte,NA,Sí,2022
33,Sí,No,No,Sí,No,Sí,NA,NA,NA,NA,No,Sí,30,La mayor parte,NA,Sí,2022
46,No,Sí,No,No,No,Sí,Sí,Sí,NA,NA,NA,NA,10,La mitad,NA,No,2022
50,NA,NA,NA,NA,NA,NA,NA,NA,NA,NA,NA,NA,0,NA,NA,NA,2022
51,No,No,No,No,No,No,NA,NA,NA,NA,NA,NA,0,NA,Falta de tiempo,No,2022
51,Sí,Sí,Sí,Sí,Sí,Sí,No,Sí,Sí,Sí,No,Sí,30,La mayor parte,NA,Sí,2022
42,Sí,Sí,No,Sí,No,Sí,No,Sí,NA,NA,Sí,No,20,La mayor parte,NA,Sí,2022
37,Sí,Sí,Sí,No,No,Sí,No,Sí,No,Sí,NA,NA,10,La mayor parte,NA,Sí,2022
53,Sí,Sí,No,No,No,No,No,Sí,NA,NA,NA,NA,15,La mayor parte,NA,No,2022
34,Sí,Sí,Sí,Sí,Sí,Sí,No,Sí,No,Sí,Sí,No,60,La mayor parte,NA,Sí,2022
47,Sí,No,No,Sí,No,No,NA,NA,NA,NA,No,Sí,20,La mitad,NA,No,2022
26,Sí,Sí,No,Sí,No,Sí,Sí,No,NA,NA,No,Sí,10,La mitad,NA,No,2022
54,Sí,No,Sí,No,No,No,NA,NA,No,Sí,NA,NA,30,Poca,NA,No,2022
62,Sí,Sí,No,No,No,No,No,Sí,NA,NA,NA,NA,20,La mitad,NA,No,2022
59,Sí,Sí,No,Sí,No,No,No,Sí,NA,NA,No,Sí,30,La mitad,NA,No,2022
18,Sí,Sí,Sí,Sí,Sí,Sí,Sí,No,No,Sí,No,Sí,30,La mitad,NA,Sí,2022
30,Sí,Sí,Sí,Sí,No,Sí,No,Sí,No,Sí,No,Sí,60,La mayor parte,NA,No,2022
58,Sí,Sí,Sí,No,No,Sí,No,Sí,No,Sí,NA,NA,20,La mayor parte,NA,No,2022
65,No,No,Sí,No,No,No,NA,NA,No,Sí,NA,NA,20,La mitad,NA,No,2022
20,No,No,No,Sí,No,No,NA,NA,NA,NA,No,Sí,10,La mayor parte,NA,Sí,2022
64,No,No,No,No,No,No,NA,NA,NA,NA,NA,NA,0,NA,Falta de interés/gusto,No,2022
62,Sí,Sí,No,No,No,No,No,Sí,NA,NA,NA,NA,20,Poca,NA,No,2022
55,Sí,No,No,Sí,No,No,NA,NA,NA,NA,No,Sí,30,Poca,NA,No,2022
33,Sí,Sí,Sí,No,No,No,No,Sí,No,Sí,NA,NA,20,La mitad,NA,No,2022
35,Sí,No,No,No,No,Sí,NA,NA,NA,NA,NA,NA,60,La mayor parte,NA,Sí,2022
25,Sí,Sí,No,No,No,Sí,Sí,No,NA,NA,NA,NA,120,Toda,NA,Sí,2022
56,Sí,Sí,No,No,No,No,No,Sí,NA,NA,NA,NA,30,La mayor parte,NA,No,2022
39,Sí,Sí,No,No,No,No,No,Sí,NA,NA,NA,NA,10,Poca,NA,Sí,2022
24,Sí,No,Sí,No,No,Sí,NA,NA,Sí,No,NA,NA,30,La mayor parte,NA,Sí,2022
54,NA,NA,NA,NA,NA,NA,NA,NA,NA,NA,NA,NA,0,NA,NA,NA,2022
48,Sí,Sí,No,No,No,Sí,Sí,Sí,NA,NA,NA,NA,60,La mayor parte,NA,No,2022
56,Sí,Sí,Sí,No,No,No,No,Sí,No,Sí,NA,NA,60,La mitad,NA,Sí,2022
49,Sí,Sí,No,No,No,Sí,Sí,Sí,NA,NA,NA,NA,60,Toda,NA,Sí,2022
66,No,No,No,Sí,No,No,NA,NA,NA,NA,No,Sí,20,La mitad,NA,No,2022
59,Sí,Sí,Sí,No,No,Sí,No,Sí,No,Sí,NA,NA,40,La mayor parte,NA,No,2022
23,Sí,No,No,No,No,Sí,NA,NA,NA,NA,NA,NA,45,La mayor parte,NA,Sí,2022
21,No,No,No,No,No,Sí,NA,NA,NA,NA,NA,NA,30,Toda,NA,Sí,2022
60,No,No,No,Sí,No,No,NA,NA,NA,NA,No,Sí,40,La mitad,NA,No,2022
56,No,No,No,No,No,Sí,NA,NA,NA,NA,NA,NA,45,La mayor parte,NA,No,2022
58,Sí,No,No,No,No,Sí,NA,NA,NA,NA,NA,NA,20,La mayor parte,NA,No,2022
43,No,No,No,No,No,No,NA,NA,NA,NA,NA,NA,0,NA,Falta de tiempo,No,2022
35,Sí,No,No,No,No,Sí,NA,NA,NA,NA,NA,NA,35,La mayor parte,NA,No,2022
46,Sí,No,No,No,No,No,NA,NA,NA,NA,NA,NA,0,NA,Falta de interés/gusto,Sí,2022
37,Sí,No,No,No,No,Sí,NA,NA,NA,NA,NA,NA,30,La mayor parte,NA,No,2022
38,No,No,No,No,No,No,NA,NA,NA,NA,NA,NA,0,NA,Falta de tiempo,Sí,2022
74,No,No,No,Sí,No,No,NA,NA,NA,NA,No,Sí,20,La mayor parte,NA,Sí,2022
30,Sí,Sí,Sí,No,No,Sí,No,Sí,No,Sí,NA,NA,30,La mayor parte,NA,Sí,2022
46,No,No,No,No,No,Sí,NA,NA,NA,NA,NA,NA,45,La mayor parte,NA,No,2022
55,No,No,No,No,No,No,NA,NA,NA,NA,NA,NA,0,NA,Falta de tiempo,No,2022
21,Sí,Sí,No,No,No,Sí,No,Sí,NA,NA,NA,NA,60,Toda,NA,Sí,2022
36,No,No,No,No,No,No,NA,NA,NA,NA,NA,NA,0,NA,Falta de tiempo,Sí,2022
45,Sí,No,No,Sí,No,Sí,NA,NA,NA,NA,No,Sí,60,La mayor parte,NA,Sí,2022
20,Sí,No,Sí,No,No,Sí,NA,NA,Sí,No,NA,NA,20,La mayor parte,NA,Sí,2022
49,Sí,No,No,No,No,Sí,NA,NA,NA,NA,NA,NA,30,La mayor parte,NA,No,2022
36,No,No,No,No,No,Sí,NA,NA,NA,NA,NA,NA,30,La mayor parte,NA,No,2022
51,No,No,No,No,No,No,NA,NA,NA,NA,NA,NA,0,NA,Falta de interés/gusto,No,2022
19,Sí,Sí,No,No,No,Sí,No,Sí,NA,NA,NA,NA,30,La mayor parte,NA,Sí,2022
43,Sí,No,No,No,No,Sí,NA,NA,NA,NA,NA,NA,20,Toda,NA,Sí,2022
69,No,No,No,No,No,No,NA,NA,NA,NA,NA,NA,0,NA,Falta de tiempo,No,2022
41,No,No,No,No,No,Sí,NA,NA,NA,NA,NA,NA,30,La mayor parte,NA,No,2022
71,Sí,No,No,No,No,No,NA,NA,NA,NA,NA,NA,0,NA,Falta de tiempo,No,2022
53,No,No,Sí,Sí,No,No,NA,NA,No,Sí,No,Sí,20,La mayor parte,NA,Sí,2022
53,No,No,Sí,Sí,No,No,NA,NA,No,Sí,No,Sí,20,La mayor parte,NA,Sí,2022
70,No,No,No,No,No,No,NA,NA,NA,NA,NA,NA,0,NA,Problemas de salud,No recuerda,2022
29,No,No,No,No,No,No,NA,NA,NA,NA,NA,NA,0,NA,Falta de dinero,Sí,2022
36,No,No,No,Sí,No,No,NA,NA,NA,NA,No,Sí,30,La mayor parte,NA,Sí,2022
43,No,No,Sí,Sí,No,Sí,NA,NA,No,Sí,No,Sí,30,La mayor parte,NA,Sí,2022
55,No,No,No,Sí,No,No,NA,NA,NA,NA,No,Sí,20,La mayor parte,NA,No,2022
36,Sí,Sí,Sí,Sí,No,No,No,Sí,No,Sí,No,Sí,30,Toda,NA,Sí,2022
51,Sí,No,No,No,No,Sí,NA,NA,NA,NA,NA,NA,60,La mayor parte,NA,Sí,2022
80,No,No,No,No,No,No,NA,NA,NA,NA,NA,NA,0,NA,Prefiere otras actividades,No,2022
69,Sí,Sí,Sí,Sí,No,No,No,Sí,No,Sí,No,Sí,120,La mayor parte,NA,No,2022
79,No,No,No,Sí,No,No,NA,NA,NA,NA,No,Sí,20,La mitad,NA,Sí,2022
28,Sí,Sí,Sí,Sí,No,Sí,No,Sí,No,Sí,No,Sí,10,La mayor parte,NA,Sí,2022
65,Sí,No,No,No,No,No,NA,NA,NA,NA,NA,NA,0,NA,Falta de tiempo,No,2022
64,No,No,No,No,No,No,NA,NA,NA,NA,NA,NA,0,NA,Falta de interés/gusto,No,2022
49,Sí,No,No,No,No,Sí,NA,NA,NA,NA,NA,NA,60,Toda,NA,Sí,2022
58,No,No,No,No,No,No,NA,NA,NA,NA,NA,NA,0,NA,Falta de interés/gusto,No,2022
38,Sí,No,No,Sí,No,No,NA,NA,NA,NA,No,Sí,10,La mitad,NA,Sí,2022
35,Sí,Sí,No,Sí,No,Sí,No,Sí,NA,NA,No,Sí,60,La mayor parte,NA,No recuerda,2022
66,Sí,No,No,Sí,No,No,NA,NA,NA,NA,No,Sí,20,La mitad,NA,No,2022
62,No,No,No,No,No,No,NA,NA,NA,NA,NA,NA,0,NA,Falta de tiempo,No,2022
70,NA,NA,NA,NA,NA,NA,NA,NA,NA,NA,NA,NA,0,NA,NA,NA,2022
34,Sí,Sí,Sí,No,No,Sí,Sí,No,No,Sí,NA,NA,120,Toda,NA,No,2022
40,Sí,No,Sí,No,No,Sí,NA,NA,Sí,No,NA,NA,10,La mitad,NA,No,2022
89,Sí,No,No,Sí,No,No,NA,NA,NA,NA,No,Sí,10,La mitad,NA,No,2022
27,Sí,Sí,No,No,No,No,No,Sí,NA,NA,NA,NA,60,Toda,NA,Sí,2022
36,No,No,No,No,No,No,NA,NA,NA,NA,NA,NA,0,NA,Falta de interés/gusto,No,2022
41,Sí,Sí,No,No,No,No,No,Sí,NA,NA,NA,NA,30,La mayor parte,NA,No,2022
25,Sí,No,No,No,No,No,NA,NA,NA,NA,NA,NA,0,NA,Falta de tiempo,Sí,2022
51,Sí,No,Sí,Sí,No,Sí,NA,NA,No,Sí,No,Sí,10,La mayor parte,NA,No,2022
27,Sí,Sí,No,No,No,No,No,Sí,NA,NA,NA,NA,60,La mayor parte,NA,No,2022
36,Sí,Sí,No,No,No,Sí,No,Sí,NA,NA,NA,NA,120,La mitad,NA,Sí,2022
73,NA,NA,NA,NA,NA,NA,NA,NA,NA,NA,NA,NA,0,NA,NA,NA,2022
41,No,No,No,No,No,No,NA,NA,NA,NA,NA,NA,0,NA,Falta de dinero,No,2022
54,Sí,No,No,No,No,No,NA,NA,NA,NA,NA,NA,0,NA,Falta de tiempo,No,2022
34,Sí,Sí,Sí,No,Sí,Sí,No,Sí,Sí,No,NA,NA,20,La mitad,NA,No,2022
37,Sí,No,No,Sí,No,No,NA,NA,NA,NA,No,Sí,10,La mayor parte,NA,Sí,2022
52,NA,NA,NA,NA,NA,NA,NA,NA,NA,NA,NA,NA,0,NA,NA,NA,2022
43,Sí,Sí,No,No,No,Sí,No,Sí,NA,NA,NA,NA,90,La mayor parte,NA,Sí,2022
62,Sí,Sí,No,Sí,No,Sí,No,Sí,NA,NA,No,Sí,30,La mayor parte,NA,Sí,2022
69,Sí,Sí,Sí,Sí,No,Sí,No,Sí,No,Sí,No,Sí,120,Toda,NA,Sí,2022
55,Sí,Sí,Sí,Sí,No,Sí,No,Sí,No,Sí,No,Sí,20,La mayor parte,NA,Sí,2022
50,No,No,No,No,No,No,NA,NA,NA,NA,NA,NA,0,NA,Falta de tiempo,No,2022
59,Sí,Sí,No,No,No,No,No,Sí,NA,NA,NA,NA,30,La mayor parte,NA,No,2022
57,Sí,No,No,No,No,No,NA,NA,NA,NA,NA,NA,0,NA,Falta de interés/gusto,No,2022
33,No,Sí,No,No,No,No,No,Sí,NA,NA,NA,NA,30,La mitad,NA,No,2022
58,Sí,Sí,No,No,No,No,No,Sí,NA,NA,NA,NA,10,Toda,NA,Sí,2022
24,No,No,No,No,No,No,NA,NA,NA,NA,NA,NA,0,NA,Falta de interés/gusto,No,2022
71,No,No,No,No,No,No,NA,NA,NA,NA,NA,NA,0,NA,Falta de interés/gusto,No,2022
97,No,No,No,No,No,No,NA,NA,NA,NA,NA,NA,0,NA,Problemas de salud,No recuerda,2022
49,Sí,Sí,No,No,No,Sí,No,Sí,NA,NA,NA,NA,30,La mayor parte,NA,Sí,2022
77,Sí,No,No,No,No,Sí,NA,NA,NA,NA,NA,NA,10,La mayor parte,NA,No recuerda,2022
33,No,Sí,Sí,No,No,Sí,No,Sí,No,Sí,NA,NA,30,La mitad,NA,No,2022
48,Sí,Sí,No,No,No,Sí,No,Sí,NA,NA,NA,NA,60,Toda,NA,Sí,2022
59,No,No,No,No,No,No,NA,NA,NA,NA,NA,NA,0,NA,Falta de interés/gusto,No,2022
25,Sí,Sí,No,No,No,Sí,No,Sí,NA,NA,NA,NA,20,La mayor parte,NA,Sí,2022
86,Sí,Sí,No,No,No,No,No,Sí,NA,NA,NA,NA,30,La mayor parte,NA,No,2022
40,Sí,Sí,No,Sí,No,Sí,Sí,Sí,NA,NA,Sí,No,180,La mayor parte,NA,Sí,2022
52,Sí,Sí,Sí,No,No,Sí,No,Sí,No,Sí,NA,NA,20,Poca,NA,Sí,2022
27,Sí,Sí,No,No,No,Sí,No,Sí,NA,NA,NA,NA,70,Toda,NA,Sí,2022
69,Sí,Sí,No,Sí,No,No,No,Sí,NA,NA,No,Sí,60,La mayor parte,NA,Sí,2022
48,No,No,Sí,Sí,No,Sí,NA,NA,Sí,Sí,No,Sí,30,Toda,NA,Sí,2022
50,No,No,Sí,No,No,No,NA,NA,No,Sí,NA,NA,25,La mayor parte,NA,Sí,2022
31,Sí,No,Sí,Sí,No,No,NA,NA,No,Sí,No,Sí,20,Toda,NA,Sí,2022
24,Sí,Sí,No,No,No,Sí,No,Sí,NA,NA,NA,NA,120,La mayor parte,NA,Sí,2022
29,Sí,Sí,Sí,No,No,Sí,No,Sí,Sí,No,NA,NA,60,Toda,NA,Sí,2022
31,Sí,Sí,No,No,No,Sí,No,Sí,NA,NA,NA,NA,60,Toda,NA,Sí,2022
74,Sí,Sí,No,Sí,No,No,No,Sí,NA,NA,No,Sí,30,La mayor parte,NA,Sí,2022
37,Sí,Sí,No,No,No,No,No,Sí,NA,NA,NA,NA,45,La mayor parte,NA,Sí,2022
63,No,No,No,No,No,No,NA,NA,NA,NA,NA,NA,0,NA,Falta de interés/gusto,Sí,2022
68,No,No,No,No,No,No,NA,NA,NA,NA,NA,NA,0,NA,Prefiere otras actividades,Sí,2022
81,Sí,No,No,Sí,No,No,NA,NA,NA,NA,No,Sí,20,La mayor parte,NA,No recuerda,2022
29,Sí,No,No,No,No,Sí,NA,NA,NA,NA,NA,NA,20,La mayor parte,NA,Sí,2022
53,Sí,Sí,Sí,Sí,No,No,No,Sí,No,Sí,No,Sí,60,Toda,NA,Sí,2022
22,Sí,Sí,No,No,No,No,No,Sí,NA,NA,NA,NA,45,Toda,NA,Sí,2022
18,Sí,Sí,No,No,Sí,Sí,Sí,No,NA,NA,NA,NA,10,La mayor parte,NA,Sí,2022
79,No,No,No,No,No,No,NA,NA,NA,NA,NA,NA,0,NA,Problemas de salud,No,2022
27,Sí,Sí,No,Sí,No,Sí,No,Sí,NA,NA,No,Sí,20,La mayor parte,NA,No,2022
56,Sí,No,Sí,Sí,No,No,NA,NA,No,Sí,No,Sí,20,Toda,NA,Sí,2022
46,Sí,No,No,Sí,No,No,NA,NA,NA,NA,No,Sí,30,La mayor parte,NA,Sí,2022
33,Sí,No,No,No,No,Sí,NA,NA,NA,NA,NA,NA,30,La mayor parte,NA,Sí,2022
46,No,No,No,Sí,No,Sí,NA,NA,NA,NA,No,Sí,20,Toda,NA,Sí,2022
22,Sí,Sí,No,No,No,Sí,No,Sí,NA,NA,NA,NA,50,La mayor parte,NA,Sí,2022
61,No,No,No,No,No,No,NA,NA,NA,NA,NA,NA,0,NA,Falta de interés/gusto,No,2022
62,Sí,Sí,No,No,No,Sí,No,Sí,NA,NA,NA,NA,40,Toda,NA,Sí,2022
75,Sí,Sí,No,Sí,No,No,No,Sí,NA,NA,No,Sí,20,La mayor parte,NA,Sí,2022
62,Sí,Sí,No,No,No,Sí,Sí,No,NA,NA,NA,NA,180,Toda,NA,Sí,2022
89,Sí,Sí,No,No,No,No,No,Sí,NA,NA,NA,NA,30,Toda,NA,No recuerda,2022
19,Sí,No,No,Sí,No,Sí,NA,NA,NA,NA,Sí,No,40,Toda,NA,Sí,2022
25,Sí,Sí,No,No,No,Sí,No,Sí,NA,NA,NA,NA,160,La mayor parte,NA,Sí,2022
42,Sí,No,Sí,Sí,No,No,NA,NA,No,Sí,No,Sí,30,La mayor parte,NA,Sí,2022
69,Sí,Sí,Sí,Sí,Sí,Sí,No,Sí,No,Sí,No,Sí,50,Toda,NA,Sí,2022
90,NA,NA,NA,NA,NA,NA,NA,NA,NA,NA,NA,NA,0,NA,NA,NA,2022
35,Sí,Sí,No,Sí,No,No,No,Sí,NA,NA,No,Sí,40,La mayor parte,NA,Sí,2022
79,Sí,Sí,Sí,No,No,No,No,Sí,No,Sí,NA,NA,25,Toda,NA,No recuerda,2022
44,Sí,Sí,No,Sí,No,Sí,No,Sí,NA,NA,No,Sí,50,Toda,NA,Sí,2022
38,Sí,No,Sí,Sí,No,Sí,NA,NA,Sí,No,Sí,No,15,Toda,NA,Sí,2022
35,Sí,No,Sí,Sí,No,No,NA,NA,No,Sí,No,Sí,30,Poca,NA,No,2022
28,Sí,No,No,Sí,No,Sí,NA,NA,NA,NA,Sí,No,30,La mayor parte,NA,Sí,2022
25,Sí,Sí,No,No,No,Sí,No,Sí,NA,NA,NA,NA,180,La mayor parte,NA,Sí,2022
31,Sí,No,Sí,Sí,No,Sí,NA,NA,No,Sí,No,Sí,30,Toda,NA,Sí,2022
62,Sí,Sí,No,No,No,No,No,Sí,NA,NA,NA,NA,60,La mitad,NA,Sí,2022
79,No,No,No,No,No,No,NA,NA,NA,NA,NA,NA,0,NA,Problemas de salud,No,2022
28,No,No,No,No,No,No,NA,NA,NA,NA,NA,NA,0,NA,Falta de tiempo,Sí,2022
68,Sí,Sí,No,No,No,No,No,Sí,NA,NA,NA,NA,20,La mayor parte,NA,No recuerda,2022
42,No,No,No,No,No,No,NA,NA,NA,NA,NA,NA,0,NA,Falta de interés/gusto,No,2022
82,Sí,Sí,No,No,No,No,No,Sí,NA,NA,NA,NA,60,La mitad,NA,No recuerda,2022
43,Sí,Sí,No,No,Sí,Sí,No,Sí,NA,NA,NA,NA,30,La mayor parte,NA,No,2022
21,No,Sí,No,No,Sí,Sí,Sí,No,NA,NA,NA,NA,30,La mayor parte,NA,Sí,2022
40,Sí,Sí,No,No,No,Sí,No,Sí,NA,NA,NA,NA,30,La mayor parte,NA,Sí,2022
53,No,No,No,No,No,No,NA,NA,NA,NA,NA,NA,0,NA,Falta de tiempo,No recuerda,2022
58,No,No,No,Sí,No,Sí,NA,NA,NA,NA,No,Sí,40,Toda,NA,Sí,2022
33,No,No,No,No,Sí,Sí,NA,NA,NA,NA,NA,NA,10,Poca,NA,Sí,2022
24,Sí,Sí,Sí,No,No,Sí,Sí,Sí,Sí,No,NA,NA,60,La mayor parte,NA,Sí,2022
40,Sí,No,No,No,Sí,Sí,NA,NA,NA,NA,NA,NA,10,La mayor parte,NA,Sí,2022
37,No,No,No,Sí,No,Sí,NA,NA,NA,NA,Sí,No,10,Toda,NA,No,2022
30,No,No,No,No,No,Sí,NA,NA,NA,NA,NA,NA,60,La mayor parte,NA,Sí,2022
35,Sí,Sí,No,No,No,Sí,No,Sí,NA,NA,NA,NA,10,La mayor parte,NA,Sí,2022
39,No,No,No,No,No,Sí,NA,NA,NA,NA,NA,NA,60,Toda,NA,Sí,2022
29,No,No,Sí,Sí,Sí,Sí,NA,NA,No,Sí,No,Sí,15,Poca,NA,Sí,2022
55,Sí,Sí,No,No,No,Sí,Sí,Sí,NA,NA,NA,NA,120,Toda,NA,Sí,2022
29,No,No,No,No,No,Sí,NA,NA,NA,NA,NA,NA,15,Toda,NA,Sí,2022
27,Sí,Sí,No,Sí,No,Sí,No,Sí,NA,NA,No,Sí,30,La mayor parte,NA,Sí,2022
49,Sí,Sí,Sí,No,Sí,Sí,Sí,No,Sí,No,NA,NA,30,La mitad,NA,Sí,2022
26,Sí,Sí,Sí,No,Sí,Sí,Sí,No,No,Sí,NA,NA,60,Toda,NA,Sí,2022
27,Sí,No,Sí,No,No,Sí,NA,NA,Sí,No,NA,NA,10,La mitad,NA,Sí,2022
28,Sí,Sí,No,No,No,Sí,Sí,No,NA,NA,NA,NA,60,La mayor parte,NA,Sí,2022
25,Sí,Sí,No,No,Sí,Sí,No,Sí,NA,NA,NA,NA,30,Toda,NA,Sí,2022
64,Sí,Sí,Sí,No,No,Sí,No,Sí,No,Sí,NA,NA,60,La mayor parte,NA,No,2022
40,Sí,Sí,No,Sí,Sí,Sí,No,Sí,NA,NA,No,Sí,20,La mayor parte,NA,Sí,2022
71,No,No,Sí,No,No,No,NA,NA,No,Sí,NA,NA,60,La mayor parte,NA,Sí,2022
29,No,Sí,No,Sí,No,Sí,No,Sí,NA,NA,No,Sí,30,La mayor parte,NA,Sí,2022
53,Sí,No,No,Sí,No,No,NA,NA,NA,NA,No,Sí,60,La mitad,NA,No,2022
27,No,No,Sí,No,Sí,No,NA,NA,Sí,No,NA,NA,15,La mitad,NA,Sí,2022
56,No,No,No,No,No,No,NA,NA,NA,NA,NA,NA,0,NA,Falta de interés/gusto,No recuerda,2022
46,Sí,Sí,No,No,Sí,Sí,Sí,No,NA,NA,NA,NA,30,La mitad,NA,Sí,2022
26,Sí,Sí,No,Sí,Sí,Sí,No,Sí,NA,NA,No,Sí,5,La mayor parte,NA,No,2022
66,NA,NA,NA,NA,NA,NA,NA,NA,NA,NA,NA,NA,0,NA,NA,NA,2022
42,Sí,Sí,Sí,Sí,No,Sí,No,Sí,Sí,No,Sí,No,35,Toda,NA,Sí,2022
68,Sí,Sí,Sí,No,No,No,No,Sí,No,Sí,NA,NA,60,La mayor parte,NA,Sí,2022
35,No,Sí,No,No,No,Sí,No,Sí,NA,NA,NA,NA,30,Toda,NA,Sí,2022
66,Sí,Sí,Sí,No,Sí,No,No,Sí,No,Sí,NA,NA,30,La mayor parte,NA,No,2022
46,Sí,No,No,No,No,Sí,NA,NA,NA,NA,NA,NA,30,La mayor parte,NA,Sí,2022
22,Sí,Sí,No,No,No,Sí,Sí,No,NA,NA,NA,NA,60,La mayor parte,NA,Sí,2022
47,Sí,Sí,No,No,No,No,Sí,No,NA,NA,NA,NA,60,La mayor parte,NA,No,2022
65,Sí,No,Sí,Sí,No,No,NA,NA,No,Sí,No,Sí,60,Toda,NA,No,2022
61,Sí,Sí,Sí,No,No,No,No,Sí,No,Sí,NA,NA,30,Poca,NA,No,2022
68,No,No,No,No,No,No,NA,NA,NA,NA,NA,NA,0,NA,Falta de interés/gusto,No,2022
30,Sí,Sí,Sí,No,No,Sí,Sí,No,Sí,No,NA,NA,60,La mayor parte,NA,Sí,2022
44,Sí,Sí,Sí,No,Sí,Sí,No,Sí,Sí,No,NA,NA,120,La mayor parte,NA,Sí,2022
68,Sí,Sí,Sí,Sí,No,Sí,Sí,No,Sí,No,Sí,No,30,La mayor parte,NA,No,2022
50,Sí,Sí,No,Sí,No,No,No,Sí,NA,NA,No,Sí,10,La mitad,NA,Sí,2022
30,Sí,Sí,Sí,No,Sí,Sí,Sí,No,No,Sí,NA,NA,60,La mayor parte,NA,Sí,2022
41,Sí,Sí,Sí,No,No,Sí,Sí,Sí,Sí,No,NA,NA,60,La mayor parte,NA,Sí,2022
32,No,No,No,No,No,No,NA,NA,NA,NA,NA,NA,0,NA,Falta de tiempo,No,2022
32,Sí,No,No,No,No,No,NA,NA,NA,NA,NA,NA,0,NA,Falta de tiempo,No,2022
58,No,No,No,No,No,No,NA,NA,NA,NA,NA,NA,0,NA,Falta de interés/gusto,No,2022
37,Sí,Sí,Sí,No,No,No,Sí,No,No,Sí,NA,NA,60,Toda,NA,Sí,2022
68,No,No,No,No,No,No,NA,NA,NA,NA,NA,NA,0,NA,Falta de interés/gusto,No,2022
46,Sí,Sí,Sí,No,Sí,No,No,Sí,No,Sí,NA,NA,30,Poca,NA,Sí,2022
47,No,No,No,No,No,No,NA,NA,NA,NA,NA,NA,0,NA,Falta de tiempo,Sí,2022
81,Sí,Sí,Sí,No,No,No,No,Sí,No,Sí,NA,NA,30,La mayor parte,NA,No,2022
41,No,No,No,No,No,No,NA,NA,NA,NA,NA,NA,0,NA,Falta de interés/gusto,Sí,2022
70,Sí,Sí,No,No,No,No,No,Sí,NA,NA,NA,NA,20,Toda,NA,No,2022
28,No,No,No,No,No,No,NA,NA,NA,NA,NA,NA,0,NA,Falta de tiempo,No,2022
51,No,No,No,Sí,Sí,Sí,NA,NA,NA,NA,No,Sí,30,Toda,NA,Sí,2022
60,Sí,Sí,No,Sí,No,No,No,Sí,NA,NA,No,Sí,30,Poca,NA,No,2022
42,No,No,No,No,No,No,NA,NA,NA,NA,NA,NA,0,NA,Falta de tiempo,Sí,2022
37,No,No,No,No,No,No,NA,NA,NA,NA,NA,NA,0,NA,Falta de interés/gusto,No,2022
65,Sí,Sí,No,No,No,No,No,Sí,NA,NA,NA,NA,60,Toda,NA,Sí,2022
54,Sí,Sí,No,No,No,No,No,Sí,NA,NA,NA,NA,45,La mayor parte,NA,Sí,2022
87,No,No,No,No,No,No,NA,NA,NA,NA,NA,NA,0,NA,Problemas de salud,No,2022
65,No,No,Sí,No,No,No,NA,NA,No,Sí,NA,NA,20,Toda,NA,No,2022
29,No,No,No,No,No,No,NA,NA,NA,NA,NA,NA,0,NA,Falta de tiempo,Sí,2023
53,No,No,No,Sí,No,No,NA,NA,NA,NA,No,Sí,10,La mitad,NA,Sí,2023
65,No,No,No,No,No,No,NA,NA,NA,NA,NA,NA,0,NA,Falta de interés/gusto,Sí,2023
44,No,No,No,No,No,No,NA,NA,NA,NA,NA,NA,0,NA,Prefiere otras actividades,Sí,2023
52,No,No,No,No,No,Sí,NA,NA,NA,NA,NA,NA,20,La mayor parte,NA,Sí,2023
36,No,No,No,No,No,No,NA,NA,NA,NA,NA,NA,0,NA,Falta de tiempo,Sí,2023
74,Sí,Sí,No,No,No,No,No,Sí,NA,NA,NA,NA,30,La mayor parte,NA,Sí,2023
53,No,No,No,No,No,Sí,NA,NA,NA,NA,NA,NA,15,La mayor parte,NA,Sí,2023
23,Sí,Sí,No,No,No,Sí,No,Sí,NA,NA,NA,NA,30,La mayor parte,NA,Sí,2023
57,No,No,No,No,No,No,NA,NA,NA,NA,NA,NA,0,NA,Prefiere otras actividades,No,2023
53,No,No,No,No,No,No,NA,NA,NA,NA,NA,NA,0,NA,Falta de tiempo,Sí,2023
36,No,No,No,No,No,Sí,NA,NA,NA,NA,NA,NA,20,La mayor parte,NA,Sí,2023
40,Sí,Sí,No,Sí,No,Sí,Sí,Sí,NA,NA,No,Sí,60,La mayor parte,NA,Sí,2023
22,Sí,Sí,No,No,No,Sí,No,Sí,NA,NA,NA,NA,20,La mayor parte,NA,Sí,2023
22,Sí,Sí,No,No,No,Sí,Sí,Sí,NA,NA,NA,NA,30,La mayor parte,NA,Sí,2023
39,No,No,No,No,No,No,NA,NA,NA,NA,NA,NA,0,NA,Falta de tiempo,Sí,2023
28,Sí,Sí,No,No,No,Sí,No,Sí,NA,NA,NA,NA,30,La mayor parte,NA,Sí,2023
40,Sí,No,No,Sí,No,No,NA,NA,NA,NA,No,Sí,30,La mayor parte,NA,Sí,2023
58,No,No,No,No,No,No,NA,NA,NA,NA,NA,NA,0,NA,Falta de tiempo,No recuerda,2023
55,Sí,Sí,No,No,No,No,No,Sí,NA,NA,NA,NA,60,La mayor parte,NA,Sí,2023
30,Sí,Sí,No,No,No,Sí,No,Sí,NA,NA,NA,NA,20,La mayor parte,NA,Sí,2023
38,No,Sí,No,Sí,No,No,No,Sí,NA,NA,No,Sí,10,La mayor parte,NA,No,2023
54,No,No,No,No,No,No,NA,NA,NA,NA,NA,NA,0,NA,Prefiere otras actividades,Sí,2023
47,No,No,No,Sí,No,Sí,NA,NA,NA,NA,No,Sí,30,La mayor parte,NA,Sí,2023
39,Sí,Sí,No,No,No,Sí,Sí,Sí,NA,NA,NA,NA,60,La mayor parte,NA,Sí,2023
40,No,No,No,No,No,No,NA,NA,NA,NA,NA,NA,0,NA,Falta de interés/gusto,Sí,2023
56,No,No,No,No,No,No,NA,NA,NA,NA,NA,NA,0,NA,Prefiere otras actividades,Sí,2023
27,No,No,No,No,No,Sí,NA,NA,NA,NA,NA,NA,30,La mayor parte,NA,Sí,2023
56,No,No,No,No,No,No,NA,NA,NA,NA,NA,NA,0,NA,Prefiere otras actividades,No,2023
77,No,No,No,No,No,No,NA,NA,NA,NA,NA,NA,0,NA,Problemas de salud,Sí,2023
30,No,No,No,No,No,Sí,NA,NA,NA,NA,NA,NA,15,La mayor parte,NA,Sí,2023
49,No,No,No,No,No,No,NA,NA,NA,NA,NA,NA,0,NA,Falta de tiempo,Sí,2023
30,No,No,No,No,No,Sí,NA,NA,NA,NA,NA,NA,10,La mayor parte,NA,Sí,2023
57,No,No,No,No,No,No,NA,NA,NA,NA,NA,NA,0,NA,Falta de tiempo,Sí,2023
60,No,No,No,Sí,No,No,NA,NA,NA,NA,No,Sí,20,La mayor parte,NA,Sí,2023
43,No,No,No,No,No,No,NA,NA,NA,NA,NA,NA,0,NA,Falta de tiempo,Sí,2023
37,No,No,No,No,No,No,NA,NA,NA,NA,NA,NA,0,NA,Falta de tiempo,Sí,2023
58,No,No,No,No,No,No,NA,NA,NA,NA,NA,NA,0,NA,Falta de tiempo,No,2023
51,No,No,No,No,No,No,NA,NA,NA,NA,NA,NA,0,NA,Prefiere otras actividades,Sí,2023
38,No,No,No,No,No,Sí,NA,NA,NA,NA,NA,NA,20,La mayor parte,NA,Sí,2023
50,No,No,No,No,No,No,NA,NA,NA,NA,NA,NA,0,NA,Falta de interés/gusto,No,2023
35,No,No,No,No,No,No,NA,NA,NA,NA,NA,NA,0,NA,Falta de dinero,Sí,2023
36,Sí,Sí,No,No,No,Sí,No,Sí,NA,NA,NA,NA,20,La mayor parte,NA,Sí,2023
55,Sí,Sí,No,Sí,No,Sí,Sí,Sí,NA,NA,No,Sí,30,La mayor parte,NA,Sí,2023
52,Sí,Sí,No,No,No,Sí,No,Sí,NA,NA,NA,NA,15,La mayor parte,NA,Sí,2023
39,No,No,No,No,No,Sí,NA,NA,NA,NA,NA,NA,20,La mayor parte,NA,Sí,2023
24,No,No,No,No,No,Sí,NA,NA,NA,NA,NA,NA,15,La mayor parte,NA,No recuerda,2023
36,No,No,No,No,No,No,NA,NA,NA,NA,NA,NA,0,NA,Falta de tiempo,Sí,2023
39,No,No,No,No,No,No,NA,NA,NA,NA,NA,NA,0,NA,Falta de interés/gusto,No recuerda,2023
35,Sí,No,No,Sí,No,Sí,NA,NA,NA,NA,No,Sí,20,Toda,NA,Sí,2023
59,Sí,No,No,Sí,No,No,NA,NA,NA,NA,No,Sí,15,Toda,NA,No,2023
29,Sí,No,No,No,No,Sí,NA,NA,NA,NA,NA,NA,30,Toda,NA,Sí,2023
20,Sí,Sí,Sí,No,No,Sí,Sí,No,Sí,No,NA,NA,60,La mayor parte,NA,Sí,2023
26,Sí,Sí,No,No,No,Sí,Sí,No,NA,NA,NA,NA,40,Toda,NA,No recuerda,2023
52,No,No,No,No,No,No,NA,NA,NA,NA,NA,NA,0,NA,Falta de interés/gusto,No recuerda,2023
23,No,No,No,No,No,Sí,NA,NA,NA,NA,NA,NA,15,La mayor parte,NA,No recuerda,2023
22,Sí,Sí,Sí,No,Sí,Sí,No,Sí,No,Sí,NA,NA,30,La mayor parte,NA,Sí,2023
39,Sí,No,No,No,No,No,NA,NA,NA,NA,NA,NA,0,NA,Falta de tiempo,No,2023
46,No,No,No,No,No,No,NA,NA,NA,NA,NA,NA,0,NA,Falta de tiempo,No,2023
49,Sí,No,No,No,No,No,NA,NA,NA,NA,NA,NA,0,NA,Falta de tiempo,No,2023
25,No,No,No,No,No,No,NA,NA,NA,NA,NA,NA,0,NA,Falta de tiempo,Sí,2023
59,Sí,No,No,No,No,No,NA,NA,NA,NA,NA,NA,0,NA,Falta de tiempo,No,2023
51,No,No,No,No,No,No,NA,NA,NA,NA,NA,NA,0,NA,Falta de tiempo,No,2023
24,No,No,No,No,No,No,NA,NA,NA,NA,NA,NA,0,NA,Falta de tiempo,No,2023
25,No,No,No,No,No,Sí,NA,NA,NA,NA,NA,NA,30,La mayor parte,NA,No,2023
64,Sí,Sí,Sí,No,No,No,Sí,No,No,Sí,NA,NA,30,La mayor parte,NA,Sí,2023
40,Sí,Sí,No,Sí,No,Sí,Sí,No,NA,NA,No,Sí,15,Toda,NA,Sí,2023
59,No,No,No,No,No,No,NA,NA,NA,NA,NA,NA,0,NA,Falta de interés/gusto,No,2023
28,Sí,Sí,No,No,Sí,No,No,Sí,NA,NA,NA,NA,60,La mayor parte,NA,Sí,2023
32,No,No,No,No,No,No,NA,NA,NA,NA,NA,NA,0,NA,Falta de interés/gusto,No recuerda,2023
38,No,No,No,No,No,Sí,NA,NA,NA,NA,NA,NA,20,Toda,NA,Sí,2023
73,Sí,No,Sí,No,Sí,No,NA,NA,No,Sí,NA,NA,15,Toda,NA,No,2023
46,Sí,No,Sí,Sí,No,No,NA,NA,No,Sí,No,Sí,15,La mayor parte,NA,Sí,2023
35,Sí,Sí,No,Sí,No,Sí,No,Sí,NA,NA,No,Sí,30,Toda,NA,Sí,2023
19,Sí,Sí,No,No,No,Sí,No,Sí,NA,NA,NA,NA,30,La mayor parte,NA,No recuerda,2023
45,Sí,Sí,Sí,No,No,Sí,Sí,No,Sí,No,NA,NA,40,Toda,NA,Sí,2023
77,No,No,No,No,No,No,NA,NA,NA,NA,NA,NA,0,NA,Falta de interés/gusto,No recuerda,2023
22,Sí,Sí,No,No,Sí,No,No,Sí,NA,NA,NA,NA,120,La mitad,NA,No,2023
29,Sí,No,No,Sí,Sí,Sí,NA,NA,NA,NA,Sí,No,60,La mayor parte,NA,No,2023
22,No,No,No,No,No,No,NA,NA,NA,NA,NA,NA,0,NA,Falta de interés/gusto,No,2023
26,No,No,No,No,No,Sí,NA,NA,NA,NA,NA,NA,15,La mayor parte,NA,No recuerda,2023
53,Sí,No,No,Sí,No,Sí,NA,NA,NA,NA,No,Sí,15,Toda,NA,No,2023
36,Sí,No,Sí,Sí,No,Sí,NA,NA,No,Sí,No,Sí,20,La mitad,NA,No,2023
64,Sí,No,Sí,No,No,No,NA,NA,No,Sí,NA,NA,40,Toda,NA,Sí,2023
38,Sí,No,Sí,Sí,Sí,Sí,NA,NA,No,Sí,No,Sí,20,La mayor parte,NA,No,2023
29,No,No,No,No,No,Sí,NA,NA,NA,NA,NA,NA,25,La mayor parte,NA,No recuerda,2023
30,No,No,Sí,No,Sí,Sí,NA,NA,Sí,No,NA,NA,40,La mayor parte,NA,Sí,2023
50,Sí,No,No,No,No,Sí,NA,NA,NA,NA,NA,NA,30,Toda,NA,Sí,2023
43,Sí,No,Sí,No,No,Sí,NA,NA,No,Sí,NA,NA,60,Toda,NA,Sí,2023
47,No,No,No,No,No,No,NA,NA,NA,NA,NA,NA,0,NA,Falta de tiempo,Sí,2023
63,NA,NA,NA,NA,NA,NA,NA,NA,NA,NA,NA,NA,0,NA,NA,NA,2023
62,Sí,No,No,No,No,No,NA,NA,NA,NA,NA,NA,0,NA,Problemas de salud,No,2023
22,Sí,Sí,Sí,No,No,Sí,No,Sí,Sí,No,NA,NA,30,Toda,NA,Sí,2023
70,Sí,Sí,Sí,No,No,No,No,Sí,No,Sí,NA,NA,90,Toda,NA,No,2023
44,Sí,Sí,No,No,No,No,No,Sí,NA,NA,NA,NA,20,La mayor parte,NA,Sí,2023
82,No,No,No,No,No,No,NA,NA,NA,NA,NA,NA,0,NA,Problemas de salud,No,2023
26,Sí,Sí,Sí,No,No,Sí,Sí,Sí,Sí,No,NA,NA,15,La mayor parte,NA,Sí,2023
58,No,No,No,No,No,No,NA,NA,NA,NA,NA,NA,0,NA,Falta de interés/gusto,No,2023
44,No,No,No,No,No,No,NA,NA,NA,NA,NA,NA,0,NA,Falta de interés/gusto,No,2023
44,No,No,No,No,No,Sí,NA,NA,NA,NA,NA,NA,25,La mayor parte,NA,Sí,2023
48,Sí,No,No,No,No,No,NA,NA,NA,NA,NA,NA,0,NA,Prefiere otras actividades,Sí,2023
42,Sí,Sí,Sí,No,No,No,Sí,No,No,Sí,NA,NA,20,La mitad,NA,No,2023
37,Sí,Sí,No,No,No,No,No,Sí,NA,NA,NA,NA,10,La mayor parte,NA,Sí,2023
51,Sí,Sí,No,No,No,No,Sí,No,NA,NA,NA,NA,30,La mayor parte,NA,Sí,2023
38,No,No,Sí,No,No,No,NA,NA,No,Sí,NA,NA,20,La mayor parte,NA,No,2023
22,Sí,Sí,No,No,No,Sí,Sí,No,NA,NA,NA,NA,60,La mayor parte,NA,Sí,2023
77,Sí,Sí,No,No,No,No,No,Sí,NA,NA,NA,NA,30,La mayor parte,NA,No,2023
27,No,No,No,No,No,No,NA,NA,NA,NA,NA,NA,0,NA,Falta de interés/gusto,No,2023
26,No,No,No,No,No,No,NA,NA,NA,NA,NA,NA,0,NA,Falta de interés/gusto,No,2023
47,Sí,Sí,No,No,No,Sí,No,Sí,NA,NA,NA,NA,60,Toda,NA,Sí,2023
48,No,No,No,No,No,No,NA,NA,NA,NA,NA,NA,0,NA,Falta de tiempo,No,2023
22,Sí,Sí,No,No,No,No,No,Sí,NA,NA,NA,NA,30,La mayor parte,NA,No,2023
75,No,No,No,No,No,No,NA,NA,NA,NA,NA,NA,0,NA,Problemas de salud,No,2023
57,No,No,No,No,No,No,NA,NA,NA,NA,NA,NA,0,NA,Problemas de salud,No,2023
38,Sí,No,No,No,No,Sí,NA,NA,NA,NA,NA,NA,35,La mayor parte,NA,No,2023
35,No,No,No,No,No,No,NA,NA,NA,NA,NA,NA,0,NA,Falta de interés/gusto,Sí,2023
82,NA,NA,NA,NA,NA,NA,NA,NA,NA,NA,NA,NA,0,NA,NA,NA,2023
46,No,No,No,No,No,No,NA,NA,NA,NA,NA,NA,0,NA,Falta de interés/gusto,No,2023
24,Sí,Sí,No,No,No,Sí,Sí,Sí,NA,NA,NA,NA,30,La mayor parte,NA,Sí,2023
31,Sí,Sí,Sí,No,No,No,No,Sí,No,Sí,NA,NA,20,La mayor parte,NA,Sí,2023
29,Sí,Sí,No,No,No,Sí,Sí,No,NA,NA,NA,NA,90,La mayor parte,NA,Sí,2023
42,Sí,No,No,No,No,No,NA,NA,NA,NA,NA,NA,0,NA,Prefiere otras actividades,Sí,2023
29,Sí,Sí,No,No,No,Sí,No,Sí,NA,NA,NA,NA,40,La mayor parte,NA,Sí,2023
62,No,No,No,No,No,No,NA,NA,NA,NA,NA,NA,0,NA,Problemas de salud,No,2023
37,Sí,Sí,No,Sí,No,No,No,Sí,NA,NA,Sí,No,20,La mayor parte,NA,Sí,2023
30,Sí,Sí,No,No,No,Sí,Sí,No,NA,NA,NA,NA,35,La mayor parte,NA,Sí,2023
48,Sí,Sí,No,No,No,No,No,Sí,NA,NA,NA,NA,60,Toda,NA,Sí,2023
63,Sí,Sí,No,No,No,No,No,Sí,NA,NA,NA,NA,30,La mayor parte,NA,Sí,2023
66,No,No,No,Sí,No,No,NA,NA,NA,NA,No,Sí,30,La mayor parte,NA,No,2023
45,No,No,No,No,No,No,NA,NA,NA,NA,NA,NA,0,NA,Falta de interés/gusto,No,2023
28,Sí,Sí,No,Sí,No,Sí,No,Sí,NA,NA,No,Sí,30,La mayor parte,NA,Sí,2023
36,Sí,Sí,No,No,No,Sí,No,Sí,NA,NA,NA,NA,30,La mitad,NA,Sí,2023
19,No,No,Sí,Sí,No,Sí,NA,NA,No,Sí,No,Sí,5,La mitad,NA,No,2023
62,Sí,Sí,No,No,No,Sí,No,Sí,NA,NA,NA,NA,30,Poca,NA,Sí,2023
37,Sí,Sí,Sí,No,No,Sí,Sí,No,No,Sí,NA,NA,15,La mayor parte,NA,Sí,2023
30,Sí,Sí,No,No,Sí,Sí,Sí,No,NA,NA,NA,NA,300,La mayor parte,NA,Sí,2023
30,No,No,No,No,No,Sí,NA,NA,NA,NA,NA,NA,30,Toda,NA,Sí,2023
62,Sí,Sí,No,No,No,No,No,Sí,NA,NA,NA,NA,60,La mitad,NA,Sí,2023
41,Sí,Sí,Sí,No,No,Sí,Sí,Sí,No,Sí,NA,NA,60,La mayor parte,NA,Sí,2023
36,Sí,Sí,Sí,Sí,Sí,Sí,No,Sí,Sí,No,No,Sí,60,La mayor parte,NA,Sí,2023
67,Sí,No,No,No,No,Sí,NA,NA,NA,NA,NA,NA,30,La mayor parte,NA,No,2023
41,Sí,No,No,No,No,Sí,NA,NA,NA,NA,NA,NA,60,La mayor parte,NA,No recuerda,2023
65,Sí,Sí,No,No,No,Sí,No,Sí,NA,NA,NA,NA,60,La mayor parte,NA,Sí,2023
32,No,No,No,No,No,Sí,NA,NA,NA,NA,NA,NA,5,La mayor parte,NA,No,2023
33,Sí,No,Sí,No,No,No,NA,NA,No,Sí,NA,NA,5,La mitad,NA,No,2023
32,Sí,No,No,No,No,Sí,NA,NA,NA,NA,NA,NA,180,Toda,NA,Sí,2023
49,No,No,No,No,No,Sí,NA,NA,NA,NA,NA,NA,30,Toda,NA,Sí,2023
28,Sí,Sí,Sí,No,No,Sí,No,Sí,No,Sí,NA,NA,30,Toda,NA,Sí,2023
55,Sí,Sí,No,Sí,No,Sí,No,Sí,NA,NA,Sí,No,120,La mayor parte,NA,No recuerda,2023
79,Sí,No,No,Sí,No,No,NA,NA,NA,NA,No,Sí,10,Poca,NA,No,2023
41,Sí,Sí,No,No,No,Sí,Sí,No,NA,NA,NA,NA,30,Poca,NA,Sí,2023
57,Sí,Sí,No,No,No,Sí,No,Sí,NA,NA,NA,NA,10,La mayor parte,NA,Sí,2023
50,Sí,No,Sí,No,No,No,NA,NA,No,Sí,NA,NA,15,Toda,NA,Sí,2023
32,Sí,Sí,No,No,No,No,No,Sí,NA,NA,NA,NA,30,La mayor parte,NA,Sí,2023
31,Sí,Sí,Sí,No,Sí,Sí,No,Sí,Sí,No,NA,NA,45,La mayor parte,NA,Sí,2023
83,Sí,No,No,Sí,No,No,NA,NA,NA,NA,No,Sí,60,Toda,NA,Sí,2023
55,Sí,Sí,Sí,No,No,No,No,Sí,No,Sí,NA,NA,60,La mayor parte,NA,Sí,2023
31,Sí,Sí,No,Sí,No,Sí,Sí,No,NA,NA,No,Sí,60,Toda,NA,Sí,2023
52,Sí,Sí,No,No,No,No,Sí,No,NA,NA,NA,NA,15,La mayor parte,NA,Sí,2023
62,No,No,No,Sí,No,No,NA,NA,NA,NA,No,Sí,30,Poca,NA,Sí,2023
32,Sí,Sí,No,Sí,No,Sí,Sí,No,NA,NA,No,Sí,30,La mayor parte,NA,Sí,2023
23,No,No,No,No,No,No,NA,NA,NA,NA,NA,NA,0,NA,Falta de interés/gusto,Sí,2023
45,Sí,Sí,Sí,Sí,No,Sí,Sí,No,No,Sí,No,Sí,25,La mitad,NA,Sí,2023
62,No,No,No,No,No,No,NA,NA,NA,NA,NA,NA,0,NA,Falta de interés/gusto,No,2023
26,No,No,No,No,No,No,NA,NA,NA,NA,NA,NA,0,NA,Falta de tiempo,No,2023
50,Sí,Sí,No,No,No,No,No,Sí,NA,NA,NA,NA,30,La mayor parte,NA,No,2023
38,No,No,No,No,No,Sí,NA,NA,NA,NA,NA,NA,60,Poca,NA,No,2023
41,No,No,No,No,No,No,NA,NA,NA,NA,NA,NA,0,NA,Falta de tiempo,No,2023
43,Sí,Sí,Sí,Sí,No,No,No,Sí,No,Sí,No,Sí,20,La mayor parte,NA,Sí,2023
22,Sí,Sí,No,No,No,No,No,Sí,NA,NA,NA,NA,30,La mayor parte,NA,Sí,2023
40,No,No,No,No,No,Sí,NA,NA,NA,NA,NA,NA,20,La mitad,NA,No,2023
31,Sí,No,No,No,No,Sí,NA,NA,NA,NA,NA,NA,120,La mayor parte,NA,Sí,2023
43,Sí,Sí,Sí,Sí,Sí,Sí,Sí,No,Sí,No,Sí,No,60,La mayor parte,NA,Sí,2023
70,Sí,Sí,No,No,No,No,No,Sí,NA,NA,NA,NA,10,Poca,NA,No,2023
52,No,No,No,No,No,No,NA,NA,NA,NA,NA,NA,0,NA,Problemas de salud,Sí,2023
88,Sí,Sí,No,No,No,No,No,Sí,NA,NA,NA,NA,10,La mitad,NA,No,2023
30,Sí,Sí,Sí,No,No,Sí,No,Sí,No,Sí,NA,NA,30,La mitad,NA,Sí,2023
20,Sí,No,Sí,No,No,Sí,NA,NA,Sí,No,NA,NA,10,La mitad,NA,Sí,2023
35,No,No,No,No,No,Sí,NA,NA,NA,NA,NA,NA,15,Poca,NA,No,2023
39,No,No,No,No,No,Sí,NA,NA,NA,NA,NA,NA,60,La mitad,NA,Sí,2023
42,Sí,No,Sí,Sí,Sí,No,NA,NA,No,Sí,No,Sí,15,La mayor parte,NA,Sí,2023
20,No,No,No,No,Sí,Sí,NA,NA,NA,NA,NA,NA,30,Poca,NA,No,2023
62,Sí,Sí,Sí,Sí,No,No,No,Sí,No,Sí,No,Sí,45,La mayor parte,NA,Sí,2023
48,Sí,Sí,No,No,No,No,No,Sí,NA,NA,NA,NA,30,La mayor parte,NA,No,2023
65,Sí,No,Sí,Sí,No,No,NA,NA,No,Sí,No,Sí,60,La mayor parte,NA,Sí,2023
56,Sí,Sí,Sí,Sí,No,Sí,Sí,No,Sí,No,No,Sí,40,Toda,NA,Sí,2023
63,No,No,No,No,No,No,NA,NA,NA,NA,NA,NA,0,NA,Falta de tiempo,No,2023
51,Sí,Sí,No,No,No,Sí,No,Sí,NA,NA,NA,NA,30,La mitad,NA,No recuerda,2023
38,Sí,Sí,No,No,No,No,Sí,No,NA,NA,NA,NA,30,La mayor parte,NA,No,2023
30,No,No,No,No,No,Sí,NA,NA,NA,NA,NA,NA,10,La mayor parte,NA,No,2023
65,Sí,No,Sí,No,No,Sí,NA,NA,No,Sí,NA,NA,300,Toda,NA,Sí,2023
43,Sí,Sí,Sí,No,No,Sí,No,Sí,Sí,No,NA,NA,5,La mayor parte,NA,Sí,2023
60,Sí,Sí,Sí,Sí,No,Sí,Sí,Sí,No,Sí,Sí,No,45,Toda,NA,Sí,2023
41,No,No,No,No,No,No,NA,NA,NA,NA,NA,NA,0,NA,Falta de tiempo,Sí,2023
71,Sí,Sí,No,No,No,No,No,Sí,NA,NA,NA,NA,45,La mayor parte,NA,Sí,2023
28,Sí,No,Sí,No,No,No,NA,NA,No,Sí,NA,NA,15,Toda,NA,Sí,2023
46,Sí,No,Sí,No,No,Sí,NA,NA,No,Sí,NA,NA,20,La mitad,NA,Sí,2023
22,No,No,No,No,No,No,NA,NA,NA,NA,NA,NA,0,NA,Falta de interés/gusto,No,2023
57,Sí,Sí,No,No,No,No,No,Sí,NA,NA,NA,NA,30,Poca,NA,No,2023
74,No,Sí,Sí,No,No,No,No,Sí,No,Sí,NA,NA,20,La mitad,NA,Sí,2023
30,No,No,No,No,No,No,NA,NA,NA,NA,NA,NA,0,NA,Falta de tiempo,No,2023
50,Sí,Sí,Sí,No,No,Sí,No,Sí,No,Sí,NA,NA,60,Toda,NA,No,2023
19,Sí,Sí,Sí,No,Sí,Sí,No,Sí,Sí,No,NA,NA,30,La mayor parte,NA,Sí,2023
75,Sí,Sí,No,No,No,No,No,Sí,NA,NA,NA,NA,30,Poca,NA,No,2023
76,NA,NA,NA,NA,NA,NA,NA,NA,NA,NA,NA,NA,0,NA,NA,NA,2023
71,Sí,No,Sí,No,No,No,NA,NA,No,Sí,NA,NA,30,Toda,NA,No,2023
30,Sí,Sí,No,Sí,No,Sí,No,Sí,NA,NA,No,Sí,20,La mitad,NA,Sí,2023
67,Sí,Sí,No,No,No,No,Sí,No,NA,NA,NA,NA,20,La mayor parte,NA,Sí,2023
55,Sí,No,Sí,Sí,No,No,NA,NA,No,Sí,No,Sí,30,La mitad,NA,No,2023
67,No,No,No,No,No,No,NA,NA,NA,NA,NA,NA,0,NA,Problemas de salud,Sí,2023
67,No,No,No,No,No,No,NA,NA,NA,NA,NA,NA,0,NA,Problemas de salud,No,2023
31,No,No,No,No,No,No,NA,NA,NA,NA,NA,NA,0,NA,Falta de interés/gusto,No,2023
65,NA,NA,NA,NA,NA,NA,NA,NA,NA,NA,NA,NA,0,NA,NA,NA,2023
78,No,No,No,No,No,No,NA,NA,NA,NA,NA,NA,0,NA,Problemas de salud,No recuerda,2023
35,No,No,No,No,No,No,NA,NA,NA,NA,NA,NA,0,NA,Prefiere otras actividades,No,2023
18,Sí,No,No,No,No,Sí,NA,NA,NA,NA,NA,NA,120,Toda,NA,Sí,2023
41,Sí,Sí,No,No,No,Sí,No,Sí,NA,NA,NA,NA,60,Toda,NA,Sí,2023
53,No,No,No,No,No,No,NA,NA,NA,NA,NA,NA,0,NA,Problemas de salud,No recuerda,2023
74,NA,NA,NA,NA,NA,NA,NA,NA,NA,NA,NA,NA,0,NA,NA,NA,2023
37,Sí,Sí,Sí,No,No,Sí,Sí,No,No,Sí,NA,NA,90,La mayor parte,NA,Sí,2023
36,Sí,Sí,Sí,No,No,Sí,Sí,No,No,Sí,NA,NA,120,Toda,NA,Sí,2023
29,No,No,No,No,No,No,NA,NA,NA,NA,NA,NA,0,NA,Falta de interés/gusto,No,2023
37,No,No,No,No,No,No,NA,NA,NA,NA,NA,NA,0,NA,Falta de interés/gusto,No,2023
54,No,No,No,No,No,No,NA,NA,NA,NA,NA,NA,0,NA,Falta de interés/gusto,Sí,2023
20,No,No,No,No,No,No,NA,NA,NA,NA,NA,NA,0,NA,Falta de interés/gusto,No,2023
20,No,No,No,No,No,No,NA,NA,NA,NA,NA,NA,0,NA,Falta de tiempo,Sí,2023
76,No,No,No,No,No,No,NA,NA,NA,NA,NA,NA,0,NA,Falta de tiempo,No,2023
40,Sí,No,No,No,No,Sí,NA,NA,NA,NA,NA,NA,90,La mayor parte,NA,No,2023
45,No,No,No,No,No,No,NA,NA,NA,NA,NA,NA,0,NA,Prefiere otras actividades,No recuerda,2023
35,Sí,Sí,No,No,No,Sí,No,Sí,NA,NA,NA,NA,40,La mayor parte,NA,Sí,2023
43,No,No,No,No,No,No,NA,NA,NA,NA,NA,NA,0,NA,Falta de interés/gusto,No,2023
43,NA,NA,NA,NA,NA,NA,NA,NA,NA,NA,NA,NA,0,NA,NA,NA,2023
27,No,No,No,No,No,Sí,NA,NA,NA,NA,NA,NA,60,La mayor parte,NA,Sí,2023
37,Sí,Sí,No,No,Sí,Sí,No,Sí,NA,NA,NA,NA,60,Toda,NA,Sí,2023
62,Sí,Sí,No,No,No,Sí,No,Sí,NA,NA,NA,NA,90,La mayor parte,NA,Sí,2023
49,No,No,No,No,No,No,NA,NA,NA,NA,NA,NA,0,NA,Falta de tiempo,No,2023
65,No,No,No,No,No,No,NA,NA,NA,NA,NA,NA,0,NA,Problemas de salud,No,2023
45,No,No,No,No,No,No,NA,NA,NA,NA,NA,NA,0,NA,Falta de tiempo,No,2023
27,Sí,No,Sí,No,No,Sí,NA,NA,No,Sí,NA,NA,30,La mitad,NA,No,2023
69,No,No,No,No,No,No,NA,NA,NA,NA,NA,NA,0,NA,Problemas de salud,Sí,2023
60,No,No,No,No,No,No,NA,NA,NA,NA,NA,NA,0,NA,Prefiere otras actividades,Sí,2023
52,Sí,Sí,No,No,No,No,No,Sí,NA,NA,NA,NA,120,Toda,NA,Sí,2023
68,Sí,Sí,No,Sí,No,Sí,No,Sí,NA,NA,No,Sí,60,La mayor parte,NA,No,2023
40,No,No,No,No,No,No,NA,NA,NA,NA,NA,NA,0,NA,Falta de tiempo,No,2023
20,No,Sí,No,No,No,No,No,Sí,NA,NA,NA,NA,40,La mayor parte,NA,No,2023
59,No,No,No,No,No,No,NA,NA,NA,NA,NA,NA,0,NA,Falta de interés/gusto,No,2023
43,No,No,No,No,No,No,NA,NA,NA,NA,NA,NA,0,NA,Falta de tiempo,No,2023
27,No,No,No,No,No,Sí,NA,NA,NA,NA,NA,NA,60,La mayor parte,NA,No,2023
57,NA,NA,NA,NA,NA,NA,NA,NA,NA,NA,NA,NA,0,NA,NA,NA,2023
65,No,No,No,No,No,No,NA,NA,NA,NA,NA,NA,0,NA,Prefiere otras actividades,No,2023
51,Sí,No,Sí,No,No,No,NA,NA,No,Sí,NA,NA,40,La mayor parte,NA,No,2023
87,NA,NA,NA,NA,NA,NA,NA,NA,NA,NA,NA,NA,0,NA,NA,NA,2023
63,No,No,No,No,No,No,NA,NA,NA,NA,NA,NA,0,NA,Prefiere otras actividades,Sí,2023
59,Sí,Sí,No,No,No,No,No,Sí,NA,NA,NA,NA,30,La mayor parte,NA,No,2023
24,No,No,No,No,No,Sí,NA,NA,NA,NA,NA,NA,15,La mayor parte,NA,Sí,2023
45,No,No,No,No,No,Sí,NA,NA,NA,NA,NA,NA,5,Poca,NA,No,2023
40,Sí,Sí,No,No,No,Sí,No,Sí,NA,NA,NA,NA,30,La mayor parte,NA,Sí,2023
38,Sí,Sí,No,No,No,Sí,No,Sí,NA,NA,NA,NA,20,La mayor parte,NA,Sí,2023
20,Sí,Sí,No,Sí,No,Sí,Sí,Sí,NA,NA,No,Sí,120,La mayor parte,NA,Sí,2023
53,No,No,No,No,No,No,NA,NA,NA,NA,NA,NA,0,NA,Falta de interés/gusto,No,2023
37,Sí,Sí,Sí,No,No,Sí,Sí,Sí,No,Sí,NA,NA,30,La mitad,NA,Sí,2023
81,Sí,Sí,No,No,No,No,No,Sí,NA,NA,NA,NA,120,Toda,NA,No,2023
42,Sí,Sí,No,No,No,No,No,Sí,NA,NA,NA,NA,30,La mayor parte,NA,No,2023
29,No,Sí,No,No,No,Sí,Sí,No,NA,NA,NA,NA,30,La mayor parte,NA,Sí,2023
80,Sí,Sí,No,No,No,No,No,Sí,NA,NA,NA,NA,20,La mitad,NA,No,2023
20,Sí,Sí,No,No,No,No,No,Sí,NA,NA,NA,NA,30,Toda,NA,Sí,2023
29,No,No,No,No,No,No,NA,NA,NA,NA,NA,NA,0,NA,Falta de interés/gusto,Sí,2023
46,Sí,Sí,No,No,No,No,Sí,Sí,NA,NA,NA,NA,60,La mayor parte,NA,No,2023
29,Sí,No,Sí,No,Sí,Sí,NA,NA,Sí,No,NA,NA,30,La mayor parte,NA,Sí,2023
52,Sí,Sí,No,No,No,No,Sí,No,NA,NA,NA,NA,30,Toda,NA,Sí,2023
73,No,No,No,No,No,No,NA,NA,NA,NA,NA,NA,0,NA,Problemas de salud,No,2023
68,Sí,Sí,Sí,No,No,Sí,No,Sí,No,Sí,NA,NA,15,La mitad,NA,No,2023
52,No,No,No,No,No,No,NA,NA,NA,NA,NA,NA,0,NA,Falta de tiempo,No,2023
77,Sí,Sí,No,No,No,No,No,Sí,NA,NA,NA,NA,180,La mayor parte,NA,No,2023
51,Sí,Sí,Sí,No,No,Sí,Sí,Sí,Sí,No,NA,NA,20,Toda,NA,Sí,2023
60,No,No,No,Sí,No,No,NA,NA,NA,NA,No,Sí,5,La mayor parte,NA,Sí,2023
32,Sí,Sí,Sí,No,No,Sí,Sí,No,No,Sí,NA,NA,30,Toda,NA,Sí,2023
24,No,No,No,No,No,Sí,NA,NA,NA,NA,NA,NA,15,La mitad,NA,No,2023
78,Sí,No,No,No,No,No,NA,NA,NA,NA,NA,NA,0,NA,Problemas de salud,Sí,2023
83,No,No,No,No,No,No,NA,NA,NA,NA,NA,NA,0,NA,Problemas de salud,No,2023
30,Sí,Sí,No,No,No,Sí,No,Sí,NA,NA,NA,NA,30,La mitad,NA,Sí,2023
64,Sí,Sí,No,No,No,No,No,Sí,NA,NA,NA,NA,30,Toda,NA,Sí,2023
33,Sí,Sí,Sí,No,No,Sí,Sí,Sí,No,Sí,NA,NA,60,Toda,NA,Sí,2023
37,No,No,No,No,No,No,NA,NA,NA,NA,NA,NA,0,NA,Falta de tiempo,Sí,2023
61,No,Sí,No,No,No,No,No,Sí,NA,NA,NA,NA,10,Toda,NA,Sí,2023
26,Sí,Sí,Sí,No,Sí,Sí,Sí,No,No,Sí,NA,NA,60,La mitad,NA,Sí,2023
57,Sí,Sí,No,No,No,No,No,Sí,NA,NA,NA,NA,20,La mayor parte,NA,Sí,2023
65,NA,NA,NA,NA,NA,NA,NA,NA,NA,NA,NA,NA,0,NA,NA,NA,2023
57,Sí,Sí,Sí,No,No,Sí,No,Sí,No,Sí,NA,NA,60,La mayor parte,NA,Sí,2023
64,No,Sí,Sí,No,No,No,No,Sí,No,Sí,NA,NA,30,La mitad,NA,No,2023
35,No,No,No,No,No,No,NA,NA,NA,NA,NA,NA,0,NA,Falta de interés/gusto,Sí,2023
29,Sí,No,Sí,Sí,No,No,NA,NA,No,Sí,No,Sí,15,La mitad,NA,Sí,2023
21,Sí,Sí,Sí,No,No,Sí,No,Sí,No,Sí,NA,NA,30,La mayor parte,NA,Sí,2023
33,No,No,No,No,No,No,NA,NA,NA,NA,NA,NA,0,NA,Falta de interés/gusto,No,2023
38,Sí,Sí,No,No,No,Sí,No,Sí,NA,NA,NA,NA,30,Toda,NA,No,2023
47,Sí,Sí,No,No,No,No,No,Sí,NA,NA,NA,NA,20,La mayor parte,NA,No,2023
51,Sí,Sí,Sí,No,No,No,No,Sí,No,Sí,NA,NA,20,La mitad,NA,No,2023
48,Sí,Sí,No,No,No,Sí,Sí,Sí,NA,NA,NA,NA,20,La mayor parte,NA,Sí,2023
66,No,No,No,No,No,No,NA,NA,NA,NA,NA,NA,0,NA,Falta de tiempo,Sí,2023
45,Sí,Sí,No,No,No,No,No,Sí,NA,NA,NA,NA,20,Poca,NA,No,2023
79,No,No,No,No,No,No,NA,NA,NA,NA,NA,NA,0,NA,Problemas de salud,No recuerda,2023
50,No,No,No,No,No,No,NA,NA,NA,NA,NA,NA,0,NA,Falta de interés/gusto,No,2023
40,No,No,No,No,No,No,NA,NA,NA,NA,NA,NA,0,NA,Falta de interés/gusto,Sí,2023
33,No,No,No,No,No,No,NA,NA,NA,NA,NA,NA,0,NA,Prefiere otras actividades,Sí,2023
54,No,No,No,No,No,No,NA,NA,NA,NA,NA,NA,0,NA,Falta de interés/gusto,No,2023
18,No,No,No,No,No,No,NA,NA,NA,NA,NA,NA,0,NA,Falta de tiempo,Sí,2023
20,No,No,No,No,No,No,NA,NA,NA,NA,NA,NA,0,NA,Falta de interés/gusto,No,2023
31,Sí,Sí,No,No,No,No,Sí,No,NA,NA,NA,NA,60,La mayor parte,NA,No,2023
26,Sí,No,No,No,No,No,NA,NA,NA,NA,NA,NA,0,NA,Falta de interés/gusto,No recuerda,2023
42,Sí,Sí,No,No,No,No,Sí,No,NA,NA,NA,NA,30,Toda,NA,No,2023
42,Sí,Sí,Sí,Sí,Sí,No,No,Sí,No,Sí,No,Sí,20,La mayor parte,NA,Sí,2023
35,No,No,No,No,No,No,NA,NA,NA,NA,NA,NA,0,NA,Falta de interés/gusto,No,2023
84,No,No,No,No,No,No,NA,NA,NA,NA,NA,NA,0,NA,Problemas de salud,No,2023
70,Sí,Sí,No,Sí,No,No,No,Sí,NA,NA,No,Sí,30,Toda,NA,Sí,2023
68,No,No,No,No,No,No,NA,NA,NA,NA,NA,NA,0,NA,Falta de interés/gusto,No,2023
46,No,No,No,No,No,No,NA,NA,NA,NA,NA,NA,0,NA,Falta de tiempo,Sí,2023
25,No,No,No,No,No,No,NA,NA,NA,NA,NA,NA,0,NA,Falta de tiempo,Sí,2023
23,Sí,Sí,No,No,No,No,No,Sí,NA,NA,NA,NA,42,Toda,NA,Sí,2023
20,Sí,Sí,No,No,Sí,Sí,No,Sí,NA,NA,NA,NA,60,La mayor parte,NA,Sí,2023
57,No,No,No,No,No,No,NA,NA,NA,NA,NA,NA,0,NA,Falta de interés/gusto,Sí,2023
32,Sí,No,No,No,Sí,Sí,NA,NA,NA,NA,NA,NA,20,Toda,NA,Sí,2023
75,No,No,No,No,No,No,NA,NA,NA,NA,NA,NA,0,NA,Problemas de salud,No,2023
49,No,No,No,No,No,No,NA,NA,NA,NA,NA,NA,0,NA,Falta de interés/gusto,No,2023
52,Sí,Sí,Sí,Sí,No,No,No,Sí,No,Sí,No,Sí,20,Toda,NA,Sí,2023
19,Sí,Sí,No,No,No,Sí,Sí,No,NA,NA,NA,NA,60,La mayor parte,NA,Sí,2023
47,No,No,No,No,No,No,NA,NA,NA,NA,NA,NA,0,NA,Falta de tiempo,Sí,2023
64,No,No,No,No,No,No,NA,NA,NA,NA,NA,NA,0,NA,Falta de interés/gusto,No,2023
50,No,No,No,No,No,No,NA,NA,NA,NA,NA,NA,0,NA,Falta de interés/gusto,No,2023
19,Sí,Sí,No,No,Sí,No,No,Sí,NA,NA,NA,NA,30,La mayor parte,NA,No recuerda,2023
45,Sí,Sí,No,Sí,No,Sí,Sí,No,NA,NA,Sí,No,120,Toda,NA,Sí,2023
60,Sí,Sí,No,No,No,No,No,Sí,NA,NA,NA,NA,30,Toda,NA,Sí,2023
76,Sí,Sí,No,No,No,No,No,Sí,NA,NA,NA,NA,30,La mayor parte,NA,Sí,2023
56,Sí,Sí,No,No,No,No,No,Sí,NA,NA,NA,NA,40,Toda,NA,Sí,2023
31,No,No,No,No,No,No,NA,NA,NA,NA,NA,NA,0,NA,Falta de interés/gusto,Sí,2023
23,Sí,No,Sí,No,Sí,Sí,NA,NA,Sí,No,NA,NA,20,La mayor parte,NA,Sí,2023
61,Sí,Sí,No,No,No,No,No,Sí,NA,NA,NA,NA,20,La mitad,NA,No,2023
30,Sí,No,No,Sí,No,No,NA,NA,NA,NA,Sí,No,20,La mayor parte,NA,Sí,2023
41,No,No,No,No,No,No,NA,NA,NA,NA,NA,NA,0,NA,Prefiere otras actividades,No,2023
66,Sí,Sí,No,No,No,No,No,Sí,NA,NA,NA,NA,60,Poca,NA,No,2023
54,Sí,Sí,No,No,No,No,No,Sí,NA,NA,NA,NA,20,La mayor parte,NA,No,2023
63,No,No,No,No,No,No,NA,NA,NA,NA,NA,NA,0,NA,Falta de tiempo,Sí,2023
69,No,No,No,No,No,No,NA,NA,NA,NA,NA,NA,0,NA,Problemas de salud,Sí,2023
40,No,No,No,No,No,No,NA,NA,NA,NA,NA,NA,0,NA,Falta de tiempo,No,2023
64,Sí,Sí,No,No,No,Sí,No,Sí,NA,NA,NA,NA,120,La mayor parte,NA,Sí,2023
50,No,No,No,No,No,No,NA,NA,NA,NA,NA,NA,0,NA,Falta de tiempo,Sí,2023
53,Sí,No,Sí,Sí,No,No,NA,NA,No,Sí,No,Sí,30,Toda,NA,No,2023
43,Sí,No,Sí,No,No,No,NA,NA,No,Sí,NA,NA,35,Toda,NA,Sí,2023
73,Sí,No,No,Sí,No,No,NA,NA,NA,NA,No,Sí,30,La mayor parte,NA,No,2023
41,No,No,No,No,No,No,NA,NA,NA,NA,NA,NA,0,NA,Falta de tiempo,No,2023
52,Sí,No,No,No,No,No,NA,NA,NA,NA,NA,NA,0,NA,Falta de tiempo,No,2023
32,Sí,Sí,No,No,No,No,No,Sí,NA,NA,NA,NA,60,La mayor parte,NA,Sí,2023
34,Sí,No,No,No,No,No,NA,NA,NA,NA,NA,NA,0,NA,Falta de tiempo,No,2023
40,No,No,No,No,No,No,NA,NA,NA,NA,NA,NA,0,NA,Falta de tiempo,Sí,2023
59,No,No,No,No,No,No,NA,NA,NA,NA,NA,NA,0,NA,Falta de interés/gusto,No,2023
63,No,No,No,No,No,No,NA,NA,NA,NA,NA,NA,0,NA,Prefiere otras actividades,No,2023
33,No,No,No,Sí,No,No,NA,NA,NA,NA,No,Sí,20,La mitad,NA,Sí,2023
49,No,No,No,No,No,No,NA,NA,NA,NA,NA,NA,0,NA,Falta de tiempo,Sí,2023
43,Sí,Sí,No,Sí,No,No,No,Sí,NA,NA,No,Sí,25,La mayor parte,NA,Sí,2023
31,No,No,No,Sí,No,No,NA,NA,NA,NA,No,Sí,20,La mitad,NA,No,2023
31,Sí,Sí,No,Sí,No,No,No,Sí,NA,NA,No,Sí,60,La mayor parte,NA,Sí,2023
61,No,No,No,No,No,No,NA,NA,NA,NA,NA,NA,0,NA,Falta de tiempo,No,2023
49,No,No,No,No,No,No,NA,NA,NA,NA,NA,NA,0,NA,Falta de tiempo,Sí,2023
41,No,No,No,No,No,Sí,NA,NA,NA,NA,NA,NA,30,La mitad,NA,No,2023
37,Sí,No,No,No,No,Sí,NA,NA,NA,NA,NA,NA,15,La mayor parte,NA,No,2023
37,Sí,No,Sí,No,No,Sí,NA,NA,No,Sí,NA,NA,30,La mitad,NA,No,2023
32,No,No,No,No,No,Sí,NA,NA,NA,NA,NA,NA,30,La mitad,NA,No,2023
74,No,No,No,No,No,No,NA,NA,NA,NA,NA,NA,0,NA,Otro,No,2023
20,Sí,Sí,No,No,No,Sí,No,Sí,NA,NA,NA,NA,60,La mayor parte,NA,Sí,2023
45,No,No,No,No,No,Sí,NA,NA,NA,NA,NA,NA,20,La mitad,NA,No,2023
47,No,No,No,No,No,No,NA,NA,NA,NA,NA,NA,0,NA,Falta de tiempo,No,2023
27,No,No,No,No,No,No,NA,NA,NA,NA,NA,NA,0,NA,Falta de tiempo,No recuerda,2023
54,Sí,Sí,No,Sí,No,Sí,Sí,Sí,NA,NA,Sí,Sí,35,Toda,NA,Sí,2023
47,Sí,No,No,Sí,No,Sí,NA,NA,NA,NA,No,Sí,120,Toda,NA,Sí,2023
43,No,No,No,No,No,No,NA,NA,NA,NA,NA,NA,0,NA,Falta de tiempo,No,2023
76,No,No,No,No,No,No,NA,NA,NA,NA,NA,NA,0,NA,Problemas de salud,No,2023
35,No,No,Sí,Sí,No,No,NA,NA,No,Sí,No,Sí,30,La mitad,NA,No,2023
77,No,No,No,No,No,No,NA,NA,NA,NA,NA,NA,0,NA,Falta de tiempo,No,2023
40,Sí,No,Sí,Sí,No,Sí,NA,NA,Sí,No,No,Sí,90,Toda,NA,Sí,2023
44,Sí,Sí,No,Sí,No,Sí,Sí,No,NA,NA,Sí,No,120,Toda,NA,Sí,2023
53,Sí,Sí,No,No,No,No,Sí,No,NA,NA,NA,NA,30,La mitad,NA,No,2023
45,No,No,No,No,No,No,NA,NA,NA,NA,NA,NA,0,NA,Falta de tiempo,No,2023
64,Sí,Sí,Sí,Sí,No,Sí,Sí,Sí,Sí,No,No,Sí,120,La mayor parte,NA,No,2023
31,Sí,Sí,No,Sí,No,Sí,No,Sí,NA,NA,Sí,No,15,La mayor parte,NA,Sí,2023
46,No,No,No,No,No,No,NA,NA,NA,NA,NA,NA,0,NA,Falta de tiempo,Sí,2023
69,Sí,Sí,No,No,No,No,No,Sí,NA,NA,NA,NA,35,La mitad,NA,Sí,2023
70,No,No,No,No,No,No,NA,NA,NA,NA,NA,NA,0,NA,Problemas de salud,Sí,2023
86,No,No,No,No,No,No,NA,NA,NA,NA,NA,NA,0,NA,Problemas de salud,Sí,2023
60,No,No,No,No,No,No,NA,NA,NA,NA,NA,NA,0,NA,Falta de interés/gusto,No,2023
61,No,No,No,No,No,No,NA,NA,NA,NA,NA,NA,0,NA,Falta de tiempo,No,2023
52,No,No,No,No,No,No,NA,NA,NA,NA,NA,NA,0,NA,Falta de tiempo,Sí,2023
37,Sí,Sí,No,No,No,Sí,Sí,No,NA,NA,NA,NA,20,La mayor parte,NA,Sí,2023
40,No,No,No,No,No,No,NA,NA,NA,NA,NA,NA,0,NA,Falta de tiempo,Sí,2023
19,Sí,Sí,No,No,No,Sí,Sí,No,NA,NA,NA,NA,60,Toda,NA,Sí,2023
49,No,No,No,No,No,No,NA,NA,NA,NA,NA,NA,0,NA,Falta de tiempo,No recuerda,2023
36,Sí,No,No,Sí,No,Sí,NA,NA,NA,NA,Sí,No,20,La mayor parte,NA,No recuerda,2023
25,Sí,No,Sí,No,No,Sí,NA,NA,No,Sí,NA,NA,45,Toda,NA,Sí,2023
91,No,No,No,No,No,No,NA,NA,NA,NA,NA,NA,0,NA,Problemas de salud,No,2023
57,No,No,No,No,No,No,NA,NA,NA,NA,NA,NA,0,NA,Falta de tiempo,No,2023
58,Sí,Sí,Sí,Sí,Sí,Sí,No,Sí,Sí,No,Sí,No,25,Toda,NA,Sí,2023
32,Sí,Sí,Sí,No,No,Sí,Sí,No,Sí,No,NA,NA,90,Toda,NA,Sí,2023
57,No,No,No,No,No,No,NA,NA,NA,NA,NA,NA,0,NA,Prefiere otras actividades,No,2023
58,Sí,Sí,No,No,No,No,No,Sí,NA,NA,NA,NA,30,La mayor parte,NA,Sí,2023
34,Sí,Sí,Sí,No,No,Sí,No,Sí,No,Sí,NA,NA,60,La mayor parte,NA,Sí,2023
43,Sí,No,No,No,No,Sí,NA,NA,NA,NA,NA,NA,60,La mayor parte,NA,Sí,2023
34,Sí,No,Sí,No,No,Sí,NA,NA,No,Sí,NA,NA,40,Toda,NA,Sí,2023
59,No,No,No,No,No,No,NA,NA,NA,NA,NA,NA,0,NA,Falta de interés/gusto,No,2023
44,Sí,No,Sí,No,No,No,NA,NA,No,Sí,NA,NA,60,Toda,NA,Sí,2023
31,Sí,Sí,No,No,No,Sí,Sí,No,NA,NA,NA,NA,120,Toda,NA,Sí,2023
34,Sí,No,Sí,No,No,Sí,NA,NA,No,Sí,NA,NA,30,La mayor parte,NA,Sí,2023
60,Sí,No,Sí,Sí,No,No,NA,NA,No,Sí,No,Sí,30,La mitad,NA,No,2023
47,Sí,No,No,No,No,No,NA,NA,NA,NA,NA,NA,0,NA,Falta de tiempo,No,2023
37,No,No,No,No,No,Sí,NA,NA,NA,NA,NA,NA,20,La mayor parte,NA,No,2023
73,Sí,Sí,No,Sí,No,No,No,Sí,NA,NA,No,Sí,90,Toda,NA,Sí,2023
75,No,No,No,No,No,No,NA,NA,NA,NA,NA,NA,0,NA,Problemas de salud,Sí,2023
68,Sí,No,Sí,No,No,No,NA,NA,No,Sí,NA,NA,40,Toda,NA,Sí,2023
87,No,No,No,No,No,No,NA,NA,NA,NA,NA,NA,0,NA,Falta de tiempo,Sí,2023
52,Sí,No,Sí,Sí,No,No,NA,NA,No,Sí,No,Sí,20,La mitad,NA,Sí,2023
47,Sí,Sí,No,Sí,No,No,No,Sí,NA,NA,No,Sí,25,La mayor parte,NA,Sí,2023
53,No,No,No,No,No,No,NA,NA,NA,NA,NA,NA,0,NA,Falta de tiempo,Sí,2023
52,No,No,No,Sí,No,No,NA,NA,NA,NA,No,Sí,10,La mayor parte,NA,Sí,2023
78,No,No,No,No,No,No,NA,NA,NA,NA,NA,NA,0,NA,Problemas de salud,No,2023
78,No,No,No,No,No,No,NA,NA,NA,NA,NA,NA,0,NA,Prefiere otras actividades,No,2023
49,Sí,No,No,Sí,No,Sí,NA,NA,NA,NA,No,Sí,30,La mitad,NA,No,2023
61,No,No,No,No,No,No,NA,NA,NA,NA,NA,NA,0,NA,Problemas de salud,No,2023
29,Sí,Sí,Sí,No,No,Sí,No,Sí,No,Sí,NA,NA,30,La mayor parte,NA,Sí,2023
54,No,No,No,No,No,Sí,NA,NA,NA,NA,NA,NA,20,La mayor parte,NA,No,2023
48,No,No,No,No,No,No,NA,NA,NA,NA,NA,NA,0,NA,Falta de tiempo,No,2023
24,No,No,Sí,No,No,Sí,NA,NA,No,Sí,NA,NA,30,La mayor parte,NA,Sí,2023
66,No,No,No,No,No,No,NA,NA,NA,NA,NA,NA,0,NA,Falta de tiempo,Sí,2023
37,No,No,No,No,No,No,NA,NA,NA,NA,NA,NA,0,NA,Falta de tiempo,No,2023
65,No,No,No,No,No,No,NA,NA,NA,NA,NA,NA,0,NA,Falta de tiempo,No,2023
34,No,No,No,Sí,No,No,NA,NA,NA,NA,No,Sí,20,La mayor parte,NA,Sí,2023
19,Sí,Sí,Sí,No,No,No,No,Sí,No,Sí,NA,NA,25,La mayor parte,NA,Sí,2023
83,No,No,No,No,No,No,NA,NA,NA,NA,NA,NA,0,NA,Problemas de salud,Sí,2023
58,No,Sí,No,No,No,No,No,Sí,NA,NA,NA,NA,30,La mayor parte,NA,Sí,2023
56,No,No,No,No,No,No,NA,NA,NA,NA,NA,NA,0,NA,Falta de tiempo,No,2023
60,No,No,No,No,No,No,NA,NA,NA,NA,NA,NA,0,NA,Falta de tiempo,No,2023
53,No,No,No,No,No,No,NA,NA,NA,NA,NA,NA,0,NA,Falta de tiempo,No,2023
45,No,No,No,No,No,No,NA,NA,NA,NA,NA,NA,0,NA,Falta de tiempo,No,2023
52,No,No,No,Sí,No,No,NA,NA,NA,NA,No,Sí,20,La mayor parte,NA,Sí,2023
37,Sí,Sí,Sí,Sí,No,Sí,No,Sí,No,Sí,No,Sí,30,La mayor parte,NA,Sí,2023
33,Sí,No,No,Sí,No,No,NA,NA,NA,NA,No,Sí,25,La mayor parte,NA,Sí,2023
80,Sí,No,No,Sí,No,No,NA,NA,NA,NA,No,Sí,30,La mayor parte,NA,Sí,2023
26,Sí,Sí,No,No,No,No,No,Sí,NA,NA,NA,NA,60,La mayor parte,NA,Sí,2023
67,Sí,No,No,No,No,No,NA,NA,NA,NA,NA,NA,0,NA,Falta de tiempo,Sí,2023
34,No,No,No,Sí,No,No,NA,NA,NA,NA,No,Sí,15,La mayor parte,NA,Sí,2023
68,No,No,No,Sí,No,No,NA,NA,NA,NA,No,Sí,25,La mayor parte,NA,Sí,2023
31,No,No,No,No,No,No,NA,NA,NA,NA,NA,NA,0,NA,Falta de tiempo,Sí,2023
59,No,No,No,No,No,No,NA,NA,NA,NA,NA,NA,0,NA,Falta de tiempo,Sí,2023
24,No,No,No,No,No,Sí,NA,NA,NA,NA,NA,NA,10,La mayor parte,NA,No,2023
58,Sí,Sí,No,No,No,Sí,No,Sí,NA,NA,NA,NA,20,Toda,NA,Sí,2023
32,Sí,Sí,No,No,No,Sí,No,Sí,NA,NA,NA,NA,30,Toda,NA,Sí,2023
30,Sí,No,Sí,No,No,Sí,NA,NA,No,Sí,NA,NA,30,La mayor parte,NA,Sí,2023
54,No,No,No,No,No,Sí,NA,NA,NA,NA,NA,NA,20,La mayor parte,NA,Sí,2023
66,No,No,No,No,No,No,NA,NA,NA,NA,NA,NA,0,NA,Problemas de salud,No,2023
65,No,No,No,Sí,No,No,NA,NA,NA,NA,No,Sí,20,La mitad,NA,No,2023
43,No,No,No,No,No,Sí,NA,NA,NA,NA,NA,NA,15,La mayor parte,NA,No,2023
25,No,No,No,No,No,No,NA,NA,NA,NA,NA,NA,0,NA,Falta de interés/gusto,No,2023
52,No,No,No,No,No,No,NA,NA,NA,NA,NA,NA,0,NA,Falta de tiempo,No,2023
31,No,No,No,No,No,No,NA,NA,NA,NA,NA,NA,0,NA,Falta de tiempo,No,2023
36,Sí,Sí,No,Sí,No,No,Sí,No,NA,NA,No,Sí,20,La mayor parte,NA,Sí,2023
33,Sí,Sí,Sí,Sí,No,No,No,Sí,No,Sí,No,Sí,60,La mayor parte,NA,Sí,2023
65,Sí,Sí,No,Sí,No,No,No,Sí,NA,NA,No,Sí,30,La mayor parte,NA,Sí,2023
36,No,No,No,No,No,No,NA,NA,NA,NA,NA,NA,0,NA,Falta de tiempo,No,2023
54,No,No,No,No,No,No,NA,NA,NA,NA,NA,NA,0,NA,Falta de tiempo,Sí,2023
32,No,No,No,No,No,No,NA,NA,NA,NA,NA,NA,0,NA,Falta de tiempo,No,2023
32,Sí,No,Sí,No,No,Sí,NA,NA,No,Sí,NA,NA,40,Toda,NA,Sí,2023
42,Sí,No,Sí,No,No,No,NA,NA,No,Sí,NA,NA,60,Toda,NA,Sí,2023
36,Sí,Sí,Sí,Sí,No,Sí,No,Sí,No,Sí,No,Sí,90,Toda,NA,Sí,2023
30,Sí,No,Sí,No,No,Sí,NA,NA,No,Sí,NA,NA,45,Toda,NA,Sí,2023
58,No,No,No,No,No,No,NA,NA,NA,NA,NA,NA,0,NA,Falta de interés/gusto,No recuerda,2023
49,No,No,No,No,No,No,NA,NA,NA,NA,NA,NA,0,NA,Prefiere otras actividades,No,2023
62,No,No,No,No,No,No,NA,NA,NA,NA,NA,NA,0,NA,Prefiere otras actividades,No,2023
56,Sí,No,Sí,No,No,Sí,NA,NA,No,Sí,NA,NA,30,La mayor parte,NA,Sí,2023
24,No,No,No,No,No,Sí,NA,NA,NA,NA,NA,NA,10,La mayor parte,NA,No,2023
32,No,No,Sí,No,No,Sí,NA,NA,No,Sí,NA,NA,30,La mayor parte,NA,No,2023
19,Sí,Sí,No,Sí,No,No,No,Sí,NA,NA,No,Sí,120,La mayor parte,NA,Sí,2023
68,Sí,No,No,Sí,No,No,NA,NA,NA,NA,No,Sí,20,La mayor parte,NA,No,2023
81,No,No,No,No,No,No,NA,NA,NA,NA,NA,NA,0,NA,Problemas de salud,No,2023
32,Sí,Sí,No,Sí,No,No,No,Sí,NA,NA,Sí,No,30,La mayor parte,NA,Sí,2023
59,No,No,No,No,No,No,NA,NA,NA,NA,NA,NA,0,NA,Falta de interés/gusto,Sí,2023
40,Sí,Sí,No,Sí,No,No,No,Sí,NA,NA,No,Sí,30,La mayor parte,NA,Sí,2023
34,Sí,Sí,Sí,No,No,No,No,Sí,No,Sí,NA,NA,35,La mayor parte,NA,Sí,2023
58,No,No,No,No,No,No,NA,NA,NA,NA,NA,NA,0,NA,Prefiere otras actividades,Sí,2023
37,No,No,No,No,No,Sí,NA,NA,NA,NA,NA,NA,20,La mayor parte,NA,No recuerda,2023
60,No,No,No,No,No,Sí,NA,NA,NA,NA,NA,NA,15,Toda,NA,Sí,2023
25,Sí,No,No,Sí,No,Sí,NA,NA,NA,NA,Sí,No,30,La mayor parte,NA,No,2023
83,No,No,No,No,No,No,NA,NA,NA,NA,NA,NA,0,NA,Problemas de salud,Sí,2023
65,No,No,Sí,No,No,No,NA,NA,No,Sí,NA,NA,15,La mitad,NA,Sí,2023
59,No,No,Sí,No,No,No,NA,NA,No,Sí,NA,NA,20,La mitad,NA,Sí,2023
56,No,No,No,No,No,Sí,NA,NA,NA,NA,NA,NA,25,La mitad,NA,Sí,2023
27,No,No,No,No,No,Sí,NA,NA,NA,NA,NA,NA,15,La mayor parte,NA,Sí,2023
69,No,No,No,No,No,No,NA,NA,NA,NA,NA,NA,0,NA,Falta de tiempo,No recuerda,2023
48,Sí,No,Sí,No,No,No,NA,NA,No,Sí,NA,NA,60,Toda,NA,No,2023
62,Sí,Sí,No,Sí,No,No,No,Sí,NA,NA,No,Sí,30,La mayor parte,NA,No,2023
37,Sí,No,Sí,No,No,No,NA,NA,No,Sí,NA,NA,25,La mayor parte,NA,Sí,2023
22,Sí,No,Sí,No,No,Sí,NA,NA,No,Sí,NA,NA,45,La mayor parte,NA,Sí,2023
50,No,No,No,No,No,No,NA,NA,NA,NA,NA,NA,0,NA,Prefiere otras actividades,Sí,2023
24,No,No,No,No,No,No,NA,NA,NA,NA,NA,NA,0,NA,Falta de tiempo,Sí,2023
58,No,No,No,Sí,No,No,NA,NA,NA,NA,No,Sí,15,La mayor parte,NA,Sí,2023
69,No,No,No,No,No,No,NA,NA,NA,NA,NA,NA,0,NA,Prefiere otras actividades,Sí,2023
27,Sí,No,Sí,No,No,No,NA,NA,No,Sí,NA,NA,20,La mayor parte,NA,No,2023
42,Sí,No,No,Sí,No,No,NA,NA,NA,NA,No,Sí,25,La mayor parte,NA,No,2023
54,No,No,No,No,No,No,NA,NA,NA,NA,NA,NA,0,NA,Falta de interés/gusto,No,2023
41,No,No,No,No,No,No,NA,NA,NA,NA,NA,NA,0,NA,Falta de tiempo,No,2023
50,Sí,Sí,Sí,No,No,No,No,Sí,No,Sí,NA,NA,60,Toda,NA,Sí,2023
41,Sí,No,No,Sí,No,No,NA,NA,NA,NA,No,Sí,60,Toda,NA,Sí,2023
51,No,No,No,No,No,No,NA,NA,NA,NA,NA,NA,0,NA,Falta de tiempo,No,2023
29,Sí,No,Sí,No,No,Sí,NA,NA,No,Sí,NA,NA,25,La mayor parte,NA,Sí,2023
59,Sí,No,Sí,No,No,No,NA,NA,No,Sí,NA,NA,40,La mayor parte,NA,No,2023
30,Sí,No,Sí,No,No,Sí,NA,NA,Sí,No,NA,NA,40,Toda,NA,No,2023
37,Sí,No,Sí,No,No,No,NA,NA,No,Sí,NA,NA,20,Toda,NA,Sí,2023
65,Sí,No,Sí,Sí,No,No,NA,NA,No,Sí,No,Sí,60,La mayor parte,NA,No,2023
65,No,No,No,No,No,No,NA,NA,NA,NA,NA,NA,0,NA,Falta de tiempo,No,2023
61,No,No,No,No,No,No,NA,NA,NA,NA,NA,NA,0,NA,Falta de tiempo,No,2023
58,No,No,No,No,No,No,NA,NA,NA,NA,NA,NA,0,NA,Falta de tiempo,Sí,2023
50,No,No,No,No,No,No,NA,NA,NA,NA,NA,NA,0,NA,Falta de tiempo,Sí,2023
59,No,No,No,No,No,No,NA,NA,NA,NA,NA,NA,0,NA,Falta de tiempo,No,2023
55,No,No,No,No,No,No,NA,NA,NA,NA,NA,NA,0,NA,Falta de tiempo,No,2023
19,Sí,Sí,Sí,Sí,No,Sí,No,Sí,No,Sí,No,Sí,40,La mayor parte,NA,Sí,2023
29,No,No,No,No,No,No,NA,NA,NA,NA,NA,NA,0,NA,Falta de tiempo,Sí,2023
76,No,No,No,No,No,No,NA,NA,NA,NA,NA,NA,0,NA,Problemas de salud,Sí,2023
60,Sí,Sí,Sí,No,No,No,No,Sí,No,Sí,NA,NA,30,La mayor parte,NA,Sí,2023
38,Sí,No,Sí,Sí,No,No,NA,NA,No,Sí,No,Sí,90,Toda,NA,Sí,2023
52,Sí,No,Sí,No,No,No,NA,NA,No,Sí,NA,NA,25,La mayor parte,NA,No,2023
69,Sí,Sí,Sí,No,No,No,No,Sí,No,Sí,NA,NA,60,Toda,NA,Sí,2023
71,Sí,Sí,No,Sí,No,No,No,Sí,NA,NA,No,Sí,60,Toda,NA,Sí,2023
75,NA,NA,NA,NA,NA,NA,NA,NA,NA,NA,NA,NA,0,NA,NA,NA,2023
45,No,No,No,No,No,No,NA,NA,NA,NA,NA,NA,0,NA,Falta de tiempo,No,2023
72,No,No,No,No,No,No,NA,NA,NA,NA,NA,NA,0,NA,Problemas de salud,No,2023
61,Sí,No,No,Sí,No,No,NA,NA,NA,NA,No,Sí,30,La mayor parte,NA,No,2023
67,Sí,Sí,No,Sí,No,No,No,Sí,NA,NA,No,Sí,120,La mayor parte,NA,Sí,2023
49,No,No,No,No,No,No,NA,NA,NA,NA,NA,NA,0,NA,Falta de tiempo,No,2023
36,No,No,No,No,No,No,NA,NA,NA,NA,NA,NA,0,NA,Falta de tiempo,No,2023
65,Sí,No,No,No,No,Sí,NA,NA,NA,NA,NA,NA,30,La mitad,NA,No,2023
53,No,No,No,No,No,No,NA,NA,NA,NA,NA,NA,0,NA,Falta de tiempo,No,2023
59,No,No,No,No,No,No,NA,NA,NA,NA,NA,NA,0,NA,Falta de tiempo,Sí,2023
56,Sí,No,Sí,No,No,Sí,NA,NA,No,Sí,NA,NA,30,La mayor parte,NA,Sí,2023
36,No,No,No,No,No,No,NA,NA,NA,NA,NA,NA,0,NA,Falta de tiempo,Sí,2023
44,Sí,No,No,Sí,No,No,NA,NA,NA,NA,No,Sí,30,Toda,NA,Sí,2023
36,Sí,No,No,Sí,No,No,NA,NA,NA,NA,No,Sí,40,Toda,NA,Sí,2023
37,Sí,Sí,Sí,Sí,No,No,No,Sí,No,Sí,No,Sí,120,Toda,NA,Sí,2023
59,No,No,No,No,No,No,NA,NA,NA,NA,NA,NA,0,NA,Falta de tiempo,Sí,2023
61,No,No,No,No,No,No,NA,NA,NA,NA,NA,NA,0,NA,Falta de interés/gusto,No,2023
75,No,No,No,No,No,No,NA,NA,NA,NA,NA,NA,0,NA,Problemas de salud,No,2023
22,No,No,No,No,No,No,NA,NA,NA,NA,NA,NA,0,NA,Falta de interés/gusto,No,2023
57,No,No,No,No,No,No,NA,NA,NA,NA,NA,NA,0,NA,Falta de interés/gusto,No,2023
56,No,No,No,No,No,No,NA,NA,NA,NA,NA,NA,0,NA,Falta de tiempo,No,2023
38,Sí,No,Sí,No,No,No,NA,NA,No,Sí,NA,NA,30,La mayor parte,NA,No,2023
30,No,No,No,No,No,No,NA,NA,NA,NA,NA,NA,0,NA,Falta de tiempo,No,2023
75,Sí,No,No,Sí,No,No,NA,NA,NA,NA,No,Sí,25,La mayor parte,NA,No,2023
28,Sí,No,No,No,No,Sí,NA,NA,NA,NA,NA,NA,40,Toda,NA,No,2023
21,No,No,No,No,No,No,NA,NA,NA,NA,NA,NA,0,NA,Falta de tiempo,Sí,2023
51,No,No,No,Sí,No,No,NA,NA,NA,NA,No,Sí,30,La mayor parte,NA,No,2023
64,No,No,No,No,No,No,NA,NA,NA,NA,NA,NA,0,NA,Prefiere otras actividades,No,2023
29,Sí,No,No,Sí,No,Sí,NA,NA,NA,NA,No,Sí,40,La mayor parte,NA,Sí,2023
48,Sí,No,Sí,Sí,No,Sí,NA,NA,No,Sí,No,Sí,30,Toda,NA,Sí,2023
27,Sí,Sí,No,Sí,Sí,No,No,Sí,NA,NA,No,Sí,30,Toda,NA,No,2023
26,Sí,No,Sí,Sí,Sí,Sí,NA,NA,No,Sí,Sí,No,60,La mayor parte,NA,Sí,2023
62,No,No,No,No,No,No,NA,NA,NA,NA,NA,NA,0,NA,Problemas de salud,Sí,2023
48,Sí,No,No,Sí,No,No,NA,NA,NA,NA,No,Sí,20,La mayor parte,NA,Sí,2023
19,No,No,No,No,No,No,NA,NA,NA,NA,NA,NA,0,NA,Falta de interés/gusto,No,2023
66,Sí,Sí,No,No,No,No,No,Sí,NA,NA,NA,NA,30,La mayor parte,NA,Sí,2023
41,Sí,No,Sí,Sí,No,Sí,NA,NA,No,Sí,No,Sí,40,Toda,NA,Sí,2023
48,Sí,Sí,No,No,No,No,No,Sí,NA,NA,NA,NA,30,Toda,NA,Sí,2023
38,Sí,Sí,No,Sí,No,No,No,Sí,NA,NA,No,Sí,60,Toda,NA,Sí,2023
52,Sí,Sí,No,No,No,Sí,No,Sí,NA,NA,NA,NA,30,La mitad,NA,Sí,2023
52,Sí,No,Sí,Sí,No,No,NA,NA,No,Sí,No,Sí,30,La mayor parte,NA,Sí,2023
52,No,No,No,No,No,Sí,NA,NA,NA,NA,NA,NA,60,La mayor parte,NA,Sí,2023
57,Sí,No,No,No,No,No,NA,NA,NA,NA,NA,NA,0,NA,Prefiere otras actividades,Sí,2023
33,No,No,No,No,No,No,NA,NA,NA,NA,NA,NA,0,NA,Prefiere otras actividades,Sí,2023
77,No,No,No,No,No,No,NA,NA,NA,NA,NA,NA,0,NA,Problemas de salud,No,2023
21,Sí,Sí,No,No,No,Sí,Sí,No,NA,NA,NA,NA,60,La mayor parte,NA,Sí,2023
42,No,No,No,No,No,No,NA,NA,NA,NA,NA,NA,0,NA,Prefiere otras actividades,Sí,2023
36,No,No,No,No,No,No,NA,NA,NA,NA,NA,NA,0,NA,Prefiere otras actividades,No,2023
51,Sí,No,No,Sí,No,No,NA,NA,NA,NA,No,Sí,30,La mayor parte,NA,Sí,2023
57,Sí,Sí,Sí,Sí,No,No,No,Sí,No,Sí,No,Sí,35,La mayor parte,NA,Sí,2023
33,Sí,Sí,No,No,No,Sí,Sí,No,NA,NA,NA,NA,30,La mitad,NA,No,2023
44,No,No,No,No,No,No,NA,NA,NA,NA,NA,NA,0,NA,Prefiere otras actividades,No,2023
19,No,No,No,No,No,No,NA,NA,NA,NA,NA,NA,0,NA,Prefiere otras actividades,Sí,2023
20,Sí,Sí,No,Sí,No,Sí,No,Sí,NA,NA,No,Sí,60,La mitad,NA,No,2023
66,No,No,No,No,No,No,NA,NA,NA,NA,NA,NA,0,NA,Falta de tiempo,Sí,2023
52,Sí,No,No,Sí,No,No,NA,NA,NA,NA,No,Sí,40,La mayor parte,NA,Sí,2023
67,Sí,Sí,No,Sí,No,No,No,Sí,NA,NA,No,Sí,30,La mayor parte,NA,No,2023
69,Sí,No,Sí,Sí,No,No,NA,NA,No,Sí,No,Sí,35,Toda,NA,No,2023
25,No,No,No,No,No,No,NA,NA,NA,NA,NA,NA,0,NA,Falta de tiempo,No,2023
19,Sí,Sí,No,No,No,Sí,No,Sí,NA,NA,NA,NA,60,La mayor parte,NA,Sí,2023
46,No,No,No,No,No,No,NA,NA,NA,NA,NA,NA,0,NA,Falta de interés/gusto,Sí,2023
22,No,No,No,No,No,No,NA,NA,NA,NA,NA,NA,0,NA,Prefiere otras actividades,Sí,2023
40,Sí,No,No,Sí,No,No,NA,NA,NA,NA,No,Sí,40,Toda,NA,No,2023
28,Sí,Sí,No,No,No,Sí,Sí,No,NA,NA,NA,NA,40,La mayor parte,NA,Sí,2023
32,Sí,No,Sí,Sí,No,Sí,NA,NA,Sí,No,No,Sí,30,La mayor parte,NA,Sí,2023
33,Sí,No,No,Sí,Sí,Sí,NA,NA,NA,NA,No,Sí,60,La mayor parte,NA,Sí,2023
74,No,No,No,No,No,No,NA,NA,NA,NA,NA,NA,0,NA,Problemas de salud,No,2023
71,Sí,Sí,No,No,No,No,No,Sí,NA,NA,NA,NA,30,La mitad,NA,No,2023
50,Sí,Sí,No,No,No,Sí,No,Sí,NA,NA,NA,NA,120,La mayor parte,NA,Sí,2023
40,Sí,Sí,Sí,Sí,No,Sí,No,Sí,No,Sí,No,Sí,30,La mayor parte,NA,Sí,2023
28,No,No,No,No,No,No,NA,NA,NA,NA,NA,NA,0,NA,Falta de tiempo,Sí,2023
66,No,No,No,No,No,No,NA,NA,NA,NA,NA,NA,0,NA,Problemas de salud,No,2023
23,No,No,Sí,No,No,Sí,NA,NA,No,Sí,NA,NA,30,La mayor parte,NA,Sí,2023
48,No,No,No,No,No,No,NA,NA,NA,NA,NA,NA,0,NA,Falta de tiempo,No,2023
44,Sí,Sí,Sí,Sí,No,Sí,No,Sí,No,Sí,No,Sí,45,La mayor parte,NA,Sí,2023
22,No,No,No,No,No,No,NA,NA,NA,NA,NA,NA,0,NA,Falta de interés/gusto,Sí,2023
49,Sí,Sí,Sí,No,No,Sí,No,Sí,No,Sí,NA,NA,45,Toda,NA,No,2023
23,No,No,No,No,No,No,NA,NA,NA,NA,NA,NA,0,NA,Falta de interés/gusto,Sí,2023
37,Sí,Sí,No,Sí,No,No,No,Sí,NA,NA,Sí,No,40,La mayor parte,NA,Sí,2023
54,No,Sí,No,No,No,No,No,Sí,NA,NA,NA,NA,30,Toda,NA,Sí,2023
56,Sí,Sí,No,No,No,No,No,Sí,NA,NA,NA,NA,45,Toda,NA,Sí,2023
64,No,No,No,No,No,No,NA,NA,NA,NA,NA,NA,0,NA,Problemas de salud,Sí,2023
58,No,No,No,No,No,No,NA,NA,NA,NA,NA,NA,0,NA,Problemas de salud,Sí,2023
21,Sí,Sí,No,No,No,No,No,Sí,NA,NA,NA,NA,60,La mayor parte,NA,Sí,2023
48,Sí,No,No,Sí,No,No,NA,NA,NA,NA,No,Sí,20,La mayor parte,NA,Sí,2023
69,No,No,No,No,No,No,NA,NA,NA,NA,NA,NA,0,NA,Falta de tiempo,No,2023
49,No,No,No,No,No,No,NA,NA,NA,NA,NA,NA,0,NA,Problemas de salud,Sí,2023
42,No,No,Sí,No,No,No,NA,NA,No,Sí,NA,NA,20,La mayor parte,NA,No,2023
55,Sí,Sí,No,No,No,No,No,Sí,NA,NA,NA,NA,15,Toda,NA,Sí,2023
72,No,No,No,No,No,No,NA,NA,NA,NA,NA,NA,0,NA,Falta de interés/gusto,No,2023
69,Sí,No,No,Sí,No,No,NA,NA,NA,NA,No,Sí,30,La mayor parte,NA,No,2023
65,NA,NA,NA,NA,NA,NA,NA,NA,NA,NA,NA,NA,0,NA,NA,NA,2023
25,Sí,Sí,No,No,No,No,No,Sí,NA,NA,NA,NA,120,Toda,NA,Sí,2023
32,Sí,No,No,No,Sí,No,NA,NA,NA,NA,NA,NA,30,La mayor parte,NA,No,2023
47,Sí,No,No,No,No,No,NA,NA,NA,NA,NA,NA,0,NA,Falta de interés/gusto,No,2023
57,No,No,Sí,No,No,No,NA,NA,No,Sí,NA,NA,15,La mayor parte,NA,No,2023
22,No,No,No,No,No,No,NA,NA,NA,NA,NA,NA,0,NA,Falta de tiempo,No,2023
50,No,No,No,Sí,No,Sí,NA,NA,NA,NA,No,Sí,10,Poca,NA,No,2023
30,Sí,No,No,Sí,No,No,NA,NA,NA,NA,No,Sí,60,La mitad,NA,Sí,2023
40,Sí,Sí,No,Sí,No,No,No,Sí,NA,NA,No,Sí,40,La mayor parte,NA,Sí,2023
33,No,No,No,No,No,No,NA,NA,NA,NA,NA,NA,0,NA,Falta de tiempo,No,2023
42,Sí,No,No,Sí,No,No,NA,NA,NA,NA,No,Sí,30,La mayor parte,NA,No,2023
43,Sí,Sí,No,Sí,No,No,No,Sí,NA,NA,No,Sí,45,La mitad,NA,No recuerda,2023
36,Sí,Sí,Sí,No,No,No,No,Sí,No,Sí,NA,NA,90,Toda,NA,Sí,2023
43,No,No,No,No,No,No,NA,NA,NA,NA,NA,NA,0,NA,Falta de interés/gusto,Sí,2023
71,Sí,No,Sí,No,No,No,NA,NA,No,Sí,NA,NA,30,La mayor parte,NA,No,2023
68,No,No,No,No,No,No,NA,NA,NA,NA,NA,NA,0,NA,Prefiere otras actividades,No,2023
35,No,No,No,No,No,No,NA,NA,NA,NA,NA,NA,0,NA,Falta de tiempo,No,2023
39,Sí,No,No,Sí,No,No,NA,NA,NA,NA,No,Sí,25,La mayor parte,NA,No,2023
39,No,No,No,No,No,No,NA,NA,NA,NA,NA,NA,0,NA,Prefiere otras actividades,No,2023
22,Sí,No,No,No,No,Sí,NA,NA,NA,NA,NA,NA,25,Toda,NA,No,2023
32,Sí,Sí,No,No,No,Sí,No,Sí,NA,NA,NA,NA,60,La mayor parte,NA,No,2023
64,Sí,Sí,No,No,No,Sí,No,Sí,NA,NA,NA,NA,60,Toda,NA,Sí,2023
61,Sí,Sí,Sí,No,No,Sí,No,Sí,No,Sí,NA,NA,30,La mayor parte,NA,Sí,2023
56,Sí,Sí,No,No,No,Sí,No,Sí,NA,NA,NA,NA,60,La mayor parte,NA,Sí,2023
40,Sí,Sí,Sí,No,No,Sí,No,Sí,No,Sí,NA,NA,20,La mayor parte,NA,Sí,2023
38,Sí,Sí,No,No,No,Sí,No,Sí,NA,NA,NA,NA,30,La mayor parte,NA,Sí,2023
43,Sí,No,No,Sí,No,Sí,NA,NA,NA,NA,No,Sí,20,La mayor parte,NA,No,2023
50,No,No,No,No,No,No,NA,NA,NA,NA,NA,NA,0,NA,Falta de interés/gusto,No,2023
45,Sí,No,No,No,No,Sí,NA,NA,NA,NA,NA,NA,15,La mayor parte,NA,No,2023
39,Sí,Sí,No,No,Sí,Sí,No,Sí,NA,NA,NA,NA,5,La mitad,NA,Sí,2023
32,Sí,Sí,No,No,No,Sí,Sí,No,NA,NA,NA,NA,120,La mayor parte,NA,Sí,2023
57,Sí,Sí,No,No,No,No,No,Sí,NA,NA,NA,NA,20,La mayor parte,NA,Sí,2023
19,Sí,Sí,No,No,No,Sí,Sí,No,NA,NA,NA,NA,30,La mayor parte,NA,Sí,2023
62,No,No,No,No,No,No,NA,NA,NA,NA,NA,NA,0,NA,Problemas de salud,No,2023
63,Sí,No,No,No,No,Sí,NA,NA,NA,NA,NA,NA,30,La mayor parte,NA,Sí,2023
59,Sí,Sí,Sí,No,No,Sí,Sí,No,Sí,No,NA,NA,180,La mayor parte,NA,Sí,2023
33,Sí,No,No,No,No,Sí,NA,NA,NA,NA,NA,NA,30,La mayor parte,NA,No recuerda,2023
47,No,No,No,No,No,No,NA,NA,NA,NA,NA,NA,0,NA,Prefiere otras actividades,Sí,2023
47,No,No,No,No,No,No,NA,NA,NA,NA,NA,NA,0,NA,Falta de interés/gusto,No,2023
58,Sí,Sí,No,Sí,No,No,No,Sí,NA,NA,No,Sí,60,La mayor parte,NA,No,2023
78,No,No,No,No,No,No,NA,NA,NA,NA,NA,NA,0,NA,Problemas de salud,Sí,2023
46,Sí,Sí,No,No,No,Sí,No,Sí,NA,NA,NA,NA,60,Toda,NA,Sí,2023
33,No,No,No,No,No,Sí,NA,NA,NA,NA,NA,NA,25,Poca,NA,Sí,2023
19,No,No,No,No,No,No,NA,NA,NA,NA,NA,NA,0,NA,Falta de interés/gusto,No,2023
68,Sí,No,No,Sí,No,No,NA,NA,NA,NA,No,Sí,20,La mayor parte,NA,Sí,2023
48,No,No,No,No,No,No,NA,NA,NA,NA,NA,NA,0,NA,Problemas de salud,No,2023
59,No,No,No,No,No,No,NA,NA,NA,NA,NA,NA,0,NA,Falta de interés/gusto,No,2023
61,No,No,No,No,No,No,NA,NA,NA,NA,NA,NA,0,NA,Falta de interés/gusto,No,2023
44,Sí,Sí,No,No,No,No,No,Sí,NA,NA,NA,NA,60,La mayor parte,NA,Sí,2023
41,No,No,No,No,No,No,NA,NA,NA,NA,NA,NA,0,NA,Prefiere otras actividades,No,2023
56,No,No,Sí,No,No,No,NA,NA,No,Sí,NA,NA,15,Toda,NA,No,2023
40,No,No,No,No,No,No,NA,NA,NA,NA,NA,NA,0,NA,Falta de tiempo,Sí,2023
69,No,No,No,No,No,No,NA,NA,NA,NA,NA,NA,0,NA,Problemas de salud,No,2023
54,Sí,Sí,No,No,No,No,No,Sí,NA,NA,NA,NA,40,Toda,NA,Sí,2023
22,No,No,Sí,No,No,No,NA,NA,No,Sí,NA,NA,20,Toda,NA,Sí,2023
39,No,No,No,No,No,No,NA,NA,NA,NA,NA,NA,0,NA,Falta de interés/gusto,No,2023
32,No,No,No,No,No,No,NA,NA,NA,NA,NA,NA,0,NA,Falta de interés/gusto,No,2023
47,No,No,Sí,No,No,No,NA,NA,No,Sí,NA,NA,30,La mayor parte,NA,No,2023
25,Sí,Sí,No,No,No,No,No,Sí,NA,NA,NA,NA,35,La mayor parte,NA,No,2023
43,No,No,No,Sí,No,No,NA,NA,NA,NA,No,Sí,15,La mayor parte,NA,No,2023
27,Sí,Sí,No,No,No,No,No,Sí,NA,NA,NA,NA,30,La mayor parte,NA,No,2023
25,No,No,No,No,No,No,NA,NA,NA,NA,NA,NA,0,NA,Prefiere otras actividades,No,2023
30,No,No,No,No,No,No,NA,NA,NA,NA,NA,NA,0,NA,Falta de interés/gusto,No,2023
33,No,No,No,No,No,No,NA,NA,NA,NA,NA,NA,0,NA,Falta de tiempo,No,2023
58,Sí,Sí,No,No,No,No,No,Sí,NA,NA,NA,NA,60,Toda,NA,Sí,2023
41,Sí,Sí,Sí,No,No,No,No,Sí,No,Sí,NA,NA,40,La mayor parte,NA,No,2023
39,Sí,Sí,No,No,No,No,No,Sí,NA,NA,NA,NA,60,La mayor parte,NA,Sí,2023
55,No,No,No,No,No,No,NA,NA,NA,NA,NA,NA,0,NA,Falta de tiempo,No,2023
64,No,No,No,No,No,No,NA,NA,NA,NA,NA,NA,0,NA,Falta de interés/gusto,No,2023
35,No,No,No,No,No,No,NA,NA,NA,NA,NA,NA,0,NA,Falta de tiempo,No,2023
42,Sí,Sí,No,No,No,No,No,Sí,NA,NA,NA,NA,30,Toda,NA,No,2023
51,No,No,No,No,No,No,NA,NA,NA,NA,NA,NA,0,NA,Falta de tiempo,No,2023
23,Sí,No,No,Sí,No,No,NA,NA,NA,NA,No,Sí,60,La mayor parte,NA,No,2023
66,No,No,No,No,No,No,NA,NA,NA,NA,NA,NA,0,NA,Problemas de salud,No,2023
46,No,No,No,No,No,No,NA,NA,NA,NA,NA,NA,0,NA,Falta de interés/gusto,No,2023
71,No,No,No,No,No,No,NA,NA,NA,NA,NA,NA,0,NA,Problemas de salud,No,2023
43,Sí,No,Sí,No,No,No,NA,NA,No,Sí,NA,NA,30,La mayor parte,NA,No,2023
53,No,No,No,No,No,No,NA,NA,NA,NA,NA,NA,0,NA,Falta de tiempo,No,2023
47,No,No,No,Sí,No,No,NA,NA,NA,NA,No,Sí,10,Toda,NA,No,2023
57,No,No,No,No,No,No,NA,NA,NA,NA,NA,NA,0,NA,Falta de tiempo,No,2023
43,No,No,No,No,No,No,NA,NA,NA,NA,NA,NA,0,NA,Falta de tiempo,No,2023
62,No,No,Sí,No,No,No,NA,NA,No,Sí,NA,NA,25,La mayor parte,NA,No,2023
43,No,No,Sí,No,No,No,NA,NA,No,Sí,NA,NA,25,Toda,NA,No,2023
35,No,No,Sí,No,No,No,NA,NA,No,Sí,NA,NA,30,La mayor parte,NA,No,2023
19,No,No,No,No,No,No,NA,NA,NA,NA,NA,NA,0,NA,Prefiere otras actividades,No,2023
40,No,No,No,No,No,No,NA,NA,NA,NA,NA,NA,0,NA,Falta de tiempo,No,2023
77,NA,NA,NA,NA,NA,NA,NA,NA,NA,NA,NA,NA,0,NA,NA,NA,2023
48,Sí,Sí,No,No,No,No,No,Sí,NA,NA,NA,NA,35,La mayor parte,NA,No,2023
31,Sí,Sí,Sí,No,No,No,No,Sí,No,Sí,NA,NA,30,Toda,NA,No,2023
63,No,No,No,No,No,No,NA,NA,NA,NA,NA,NA,0,NA,Prefiere otras actividades,No,2023
49,No,No,Sí,Sí,No,No,NA,NA,No,Sí,No,Sí,25,La mayor parte,NA,No,2023
40,No,No,No,No,No,No,NA,NA,NA,NA,NA,NA,0,NA,Falta de tiempo,No,2023
58,Sí,Sí,No,No,No,No,No,Sí,NA,NA,NA,NA,40,La mayor parte,NA,No,2023
23,Sí,Sí,Sí,No,No,Sí,Sí,Sí,Sí,Sí,NA,NA,60,Toda,NA,Sí,2023
25,Sí,Sí,Sí,No,No,Sí,Sí,Sí,No,Sí,NA,NA,40,La mayor parte,NA,Sí,2023
30,No,No,No,No,No,No,NA,NA,NA,NA,NA,NA,0,NA,Falta de tiempo,Sí,2023
70,No,No,No,No,No,No,NA,NA,NA,NA,NA,NA,0,NA,Prefiere otras actividades,Sí,2023
67,Sí,Sí,No,Sí,No,No,Sí,Sí,NA,NA,Sí,No,30,La mayor parte,NA,Sí,2023
60,Sí,Sí,No,No,No,No,No,Sí,NA,NA,NA,NA,30,Toda,NA,No,2023
19,No,Sí,No,No,No,Sí,Sí,Sí,NA,NA,NA,NA,30,La mitad,NA,Sí,2023
38,Sí,Sí,No,No,No,Sí,Sí,Sí,NA,NA,NA,NA,60,La mayor parte,NA,Sí,2023
53,No,No,No,No,No,No,NA,NA,NA,NA,NA,NA,0,NA,Prefiere otras actividades,Sí,2023
50,Sí,Sí,Sí,No,No,No,No,Sí,No,Sí,NA,NA,30,La mayor parte,NA,Sí,2023
42,Sí,Sí,No,No,No,Sí,No,Sí,NA,NA,NA,NA,30,La mayor parte,NA,No,2023
66,No,Sí,No,No,No,No,No,Sí,NA,NA,NA,NA,60,La mitad,NA,No,2023
41,Sí,Sí,No,No,No,No,Sí,Sí,NA,NA,NA,NA,120,La mayor parte,NA,Sí,2023
30,Sí,Sí,No,Sí,No,No,No,Sí,NA,NA,No,Sí,40,La mayor parte,NA,Sí,2023
72,No,No,No,Sí,No,No,NA,NA,NA,NA,No,Sí,20,La mitad,NA,Sí,2023
83,Sí,Sí,No,No,No,No,No,Sí,NA,NA,NA,NA,20,La mitad,NA,Sí,2023
79,NA,NA,NA,NA,NA,NA,NA,NA,NA,NA,NA,NA,0,NA,NA,NA,2023
52,NA,NA,NA,NA,NA,NA,NA,NA,NA,NA,NA,NA,0,NA,NA,NA,2023
30,Sí,No,No,Sí,No,Sí,NA,NA,NA,NA,No,Sí,90,La mayor parte,NA,Sí,2023
24,Sí,No,Sí,No,No,Sí,NA,NA,Sí,No,NA,NA,10,La mayor parte,NA,Sí,2023
19,Sí,Sí,No,No,No,Sí,Sí,No,NA,NA,NA,NA,30,La mayor parte,NA,No,2023
63,Sí,Sí,No,No,No,Sí,No,Sí,NA,NA,NA,NA,90,Toda,NA,Sí,2023
62,Sí,Sí,No,Sí,No,No,No,Sí,NA,NA,No,Sí,60,Toda,NA,No,2023
58,Sí,Sí,Sí,No,No,No,No,Sí,No,Sí,NA,NA,30,Toda,NA,Sí,2023
35,Sí,Sí,Sí,No,No,No,No,Sí,No,Sí,NA,NA,30,La mayor parte,NA,Sí,2023
72,Sí,Sí,Sí,No,No,Sí,No,Sí,No,Sí,NA,NA,30,La mayor parte,NA,Sí,2023
66,Sí,Sí,Sí,Sí,No,Sí,Sí,Sí,No,Sí,No,Sí,60,La mayor parte,NA,Sí,2023
74,No,No,No,No,No,No,NA,NA,NA,NA,NA,NA,0,NA,Prefiere otras actividades,Sí,2023
36,Sí,Sí,Sí,No,No,Sí,Sí,No,No,Sí,NA,NA,60,La mayor parte,NA,Sí,2023
76,Sí,Sí,Sí,Sí,No,No,No,Sí,No,Sí,No,Sí,60,La mayor parte,NA,No,2023
35,Sí,Sí,No,Sí,No,Sí,Sí,Sí,NA,NA,Sí,No,20,La mayor parte,NA,Sí,2023
35,No,No,No,No,No,No,NA,NA,NA,NA,NA,NA,0,NA,Falta de tiempo,No recuerda,2023
51,Sí,No,Sí,Sí,Sí,No,NA,NA,No,Sí,No,Sí,20,Toda,NA,No,2023
34,No,No,No,No,No,No,NA,NA,NA,NA,NA,NA,0,NA,Prefiere otras actividades,Sí,2023
59,Sí,No,No,Sí,No,No,NA,NA,NA,NA,Sí,No,30,La mayor parte,NA,Sí,2023
78,No,No,No,No,No,No,NA,NA,NA,NA,NA,NA,0,NA,Prefiere otras actividades,No recuerda,2023
37,Sí,Sí,Sí,Sí,No,No,Sí,No,No,Sí,No,Sí,60,La mitad,NA,No,2023
69,Sí,Sí,No,No,No,No,No,Sí,NA,NA,NA,NA,40,La mayor parte,NA,Sí,2023
55,No,No,No,No,No,No,NA,NA,NA,NA,NA,NA,0,NA,Prefiere otras actividades,Sí,2023
64,Sí,Sí,No,No,No,No,No,Sí,NA,NA,NA,NA,30,La mayor parte,NA,Sí,2023
52,No,No,No,No,No,No,NA,NA,NA,NA,NA,NA,0,NA,Falta de tiempo,Sí,2023
41,No,No,No,No,No,No,NA,NA,NA,NA,NA,NA,0,NA,Falta de tiempo,Sí,2023
50,No,No,Sí,No,No,No,NA,NA,No,Sí,NA,NA,10,La mitad,NA,Sí,2023
70,NA,NA,NA,NA,NA,NA,NA,NA,NA,NA,NA,NA,0,NA,NA,NA,2023
31,No,No,No,No,No,No,NA,NA,NA,NA,NA,NA,0,NA,Falta de tiempo,No,2023
37,No,No,No,No,No,No,NA,NA,NA,NA,NA,NA,0,NA,Falta de tiempo,No,2023
69,Sí,Sí,No,No,No,Sí,Sí,No,NA,NA,NA,NA,90,La mitad,NA,Sí,2023
41,No,No,No,Sí,No,No,NA,NA,NA,NA,No,Sí,15,La mayor parte,NA,Sí,2023
49,No,No,No,No,No,No,NA,NA,NA,NA,NA,NA,0,NA,Falta de tiempo,No,2023
58,Sí,Sí,No,No,No,No,No,Sí,NA,NA,NA,NA,60,Poca,NA,No,2023
25,Sí,Sí,No,No,No,Sí,No,Sí,NA,NA,NA,NA,30,La mayor parte,NA,Sí,2023
32,Sí,Sí,No,No,No,No,No,Sí,NA,NA,NA,NA,30,La mitad,NA,No,2023
50,Sí,Sí,No,No,No,No,No,Sí,NA,NA,NA,NA,10,La mitad,NA,No,2023
58,No,No,No,No,No,No,NA,NA,NA,NA,NA,NA,0,NA,Problemas de salud,No,2023
24,No,No,No,No,No,No,NA,NA,NA,NA,NA,NA,0,NA,Falta de tiempo,Sí,2023
57,Sí,No,No,Sí,No,No,NA,NA,NA,NA,No,Sí,10,La mayor parte,NA,Sí,2023
29,No,No,No,No,No,Sí,NA,NA,NA,NA,NA,NA,15,La mayor parte,NA,Sí,2023
51,No,No,No,No,No,No,NA,NA,NA,NA,NA,NA,0,NA,Falta de tiempo,Sí,2023
44,No,Sí,Sí,No,No,Sí,No,Sí,Sí,No,NA,NA,20,La mayor parte,NA,No,2023
68,No,No,No,No,No,No,NA,NA,NA,NA,NA,NA,0,NA,Falta de interés/gusto,No,2023
52,Sí,No,Sí,No,No,Sí,NA,NA,No,Sí,NA,NA,60,La mitad,NA,Sí,2023
37,No,No,No,Sí,No,No,NA,NA,NA,NA,No,Sí,5,Poca,NA,Sí,2023
64,Sí,Sí,Sí,No,No,Sí,No,Sí,No,Sí,NA,NA,60,La mitad,NA,No,2023
32,Sí,Sí,No,No,No,No,No,Sí,NA,NA,NA,NA,30,La mayor parte,NA,No,2023
49,Sí,No,No,No,No,No,NA,NA,NA,NA,NA,NA,0,NA,Falta de tiempo,Sí,2023
84,No,No,No,No,No,No,NA,NA,NA,NA,NA,NA,0,NA,Problemas de salud,No,2023
72,Sí,Sí,No,No,No,No,Sí,No,NA,NA,NA,NA,360,Toda,NA,No,2023
85,No,No,No,No,No,No,NA,NA,NA,NA,NA,NA,0,NA,Falta de interés/gusto,No,2023
53,No,No,No,No,No,No,NA,NA,NA,NA,NA,NA,0,NA,Falta de interés/gusto,No,2023
42,Sí,Sí,Sí,Sí,No,Sí,No,Sí,Sí,No,Sí,No,30,La mayor parte,NA,No,2023
31,No,No,No,Sí,No,No,NA,NA,NA,NA,No,Sí,15,La mayor parte,NA,Sí,2023
52,No,No,No,Sí,No,No,NA,NA,NA,NA,No,Sí,15,La mayor parte,NA,No,2023
31,Sí,Sí,No,No,No,No,No,Sí,NA,NA,NA,NA,40,Poca,NA,Sí,2023
51,No,No,Sí,No,No,No,NA,NA,No,Sí,NA,NA,20,Toda,NA,Sí,2023
26,Sí,Sí,No,No,No,No,No,Sí,NA,NA,NA,NA,30,La mayor parte,NA,Sí,2023
41,No,No,No,No,No,No,NA,NA,NA,NA,NA,NA,0,NA,Falta de tiempo,Sí,2023
27,No,Sí,No,No,No,No,No,Sí,NA,NA,NA,NA,30,La mayor parte,NA,Sí,2023
29,Sí,Sí,No,No,No,No,No,Sí,NA,NA,NA,NA,30,La mayor parte,NA,No,2023
73,Sí,Sí,No,No,No,No,No,Sí,NA,NA,NA,NA,60,La mayor parte,NA,Sí,2023
66,No,No,No,No,No,No,NA,NA,NA,NA,NA,NA,0,NA,Falta de interés/gusto,No,2023
31,Sí,Sí,No,No,No,Sí,No,Sí,NA,NA,NA,NA,90,La mayor parte,NA,Sí,2023
75,Sí,No,No,Sí,No,No,NA,NA,NA,NA,No,Sí,180,La mitad,NA,Sí,2023
72,No,No,Sí,No,No,No,NA,NA,No,Sí,NA,NA,20,Poca,NA,No,2023
34,Sí,No,No,Sí,No,Sí,NA,NA,NA,NA,Sí,No,30,La mayor parte,NA,Sí,2023
41,No,No,No,No,No,No,NA,NA,NA,NA,NA,NA,0,NA,Prefiere otras actividades,Sí,2023
21,No,No,Sí,No,No,No,NA,NA,No,Sí,NA,NA,30,La mitad,NA,Sí,2023
23,No,No,Sí,No,No,No,NA,NA,No,Sí,NA,NA,20,La mayor parte,NA,Sí,2023
54,No,No,No,No,No,No,NA,NA,NA,NA,NA,NA,0,NA,Falta de tiempo,Sí,2023
64,No,No,No,No,No,No,NA,NA,NA,NA,NA,NA,0,NA,Falta de tiempo,Sí,2023
32,No,No,Sí,No,No,No,NA,NA,No,Sí,NA,NA,20,La mayor parte,NA,Sí,2023
40,No,Sí,No,No,No,Sí,Sí,No,NA,NA,NA,NA,30,La mayor parte,NA,Sí,2023
28,Sí,Sí,No,No,No,No,No,Sí,NA,NA,NA,NA,15,La mayor parte,NA,Sí,2023
29,Sí,Sí,No,No,No,No,Sí,Sí,NA,NA,NA,NA,30,Toda,NA,Sí,2023
80,Sí,No,Sí,No,No,No,NA,NA,No,Sí,NA,NA,15,La mayor parte,NA,Sí,2023
70,No,No,No,No,No,No,NA,NA,NA,NA,NA,NA,0,NA,Problemas de salud,No recuerda,2023
18,NA,NA,NA,NA,NA,NA,NA,NA,NA,NA,NA,NA,0,NA,NA,NA,2023
23,Sí,Sí,No,No,Sí,No,No,Sí,NA,NA,NA,NA,60,La mayor parte,NA,Sí,2023
34,No,No,No,No,No,No,NA,NA,NA,NA,NA,NA,0,NA,Falta de tiempo,No,2023
70,No,No,No,No,No,No,NA,NA,NA,NA,NA,NA,0,NA,Problemas de salud,No,2023
67,Sí,Sí,No,No,No,No,No,Sí,NA,NA,NA,NA,45,La mayor parte,NA,Sí,2023
22,Sí,No,No,No,No,Sí,NA,NA,NA,NA,NA,NA,30,La mayor parte,NA,Sí,2023
42,Sí,Sí,Sí,No,No,Sí,Sí,Sí,Sí,Sí,NA,NA,120,Toda,NA,Sí,2023
39,Sí,Sí,No,No,No,Sí,No,Sí,NA,NA,NA,NA,25,La mayor parte,NA,Sí,2023
49,No,No,No,No,No,No,NA,NA,NA,NA,NA,NA,0,NA,Falta de dinero,No,2023
50,Sí,Sí,Sí,No,No,No,No,Sí,No,Sí,NA,NA,30,La mayor parte,NA,Sí,2023
59,No,No,No,No,No,No,NA,NA,NA,NA,NA,NA,0,NA,Problemas de salud,No,2023
46,No,No,Sí,No,No,No,NA,NA,No,Sí,NA,NA,10,Poca,NA,No,2023
40,No,Sí,No,No,No,No,No,Sí,NA,NA,NA,NA,30,La mayor parte,NA,No,2023
29,No,No,No,No,No,No,NA,NA,NA,NA,NA,NA,0,NA,Falta de tiempo,Sí,2023
24,Sí,Sí,Sí,No,No,Sí,No,Sí,No,Sí,NA,NA,30,La mayor parte,NA,Sí,2023
46,No,No,No,No,No,No,NA,NA,NA,NA,NA,NA,0,NA,Falta de tiempo,Sí,2023
33,No,No,No,Sí,No,No,NA,NA,NA,NA,No,Sí,15,Poca,NA,No,2023
54,Sí,No,No,No,No,Sí,NA,NA,NA,NA,NA,NA,15,Poca,NA,Sí,2023
61,Sí,Sí,No,No,No,No,No,Sí,NA,NA,NA,NA,30,La mayor parte,NA,No,2023
23,Sí,Sí,No,No,No,No,No,Sí,NA,NA,NA,NA,30,La mayor parte,NA,Sí,2023
19,No,No,No,No,No,Sí,NA,NA,NA,NA,NA,NA,15,La mayor parte,NA,Sí,2023
43,Sí,Sí,No,No,No,Sí,Sí,No,NA,NA,NA,NA,60,Toda,NA,Sí,2023
43,No,No,No,No,No,No,NA,NA,NA,NA,NA,NA,0,NA,Falta de tiempo,No,2023
56,No,No,No,No,No,No,NA,NA,NA,NA,NA,NA,0,NA,Prefiere otras actividades,No,2023
49,No,No,No,No,No,No,NA,NA,NA,NA,NA,NA,0,NA,Falta de tiempo,No,2023
25,Sí,No,Sí,Sí,No,Sí,NA,NA,No,Sí,No,Sí,15,La mayor parte,NA,Sí,2023
58,Sí,Sí,No,No,No,Sí,No,Sí,NA,NA,NA,NA,30,La mayor parte,NA,Sí,2023
23,Sí,Sí,No,No,No,Sí,No,Sí,NA,NA,NA,NA,45,La mayor parte,NA,Sí,2023
44,No,No,No,No,No,Sí,NA,NA,NA,NA,NA,NA,40,La mayor parte,NA,Sí,2023
49,Sí,Sí,No,No,No,No,No,Sí,NA,NA,NA,NA,25,La mitad,NA,Sí,2023
80,Sí,Sí,No,No,No,No,No,Sí,NA,NA,NA,NA,60,La mitad,NA,No,2023
47,Sí,Sí,No,No,No,No,No,Sí,NA,NA,NA,NA,10,La mayor parte,NA,Sí,2023
34,No,Sí,No,No,No,No,No,Sí,NA,NA,NA,NA,30,La mayor parte,NA,No recuerda,2023
22,Sí,Sí,No,No,No,Sí,Sí,No,NA,NA,NA,NA,240,La mayor parte,NA,Sí,2023
60,No,No,No,No,No,No,NA,NA,NA,NA,NA,NA,0,NA,Falta de interés/gusto,Sí,2023
37,No,No,No,No,No,No,NA,NA,NA,NA,NA,NA,0,NA,Falta de tiempo,No,2023
74,Sí,Sí,No,No,No,No,No,Sí,NA,NA,NA,NA,30,La mayor parte,NA,Sí,2023
24,Sí,Sí,No,No,No,Sí,No,Sí,NA,NA,NA,NA,30,La mayor parte,NA,Sí,2023
24,No,No,No,No,No,No,NA,NA,NA,NA,NA,NA,0,NA,Falta de interés/gusto,No,2023
49,No,No,No,Sí,No,No,NA,NA,NA,NA,No,Sí,10,La mayor parte,NA,Sí,2023
26,Sí,Sí,Sí,No,No,Sí,No,Sí,No,Sí,NA,NA,20,Toda,NA,Sí,2023
76,Sí,Sí,No,No,No,No,No,Sí,NA,NA,NA,NA,30,La mayor parte,NA,Sí,2023
71,Sí,Sí,No,No,No,No,Sí,No,NA,NA,NA,NA,30,Toda,NA,Sí,2023
29,Sí,Sí,No,No,No,Sí,No,Sí,NA,NA,NA,NA,30,La mayor parte,NA,Sí,2023
63,Sí,Sí,No,No,No,No,No,Sí,NA,NA,NA,NA,25,La mayor parte,NA,Sí,2023
28,Sí,No,Sí,No,No,No,NA,NA,No,Sí,NA,NA,15,La mayor parte,NA,No,2023
23,Sí,Sí,No,No,No,Sí,No,Sí,NA,NA,NA,NA,25,La mayor parte,NA,No,2023
27,No,No,No,No,No,No,NA,NA,NA,NA,NA,NA,0,NA,Falta de interés/gusto,No,2023
25,Sí,Sí,No,No,Sí,Sí,Sí,Sí,NA,NA,NA,NA,60,Toda,NA,Sí,2023
62,Sí,Sí,Sí,No,No,No,Sí,No,No,Sí,NA,NA,120,Toda,NA,Sí,2023
59,No,No,No,No,No,No,NA,NA,NA,NA,NA,NA,0,NA,Prefiere otras actividades,Sí,2023
26,Sí,No,No,No,Sí,Sí,NA,NA,NA,NA,NA,NA,20,Toda,NA,Sí,2023
56,No,No,No,No,No,No,NA,NA,NA,NA,NA,NA,0,NA,Problemas de salud,Sí,2023
36,No,No,No,No,No,No,NA,NA,NA,NA,NA,NA,0,NA,Prefiere otras actividades,Sí,2023
71,No,No,No,No,No,No,NA,NA,NA,NA,NA,NA,0,NA,Problemas de salud,No,2023
20,No,Sí,No,No,No,Sí,No,Sí,NA,NA,NA,NA,45,La mayor parte,NA,Sí,2023
32,No,Sí,No,No,No,No,No,Sí,NA,NA,NA,NA,30,Toda,NA,No,2023
62,Sí,No,No,Sí,No,No,NA,NA,NA,NA,No,Sí,20,La mayor parte,NA,Sí,2023
42,No,No,No,No,No,No,NA,NA,NA,NA,NA,NA,0,NA,Falta de tiempo,No,2023
34,No,Sí,No,No,No,No,No,Sí,NA,NA,NA,NA,30,Toda,NA,No,2023
64,Sí,No,No,No,No,No,NA,NA,NA,NA,NA,NA,0,NA,Falta de tiempo,Sí,2023
50,Sí,Sí,No,No,No,No,No,Sí,NA,NA,NA,NA,20,La mitad,NA,No recuerda,2023
24,No,Sí,No,No,No,No,No,Sí,NA,NA,NA,NA,30,La mayor parte,NA,Sí,2023
35,No,No,No,No,No,No,NA,NA,NA,NA,NA,NA,0,NA,Falta de tiempo,Sí,2023
31,Sí,Sí,No,No,No,No,No,Sí,NA,NA,NA,NA,40,La mayor parte,NA,No,2023
35,No,No,No,No,No,No,NA,NA,NA,NA,NA,NA,0,NA,Prefiere otras actividades,Sí,2023
36,No,No,No,No,No,No,NA,NA,NA,NA,NA,NA,0,NA,Falta de tiempo,No,2023
86,No,No,No,No,No,No,NA,NA,NA,NA,NA,NA,0,NA,Problemas de salud,No,2023
42,No,No,No,No,No,No,NA,NA,NA,NA,NA,NA,0,NA,Prefiere otras actividades,No,2023
42,Sí,No,Sí,No,No,No,NA,NA,No,Sí,NA,NA,10,La mayor parte,NA,Sí,2023
53,No,No,No,No,No,No,NA,NA,NA,NA,NA,NA,0,NA,Falta de interés/gusto,No,2023
58,No,No,No,No,No,No,NA,NA,NA,NA,NA,NA,0,NA,Falta de tiempo,Sí,2023
29,Sí,Sí,No,No,No,No,No,Sí,NA,NA,NA,NA,30,La mayor parte,NA,Sí,2023
79,Sí,Sí,No,No,No,No,No,Sí,NA,NA,NA,NA,30,La mitad,NA,No,2023
20,Sí,Sí,No,No,No,Sí,No,Sí,NA,NA,NA,NA,30,La mayor parte,NA,Sí,2023
44,Sí,Sí,No,No,No,No,No,Sí,NA,NA,NA,NA,35,Toda,NA,Sí,2023
71,No,No,No,No,No,No,NA,NA,NA,NA,NA,NA,0,NA,Otro,No,2023
58,No,No,Sí,No,No,No,NA,NA,No,Sí,NA,NA,5,La mayor parte,NA,Sí,2023
59,Sí,Sí,No,Sí,No,No,No,Sí,NA,NA,No,Sí,30,Toda,NA,No,2023
31,No,No,No,No,No,No,NA,NA,NA,NA,NA,NA,0,NA,Prefiere otras actividades,No,2023
44,Sí,No,Sí,No,No,No,NA,NA,No,Sí,NA,NA,40,La mitad,NA,No,2023
43,Sí,Sí,No,No,No,No,No,Sí,NA,NA,NA,NA,60,La mayor parte,NA,Sí,2023
72,No,Sí,No,No,No,No,No,Sí,NA,NA,NA,NA,15,Poca,NA,No,2023
27,No,No,Sí,No,No,Sí,NA,NA,No,Sí,NA,NA,20,La mitad,NA,No,2023
47,No,No,No,No,No,No,NA,NA,NA,NA,NA,NA,0,NA,Falta de interés/gusto,No,2023
26,No,No,No,No,No,No,NA,NA,NA,NA,NA,NA,0,NA,Falta de tiempo,Sí,2023
24,Sí,Sí,Sí,No,No,Sí,No,Sí,No,Sí,NA,NA,40,Toda,NA,Sí,2023
38,No,No,No,No,No,No,NA,NA,NA,NA,NA,NA,0,NA,Falta de interés/gusto,Sí,2023
47,No,No,No,No,No,No,NA,NA,NA,NA,NA,NA,0,NA,Falta de interés/gusto,No,2023
40,Sí,Sí,Sí,No,No,No,No,Sí,No,Sí,NA,NA,40,Toda,NA,No,2023
43,No,Sí,No,No,No,No,No,Sí,NA,NA,NA,NA,20,La mitad,NA,Sí,2023
38,No,Sí,No,No,No,No,No,Sí,NA,NA,NA,NA,15,La mitad,NA,No,2023
37,No,No,No,No,No,No,NA,NA,NA,NA,NA,NA,0,NA,Falta de tiempo,Sí,2023
37,No,No,No,No,No,No,NA,NA,NA,NA,NA,NA,0,NA,Falta de tiempo,No,2023
26,Sí,Sí,No,No,No,No,No,Sí,NA,NA,NA,NA,25,La mayor parte,NA,Sí,2023
33,Sí,Sí,No,No,No,No,No,Sí,NA,NA,NA,NA,30,La mayor parte,NA,Sí,2023
28,Sí,Sí,No,No,No,No,No,Sí,NA,NA,NA,NA,120,La mayor parte,NA,No,2023
37,Sí,Sí,No,No,No,No,Sí,No,NA,NA,NA,NA,60,La mayor parte,NA,Sí,2023
59,Sí,Sí,No,No,No,Sí,No,Sí,NA,NA,NA,NA,180,Toda,NA,Sí,2023
21,Sí,Sí,No,No,No,Sí,No,Sí,NA,NA,NA,NA,35,La mayor parte,NA,Sí,2023
72,No,No,No,No,No,No,NA,NA,NA,NA,NA,NA,0,NA,Problemas de salud,No,2023
46,Sí,Sí,No,No,No,Sí,No,Sí,NA,NA,NA,NA,35,La mayor parte,NA,Sí,2023
32,No,No,No,No,No,No,NA,NA,NA,NA,NA,NA,0,NA,Prefiere otras actividades,Sí,2023
57,No,No,No,No,No,No,NA,NA,NA,NA,NA,NA,0,NA,Falta de tiempo,No,2023
70,No,No,No,No,No,No,NA,NA,NA,NA,NA,NA,0,NA,Problemas de salud,No,2023
50,Sí,Sí,No,No,No,Sí,Sí,No,NA,NA,NA,NA,25,La mayor parte,NA,No,2023
44,No,No,No,No,No,No,NA,NA,NA,NA,NA,NA,0,NA,Falta de tiempo,No,2023
49,Sí,Sí,No,No,No,No,No,Sí,NA,NA,NA,NA,30,La mayor parte,NA,No recuerda,2023
39,No,No,No,No,No,No,NA,NA,NA,NA,NA,NA,0,NA,Falta de dinero,Sí,2023
27,Sí,Sí,No,No,No,No,Sí,No,NA,NA,NA,NA,90,Toda,NA,Sí,2023
64,Sí,Sí,No,No,No,No,No,Sí,NA,NA,NA,NA,30,La mayor parte,NA,Sí,2023
63,Sí,Sí,No,No,No,Sí,No,Sí,NA,NA,NA,NA,30,La mayor parte,NA,Sí,2023
50,Sí,Sí,No,No,No,Sí,Sí,Sí,NA,NA,NA,NA,240,La mayor parte,NA,Sí,2023
63,Sí,Sí,Sí,No,No,No,No,Sí,No,Sí,NA,NA,30,Poca,NA,No,2023
38,No,No,No,No,No,Sí,NA,NA,NA,NA,NA,NA,10,La mitad,NA,No,2023
47,No,No,No,No,No,No,NA,NA,NA,NA,NA,NA,0,NA,Falta de tiempo,No,2023
48,Sí,Sí,No,Sí,No,Sí,No,Sí,NA,NA,No,Sí,120,La mayor parte,NA,Sí,2023
45,Sí,Sí,No,Sí,No,Sí,No,Sí,NA,NA,Sí,No,30,La mayor parte,NA,Sí,2023
37,No,No,Sí,Sí,No,Sí,NA,NA,No,Sí,No,Sí,30,La mayor parte,NA,Sí,2023
59,No,No,No,No,No,No,NA,NA,NA,NA,NA,NA,0,NA,Falta de tiempo,Sí,2023
21,Sí,Sí,No,No,No,Sí,Sí,Sí,NA,NA,NA,NA,20,La mitad,NA,Sí,2023
26,Sí,Sí,No,No,No,Sí,No,Sí,NA,NA,NA,NA,45,Toda,NA,No,2023
68,Sí,Sí,No,Sí,No,No,No,Sí,NA,NA,No,Sí,20,La mitad,NA,Sí,2023
78,Sí,No,Sí,No,No,No,NA,NA,No,Sí,NA,NA,30,La mitad,NA,No,2023
63,No,No,No,No,No,No,NA,NA,NA,NA,NA,NA,0,NA,Falta de interés/gusto,Sí,2023
72,Sí,No,Sí,No,No,No,NA,NA,No,Sí,NA,NA,15,La mitad,NA,No,2023
72,NA,NA,NA,NA,NA,NA,NA,NA,NA,NA,NA,NA,0,NA,NA,NA,2023
65,No,No,No,No,No,No,NA,NA,NA,NA,NA,NA,0,NA,Prefiere otras actividades,No,2023
47,No,No,No,No,No,No,NA,NA,NA,NA,NA,NA,0,NA,Falta de interés/gusto,No,2023
25,No,No,No,No,No,Sí,NA,NA,NA,NA,NA,NA,30,Poca,NA,No,2023
24,Sí,Sí,No,No,No,Sí,Sí,No,NA,NA,NA,NA,60,La mayor parte,NA,Sí,2023
47,No,No,No,No,No,No,NA,NA,NA,NA,NA,NA,0,NA,Falta de tiempo,Sí,2023
37,No,No,No,No,No,Sí,NA,NA,NA,NA,NA,NA,15,La mitad,NA,Sí,2023
37,No,Sí,No,No,No,Sí,No,Sí,NA,NA,NA,NA,30,La mayor parte,NA,Sí,2023
38,No,No,No,No,No,No,NA,NA,NA,NA,NA,NA,0,NA,Falta de tiempo,No,2023
53,No,No,Sí,No,No,No,NA,NA,No,Sí,NA,NA,10,La mayor parte,NA,Sí,2023
79,Sí,Sí,No,No,No,No,No,Sí,NA,NA,NA,NA,30,Toda,NA,Sí,2023
30,No,No,No,No,No,No,NA,NA,NA,NA,NA,NA,0,NA,Falta de tiempo,Sí,2023
73,Sí,No,No,No,No,No,NA,NA,NA,NA,NA,NA,0,NA,Problemas de salud,No,2023
57,No,No,No,No,No,No,NA,NA,NA,NA,NA,NA,0,NA,Falta de tiempo,Sí,2023
32,Sí,Sí,No,No,No,Sí,No,Sí,NA,NA,NA,NA,20,La mayor parte,NA,Sí,2023
44,No,No,No,No,No,No,NA,NA,NA,NA,NA,NA,0,NA,Falta de tiempo,Sí,2023
71,No,No,No,No,No,No,NA,NA,NA,NA,NA,NA,0,NA,Problemas de salud,No,2023
22,No,No,No,No,No,No,NA,NA,NA,NA,NA,NA,0,NA,Falta de tiempo,No,2023
61,Sí,No,Sí,No,No,No,NA,NA,No,Sí,NA,NA,15,La mayor parte,NA,Sí,2023
55,Sí,Sí,No,No,No,No,No,Sí,NA,NA,NA,NA,30,La mayor parte,NA,Sí,2023
51,Sí,Sí,No,No,No,No,No,Sí,NA,NA,NA,NA,90,Toda,NA,Sí,2023
33,Sí,Sí,No,No,No,No,Sí,No,NA,NA,NA,NA,30,Toda,NA,Sí,2023
46,Sí,No,No,Sí,No,No,NA,NA,NA,NA,No,Sí,20,La mayor parte,NA,No,2023
33,No,No,No,No,No,No,NA,NA,NA,NA,NA,NA,0,NA,Falta de tiempo,No,2023
32,Sí,Sí,No,No,No,No,Sí,Sí,NA,NA,NA,NA,120,La mayor parte,NA,Sí,2023
61,No,Sí,No,No,No,No,No,Sí,NA,NA,NA,NA,30,La mayor parte,NA,No,2023
41,No,Sí,No,No,No,No,No,Sí,NA,NA,NA,NA,20,La mayor parte,NA,Sí,2023
42,No,No,No,No,No,No,NA,NA,NA,NA,NA,NA,0,NA,Falta de interés/gusto,Sí,2023
66,No,Sí,No,No,No,No,No,Sí,NA,NA,NA,NA,20,La mayor parte,NA,No,2023
48,No,No,No,No,No,No,NA,NA,NA,NA,NA,NA,0,NA,Falta de tiempo,Sí,2023
55,No,No,No,No,No,No,NA,NA,NA,NA,NA,NA,0,NA,Falta de interés/gusto,No,2023
39,Sí,Sí,No,No,No,No,No,Sí,NA,NA,NA,NA,30,La mayor parte,NA,Sí,2023
77,No,No,No,No,No,No,NA,NA,NA,NA,NA,NA,0,NA,Problemas de salud,No,2023
68,Sí,No,No,Sí,No,No,NA,NA,NA,NA,No,Sí,20,La mayor parte,NA,No,2023
57,Sí,Sí,No,No,No,Sí,Sí,Sí,NA,NA,NA,NA,120,Toda,NA,Sí,2023
78,Sí,Sí,Sí,No,No,No,No,Sí,No,Sí,NA,NA,60,La mitad,NA,No,2023
58,Sí,Sí,No,No,No,No,No,Sí,NA,NA,NA,NA,30,La mayor parte,NA,Sí,2023
26,Sí,Sí,No,No,No,Sí,Sí,Sí,NA,NA,NA,NA,30,La mayor parte,NA,Sí,2023
36,Sí,Sí,No,No,No,No,No,Sí,NA,NA,NA,NA,20,La mitad,NA,No,2023
38,Sí,Sí,No,No,No,No,No,Sí,NA,NA,NA,NA,60,Toda,NA,Sí,2023
70,Sí,Sí,No,No,No,No,No,Sí,NA,NA,NA,NA,20,La mayor parte,NA,Sí,2023
22,Sí,No,No,No,No,Sí,NA,NA,NA,NA,NA,NA,15,La mayor parte,NA,No,2023
63,No,No,No,No,No,No,NA,NA,NA,NA,NA,NA,0,NA,Falta de tiempo,Sí,2023
44,Sí,Sí,No,No,No,No,No,Sí,NA,NA,NA,NA,60,La mayor parte,NA,Sí,2023
65,No,No,No,No,No,No,NA,NA,NA,NA,NA,NA,0,NA,Falta de tiempo,No,2023
36,Sí,Sí,Sí,Sí,No,Sí,No,Sí,Sí,No,Sí,No,180,La mayor parte,NA,Sí,2023
44,Sí,Sí,Sí,No,No,Sí,No,Sí,No,Sí,NA,NA,120,La mayor parte,NA,Sí,2023
27,Sí,Sí,No,No,Sí,Sí,Sí,No,NA,NA,NA,NA,20,Poca,NA,Sí,2023
26,Sí,Sí,No,No,No,Sí,No,Sí,NA,NA,NA,NA,30,La mitad,NA,Sí,2023
29,No,No,No,No,No,No,NA,NA,NA,NA,NA,NA,0,NA,Falta de tiempo,No,2023
41,Sí,Sí,No,No,No,No,No,Sí,NA,NA,NA,NA,30,La mitad,NA,No,2023
48,Sí,Sí,No,No,No,No,No,Sí,NA,NA,NA,NA,30,La mayor parte,NA,No,2023
21,Sí,Sí,No,No,No,No,No,Sí,NA,NA,NA,NA,30,La mayor parte,NA,Sí,2023
27,Sí,Sí,No,No,Sí,Sí,No,Sí,NA,NA,NA,NA,20,Toda,NA,Sí,2023
46,No,No,No,No,No,No,NA,NA,NA,NA,NA,NA,0,NA,Falta de tiempo,Sí,2023
65,Sí,Sí,Sí,No,No,No,No,Sí,Sí,No,NA,NA,60,Toda,NA,Sí,2023
27,No,No,No,No,No,No,NA,NA,NA,NA,NA,NA,0,NA,Falta de interés/gusto,Sí,2023
46,Sí,No,No,No,No,Sí,NA,NA,NA,NA,NA,NA,20,La mayor parte,NA,No recuerda,2023
42,Sí,Sí,No,Sí,No,Sí,No,Sí,NA,NA,No,Sí,40,Toda,NA,No recuerda,2023
85,No,No,No,No,No,No,NA,NA,NA,NA,NA,NA,0,NA,Problemas de salud,No recuerda,2023
29,Sí,No,No,Sí,No,No,NA,NA,NA,NA,No,Sí,30,La mayor parte,NA,Sí,2023
26,Sí,Sí,No,No,No,No,No,Sí,NA,NA,NA,NA,20,La mayor parte,NA,Sí,2023
36,No,No,No,No,No,No,NA,NA,NA,NA,NA,NA,0,NA,Falta de tiempo,No recuerda,2023
47,Sí,No,No,No,No,Sí,NA,NA,NA,NA,NA,NA,40,Toda,NA,Sí,2023
59,No,No,No,No,No,No,NA,NA,NA,NA,NA,NA,0,NA,Falta de tiempo,No recuerda,2023
38,Sí,No,No,Sí,No,No,NA,NA,NA,NA,No,Sí,30,La mayor parte,NA,Sí,2023
41,Sí,No,No,No,No,Sí,NA,NA,NA,NA,NA,NA,40,Toda,NA,Sí,2023
63,Sí,No,No,No,No,Sí,NA,NA,NA,NA,NA,NA,30,La mitad,NA,No,2023
38,Sí,Sí,No,No,No,Sí,Sí,No,NA,NA,NA,NA,20,La mayor parte,NA,No,2023
31,No,No,No,No,No,No,NA,NA,NA,NA,NA,NA,0,NA,Falta de tiempo,No,2023
48,No,No,No,No,No,No,NA,NA,NA,NA,NA,NA,0,NA,Falta de tiempo,No,2023
87,NA,NA,NA,NA,NA,NA,NA,NA,NA,NA,NA,NA,0,NA,NA,NA,2023
28,Sí,No,No,Sí,No,No,NA,NA,NA,NA,No,Sí,30,La mayor parte,NA,Sí,2023
38,Sí,No,Sí,No,No,No,NA,NA,No,Sí,NA,NA,60,La mayor parte,NA,Sí,2023
39,No,No,No,No,No,No,NA,NA,NA,NA,NA,NA,0,NA,Falta de tiempo,No,2023
37,No,No,No,No,No,No,NA,NA,NA,NA,NA,NA,0,NA,Falta de tiempo,Sí,2023
64,Sí,Sí,Sí,Sí,No,Sí,No,Sí,No,Sí,No,Sí,30,La mitad,NA,No,2023
32,Sí,Sí,Sí,No,No,Sí,Sí,No,No,Sí,NA,NA,40,La mitad,NA,Sí,2023
65,Sí,No,No,Sí,No,No,NA,NA,NA,NA,No,Sí,30,La mayor parte,NA,No,2023
25,Sí,Sí,Sí,No,No,Sí,No,Sí,No,Sí,NA,NA,60,Toda,NA,Sí,2023
20,No,No,No,No,No,No,NA,NA,NA,NA,NA,NA,0,NA,Falta de tiempo,No,2023
24,Sí,No,No,Sí,Sí,Sí,NA,NA,NA,NA,No,Sí,25,La mayor parte,NA,Sí,2023
32,Sí,Sí,No,No,No,Sí,No,Sí,NA,NA,NA,NA,40,La mayor parte,NA,Sí,2023
32,Sí,No,Sí,No,Sí,No,NA,NA,No,Sí,NA,NA,10,Toda,NA,No,2023
57,No,No,No,No,No,No,NA,NA,NA,NA,NA,NA,0,NA,Falta de tiempo,Sí,2023
36,Sí,Sí,Sí,No,No,Sí,No,Sí,No,Sí,NA,NA,30,La mayor parte,NA,Sí,2023
60,No,No,No,No,No,No,NA,NA,NA,NA,NA,NA,0,NA,Otro,No,2023
21,No,No,No,No,No,No,NA,NA,NA,NA,NA,NA,0,NA,Falta de tiempo,Sí,2023
18,Sí,No,Sí,No,No,Sí,NA,NA,Sí,No,NA,NA,30,La mayor parte,NA,Sí,2023
31,Sí,Sí,Sí,No,No,Sí,Sí,No,No,Sí,NA,NA,60,La mayor parte,NA,Sí,2023
68,No,No,No,No,No,No,NA,NA,NA,NA,NA,NA,0,NA,Falta de tiempo,Sí,2023
52,Sí,Sí,No,No,No,No,No,Sí,NA,NA,NA,NA,20,La mitad,NA,Sí,2023
67,Sí,No,Sí,No,No,No,NA,NA,No,Sí,NA,NA,20,Poca,NA,No,2023
51,Sí,Sí,No,No,No,Sí,No,Sí,NA,NA,NA,NA,20,La mayor parte,NA,No,2023
55,Sí,No,No,No,No,Sí,NA,NA,NA,NA,NA,NA,60,La mayor parte,NA,Sí,2023
26,Sí,Sí,No,Sí,No,Sí,Sí,No,NA,NA,Sí,No,20,La mayor parte,NA,Sí,2023
24,Sí,Sí,Sí,No,No,No,No,Sí,No,Sí,NA,NA,20,La mitad,NA,No,2023
52,Sí,No,No,No,No,Sí,NA,NA,NA,NA,NA,NA,60,La mayor parte,NA,Sí,2023
56,No,No,No,No,No,No,NA,NA,NA,NA,NA,NA,0,NA,Prefiere otras actividades,No recuerda,2023
31,No,No,No,No,No,No,NA,NA,NA,NA,NA,NA,0,NA,Prefiere otras actividades,No,2023
36,No,No,No,No,No,No,NA,NA,NA,NA,NA,NA,0,NA,Prefiere otras actividades,No,2023
19,Sí,Sí,No,No,No,No,No,Sí,NA,NA,NA,NA,20,La mitad,NA,No,2023
66,No,No,No,No,No,No,NA,NA,NA,NA,NA,NA,0,NA,Prefiere otras actividades,Sí,2023
79,Sí,Sí,No,No,No,No,No,Sí,NA,NA,NA,NA,30,La mitad,NA,No,2023
40,No,No,No,No,No,No,NA,NA,NA,NA,NA,NA,0,NA,Falta de dinero,No,2023
71,No,No,No,No,No,No,NA,NA,NA,NA,NA,NA,0,NA,Prefiere otras actividades,Sí,2023
68,No,No,No,No,No,No,NA,NA,NA,NA,NA,NA,0,NA,Falta de tiempo,Sí,2023
35,Sí,No,Sí,No,Sí,No,NA,NA,No,Sí,NA,NA,30,La mitad,NA,No,2023
48,No,No,No,No,No,No,NA,NA,NA,NA,NA,NA,0,NA,Falta de tiempo,No,2023
41,Sí,Sí,No,No,No,No,No,Sí,NA,NA,NA,NA,30,La mayor parte,NA,Sí,2023
72,No,No,No,No,No,No,NA,NA,NA,NA,NA,NA,0,NA,Falta de interés/gusto,No,2023
62,No,No,No,No,No,No,NA,NA,NA,NA,NA,NA,0,NA,Prefiere otras actividades,No,2023
44,Sí,Sí,No,No,No,Sí,No,Sí,NA,NA,NA,NA,60,Toda,NA,Sí,2023
67,Sí,No,No,Sí,No,Sí,NA,NA,NA,NA,No,Sí,20,Toda,NA,Sí,2023
51,Sí,Sí,No,Sí,No,No,Sí,No,NA,NA,No,Sí,30,La mitad,NA,Sí,2023
76,NA,NA,NA,NA,NA,NA,NA,NA,NA,NA,NA,NA,0,NA,NA,NA,2023
56,No,No,No,No,No,No,NA,NA,NA,NA,NA,NA,0,NA,Falta de tiempo,No,2023
73,No,No,No,No,No,No,NA,NA,NA,NA,NA,NA,0,NA,Problemas de salud,No,2023
45,Sí,No,Sí,No,No,No,NA,NA,Sí,Sí,NA,NA,60,La mayor parte,NA,Sí,2023
37,Sí,No,Sí,No,No,No,NA,NA,No,Sí,NA,NA,20,La mayor parte,NA,No recuerda,2023
53,Sí,Sí,No,No,Sí,No,No,Sí,NA,NA,NA,NA,30,La mitad,NA,Sí,2023
65,Sí,No,No,No,No,Sí,NA,NA,NA,NA,NA,NA,10,Poca,NA,No,2023
25,Sí,Sí,No,Sí,Sí,Sí,No,Sí,NA,NA,Sí,No,30,La mayor parte,NA,Sí,2023
31,No,No,No,No,No,No,NA,NA,NA,NA,NA,NA,0,NA,Prefiere otras actividades,No recuerda,2023
53,Sí,No,No,No,No,Sí,NA,NA,NA,NA,NA,NA,40,Toda,NA,Sí,2023
57,NA,NA,NA,NA,NA,NA,NA,NA,NA,NA,NA,NA,0,NA,NA,NA,2023
48,No,No,No,No,No,No,NA,NA,NA,NA,NA,NA,0,NA,Falta de tiempo,No recuerda,2023
57,Sí,No,No,Sí,No,No,NA,NA,NA,NA,No,Sí,30,La mayor parte,NA,Sí,2023
50,No,No,No,No,No,No,NA,NA,NA,NA,NA,NA,0,NA,Prefiere otras actividades,No,2023
32,No,No,No,No,No,No,NA,NA,NA,NA,NA,NA,0,NA,Falta de tiempo,No,2023
28,Sí,No,No,No,No,Sí,NA,NA,NA,NA,NA,NA,20,Poca,NA,Sí,2023
74,No,No,No,No,No,No,NA,NA,NA,NA,NA,NA,0,NA,Problemas de salud,No,2023
44,Sí,Sí,Sí,No,Sí,No,No,Sí,No,Sí,NA,NA,10,La mayor parte,NA,Sí,2023
65,No,No,No,No,No,No,NA,NA,NA,NA,NA,NA,0,NA,Falta de tiempo,No,2023
60,No,No,No,No,No,No,NA,NA,NA,NA,NA,NA,0,NA,Prefiere otras actividades,Sí,2023
35,No,No,No,No,No,No,NA,NA,NA,NA,NA,NA,0,NA,Falta de interés/gusto,No,2023
49,Sí,No,No,No,No,Sí,NA,NA,NA,NA,NA,NA,20,Toda,NA,No,2023
41,No,No,No,No,No,No,NA,NA,NA,NA,NA,NA,0,NA,Falta de tiempo,Sí,2023
48,Sí,Sí,Sí,No,No,Sí,Sí,Sí,Sí,Sí,NA,NA,30,Toda,NA,Sí,2023
28,No,No,No,No,No,No,NA,NA,NA,NA,NA,NA,0,NA,Prefiere otras actividades,No recuerda,2023
26,No,No,No,No,No,No,NA,NA,NA,NA,NA,NA,0,NA,Falta de tiempo,Sí,2023
75,Sí,No,No,Sí,No,No,NA,NA,NA,NA,No,Sí,20,Toda,NA,Sí,2023
63,No,No,No,No,No,No,NA,NA,NA,NA,NA,NA,0,NA,Falta de interés/gusto,No,2023
64,Sí,No,No,Sí,No,Sí,NA,NA,NA,NA,No,Sí,30,La mitad,NA,Sí,2023
38,No,No,No,No,No,No,NA,NA,NA,NA,NA,NA,0,NA,Falta de tiempo,Sí,2023
31,Sí,Sí,Sí,No,No,No,No,Sí,No,Sí,NA,NA,20,La mayor parte,NA,Sí,2023
21,Sí,Sí,Sí,No,No,Sí,Sí,No,No,Sí,NA,NA,30,La mayor parte,NA,Sí,2023
60,No,No,No,No,No,No,NA,NA,NA,NA,NA,NA,0,NA,Prefiere otras actividades,No,2023
43,Sí,Sí,No,No,No,No,No,Sí,NA,NA,NA,NA,30,La mayor parte,NA,Sí,2023
59,No,No,No,No,No,No,NA,NA,NA,NA,NA,NA,0,NA,Falta de interés/gusto,No,2023
34,Sí,No,No,Sí,Sí,Sí,NA,NA,NA,NA,No,Sí,40,La mayor parte,NA,Sí,2023
41,Sí,Sí,No,No,No,Sí,Sí,Sí,NA,NA,NA,NA,20,La mayor parte,NA,No,2023
51,No,No,No,No,No,No,NA,NA,NA,NA,NA,NA,0,NA,Falta de tiempo,No recuerda,2023
54,NA,NA,NA,NA,NA,NA,NA,NA,NA,NA,NA,NA,0,NA,NA,NA,2023
69,Sí,Sí,No,No,No,No,No,Sí,NA,NA,NA,NA,60,La mayor parte,NA,No,2023
31,Sí,Sí,No,No,No,No,No,Sí,NA,NA,NA,NA,30,La mayor parte,NA,Sí,2023
33,No,No,No,No,No,No,NA,NA,NA,NA,NA,NA,0,NA,Falta de interés/gusto,Sí,2023
77,No,No,No,No,No,No,NA,NA,NA,NA,NA,NA,0,NA,Problemas de salud,No,2023
82,No,No,No,No,No,No,NA,NA,NA,NA,NA,NA,0,NA,Problemas de salud,No,2023
37,No,No,No,No,No,No,NA,NA,NA,NA,NA,NA,0,NA,Falta de tiempo,No,2023
64,No,No,No,No,No,No,NA,NA,NA,NA,NA,NA,0,NA,Problemas de salud,No,2023
19,Sí,Sí,No,No,No,No,No,Sí,NA,NA,NA,NA,60,La mayor parte,NA,Sí,2023
69,Sí,Sí,No,No,No,No,No,Sí,NA,NA,NA,NA,40,La mayor parte,NA,No,2023
54,NA,NA,NA,NA,NA,NA,NA,NA,NA,NA,NA,NA,0,NA,NA,NA,2023
54,Sí,Sí,No,No,No,No,No,Sí,NA,NA,NA,NA,60,La mayor parte,NA,Sí,2023
29,Sí,Sí,No,No,No,Sí,Sí,No,NA,NA,NA,NA,60,La mayor parte,NA,Sí,2023
72,Sí,Sí,No,No,No,Sí,No,Sí,NA,NA,NA,NA,120,La mayor parte,NA,Sí,2023
65,Sí,Sí,No,Sí,No,No,Sí,No,NA,NA,No,Sí,40,La mayor parte,NA,Sí,2023
57,Sí,Sí,No,No,No,Sí,Sí,No,NA,NA,NA,NA,120,Toda,NA,No,2023
64,NA,NA,NA,NA,NA,NA,NA,NA,NA,NA,NA,NA,0,NA,NA,NA,2023
36,Sí,Sí,Sí,No,No,Sí,No,Sí,Sí,No,NA,NA,60,Toda,NA,Sí,2023
18,No,No,No,No,No,No,NA,NA,NA,NA,NA,NA,0,NA,Falta de tiempo,No,2023
18,Sí,Sí,No,No,No,Sí,No,Sí,NA,NA,NA,NA,120,Toda,NA,Sí,2023
40,Sí,Sí,No,Sí,No,Sí,No,Sí,NA,NA,Sí,No,30,La mayor parte,NA,Sí,2023
44,No,No,No,No,No,No,NA,NA,NA,NA,NA,NA,0,NA,Falta de interés/gusto,No,2023
72,No,No,No,No,No,No,NA,NA,NA,NA,NA,NA,0,NA,Falta de tiempo,No,2023
46,No,No,No,No,No,No,NA,NA,NA,NA,NA,NA,0,NA,Prefiere otras actividades,Sí,2023
60,Sí,No,No,No,No,Sí,NA,NA,NA,NA,NA,NA,30,Toda,NA,No,2023
49,No,No,No,No,No,No,NA,NA,NA,NA,NA,NA,0,NA,Falta de interés/gusto,No,2023
47,No,No,No,No,No,No,NA,NA,NA,NA,NA,NA,0,NA,Prefiere otras actividades,No,2023
21,Sí,Sí,No,No,No,Sí,No,Sí,NA,NA,NA,NA,120,La mayor parte,NA,Sí,2023
23,No,No,No,No,No,No,NA,NA,NA,NA,NA,NA,0,NA,Falta de tiempo,No,2023
29,No,No,No,No,No,No,NA,NA,NA,NA,NA,NA,0,NA,Prefiere otras actividades,Sí,2023
58,No,No,No,No,No,No,NA,NA,NA,NA,NA,NA,0,NA,Falta de tiempo,No,2023
63,Sí,Sí,No,Sí,No,Sí,Sí,No,NA,NA,Sí,No,45,La mayor parte,NA,Sí,2023
35,Sí,Sí,No,No,No,Sí,Sí,Sí,NA,NA,NA,NA,30,La mayor parte,NA,Sí,2023
42,No,No,No,No,No,No,NA,NA,NA,NA,NA,NA,0,NA,Falta de tiempo,Sí,2023
21,Sí,No,No,No,Sí,Sí,NA,NA,NA,NA,NA,NA,60,Toda,NA,Sí,2023
48,Sí,Sí,No,No,No,Sí,No,Sí,NA,NA,NA,NA,40,La mayor parte,NA,No,2023
45,No,No,No,No,No,No,NA,NA,NA,NA,NA,NA,0,NA,Falta de tiempo,Sí,2023
57,Sí,Sí,Sí,No,Sí,Sí,Sí,No,No,Sí,NA,NA,30,Toda,NA,Sí,2023
29,No,No,No,No,No,No,NA,NA,NA,NA,NA,NA,0,NA,Falta de interés/gusto,No,2023
36,No,No,No,No,No,No,NA,NA,NA,NA,NA,NA,0,NA,Falta de tiempo,Sí,2023
35,Sí,No,Sí,No,No,No,NA,NA,No,Sí,NA,NA,30,La mitad,NA,No,2023
86,NA,NA,NA,NA,NA,NA,NA,NA,NA,NA,NA,NA,0,NA,NA,NA,2023
43,No,No,No,No,No,No,NA,NA,NA,NA,NA,NA,0,NA,Falta de interés/gusto,No,2023
55,No,No,No,No,No,No,NA,NA,NA,NA,NA,NA,0,NA,Falta de tiempo,No,2023
31,Sí,No,No,No,No,Sí,NA,NA,NA,NA,NA,NA,30,La mitad,NA,Sí,2023
44,Sí,Sí,No,No,No,No,Sí,No,NA,NA,NA,NA,90,La mitad,NA,Sí,2023
49,Sí,Sí,No,No,No,Sí,No,Sí,NA,NA,NA,NA,30,La mayor parte,NA,No,2023
60,Sí,No,No,No,No,No,NA,NA,NA,NA,NA,NA,0,NA,Prefiere otras actividades,No,2023
69,No,No,No,No,No,No,NA,NA,NA,NA,NA,NA,0,NA,Problemas de salud,Sí,2023
44,No,No,No,No,No,No,NA,NA,NA,NA,NA,NA,0,NA,Prefiere otras actividades,No,2023
38,Sí,Sí,Sí,No,No,Sí,No,Sí,No,Sí,NA,NA,20,Poca,NA,Sí,2023
68,Sí,Sí,Sí,No,No,No,No,Sí,No,Sí,NA,NA,60,La mitad,NA,No,2023
28,No,No,No,No,No,No,NA,NA,NA,NA,NA,NA,0,NA,Falta de interés/gusto,Sí,2023
64,No,No,No,No,No,No,NA,NA,NA,NA,NA,NA,0,NA,Falta de tiempo,No,2023
46,Sí,Sí,No,No,No,No,No,Sí,NA,NA,NA,NA,60,Toda,NA,Sí,2023
61,Sí,No,No,No,No,Sí,NA,NA,NA,NA,NA,NA,180,La mayor parte,NA,No,2023
40,Sí,Sí,No,No,No,Sí,No,Sí,NA,NA,NA,NA,120,Toda,NA,Sí,2023
62,Sí,Sí,No,No,No,Sí,No,Sí,NA,NA,NA,NA,30,La mayor parte,NA,No,2023
55,Sí,No,No,No,No,Sí,NA,NA,NA,NA,NA,NA,60,La mayor parte,NA,No,2023
56,Sí,Sí,No,No,No,No,No,Sí,NA,NA,NA,NA,30,La mayor parte,NA,No,2023
86,No,No,No,No,No,No,NA,NA,NA,NA,NA,NA,0,NA,Problemas de salud,No,2023
58,Sí,Sí,No,No,No,Sí,No,Sí,NA,NA,NA,NA,60,La mayor parte,NA,Sí,2023
65,No,No,No,No,No,No,NA,NA,NA,NA,NA,NA,0,NA,Falta de interés/gusto,No,2023
32,Sí,No,No,No,No,Sí,NA,NA,NA,NA,NA,NA,10,La mitad,NA,Sí,2023
58,No,No,No,No,No,No,NA,NA,NA,NA,NA,NA,0,NA,Falta de tiempo,No,2023
42,Sí,Sí,Sí,No,No,No,Sí,No,No,Sí,NA,NA,240,Toda,NA,Sí,2023
22,Sí,Sí,No,No,No,Sí,No,Sí,NA,NA,NA,NA,120,La mayor parte,NA,Sí,2023
40,Sí,Sí,Sí,Sí,No,No,No,Sí,No,Sí,No,Sí,40,Toda,NA,Sí,2023
57,Sí,Sí,No,No,No,No,No,Sí,NA,NA,NA,NA,60,Toda,NA,Sí,2023
34,Sí,Sí,No,No,No,No,No,Sí,NA,NA,NA,NA,180,Toda,NA,Sí,2023
19,Sí,Sí,No,No,No,Sí,No,Sí,NA,NA,NA,NA,60,La mayor parte,NA,Sí,2023
52,No,No,No,No,No,No,NA,NA,NA,NA,NA,NA,0,NA,Falta de tiempo,No,2023
38,Sí,No,No,No,No,No,NA,NA,NA,NA,NA,NA,0,NA,Prefiere otras actividades,Sí,2023
55,Sí,Sí,No,No,No,No,No,Sí,NA,NA,NA,NA,60,La mitad,NA,Sí,2023
32,Sí,No,No,No,No,Sí,NA,NA,NA,NA,NA,NA,30,La mayor parte,NA,Sí,2023
69,Sí,Sí,No,No,No,No,No,Sí,NA,NA,NA,NA,90,La mayor parte,NA,Sí,2023
49,Sí,No,No,No,No,No,NA,NA,NA,NA,NA,NA,0,NA,Falta de tiempo,Sí,2023
26,Sí,Sí,Sí,Sí,No,No,No,Sí,No,Sí,No,Sí,30,La mayor parte,NA,Sí,2023
48,No,No,No,No,No,No,NA,NA,NA,NA,NA,NA,0,NA,Falta de interés/gusto,Sí,2023
19,No,No,No,No,No,No,NA,NA,NA,NA,NA,NA,0,NA,Falta de tiempo,No,2023
56,No,No,No,No,No,No,NA,NA,NA,NA,NA,NA,0,NA,Falta de tiempo,No,2023
29,No,No,No,Sí,No,No,NA,NA,NA,NA,No,Sí,15,Toda,NA,Sí,2023
62,Sí,Sí,No,No,No,No,No,Sí,NA,NA,NA,NA,60,Toda,NA,Sí,2023
33,Sí,Sí,No,No,No,No,No,Sí,NA,NA,NA,NA,20,La mayor parte,NA,Sí,2023
54,Sí,Sí,No,No,No,No,No,Sí,NA,NA,NA,NA,30,La mayor parte,NA,No,2023
24,Sí,No,Sí,No,No,No,NA,NA,No,Sí,NA,NA,10,Toda,NA,Sí,2023
22,Sí,Sí,Sí,Sí,Sí,Sí,Sí,No,Sí,Sí,No,Sí,60,La mayor parte,NA,Sí,2023
68,Sí,Sí,Sí,No,No,Sí,Sí,No,No,Sí,NA,NA,240,La mayor parte,NA,Sí,2023
40,Sí,Sí,No,No,No,Sí,Sí,No,NA,NA,NA,NA,30,La mayor parte,NA,Sí,2023
27,Sí,No,No,No,No,Sí,NA,NA,NA,NA,NA,NA,5,La mayor parte,NA,Sí,2023
73,Sí,Sí,Sí,Sí,No,No,No,Sí,No,Sí,No,Sí,30,Toda,NA,No,2023
20,Sí,Sí,No,Sí,No,Sí,Sí,No,NA,NA,Sí,No,120,La mayor parte,NA,Sí,2023
45,No,Sí,No,No,No,No,No,Sí,NA,NA,NA,NA,5,La mitad,NA,No,2023
37,Sí,No,No,No,No,Sí,NA,NA,NA,NA,NA,NA,10,Toda,NA,No,2023
21,Sí,Sí,No,No,No,No,No,Sí,NA,NA,NA,NA,30,La mayor parte,NA,Sí,2023
32,Sí,Sí,No,No,No,Sí,No,Sí,NA,NA,NA,NA,30,Toda,NA,No,2023
35,Sí,Sí,No,No,Sí,Sí,No,Sí,NA,NA,NA,NA,30,La mitad,NA,Sí,2023
27,Sí,Sí,Sí,No,Sí,Sí,No,Sí,No,Sí,NA,NA,30,La mayor parte,NA,Sí,2023
67,NA,NA,NA,NA,NA,NA,NA,NA,NA,NA,NA,NA,0,NA,NA,NA,2023
25,Sí,No,Sí,Sí,No,No,NA,NA,No,Sí,No,Sí,60,La mayor parte,NA,Sí,2023
63,Sí,Sí,No,No,No,No,No,Sí,NA,NA,NA,NA,45,La mayor parte,NA,Sí,2023
51,No,No,No,No,No,No,NA,NA,NA,NA,NA,NA,0,NA,Falta de tiempo,Sí,2023
63,No,Sí,Sí,No,No,No,No,Sí,No,Sí,NA,NA,15,Poca,NA,No,2023
30,Sí,No,Sí,No,No,Sí,NA,NA,No,Sí,NA,NA,30,La mayor parte,NA,Sí,2023
52,Sí,No,No,No,No,Sí,NA,NA,NA,NA,NA,NA,10,La mayor parte,NA,Sí,2023
71,Sí,No,Sí,No,No,No,NA,NA,No,Sí,NA,NA,10,Toda,NA,No,2023
31,Sí,Sí,No,No,No,Sí,No,Sí,NA,NA,NA,NA,20,La mayor parte,NA,Sí,2023
41,No,No,No,No,No,No,NA,NA,NA,NA,NA,NA,0,NA,Falta de tiempo,No,2023
32,Sí,Sí,No,No,No,No,Sí,No,NA,NA,NA,NA,30,La mayor parte,NA,Sí,2023
66,No,No,No,No,No,No,NA,NA,NA,NA,NA,NA,0,NA,Prefiere otras actividades,No,2023
66,Sí,Sí,No,No,No,Sí,No,Sí,NA,NA,NA,NA,30,La mayor parte,NA,Sí,2023
59,No,No,No,No,No,No,NA,NA,NA,NA,NA,NA,0,NA,Prefiere otras actividades,No,2023
38,Sí,Sí,Sí,Sí,No,No,Sí,No,No,Sí,Sí,No,60,La mayor parte,NA,Sí,2023
40,Sí,Sí,No,No,No,Sí,No,Sí,NA,NA,NA,NA,30,La mayor parte,NA,Sí,2023
60,No,No,No,No,No,No,NA,NA,NA,NA,NA,NA,0,NA,Falta de tiempo,No,2023
38,No,No,No,No,No,No,NA,NA,NA,NA,NA,NA,0,NA,Falta de tiempo,No,2023
64,No,Sí,No,No,No,No,No,Sí,NA,NA,NA,NA,60,La mitad,NA,No,2023
48,No,No,No,No,No,No,NA,NA,NA,NA,NA,NA,0,NA,Falta de tiempo,No,2023
63,No,No,No,No,No,No,NA,NA,NA,NA,NA,NA,0,NA,Problemas de salud,No,2023
30,Sí,Sí,No,No,No,No,No,Sí,NA,NA,NA,NA,25,Toda,NA,Sí,2023
50,Sí,No,Sí,No,No,No,NA,NA,No,Sí,NA,NA,20,Toda,NA,Sí,2023
41,Sí,No,Sí,No,No,No,NA,NA,Sí,No,NA,NA,60,Toda,NA,Sí,2023
36,Sí,Sí,Sí,No,No,Sí,No,Sí,No,Sí,NA,NA,30,Toda,NA,Sí,2023
24,No,No,Sí,No,No,No,NA,NA,Sí,No,NA,NA,10,Toda,NA,Sí,2023
73,No,No,No,No,No,No,NA,NA,NA,NA,NA,NA,0,NA,Problemas de salud,No,2023
37,Sí,Sí,No,No,No,No,No,Sí,NA,NA,NA,NA,60,Toda,NA,Sí,2023
29,No,No,Sí,No,No,No,NA,NA,Sí,No,NA,NA,15,La mayor parte,NA,Sí,2023
23,Sí,Sí,Sí,No,No,Sí,Sí,No,Sí,No,NA,NA,60,Toda,NA,Sí,2023
32,Sí,Sí,No,No,No,No,No,Sí,NA,NA,NA,NA,20,La mitad,NA,No,2023
49,No,No,No,No,No,No,NA,NA,NA,NA,NA,NA,0,NA,Falta de tiempo,No,2023
68,Sí,Sí,No,No,No,No,No,Sí,NA,NA,NA,NA,40,La mitad,NA,No,2023
35,Sí,Sí,Sí,No,Sí,Sí,Sí,No,No,Sí,NA,NA,30,La mayor parte,NA,Sí,2023
70,Sí,Sí,No,No,No,No,No,Sí,NA,NA,NA,NA,30,La mayor parte,NA,Sí,2023
48,No,No,No,No,No,No,NA,NA,NA,NA,NA,NA,0,NA,Falta de tiempo,Sí,2023
65,No,No,No,No,No,No,NA,NA,NA,NA,NA,NA,0,NA,Problemas de salud,Sí,2023
69,No,No,No,No,No,No,NA,NA,NA,NA,NA,NA,0,NA,Problemas de salud,No,2023
67,Sí,Sí,No,No,No,Sí,No,Sí,NA,NA,NA,NA,60,La mayor parte,NA,Sí,2023
45,Sí,No,No,No,No,No,NA,NA,NA,NA,NA,NA,0,NA,Problemas de salud,Sí,2023
35,No,No,No,No,No,No,NA,NA,NA,NA,NA,NA,0,NA,Falta de interés/gusto,No,2023
57,NA,NA,NA,NA,NA,NA,NA,NA,NA,NA,NA,NA,0,NA,NA,NA,2023
40,No,No,No,No,No,No,NA,NA,NA,NA,NA,NA,0,NA,Falta de tiempo,No,2023
59,No,No,No,No,No,No,NA,NA,NA,NA,NA,NA,0,NA,Falta de tiempo,No,2023
51,No,No,No,No,No,No,NA,NA,NA,NA,NA,NA,0,NA,Falta de interés/gusto,No,2023
38,No,No,No,No,No,No,NA,NA,NA,NA,NA,NA,0,NA,Falta de tiempo,No,2023
26,Sí,Sí,No,No,No,Sí,No,Sí,NA,NA,NA,NA,30,La mayor parte,NA,Sí,2023
29,Sí,Sí,No,No,No,No,No,Sí,NA,NA,NA,NA,60,Toda,NA,Sí,2023
49,Sí,Sí,Sí,Sí,No,No,No,Sí,Sí,No,Sí,No,30,La mayor parte,NA,Sí,2023
38,Sí,Sí,Sí,No,No,No,No,Sí,No,Sí,NA,NA,40,Toda,NA,Sí,2023
62,Sí,No,No,No,No,No,NA,NA,NA,NA,NA,NA,0,NA,Falta de tiempo,No,2023
49,Sí,No,Sí,No,No,No,NA,NA,No,Sí,NA,NA,30,Toda,NA,No,2023
66,Sí,No,Sí,No,No,No,NA,NA,No,Sí,NA,NA,10,Toda,NA,Sí,2023
48,Sí,No,No,No,No,No,NA,NA,NA,NA,NA,NA,0,NA,Falta de tiempo,No recuerda,2023
34,Sí,No,Sí,No,No,No,NA,NA,No,Sí,NA,NA,30,La mayor parte,NA,Sí,2023
37,Sí,Sí,Sí,No,No,No,No,Sí,No,Sí,NA,NA,60,La mitad,NA,Sí,2023
59,Sí,Sí,Sí,No,No,Sí,No,Sí,No,Sí,NA,NA,120,La mayor parte,NA,Sí,2023
60,Sí,Sí,No,No,No,Sí,No,Sí,NA,NA,NA,NA,60,Toda,NA,No,2023
36,Sí,Sí,Sí,No,No,Sí,No,Sí,Sí,No,NA,NA,120,Toda,NA,Sí,2023
67,Sí,No,No,No,No,No,NA,NA,NA,NA,NA,NA,0,NA,Problemas de salud,No,2023
28,No,No,No,No,No,No,NA,NA,NA,NA,NA,NA,0,NA,Falta de tiempo,Sí,2023
21,No,No,No,No,No,No,NA,NA,NA,NA,NA,NA,0,NA,Prefiere otras actividades,Sí,2023
55,Sí,No,No,No,No,No,NA,NA,NA,NA,NA,NA,0,NA,Falta de tiempo,No,2023
53,No,No,No,No,No,No,NA,NA,NA,NA,NA,NA,0,NA,Problemas de salud,Sí,2023
76,Sí,Sí,No,No,No,No,No,Sí,NA,NA,NA,NA,15,La mitad,NA,Sí,2023
55,Sí,Sí,Sí,Sí,No,No,No,Sí,No,Sí,No,Sí,10,La mitad,NA,Sí,2023
41,Sí,No,No,No,No,Sí,NA,NA,NA,NA,NA,NA,480,Toda,NA,Sí,2023
80,Sí,Sí,Sí,No,No,No,No,Sí,No,Sí,NA,NA,60,La mitad,NA,No,2023
69,No,No,No,No,No,Sí,NA,NA,NA,NA,NA,NA,25,La mayor parte,NA,Sí,2023
68,Sí,Sí,Sí,Sí,Sí,No,No,Sí,No,Sí,No,Sí,15,La mitad,NA,Sí,2023
65,No,No,No,No,No,No,NA,NA,NA,NA,NA,NA,0,NA,Problemas de salud,No,2023
38,Sí,No,Sí,No,No,No,NA,NA,No,Sí,NA,NA,20,Toda,NA,No,2023
39,Sí,Sí,Sí,No,No,No,No,Sí,No,Sí,NA,NA,60,La mayor parte,NA,No,2023
50,Sí,No,Sí,Sí,No,No,NA,NA,No,Sí,No,Sí,120,Toda,NA,Sí,2023
33,No,No,No,No,No,Sí,NA,NA,NA,NA,NA,NA,15,La mayor parte,NA,Sí,2023
75,No,No,No,No,No,No,NA,NA,NA,NA,NA,NA,0,NA,Falta de interés/gusto,No,2023
41,No,No,No,No,No,No,NA,NA,NA,NA,NA,NA,0,NA,Falta de interés/gusto,Sí,2023
54,Sí,No,No,No,No,Sí,NA,NA,NA,NA,NA,NA,30,Toda,NA,No,2023
26,Sí,Sí,No,Sí,No,Sí,Sí,No,NA,NA,No,Sí,60,La mayor parte,NA,Sí,2023
47,Sí,Sí,No,Sí,No,No,Sí,No,NA,NA,No,Sí,40,Toda,NA,Sí,2023
60,No,No,No,No,No,No,NA,NA,NA,NA,NA,NA,0,NA,Falta de tiempo,No,2023
59,No,No,No,No,No,No,NA,NA,NA,NA,NA,NA,0,NA,Falta de interés/gusto,Sí,2023
50,No,No,No,No,No,No,NA,NA,NA,NA,NA,NA,0,NA,Falta de tiempo,No,2023
50,Sí,No,No,Sí,No,Sí,NA,NA,NA,NA,No,Sí,20,La mayor parte,NA,Sí,2023
27,Sí,Sí,No,No,No,No,No,Sí,NA,NA,NA,NA,30,La mayor parte,NA,Sí,2023
70,NA,NA,NA,NA,NA,NA,NA,NA,NA,NA,NA,NA,0,NA,NA,NA,2023
50,NA,NA,NA,NA,NA,NA,NA,NA,NA,NA,NA,NA,0,NA,NA,NA,2023
32,Sí,Sí,No,No,No,Sí,No,Sí,NA,NA,NA,NA,60,Toda,NA,Sí,2023
45,Sí,Sí,No,No,No,Sí,Sí,No,NA,NA,NA,NA,120,Toda,NA,Sí,2023
64,Sí,Sí,Sí,No,No,No,No,Sí,No,Sí,NA,NA,25,La mayor parte,NA,Sí,2023
32,Sí,No,No,Sí,No,No,NA,NA,NA,NA,No,Sí,15,Toda,NA,Sí,2023
66,Sí,Sí,Sí,No,No,Sí,No,Sí,No,Sí,NA,NA,30,La mayor parte,NA,Sí,2023
60,Sí,No,Sí,No,No,No,NA,NA,No,Sí,NA,NA,30,La mayor parte,NA,Sí,2023
46,No,No,No,No,No,No,NA,NA,NA,NA,NA,NA,0,NA,Falta de tiempo,No,2023
62,No,No,No,No,No,No,NA,NA,NA,NA,NA,NA,0,NA,Falta de tiempo,Sí,2023
50,Sí,Sí,Sí,Sí,No,No,Sí,No,No,Sí,No,Sí,60,Toda,NA,Sí,2023
37,Sí,No,No,No,No,Sí,NA,NA,NA,NA,NA,NA,5,La mitad,NA,Sí,2023
38,Sí,Sí,Sí,Sí,Sí,Sí,Sí,No,No,Sí,No,Sí,90,La mayor parte,NA,Sí,2023
26,Sí,No,No,No,No,Sí,NA,NA,NA,NA,NA,NA,240,La mayor parte,NA,Sí,2023
56,No,No,No,No,No,No,NA,NA,NA,NA,NA,NA,0,NA,Falta de tiempo,Sí,2023
44,No,No,No,Sí,No,No,NA,NA,NA,NA,No,Sí,20,La mayor parte,NA,No,2023
60,Sí,No,No,No,No,No,NA,NA,NA,NA,NA,NA,0,NA,Prefiere otras actividades,No,2023
44,Sí,Sí,No,Sí,No,Sí,No,Sí,NA,NA,No,Sí,60,La mayor parte,NA,Sí,2023
30,Sí,No,No,No,No,Sí,NA,NA,NA,NA,NA,NA,30,La mitad,NA,No,2023
48,Sí,Sí,No,Sí,No,Sí,No,Sí,NA,NA,No,Sí,30,Toda,NA,Sí,2023
49,No,No,No,No,No,Sí,NA,NA,NA,NA,NA,NA,60,La mayor parte,NA,Sí,2023
25,Sí,Sí,Sí,Sí,Sí,No,Sí,No,No,Sí,No,Sí,60,La mitad,NA,Sí,2023
18,Sí,Sí,Sí,Sí,Sí,Sí,No,Sí,No,Sí,No,Sí,60,La mayor parte,NA,Sí,2023
23,Sí,Sí,No,No,No,Sí,No,Sí,NA,NA,NA,NA,30,Poca,NA,Sí,2023
42,Sí,No,No,Sí,No,No,NA,NA,NA,NA,No,Sí,20,La mayor parte,NA,No,2023
29,Sí,Sí,No,No,No,Sí,No,Sí,NA,NA,NA,NA,60,La mayor parte,NA,No,2023
25,Sí,No,No,No,No,Sí,NA,NA,NA,NA,NA,NA,30,La mayor parte,NA,Sí,2023
58,Sí,Sí,No,Sí,No,Sí,Sí,Sí,NA,NA,Sí,No,180,Toda,NA,Sí,2023
56,No,No,No,No,No,No,NA,NA,NA,NA,NA,NA,0,NA,Falta de interés/gusto,Sí,2023
55,Sí,No,No,No,No,No,NA,NA,NA,NA,NA,NA,0,NA,Falta de interés/gusto,Sí,2023
34,Sí,Sí,No,No,No,No,No,Sí,NA,NA,NA,NA,40,Toda,NA,Sí,2023
21,Sí,No,No,No,No,Sí,NA,NA,NA,NA,NA,NA,30,Toda,NA,Sí,2023
31,Sí,Sí,Sí,No,No,Sí,Sí,No,Sí,No,NA,NA,60,La mayor parte,NA,Sí,2023
39,Sí,Sí,Sí,No,No,Sí,No,Sí,No,Sí,NA,NA,30,Toda,NA,Sí,2023
47,No,No,No,No,No,Sí,NA,NA,NA,NA,NA,NA,60,Poca,NA,No,2023
22,Sí,Sí,No,No,Sí,No,Sí,No,NA,NA,NA,NA,15,La mayor parte,NA,Sí,2023
24,No,No,Sí,Sí,No,No,NA,NA,No,Sí,No,Sí,15,La mayor parte,NA,Sí,2023
56,Sí,No,No,Sí,No,No,NA,NA,NA,NA,No,Sí,10,La mayor parte,NA,Sí,2023
28,Sí,Sí,No,No,Sí,Sí,No,Sí,NA,NA,NA,NA,15,La mayor parte,NA,Sí,2023
50,Sí,Sí,Sí,Sí,No,Sí,Sí,No,Sí,No,Sí,No,20,La mitad,NA,Sí,2023
57,Sí,No,Sí,Sí,No,No,NA,NA,No,Sí,No,Sí,8,La mayor parte,NA,Sí,2023
33,Sí,Sí,Sí,No,No,Sí,No,Sí,No,Sí,NA,NA,30,Toda,NA,Sí,2023
70,Sí,Sí,No,Sí,No,No,No,Sí,NA,NA,No,Sí,90,Toda,NA,No,2023
71,Sí,Sí,No,No,No,Sí,No,Sí,NA,NA,NA,NA,45,Toda,NA,Sí,2023
68,Sí,Sí,Sí,No,No,Sí,No,Sí,No,Sí,NA,NA,30,Toda,NA,Sí,2023
34,Sí,Sí,No,No,No,Sí,Sí,Sí,NA,NA,NA,NA,60,La mayor parte,NA,Sí,2023
56,Sí,No,No,No,No,No,NA,NA,NA,NA,NA,NA,0,NA,Falta de interés/gusto,No,2023
33,Sí,No,Sí,No,Sí,Sí,NA,NA,Sí,No,NA,NA,60,La mitad,NA,Sí,2023
62,No,No,No,No,No,No,NA,NA,NA,NA,NA,NA,0,NA,Falta de tiempo,No recuerda,2023
41,Sí,Sí,No,No,No,No,No,Sí,NA,NA,NA,NA,30,La mayor parte,NA,No,2023
40,Sí,Sí,No,No,Sí,Sí,Sí,No,NA,NA,NA,NA,40,La mayor parte,NA,No,2023
50,Sí,Sí,Sí,Sí,Sí,Sí,Sí,No,No,Sí,No,Sí,10,La mayor parte,NA,Sí,2023
47,No,No,Sí,No,No,No,NA,NA,No,Sí,NA,NA,30,La mitad,NA,No,2023
76,No,No,No,No,No,No,NA,NA,NA,NA,NA,NA,0,NA,Problemas de salud,No,2023
32,Sí,No,Sí,No,No,Sí,NA,NA,No,Sí,NA,NA,30,Toda,NA,Sí,2023
51,Sí,Sí,No,Sí,No,No,No,Sí,NA,NA,No,Sí,25,Toda,NA,Sí,2023
29,No,No,No,No,No,No,NA,NA,NA,NA,NA,NA,0,NA,Falta de tiempo,No,2023
43,No,No,No,No,No,No,NA,NA,NA,NA,NA,NA,0,NA,Falta de tiempo,No,2023
55,Sí,Sí,Sí,Sí,No,No,No,Sí,No,Sí,No,Sí,25,Toda,NA,No,2023
56,Sí,No,No,Sí,No,No,NA,NA,NA,NA,No,Sí,25,La mayor parte,NA,No,2023
28,No,No,No,No,No,No,NA,NA,NA,NA,NA,NA,0,NA,Falta de tiempo,No,2023
35,No,Sí,No,No,No,No,Sí,No,NA,NA,NA,NA,60,Toda,NA,Sí,2023
29,Sí,No,No,Sí,Sí,No,NA,NA,NA,NA,No,Sí,10,Toda,NA,Sí,2023
43,Sí,No,Sí,No,No,No,NA,NA,No,Sí,NA,NA,20,Toda,NA,Sí,2023
72,Sí,Sí,No,No,No,No,No,Sí,NA,NA,NA,NA,20,La mayor parte,NA,Sí,2023
44,Sí,Sí,No,No,No,No,No,Sí,NA,NA,NA,NA,30,La mayor parte,NA,Sí,2023
72,No,No,No,No,No,No,NA,NA,NA,NA,NA,NA,0,NA,Problemas de salud,Sí,2023
59,Sí,Sí,No,No,No,Sí,No,Sí,NA,NA,NA,NA,15,La mayor parte,NA,Sí,2023
55,Sí,No,Sí,Sí,No,No,NA,NA,No,Sí,No,Sí,30,La mayor parte,NA,No,2023
66,No,No,No,No,No,No,NA,NA,NA,NA,NA,NA,0,NA,Problemas de salud,No,2023
28,No,No,No,No,No,No,NA,NA,NA,NA,NA,NA,0,NA,Falta de interés/gusto,No,2023
27,Sí,Sí,Sí,Sí,No,Sí,Sí,No,No,Sí,No,Sí,45,Toda,NA,Sí,2023
45,No,No,No,No,No,No,NA,NA,NA,NA,NA,NA,0,NA,Falta de interés/gusto,No,2023
54,No,Sí,No,No,No,No,No,Sí,NA,NA,NA,NA,30,La mayor parte,NA,Sí,2023
49,No,No,No,Sí,No,No,NA,NA,NA,NA,No,Sí,10,La mayor parte,NA,No,2023
23,No,No,No,No,No,Sí,NA,NA,NA,NA,NA,NA,120,Toda,NA,Sí,2023
40,Sí,No,No,Sí,No,No,NA,NA,NA,NA,No,Sí,120,Toda,NA,No,2023
22,Sí,No,Sí,No,No,Sí,NA,NA,No,Sí,NA,NA,15,La mayor parte,NA,Sí,2023
56,Sí,Sí,No,No,No,No,No,Sí,NA,NA,NA,NA,30,La mayor parte,NA,No,2023
22,No,No,Sí,No,No,No,NA,NA,No,Sí,NA,NA,20,La mitad,NA,Sí,2023
38,No,No,No,No,No,No,NA,NA,NA,NA,NA,NA,0,NA,Falta de interés/gusto,No,2023
42,No,No,No,No,No,No,NA,NA,NA,NA,NA,NA,0,NA,Falta de tiempo,Sí,2023
20,Sí,No,Sí,No,No,Sí,NA,NA,Sí,No,NA,NA,10,La mayor parte,NA,Sí,2023
36,No,No,No,No,No,No,NA,NA,NA,NA,NA,NA,0,NA,Falta de interés/gusto,Sí,2023
59,No,No,No,No,No,No,NA,NA,NA,NA,NA,NA,0,NA,Otro,No,2023
41,Sí,Sí,No,No,No,Sí,No,Sí,NA,NA,NA,NA,30,La mayor parte,NA,Sí,2023
28,Sí,Sí,No,No,No,Sí,Sí,No,NA,NA,NA,NA,120,Toda,NA,Sí,2023
55,Sí,No,No,No,No,No,NA,NA,NA,NA,NA,NA,0,NA,Problemas de salud,No,2023
39,Sí,No,No,Sí,No,No,NA,NA,NA,NA,No,Sí,25,La mayor parte,NA,No,2023
40,Sí,No,Sí,No,No,Sí,NA,NA,No,Sí,NA,NA,15,La mayor parte,NA,No,2023
54,Sí,Sí,No,No,No,No,No,Sí,NA,NA,NA,NA,10,La mitad,NA,No,2023
56,Sí,No,Sí,No,No,No,NA,NA,No,Sí,NA,NA,15,La mayor parte,NA,No,2023
31,Sí,No,No,Sí,No,No,NA,NA,NA,NA,No,Sí,10,La mayor parte,NA,Sí,2023
40,Sí,Sí,No,No,No,Sí,No,Sí,NA,NA,NA,NA,20,Toda,NA,Sí,2023
39,Sí,Sí,No,No,No,Sí,Sí,No,NA,NA,NA,NA,40,La mayor parte,NA,Sí,2023
36,Sí,Sí,Sí,No,No,No,No,Sí,No,Sí,NA,NA,30,La mitad,NA,Sí,2023
50,No,No,No,No,No,No,NA,NA,NA,NA,NA,NA,0,NA,Problemas de salud,No,2023
27,Sí,Sí,No,Sí,No,Sí,Sí,No,NA,NA,No,Sí,20,Toda,NA,Sí,2023
60,No,No,No,No,No,No,NA,NA,NA,NA,NA,NA,0,NA,Falta de tiempo,Sí,2023
30,No,No,No,No,No,No,NA,NA,NA,NA,NA,NA,0,NA,Falta de interés/gusto,No,2023
63,Sí,Sí,Sí,Sí,No,No,No,Sí,No,Sí,No,Sí,40,Toda,NA,Sí,2023
20,Sí,Sí,Sí,No,No,No,No,Sí,No,Sí,NA,NA,30,La mayor parte,NA,Sí,2023
53,No,No,No,No,No,No,NA,NA,NA,NA,NA,NA,0,NA,Prefiere otras actividades,No,2023
25,No,No,No,No,No,Sí,NA,NA,NA,NA,NA,NA,10,La mayor parte,NA,No,2023
48,Sí,Sí,Sí,Sí,No,Sí,Sí,Sí,Sí,Sí,No,Sí,40,Toda,NA,Sí,2023
43,Sí,No,No,No,No,Sí,NA,NA,NA,NA,NA,NA,10,Toda,NA,Sí,2023
34,Sí,Sí,No,Sí,No,Sí,No,Sí,NA,NA,No,Sí,15,Toda,NA,Sí,2023
69,Sí,Sí,No,No,No,No,No,Sí,NA,NA,NA,NA,10,La mayor parte,NA,Sí,2023
73,Sí,Sí,Sí,No,No,Sí,No,Sí,No,Sí,NA,NA,20,La mayor parte,NA,Sí,2023
72,Sí,No,Sí,No,No,No,NA,NA,No,Sí,NA,NA,60,La mitad,NA,Sí,2023
68,No,No,No,No,No,No,NA,NA,NA,NA,NA,NA,0,NA,Falta de interés/gusto,No,2023
33,Sí,Sí,No,No,No,Sí,No,Sí,NA,NA,NA,NA,60,La mayor parte,NA,Sí,2023
63,Sí,Sí,No,No,No,No,No,Sí,NA,NA,NA,NA,90,La mayor parte,NA,No,2023
45,Sí,Sí,No,Sí,No,No,No,Sí,NA,NA,No,Sí,30,Toda,NA,Sí,2023
55,Sí,No,No,Sí,No,No,NA,NA,NA,NA,No,Sí,20,La mayor parte,NA,No,2023
44,Sí,No,No,Sí,No,No,NA,NA,NA,NA,No,Sí,25,La mayor parte,NA,No,2023
58,Sí,No,Sí,No,No,Sí,NA,NA,Sí,No,NA,NA,30,La mayor parte,NA,Sí,2023
55,Sí,No,Sí,Sí,No,No,NA,NA,No,Sí,No,Sí,60,La mayor parte,NA,Sí,2023
78,No,No,No,No,No,No,NA,NA,NA,NA,NA,NA,0,NA,Falta de dinero,No,2023
18,No,No,Sí,No,Sí,No,NA,NA,No,Sí,NA,NA,30,La mitad,NA,Sí,2023
68,Sí,No,No,No,No,No,NA,NA,NA,NA,NA,NA,0,NA,Falta de interés/gusto,No,2023
53,Sí,No,No,No,No,Sí,NA,NA,NA,NA,NA,NA,60,Toda,NA,Sí,2023
38,Sí,No,Sí,Sí,No,Sí,NA,NA,No,Sí,Sí,No,20,La mitad,NA,Sí,2023
58,No,No,No,No,No,No,NA,NA,NA,NA,NA,NA,0,NA,Falta de interés/gusto,Sí,2023
52,Sí,No,No,No,No,No,NA,NA,NA,NA,NA,NA,0,NA,Prefiere otras actividades,No,2023
55,Sí,No,No,No,No,No,NA,NA,NA,NA,NA,NA,0,NA,Falta de interés/gusto,No,2023
58,No,No,No,No,No,No,NA,NA,NA,NA,NA,NA,0,NA,Falta de interés/gusto,No,2023
61,No,No,No,No,No,No,NA,NA,NA,NA,NA,NA,0,NA,Prefiere otras actividades,No,2023
63,No,No,No,No,No,No,NA,NA,NA,NA,NA,NA,0,NA,Falta de tiempo,No,2023
46,No,No,No,Sí,No,No,NA,NA,NA,NA,No,Sí,10,La mayor parte,NA,No,2023
44,Sí,Sí,No,No,No,Sí,No,Sí,NA,NA,NA,NA,20,La mayor parte,NA,Sí,2023
51,Sí,Sí,Sí,No,No,Sí,Sí,Sí,No,Sí,NA,NA,30,La mitad,NA,Sí,2023
48,Sí,No,No,No,No,Sí,NA,NA,NA,NA,NA,NA,60,La mayor parte,NA,Sí,2023
46,Sí,Sí,No,No,No,Sí,No,Sí,NA,NA,NA,NA,40,La mayor parte,NA,Sí,2023
56,Sí,Sí,No,No,No,Sí,Sí,No,NA,NA,NA,NA,40,Toda,NA,Sí,2023
50,Sí,No,Sí,No,No,Sí,NA,NA,No,Sí,NA,NA,30,La mayor parte,NA,Sí,2023
61,Sí,No,No,No,No,Sí,NA,NA,NA,NA,NA,NA,60,La mitad,NA,Sí,2023
54,Sí,No,No,No,No,Sí,NA,NA,NA,NA,NA,NA,5,La mitad,NA,No,2023
31,Sí,Sí,No,No,No,Sí,No,Sí,NA,NA,NA,NA,30,La mayor parte,NA,No,2023
53,No,No,No,No,No,No,NA,NA,NA,NA,NA,NA,0,NA,Falta de tiempo,No,2023
49,Sí,No,No,Sí,No,No,NA,NA,NA,NA,No,Sí,30,La mitad,NA,No,2023
19,No,Sí,No,No,No,No,No,Sí,NA,NA,NA,NA,30,La mayor parte,NA,No,2023
49,Sí,No,Sí,Sí,No,No,NA,NA,No,Sí,No,Sí,45,La mayor parte,NA,No,2023
48,No,No,Sí,No,No,Sí,NA,NA,No,Sí,NA,NA,20,Poca,NA,Sí,2023
30,Sí,Sí,Sí,Sí,No,Sí,Sí,Sí,Sí,No,No,Sí,60,La mayor parte,NA,Sí,2023
44,Sí,Sí,Sí,No,No,No,No,Sí,No,Sí,NA,NA,30,La mayor parte,NA,No,2023
33,No,No,No,No,No,No,NA,NA,NA,NA,NA,NA,0,NA,Falta de tiempo,No,2023
55,Sí,Sí,No,No,No,Sí,No,Sí,NA,NA,NA,NA,20,La mayor parte,NA,No,2023
43,Sí,Sí,Sí,No,No,Sí,Sí,Sí,No,Sí,NA,NA,60,Toda,NA,No,2023
37,No,No,No,No,No,Sí,NA,NA,NA,NA,NA,NA,40,La mayor parte,NA,Sí,2023
28,No,Sí,No,No,No,No,No,Sí,NA,NA,NA,NA,30,Toda,NA,No,2023
27,Sí,Sí,No,No,No,No,No,Sí,NA,NA,NA,NA,30,Poca,NA,No,2023
25,Sí,No,Sí,No,No,Sí,NA,NA,No,Sí,NA,NA,35,Poca,NA,Sí,2023
41,Sí,No,Sí,Sí,No,No,NA,NA,No,Sí,No,Sí,30,La mitad,NA,No,2023
40,No,Sí,No,Sí,No,Sí,No,Sí,NA,NA,No,Sí,60,La mayor parte,NA,No,2023
49,No,No,No,No,No,Sí,NA,NA,NA,NA,NA,NA,20,Toda,NA,Sí,2023
40,Sí,Sí,Sí,Sí,Sí,Sí,No,Sí,Sí,Sí,Sí,No,120,La mayor parte,NA,Sí,2023
57,No,No,No,No,No,Sí,NA,NA,NA,NA,NA,NA,60,La mitad,NA,Sí,2023
22,Sí,Sí,Sí,No,No,Sí,Sí,No,Sí,No,NA,NA,180,Toda,NA,Sí,2023
28,Sí,No,Sí,No,No,Sí,NA,NA,Sí,No,NA,NA,30,Toda,NA,Sí,2023
48,Sí,No,No,No,No,Sí,NA,NA,NA,NA,NA,NA,10,La mayor parte,NA,No,2023
32,No,No,No,Sí,No,Sí,NA,NA,NA,NA,No,Sí,20,La mitad,NA,Sí,2023
40,Sí,Sí,Sí,Sí,Sí,Sí,Sí,No,Sí,No,No,Sí,30,La mayor parte,NA,Sí,2023
19,Sí,Sí,Sí,No,Sí,Sí,Sí,No,Sí,No,NA,NA,30,La mitad,NA,Sí,2023
60,Sí,Sí,No,No,No,Sí,Sí,No,NA,NA,NA,NA,60,La mitad,NA,Sí,2023
72,No,No,No,No,No,No,NA,NA,NA,NA,NA,NA,0,NA,Falta de interés/gusto,No,2023
25,Sí,Sí,No,No,No,No,No,Sí,NA,NA,NA,NA,20,La mayor parte,NA,No,2023
34,Sí,Sí,No,No,No,Sí,No,Sí,NA,NA,NA,NA,60,La mayor parte,NA,Sí,2023
74,No,No,No,No,No,No,NA,NA,NA,NA,NA,NA,0,NA,Problemas de salud,No,2023
73,Sí,Sí,Sí,Sí,No,No,No,Sí,No,Sí,No,Sí,20,Toda,NA,Sí,2023
78,Sí,Sí,No,No,No,No,No,Sí,NA,NA,NA,NA,90,La mayor parte,NA,Sí,2023
70,Sí,No,Sí,No,No,Sí,NA,NA,No,Sí,NA,NA,15,Toda,NA,Sí,2023
56,Sí,Sí,No,No,No,No,No,Sí,NA,NA,NA,NA,30,Toda,NA,No,2023
36,No,No,No,No,No,Sí,NA,NA,NA,NA,NA,NA,10,Toda,NA,Sí,2023
41,Sí,Sí,Sí,Sí,No,Sí,No,Sí,No,Sí,Sí,No,20,La mayor parte,NA,No,2023
36,Sí,No,Sí,No,Sí,Sí,NA,NA,No,Sí,NA,NA,60,La mitad,NA,No,2023
35,Sí,No,Sí,No,No,Sí,NA,NA,Sí,Sí,NA,NA,30,La mayor parte,NA,Sí,2023
20,Sí,Sí,No,No,No,Sí,No,Sí,NA,NA,NA,NA,30,La mayor parte,NA,Sí,2023
31,No,No,No,No,No,No,NA,NA,NA,NA,NA,NA,0,NA,Falta de tiempo,No,2023
45,No,No,No,No,No,No,NA,NA,NA,NA,NA,NA,0,NA,Falta de interés/gusto,Sí,2023
61,No,No,No,No,No,No,NA,NA,NA,NA,NA,NA,0,NA,Falta de interés/gusto,No,2023
31,No,No,No,No,No,No,NA,NA,NA,NA,NA,NA,0,NA,Falta de interés/gusto,Sí,2023
35,Sí,No,No,Sí,No,Sí,NA,NA,NA,NA,No,Sí,25,Toda,NA,Sí,2023
43,Sí,Sí,Sí,Sí,No,No,Sí,Sí,Sí,No,No,Sí,60,Toda,NA,Sí,2023
30,Sí,No,Sí,Sí,No,Sí,NA,NA,Sí,Sí,No,Sí,5,La mayor parte,NA,No,2023
41,NA,NA,NA,NA,NA,NA,NA,NA,NA,NA,NA,NA,0,NA,NA,NA,2023
46,No,No,No,No,No,No,NA,NA,NA,NA,NA,NA,0,NA,Falta de tiempo,No,2023
62,No,No,No,Sí,No,Sí,NA,NA,NA,NA,Sí,No,15,Toda,NA,No,2023
50,Sí,No,No,No,No,Sí,NA,NA,NA,NA,NA,NA,10,La mitad,NA,No,2023
30,Sí,Sí,No,No,No,Sí,No,Sí,NA,NA,NA,NA,50,La mayor parte,NA,No,2023
27,Sí,Sí,No,No,No,Sí,No,Sí,NA,NA,NA,NA,30,La mayor parte,NA,Sí,2023
56,No,No,No,No,No,No,NA,NA,NA,NA,NA,NA,0,NA,Falta de tiempo,No,2023
47,No,No,No,No,No,Sí,NA,NA,NA,NA,NA,NA,60,La mayor parte,NA,Sí,2023
35,No,No,No,No,No,Sí,NA,NA,NA,NA,NA,NA,15,La mayor parte,NA,Sí,2023
20,Sí,Sí,Sí,No,No,Sí,No,Sí,No,Sí,NA,NA,60,La mayor parte,NA,No,2023
53,No,No,No,No,No,Sí,NA,NA,NA,NA,NA,NA,60,La mayor parte,NA,No,2023
57,Sí,No,No,No,No,Sí,NA,NA,NA,NA,NA,NA,45,La mayor parte,NA,Sí,2023
76,Sí,No,No,No,No,No,NA,NA,NA,NA,NA,NA,0,NA,Falta de tiempo,No,2023
36,Sí,No,Sí,No,No,Sí,NA,NA,No,Sí,NA,NA,20,La mayor parte,NA,No,2023
33,No,No,No,Sí,No,No,NA,NA,NA,NA,Sí,No,10,Toda,NA,No,2023
30,Sí,Sí,No,No,No,No,Sí,Sí,NA,NA,NA,NA,30,La mayor parte,NA,Sí,2023
39,No,No,No,No,No,No,NA,NA,NA,NA,NA,NA,0,NA,Falta de tiempo,No,2023
24,Sí,Sí,Sí,No,No,Sí,Sí,Sí,Sí,Sí,NA,NA,120,Toda,NA,Sí,2023
65,No,No,Sí,Sí,No,Sí,NA,NA,Sí,Sí,Sí,No,10,La mayor parte,NA,No,2023
44,Sí,Sí,Sí,Sí,No,Sí,No,Sí,Sí,No,Sí,Sí,300,Toda,NA,Sí,2023
41,No,Sí,Sí,Sí,No,Sí,Sí,Sí,Sí,Sí,Sí,Sí,15,La mayor parte,NA,Sí,2023
33,Sí,No,Sí,No,Sí,Sí,NA,NA,Sí,No,NA,NA,30,La mitad,NA,Sí,2023
37,Sí,Sí,Sí,Sí,Sí,Sí,Sí,Sí,Sí,No,Sí,No,45,La mayor parte,NA,Sí,2023
39,No,No,No,No,No,No,NA,NA,NA,NA,NA,NA,0,NA,Falta de tiempo,No,2023
22,No,No,No,No,Sí,Sí,NA,NA,NA,NA,NA,NA,15,La mayor parte,NA,No,2023
57,No,No,No,No,No,No,NA,NA,NA,NA,NA,NA,0,NA,Problemas de salud,No,2023
22,Sí,No,No,No,No,Sí,NA,NA,NA,NA,NA,NA,30,La mitad,NA,No,2023
47,Sí,No,No,No,Sí,Sí,NA,NA,NA,NA,NA,NA,30,La mayor parte,NA,No,2023
43,Sí,Sí,No,No,No,Sí,Sí,Sí,NA,NA,NA,NA,120,La mayor parte,NA,No,2023
29,Sí,Sí,No,No,No,Sí,Sí,Sí,NA,NA,NA,NA,25,La mayor parte,NA,Sí,2023
29,Sí,Sí,No,No,No,Sí,Sí,No,NA,NA,NA,NA,60,La mayor parte,NA,No,2023
28,No,No,No,No,No,Sí,NA,NA,NA,NA,NA,NA,10,Poca,NA,No,2023
46,No,No,No,No,No,No,NA,NA,NA,NA,NA,NA,0,NA,Falta de tiempo,No,2023
71,Sí,Sí,No,No,No,No,No,Sí,NA,NA,NA,NA,30,Poca,NA,Sí,2023
70,Sí,Sí,No,No,No,No,No,Sí,NA,NA,NA,NA,20,Poca,NA,No,2023
24,Sí,Sí,Sí,Sí,No,Sí,Sí,No,Sí,Sí,Sí,Sí,60,Toda,NA,Sí,2023
33,Sí,Sí,Sí,No,Sí,Sí,Sí,No,Sí,No,NA,NA,20,La mayor parte,NA,Sí,2023
63,Sí,Sí,No,No,No,Sí,No,Sí,NA,NA,NA,NA,30,La mayor parte,NA,No,2023
61,Sí,No,Sí,No,No,Sí,NA,NA,No,Sí,NA,NA,60,La mitad,NA,Sí,2023
59,Sí,Sí,No,Sí,No,Sí,No,Sí,NA,NA,No,Sí,30,Toda,NA,Sí,2023
32,Sí,No,No,No,No,Sí,NA,NA,NA,NA,NA,NA,25,La mitad,NA,No,2023
21,No,Sí,No,No,No,Sí,Sí,No,NA,NA,NA,NA,40,La mayor parte,NA,Sí,2023
75,Sí,Sí,Sí,Sí,No,No,No,Sí,No,Sí,No,Sí,40,La mayor parte,NA,No,2023
67,Sí,Sí,Sí,No,No,No,No,Sí,No,Sí,NA,NA,60,La mayor parte,NA,Sí,2023
70,Sí,Sí,No,No,Sí,No,No,Sí,NA,NA,NA,NA,100,Poca,NA,No,2023
80,No,No,No,No,No,No,NA,NA,NA,NA,NA,NA,0,NA,Falta de interés/gusto,Sí,2023
48,No,No,Sí,No,No,No,NA,NA,No,Sí,NA,NA,30,La mayor parte,NA,No,2023
40,No,No,No,No,No,No,NA,NA,NA,NA,NA,NA,0,NA,Falta de tiempo,No,2023
41,Sí,Sí,No,No,No,Sí,Sí,No,NA,NA,NA,NA,10,La mayor parte,NA,Sí,2023
66,No,No,No,No,No,No,NA,NA,NA,NA,NA,NA,0,NA,Falta de tiempo,No,2023
34,No,No,No,No,No,Sí,NA,NA,NA,NA,NA,NA,25,La mitad,NA,No,2023
29,Sí,Sí,No,No,No,Sí,Sí,No,NA,NA,NA,NA,120,La mayor parte,NA,Sí,2023
47,No,No,No,No,No,No,NA,NA,NA,NA,NA,NA,0,NA,Falta de tiempo,Sí,2023
56,No,No,No,No,No,No,NA,NA,NA,NA,NA,NA,0,NA,Falta de interés/gusto,No,2023
58,No,No,No,No,No,No,NA,NA,NA,NA,NA,NA,0,NA,Falta de tiempo,No,2023
64,Sí,Sí,Sí,Sí,No,Sí,Sí,No,No,Sí,No,Sí,90,La mayor parte,NA,Sí,2023
51,Sí,Sí,Sí,No,No,Sí,Sí,No,No,Sí,NA,NA,30,La mayor parte,NA,Sí,2023
34,No,No,No,No,No,No,NA,NA,NA,NA,NA,NA,0,NA,Falta de tiempo,No,2023
51,Sí,Sí,No,No,No,No,No,Sí,NA,NA,NA,NA,40,La mayor parte,NA,Sí,2023
82,Sí,Sí,No,Sí,No,No,No,Sí,NA,NA,No,Sí,40,La mayor parte,NA,Sí,2023
27,Sí,No,Sí,No,No,Sí,NA,NA,No,Sí,NA,NA,15,La mayor parte,NA,Sí,2023
61,Sí,No,No,No,No,Sí,NA,NA,NA,NA,NA,NA,20,La mitad,NA,Sí,2023
50,Sí,Sí,No,No,No,Sí,No,Sí,NA,NA,NA,NA,60,La mayor parte,NA,Sí,2023
52,No,No,No,No,No,No,NA,NA,NA,NA,NA,NA,0,NA,Falta de interés/gusto,No recuerda,2023
55,Sí,Sí,No,No,No,No,No,Sí,NA,NA,NA,NA,60,La mayor parte,NA,Sí,2023
49,No,No,Sí,No,No,No,NA,NA,No,Sí,NA,NA,45,La mayor parte,NA,Sí,2023
54,Sí,Sí,No,No,No,Sí,No,Sí,NA,NA,NA,NA,30,La mayor parte,NA,Sí,2023
62,No,No,No,No,No,No,NA,NA,NA,NA,NA,NA,0,NA,Falta de tiempo,No,2023
65,Sí,Sí,No,No,No,No,No,Sí,NA,NA,NA,NA,30,La mayor parte,NA,Sí,2023
20,Sí,Sí,Sí,No,No,Sí,No,Sí,No,Sí,NA,NA,120,Toda,NA,Sí,2023
54,Sí,Sí,Sí,No,No,No,No,Sí,No,Sí,NA,NA,120,Toda,NA,Sí,2023
73,Sí,Sí,No,Sí,No,No,No,Sí,NA,NA,No,Sí,60,La mayor parte,NA,No,2023
30,Sí,Sí,Sí,No,No,Sí,Sí,No,Sí,No,NA,NA,120,La mayor parte,NA,Sí,2023
34,Sí,No,Sí,No,No,Sí,NA,NA,No,Sí,NA,NA,15,La mayor parte,NA,No,2023
20,No,Sí,No,No,No,No,No,Sí,NA,NA,NA,NA,15,La mayor parte,NA,No,2023
70,No,No,No,No,No,No,NA,NA,NA,NA,NA,NA,0,NA,Falta de tiempo,No,2023
35,No,No,No,No,No,No,NA,NA,NA,NA,NA,NA,0,NA,Falta de dinero,No,2023
56,No,No,No,No,No,No,NA,NA,NA,NA,NA,NA,0,NA,Falta de tiempo,No,2023
51,Sí,No,Sí,No,Sí,Sí,NA,NA,Sí,No,NA,NA,20,La mayor parte,NA,No,2023
79,No,No,No,No,No,No,NA,NA,NA,NA,NA,NA,0,NA,Falta de interés/gusto,No,2023
50,No,No,No,No,No,Sí,NA,NA,NA,NA,NA,NA,60,La mayor parte,NA,Sí,2023
59,No,No,No,No,No,No,NA,NA,NA,NA,NA,NA,0,NA,Falta de tiempo,No,2023
25,Sí,Sí,Sí,No,No,Sí,No,Sí,No,Sí,NA,NA,30,La mayor parte,NA,Sí,2023
54,Sí,Sí,No,No,No,Sí,No,Sí,NA,NA,NA,NA,30,La mayor parte,NA,Sí,2023
24,Sí,Sí,Sí,No,No,Sí,No,Sí,No,Sí,NA,NA,40,La mayor parte,NA,Sí,2023
61,Sí,No,Sí,Sí,No,No,NA,NA,No,Sí,No,Sí,20,La mayor parte,NA,No,2023
62,No,No,No,No,No,No,NA,NA,NA,NA,NA,NA,0,NA,Prefiere otras actividades,No,2023
73,No,No,No,No,No,No,NA,NA,NA,NA,NA,NA,0,NA,Falta de dinero,No,2023
72,Sí,No,Sí,No,No,No,NA,NA,No,Sí,NA,NA,40,La mayor parte,NA,No,2023
45,Sí,No,Sí,No,No,No,NA,NA,No,Sí,NA,NA,45,Toda,NA,Sí,2023
65,No,Sí,No,No,No,No,No,Sí,NA,NA,NA,NA,30,La mayor parte,NA,Sí,2023
46,No,No,No,No,No,No,NA,NA,NA,NA,NA,NA,0,NA,Falta de tiempo,No,2023
41,No,No,Sí,No,No,No,NA,NA,No,Sí,NA,NA,30,La mayor parte,NA,Sí,2023
39,No,No,No,No,No,No,NA,NA,NA,NA,NA,NA,0,NA,Falta de tiempo,No,2023
55,No,No,No,No,No,No,NA,NA,NA,NA,NA,NA,0,NA,Falta de tiempo,Sí,2023
38,No,No,No,No,No,Sí,NA,NA,NA,NA,NA,NA,15,Toda,NA,Sí,2023
67,No,No,Sí,No,No,No,NA,NA,No,Sí,NA,NA,15,La mitad,NA,Sí,2023
38,No,No,No,No,No,No,NA,NA,NA,NA,NA,NA,0,NA,Falta de tiempo,Sí,2023
47,No,No,No,Sí,No,No,NA,NA,NA,NA,No,Sí,60,La mayor parte,NA,Sí,2023
66,Sí,No,Sí,No,No,No,NA,NA,No,Sí,NA,NA,20,La mitad,NA,No,2023
55,No,No,No,No,No,No,NA,NA,NA,NA,NA,NA,0,NA,Prefiere otras actividades,Sí,2023
77,No,No,No,No,No,No,NA,NA,NA,NA,NA,NA,0,NA,Problemas de salud,Sí,2023
47,No,No,No,No,No,No,NA,NA,NA,NA,NA,NA,0,NA,Falta de tiempo,Sí,2023
63,Sí,Sí,Sí,Sí,Sí,No,No,Sí,No,Sí,No,Sí,60,Toda,NA,No,2023
50,Sí,Sí,No,No,No,No,No,Sí,NA,NA,NA,NA,30,La mayor parte,NA,Sí,2023
19,Sí,Sí,No,No,No,Sí,No,Sí,NA,NA,NA,NA,120,Toda,NA,Sí,2023
43,No,No,No,No,No,No,NA,NA,NA,NA,NA,NA,0,NA,Falta de tiempo,Sí,2023
34,No,No,No,No,No,No,NA,NA,NA,NA,NA,NA,0,NA,Falta de tiempo,Sí,2023
57,No,No,No,No,No,Sí,NA,NA,NA,NA,NA,NA,120,La mitad,NA,Sí,2023
53,Sí,Sí,No,No,No,No,No,Sí,NA,NA,NA,NA,15,La mitad,NA,Sí,2023
46,Sí,Sí,Sí,No,No,Sí,No,Sí,No,Sí,NA,NA,40,Toda,NA,Sí,2023
22,No,No,No,No,No,No,NA,NA,NA,NA,NA,NA,0,NA,Falta de tiempo,Sí,2023
81,No,No,No,No,No,No,NA,NA,NA,NA,NA,NA,0,NA,Problemas de salud,No,2023
18,Sí,Sí,No,No,Sí,Sí,Sí,No,NA,NA,NA,NA,120,Toda,NA,Sí,2023
28,No,No,No,No,No,No,NA,NA,NA,NA,NA,NA,0,NA,Falta de tiempo,No,2023
22,No,No,No,No,No,No,NA,NA,NA,NA,NA,NA,0,NA,Falta de interés/gusto,Sí,2023
53,Sí,Sí,Sí,Sí,No,No,Sí,No,Sí,No,No,Sí,40,La mayor parte,NA,Sí,2023
58,No,No,No,No,No,No,NA,NA,NA,NA,NA,NA,0,NA,Problemas de salud,Sí,2023
33,Sí,Sí,No,Sí,No,No,Sí,Sí,NA,NA,No,Sí,70,Toda,NA,Sí,2023
61,Sí,No,No,Sí,No,No,NA,NA,NA,NA,No,Sí,20,Toda,NA,Sí,2023
54,No,No,No,Sí,No,No,NA,NA,NA,NA,No,Sí,90,Toda,NA,Sí,2023
49,No,No,No,Sí,No,No,NA,NA,NA,NA,No,Sí,30,Toda,NA,No,2023
31,Sí,Sí,Sí,No,Sí,Sí,No,Sí,Sí,No,NA,NA,15,La mayor parte,NA,No,2023
27,Sí,Sí,No,No,No,No,Sí,No,NA,NA,NA,NA,60,Toda,NA,Sí,2023
56,Sí,Sí,No,No,No,No,No,Sí,NA,NA,NA,NA,20,La mayor parte,NA,Sí,2023
35,No,No,No,No,No,No,NA,NA,NA,NA,NA,NA,0,NA,Falta de tiempo,Sí,2023
39,No,No,No,No,No,No,NA,NA,NA,NA,NA,NA,0,NA,Falta de tiempo,Sí,2023
30,Sí,Sí,No,No,No,Sí,No,Sí,NA,NA,NA,NA,15,La mayor parte,NA,Sí,2023
70,No,No,No,No,No,No,NA,NA,NA,NA,NA,NA,0,NA,Problemas de salud,Sí,2023
35,Sí,Sí,No,No,No,Sí,No,Sí,NA,NA,NA,NA,20,La mayor parte,NA,Sí,2023
43,Sí,Sí,No,No,No,Sí,No,Sí,NA,NA,NA,NA,60,Toda,NA,Sí,2023
44,No,No,No,No,No,No,NA,NA,NA,NA,NA,NA,0,NA,Falta de tiempo,Sí,2023
81,Sí,Sí,Sí,No,No,No,No,Sí,No,Sí,NA,NA,120,Toda,NA,Sí,2023
28,Sí,No,No,No,Sí,No,NA,NA,NA,NA,NA,NA,70,Toda,NA,No,2023
29,No,No,Sí,Sí,No,Sí,NA,NA,No,Sí,No,Sí,20,Toda,NA,Sí,2023
35,Sí,Sí,No,No,No,No,No,Sí,NA,NA,NA,NA,30,Toda,NA,No,2023
57,NA,NA,NA,NA,NA,NA,NA,NA,NA,NA,NA,NA,0,NA,NA,NA,2023
34,Sí,Sí,No,No,No,Sí,No,Sí,NA,NA,NA,NA,60,La mayor parte,NA,No,2023
76,Sí,Sí,No,No,No,No,No,Sí,NA,NA,NA,NA,60,Toda,NA,Sí,2023
27,No,Sí,Sí,No,No,Sí,Sí,Sí,Sí,No,NA,NA,5,La mitad,NA,Sí,2023
59,No,Sí,No,Sí,No,No,No,Sí,NA,NA,No,Sí,60,La mayor parte,NA,Sí,2023
34,Sí,Sí,No,Sí,Sí,Sí,Sí,No,NA,NA,Sí,No,60,Toda,NA,Sí,2023
41,No,No,No,No,No,No,NA,NA,NA,NA,NA,NA,0,NA,Falta de interés/gusto,No,2023
56,No,No,No,Sí,No,Sí,NA,NA,NA,NA,Sí,No,70,La mayor parte,NA,Sí,2023
37,Sí,Sí,No,No,No,Sí,Sí,No,NA,NA,NA,NA,60,La mitad,NA,Sí,2023
27,No,No,Sí,No,No,Sí,NA,NA,No,Sí,NA,NA,60,La mayor parte,NA,Sí,2023
29,Sí,Sí,Sí,Sí,No,Sí,No,Sí,No,Sí,No,Sí,40,Toda,NA,Sí,2023
57,Sí,Sí,No,No,No,Sí,Sí,No,NA,NA,NA,NA,10,Toda,NA,No,2023
22,Sí,Sí,Sí,No,No,Sí,No,Sí,No,Sí,NA,NA,60,La mayor parte,NA,Sí,2023
27,No,No,No,No,No,Sí,NA,NA,NA,NA,NA,NA,30,Toda,NA,No,2023
40,No,No,Sí,Sí,No,No,NA,NA,No,Sí,No,Sí,25,Toda,NA,No,2023
56,No,No,No,No,No,No,NA,NA,NA,NA,NA,NA,0,NA,Problemas de salud,No,2023
34,No,No,No,Sí,No,Sí,NA,NA,NA,NA,No,Sí,25,La mayor parte,NA,No,2023
35,Sí,Sí,No,No,No,Sí,No,Sí,NA,NA,NA,NA,30,La mayor parte,NA,Sí,2023
33,Sí,Sí,No,No,No,Sí,No,Sí,NA,NA,NA,NA,60,Toda,NA,Sí,2023
31,Sí,Sí,No,Sí,No,Sí,Sí,Sí,NA,NA,Sí,No,30,La mayor parte,NA,Sí,2023
24,Sí,Sí,Sí,Sí,Sí,Sí,No,Sí,No,Sí,No,Sí,30,La mayor parte,NA,Sí,2023
78,Sí,Sí,No,Sí,No,No,No,Sí,NA,NA,No,Sí,10,Toda,NA,No,2023
22,No,No,No,Sí,Sí,No,NA,NA,NA,NA,No,Sí,10,Poca,NA,Sí,2023
60,Sí,No,Sí,No,No,No,NA,NA,No,Sí,NA,NA,10,La mitad,NA,No,2023
58,No,No,No,No,No,No,NA,NA,NA,NA,NA,NA,0,NA,Falta de tiempo,No,2023
54,No,No,No,No,No,Sí,NA,NA,NA,NA,NA,NA,10,Toda,NA,Sí,2023
34,Sí,Sí,No,No,No,No,Sí,No,NA,NA,NA,NA,30,La mayor parte,NA,Sí,2023
45,Sí,Sí,No,No,No,Sí,No,Sí,NA,NA,NA,NA,20,La mayor parte,NA,No,2023
21,No,No,No,No,No,No,NA,NA,NA,NA,NA,NA,0,NA,Falta de tiempo,Sí,2023
70,NA,NA,NA,NA,NA,NA,NA,NA,NA,NA,NA,NA,0,NA,NA,NA,2023
31,No,Sí,Sí,Sí,Sí,No,No,Sí,No,Sí,No,Sí,60,Toda,NA,Sí,2023
33,Sí,Sí,No,No,No,Sí,No,Sí,NA,NA,NA,NA,30,Poca,NA,Sí,2023
45,Sí,Sí,No,No,Sí,Sí,Sí,No,NA,NA,NA,NA,10,Toda,NA,Sí,2023
41,Sí,Sí,No,No,No,Sí,No,Sí,NA,NA,NA,NA,20,Toda,NA,Sí,2023
27,Sí,Sí,Sí,Sí,No,Sí,No,Sí,No,Sí,No,Sí,120,Toda,NA,Sí,2023
29,Sí,Sí,No,Sí,No,Sí,Sí,No,NA,NA,No,Sí,15,Toda,NA,Sí,2023
61,No,Sí,No,No,No,No,No,Sí,NA,NA,NA,NA,60,La mayor parte,NA,Sí,2023
33,No,No,Sí,Sí,No,Sí,NA,NA,No,Sí,Sí,No,15,La mayor parte,NA,Sí,2023
47,Sí,Sí,Sí,No,No,No,No,Sí,No,Sí,NA,NA,120,La mayor parte,NA,Sí,2023
64,Sí,Sí,No,No,No,No,No,Sí,NA,NA,NA,NA,120,La mitad,NA,No,2023
64,NA,NA,NA,NA,NA,NA,NA,NA,NA,NA,NA,NA,0,NA,NA,NA,2023
37,No,No,No,No,No,No,NA,NA,NA,NA,NA,NA,0,NA,Problemas de salud,Sí,2023
70,Sí,Sí,No,No,No,No,No,Sí,NA,NA,NA,NA,30,La mayor parte,NA,No,2023
39,No,No,No,No,No,No,NA,NA,NA,NA,NA,NA,0,NA,Falta de tiempo,No,2023
21,Sí,Sí,No,No,Sí,Sí,No,Sí,NA,NA,NA,NA,30,Toda,NA,Sí,2023
68,Sí,Sí,Sí,No,No,No,No,Sí,No,Sí,NA,NA,30,Toda,NA,No,2023
25,Sí,Sí,Sí,No,No,Sí,No,Sí,Sí,No,NA,NA,180,La mayor parte,NA,Sí,2023
30,Sí,Sí,No,No,No,Sí,No,Sí,NA,NA,NA,NA,40,La mayor parte,NA,Sí,2023
27,Sí,No,No,No,No,Sí,NA,NA,NA,NA,NA,NA,20,La mitad,NA,Sí,2023
23,Sí,Sí,No,No,No,Sí,No,Sí,NA,NA,NA,NA,30,La mitad,NA,Sí,2023
23,No,No,No,No,No,No,NA,NA,NA,NA,NA,NA,0,NA,Falta de tiempo,Sí,2023
72,No,No,No,No,No,No,NA,NA,NA,NA,NA,NA,0,NA,Prefiere otras actividades,Sí,2023
37,No,No,No,No,No,No,NA,NA,NA,NA,NA,NA,0,NA,Falta de tiempo,No,2023
49,Sí,No,No,Sí,No,Sí,NA,NA,NA,NA,No,Sí,20,La mayor parte,NA,Sí,2023
40,Sí,No,No,No,No,No,NA,NA,NA,NA,NA,NA,0,NA,Prefiere otras actividades,Sí,2023
69,Sí,No,Sí,No,No,No,NA,NA,No,Sí,NA,NA,60,La mitad,NA,No,2023
60,Sí,Sí,No,No,No,No,No,Sí,NA,NA,NA,NA,180,Toda,NA,Sí,2023
23,No,No,No,No,No,No,NA,NA,NA,NA,NA,NA,0,NA,Falta de tiempo,Sí,2023
20,Sí,Sí,No,No,Sí,Sí,Sí,No,NA,NA,NA,NA,60,La mayor parte,NA,Sí,2023
23,Sí,Sí,No,No,No,Sí,No,Sí,NA,NA,NA,NA,60,La mayor parte,NA,Sí,2023
24,No,Sí,No,No,No,Sí,Sí,No,NA,NA,NA,NA,60,La mayor parte,NA,Sí,2023
70,No,No,No,No,No,No,NA,NA,NA,NA,NA,NA,0,NA,Prefiere otras actividades,No,2023
34,Sí,Sí,Sí,Sí,No,Sí,No,Sí,No,Sí,No,Sí,30,La mayor parte,NA,Sí,2023
20,Sí,No,Sí,No,No,Sí,NA,NA,Sí,No,NA,NA,30,La mayor parte,NA,Sí,2023
30,No,No,No,No,No,No,NA,NA,NA,NA,NA,NA,0,NA,Falta de tiempo,Sí,2023
31,Sí,Sí,No,No,No,No,No,Sí,NA,NA,NA,NA,30,Toda,NA,Sí,2023
22,Sí,No,Sí,No,No,Sí,NA,NA,Sí,No,NA,NA,30,La mayor parte,NA,Sí,2023
50,No,No,No,No,No,No,NA,NA,NA,NA,NA,NA,0,NA,Falta de tiempo,Sí,2023
21,No,No,No,No,No,No,NA,NA,NA,NA,NA,NA,0,NA,Falta de tiempo,Sí,2023
23,Sí,Sí,No,No,No,Sí,No,Sí,NA,NA,NA,NA,30,Toda,NA,Sí,2023
20,Sí,Sí,Sí,Sí,Sí,Sí,No,Sí,No,Sí,No,Sí,60,La mitad,NA,Sí,2023
35,No,No,No,No,No,No,NA,NA,NA,NA,NA,NA,0,NA,Prefiere otras actividades,Sí,2023
31,No,No,No,No,No,No,NA,NA,NA,NA,NA,NA,0,NA,Falta de tiempo,Sí,2023
20,Sí,Sí,No,Sí,No,Sí,Sí,No,NA,NA,No,Sí,60,La mayor parte,NA,Sí,2023
69,Sí,Sí,No,Sí,No,No,No,Sí,NA,NA,No,Sí,120,La mayor parte,NA,Sí,2023
30,No,No,No,No,No,No,NA,NA,NA,NA,NA,NA,0,NA,Prefiere otras actividades,Sí,2023
68,No,No,No,No,No,No,NA,NA,NA,NA,NA,NA,0,NA,Falta de interés/gusto,No,2023
47,NA,NA,NA,NA,NA,NA,NA,NA,NA,NA,NA,NA,0,NA,NA,NA,2023
19,Sí,No,No,No,No,Sí,NA,NA,NA,NA,NA,NA,30,Toda,NA,Sí,2023
28,No,No,No,No,No,Sí,NA,NA,NA,NA,NA,NA,20,La mayor parte,NA,Sí,2023
72,No,No,No,No,No,No,NA,NA,NA,NA,NA,NA,0,NA,Problemas de salud,No,2023
29,Sí,No,No,Sí,No,Sí,NA,NA,NA,NA,Sí,No,60,Toda,NA,Sí,2023
23,Sí,Sí,No,Sí,Sí,Sí,Sí,No,NA,NA,Sí,No,180,Toda,NA,Sí,2023
39,No,No,Sí,No,No,Sí,NA,NA,No,Sí,NA,NA,5,Toda,NA,Sí,2023
20,No,No,No,No,No,Sí,NA,NA,NA,NA,NA,NA,120,La mitad,NA,No,2023
28,Sí,No,Sí,No,No,Sí,NA,NA,No,Sí,NA,NA,10,La mayor parte,NA,Sí,2023
57,No,No,Sí,No,No,Sí,NA,NA,No,Sí,NA,NA,30,La mayor parte,NA,Sí,2023
19,Sí,Sí,Sí,No,Sí,Sí,No,Sí,Sí,No,NA,NA,30,Toda,NA,Sí,2023
38,No,No,No,No,No,Sí,NA,NA,NA,NA,NA,NA,30,La mayor parte,NA,Sí,2023
46,Sí,No,No,No,No,No,NA,NA,NA,NA,NA,NA,0,NA,Falta de tiempo,No,2023
53,No,No,No,No,No,No,NA,NA,NA,NA,NA,NA,0,NA,Falta de interés/gusto,Sí,2023
44,Sí,No,Sí,No,No,Sí,NA,NA,Sí,Sí,NA,NA,30,La mayor parte,NA,Sí,2023
63,No,No,No,No,No,No,NA,NA,NA,NA,NA,NA,0,NA,Problemas de salud,No,2023
25,No,No,No,No,No,Sí,NA,NA,NA,NA,NA,NA,20,La mayor parte,NA,No,2023
89,Sí,No,No,Sí,No,No,NA,NA,NA,NA,No,Sí,30,La mayor parte,NA,No,2023
23,Sí,Sí,Sí,No,No,Sí,Sí,Sí,No,Sí,NA,NA,40,La mayor parte,NA,Sí,2023
26,Sí,Sí,No,No,No,Sí,No,Sí,NA,NA,NA,NA,45,La mayor parte,NA,Sí,2023
56,No,No,Sí,No,No,No,NA,NA,No,Sí,NA,NA,20,La mayor parte,NA,No,2023
51,Sí,Sí,No,No,No,No,No,Sí,NA,NA,NA,NA,45,La mayor parte,NA,Sí,2023
70,No,No,No,No,No,Sí,NA,NA,NA,NA,NA,NA,10,La mayor parte,NA,No,2023
19,No,No,No,No,No,Sí,NA,NA,NA,NA,NA,NA,20,La mayor parte,NA,No,2023
56,No,Sí,No,No,No,No,No,Sí,NA,NA,NA,NA,20,La mayor parte,NA,Sí,2023
65,No,No,No,No,No,No,NA,NA,NA,NA,NA,NA,0,NA,Problemas de salud,No,2023
19,Sí,Sí,No,No,No,Sí,No,Sí,NA,NA,NA,NA,45,La mayor parte,NA,Sí,2023
53,Sí,No,Sí,No,No,Sí,NA,NA,Sí,Sí,NA,NA,40,La mayor parte,NA,Sí,2023
60,No,No,No,No,No,No,NA,NA,NA,NA,NA,NA,0,NA,Falta de interés/gusto,No recuerda,2023
30,Sí,Sí,Sí,No,No,Sí,Sí,No,Sí,No,NA,NA,120,La mayor parte,NA,Sí,2023
81,No,No,No,No,No,No,NA,NA,NA,NA,NA,NA,0,NA,Falta de tiempo,No recuerda,2023
61,Sí,Sí,Sí,No,No,No,No,Sí,No,Sí,NA,NA,30,La mayor parte,NA,Sí,2023
51,No,No,No,No,No,No,NA,NA,NA,NA,NA,NA,0,NA,Falta de tiempo,Sí,2023
52,Sí,Sí,Sí,No,No,No,No,Sí,No,Sí,NA,NA,60,La mayor parte,NA,Sí,2023
61,No,No,No,No,No,No,NA,NA,NA,NA,NA,NA,0,NA,Problemas de salud,No,2023
48,No,No,No,No,No,No,NA,NA,NA,NA,NA,NA,0,NA,Falta de interés/gusto,No,2023
19,No,No,No,No,No,No,NA,NA,NA,NA,NA,NA,0,NA,Falta de interés/gusto,Sí,2023
54,Sí,No,Sí,No,No,No,NA,NA,No,Sí,NA,NA,30,La mayor parte,NA,Sí,2023
20,Sí,Sí,Sí,No,Sí,Sí,No,Sí,No,Sí,NA,NA,120,Toda,NA,Sí,2023
59,No,No,No,No,No,Sí,NA,NA,NA,NA,NA,NA,30,Toda,NA,Sí,2023
51,Sí,Sí,No,No,No,No,No,Sí,NA,NA,NA,NA,20,La mayor parte,NA,Sí,2023
27,No,No,No,No,No,Sí,NA,NA,NA,NA,NA,NA,30,La mayor parte,NA,Sí,2023
28,No,No,No,No,No,No,NA,NA,NA,NA,NA,NA,0,NA,Falta de interés/gusto,No,2023
61,No,No,Sí,Sí,No,No,NA,NA,No,Sí,No,Sí,30,La mayor parte,NA,No,2023
47,No,No,No,No,No,No,NA,NA,NA,NA,NA,NA,0,NA,Falta de tiempo,Sí,2023
43,Sí,Sí,No,No,No,No,No,Sí,NA,NA,NA,NA,240,La mayor parte,NA,No,2023
36,No,No,No,No,No,Sí,NA,NA,NA,NA,NA,NA,10,La mayor parte,NA,Sí,2023
31,Sí,Sí,Sí,No,No,Sí,Sí,Sí,Sí,No,NA,NA,30,La mayor parte,NA,Sí,2023
75,Sí,Sí,No,No,No,Sí,Sí,No,NA,NA,NA,NA,60,La mayor parte,NA,No,2023
45,Sí,Sí,No,No,No,Sí,No,Sí,NA,NA,NA,NA,120,La mayor parte,NA,Sí,2023
44,Sí,Sí,Sí,No,No,Sí,No,Sí,No,Sí,NA,NA,40,Toda,NA,Sí,2023
49,Sí,Sí,Sí,No,Sí,No,No,Sí,No,Sí,NA,NA,30,La mitad,NA,Sí,2023
72,No,Sí,No,No,No,No,No,Sí,NA,NA,NA,NA,60,Toda,NA,No,2023
48,Sí,Sí,No,No,No,No,No,Sí,NA,NA,NA,NA,30,La mayor parte,NA,Sí,2023
31,Sí,Sí,Sí,No,No,No,No,Sí,No,Sí,NA,NA,40,La mayor parte,NA,Sí,2023
46,Sí,No,No,Sí,No,Sí,NA,NA,NA,NA,No,Sí,15,La mayor parte,NA,Sí,2023
41,No,No,No,No,No,No,NA,NA,NA,NA,NA,NA,0,NA,Falta de interés/gusto,Sí,2023
23,Sí,No,No,No,No,Sí,NA,NA,NA,NA,NA,NA,30,La mitad,NA,Sí,2023
67,Sí,No,No,No,No,Sí,NA,NA,NA,NA,NA,NA,30,Poca,NA,Sí,2023
47,No,No,No,Sí,No,No,NA,NA,NA,NA,No,Sí,5,La mitad,NA,No,2023
26,No,No,No,Sí,No,Sí,NA,NA,NA,NA,No,Sí,10,Toda,NA,Sí,2023
39,No,No,No,No,No,No,NA,NA,NA,NA,NA,NA,0,NA,Falta de tiempo,No,2023
46,Sí,Sí,No,No,No,No,No,Sí,NA,NA,NA,NA,40,Toda,NA,Sí,2023
41,Sí,Sí,Sí,No,No,No,No,Sí,No,Sí,NA,NA,40,La mayor parte,NA,No,2023
28,No,No,No,Sí,No,No,NA,NA,NA,NA,No,Sí,10,Toda,NA,Sí,2023
20,Sí,Sí,No,No,No,Sí,No,Sí,NA,NA,NA,NA,10,Toda,NA,Sí,2023
18,No,Sí,No,No,No,No,No,Sí,NA,NA,NA,NA,15,La mayor parte,NA,No,2023
35,No,No,No,No,No,Sí,NA,NA,NA,NA,NA,NA,15,Toda,NA,No,2023
62,Sí,No,Sí,No,No,Sí,NA,NA,No,Sí,NA,NA,60,Toda,NA,No,2023
29,Sí,Sí,Sí,No,No,Sí,Sí,No,No,Sí,NA,NA,30,La mayor parte,NA,Sí,2023
55,Sí,Sí,No,Sí,No,Sí,No,Sí,NA,NA,Sí,No,15,Toda,NA,Sí,2023
43,No,No,No,No,No,Sí,NA,NA,NA,NA,NA,NA,60,La mayor parte,NA,Sí,2023
46,No,No,No,No,No,Sí,NA,NA,NA,NA,NA,NA,5,Toda,NA,Sí,2023
46,Sí,No,No,Sí,No,No,NA,NA,NA,NA,No,Sí,10,La mitad,NA,Sí,2023
18,Sí,Sí,Sí,No,Sí,Sí,No,Sí,No,Sí,NA,NA,40,La mayor parte,NA,Sí,2023
45,No,No,No,No,No,Sí,NA,NA,NA,NA,NA,NA,10,La mayor parte,NA,No,2023
36,Sí,Sí,No,No,No,Sí,No,Sí,NA,NA,NA,NA,60,La mayor parte,NA,Sí,2023
65,Sí,No,No,Sí,No,No,NA,NA,NA,NA,No,Sí,40,Toda,NA,Sí,2023
29,Sí,Sí,No,Sí,Sí,Sí,No,Sí,NA,NA,No,Sí,30,Toda,NA,Sí,2023
25,No,No,No,No,No,No,NA,NA,NA,NA,NA,NA,0,NA,Falta de interés/gusto,No,2023
43,Sí,Sí,Sí,No,No,Sí,Sí,Sí,Sí,No,NA,NA,30,La mayor parte,NA,Sí,2023
45,Sí,Sí,Sí,Sí,No,No,Sí,No,Sí,No,Sí,No,20,La mayor parte,NA,Sí,2023
47,No,Sí,Sí,Sí,No,Sí,No,Sí,No,Sí,No,Sí,10,Toda,NA,No,2023
76,No,No,No,No,No,No,NA,NA,NA,NA,NA,NA,0,NA,Problemas de salud,Sí,2023
19,Sí,No,No,Sí,Sí,Sí,NA,NA,NA,NA,No,Sí,30,La mitad,NA,Sí,2023
57,No,No,No,No,No,Sí,NA,NA,NA,NA,NA,NA,20,La mitad,NA,Sí,2023
46,Sí,Sí,No,No,No,Sí,Sí,No,NA,NA,NA,NA,20,Toda,NA,Sí,2023
43,NA,NA,NA,NA,NA,NA,NA,NA,NA,NA,NA,NA,0,NA,NA,NA,2023
36,No,No,No,No,No,Sí,NA,NA,NA,NA,NA,NA,10,Toda,NA,Sí,2023
39,Sí,Sí,No,No,No,No,No,Sí,NA,NA,NA,NA,30,La mayor parte,NA,No,2023
25,Sí,Sí,No,No,No,Sí,Sí,No,NA,NA,NA,NA,30,La mitad,NA,Sí,2023
21,Sí,Sí,No,Sí,No,Sí,No,Sí,NA,NA,No,Sí,30,La mayor parte,NA,Sí,2023
58,Sí,Sí,Sí,No,No,Sí,No,Sí,No,Sí,NA,NA,30,La mayor parte,NA,Sí,2023
31,Sí,Sí,No,No,No,Sí,No,Sí,NA,NA,NA,NA,15,Toda,NA,Sí,2023
46,Sí,Sí,No,No,No,Sí,Sí,No,NA,NA,NA,NA,60,La mayor parte,NA,No,2023
44,Sí,Sí,Sí,No,No,Sí,No,Sí,No,Sí,NA,NA,30,Toda,NA,Sí,2023
67,Sí,Sí,Sí,Sí,No,Sí,No,Sí,No,Sí,Sí,No,60,Toda,NA,Sí,2023
45,Sí,Sí,Sí,No,No,Sí,No,Sí,Sí,No,NA,NA,15,La mayor parte,NA,Sí,2023
25,Sí,Sí,Sí,Sí,Sí,Sí,Sí,No,No,Sí,No,Sí,30,Toda,NA,Sí,2023
70,Sí,Sí,No,No,No,No,No,Sí,NA,NA,NA,NA,15,La mitad,NA,Sí,2023
27,Sí,Sí,No,No,No,Sí,No,Sí,NA,NA,NA,NA,10,Poca,NA,No,2023
48,Sí,No,No,Sí,No,Sí,NA,NA,NA,NA,No,Sí,30,La mayor parte,NA,No,2023
54,Sí,Sí,No,No,No,Sí,No,Sí,NA,NA,NA,NA,30,La mayor parte,NA,No recuerda,2023
46,Sí,No,No,Sí,No,Sí,NA,NA,NA,NA,No,Sí,60,La mitad,NA,No,2023
56,Sí,Sí,Sí,No,No,Sí,Sí,No,No,Sí,NA,NA,30,La mitad,NA,Sí,2023
46,Sí,No,No,Sí,No,Sí,NA,NA,NA,NA,No,Sí,10,Toda,NA,Sí,2023
55,Sí,Sí,Sí,No,No,No,No,Sí,No,Sí,NA,NA,20,La mitad,NA,Sí,2023
60,Sí,Sí,Sí,Sí,No,No,No,Sí,No,Sí,No,Sí,15,La mitad,NA,Sí,2023
63,Sí,Sí,Sí,Sí,No,No,No,Sí,No,Sí,No,Sí,20,La mayor parte,NA,No recuerda,2023
19,Sí,Sí,Sí,Sí,No,Sí,No,Sí,No,Sí,No,Sí,60,La mitad,NA,Sí,2023
48,Sí,Sí,No,No,No,No,No,Sí,NA,NA,NA,NA,60,Toda,NA,Sí,2023
39,Sí,Sí,Sí,No,No,Sí,No,Sí,No,Sí,NA,NA,40,La mayor parte,NA,Sí,2023
73,Sí,No,No,Sí,No,No,NA,NA,NA,NA,No,Sí,15,La mayor parte,NA,No,2023
31,Sí,Sí,Sí,No,No,Sí,Sí,No,No,Sí,NA,NA,10,La mayor parte,NA,No,2023
66,No,No,No,No,No,No,NA,NA,NA,NA,NA,NA,0,NA,Problemas de salud,No,2023
59,Sí,Sí,Sí,No,No,Sí,No,Sí,No,Sí,NA,NA,60,La mayor parte,NA,No,2023
24,Sí,Sí,Sí,No,No,Sí,No,Sí,No,Sí,NA,NA,60,Toda,NA,Sí,2023
31,Sí,Sí,Sí,No,No,Sí,No,Sí,No,Sí,NA,NA,10,La mayor parte,NA,Sí,2023
72,Sí,Sí,Sí,No,No,No,No,Sí,No,Sí,NA,NA,10,Toda,NA,No,2023
57,Sí,Sí,No,No,No,No,Sí,No,NA,NA,NA,NA,20,Poca,NA,No,2023
55,No,No,No,Sí,No,No,NA,NA,NA,NA,No,Sí,10,Poca,NA,No,2023
40,Sí,Sí,Sí,No,No,No,No,Sí,No,Sí,NA,NA,20,Poca,NA,Sí,2023
25,Sí,Sí,Sí,Sí,No,Sí,No,Sí,No,Sí,No,Sí,30,La mayor parte,NA,Sí,2023
49,Sí,No,No,Sí,No,Sí,NA,NA,NA,NA,No,Sí,15,La mayor parte,NA,No recuerda,2023
38,Sí,No,No,No,No,Sí,NA,NA,NA,NA,NA,NA,15,Toda,NA,Sí,2023
20,Sí,Sí,No,No,No,Sí,No,Sí,NA,NA,NA,NA,45,Toda,NA,Sí,2023
70,No,No,No,No,No,Sí,NA,NA,NA,NA,NA,NA,120,Toda,NA,No,2023
25,No,No,No,No,No,No,NA,NA,NA,NA,NA,NA,0,NA,Falta de tiempo,Sí,2023
29,No,No,No,No,No,No,NA,NA,NA,NA,NA,NA,0,NA,Falta de tiempo,No,2023
48,No,No,No,No,No,Sí,NA,NA,NA,NA,NA,NA,10,Toda,NA,No,2023
38,No,No,No,No,No,Sí,NA,NA,NA,NA,NA,NA,20,La mayor parte,NA,Sí,2023
76,No,No,No,No,No,No,NA,NA,NA,NA,NA,NA,0,NA,Prefiere otras actividades,No,2023
31,No,No,No,No,No,Sí,NA,NA,NA,NA,NA,NA,45,La mayor parte,NA,Sí,2023
75,No,No,No,No,No,No,NA,NA,NA,NA,NA,NA,0,NA,Prefiere otras actividades,Sí,2023
37,No,No,No,No,No,Sí,NA,NA,NA,NA,NA,NA,20,Toda,NA,No,2023
22,No,No,No,No,No,No,NA,NA,NA,NA,NA,NA,0,NA,Falta de interés/gusto,No,2023
56,No,No,No,No,No,No,NA,NA,NA,NA,NA,NA,0,NA,Falta de tiempo,No,2023
47,No,No,Sí,No,No,No,NA,NA,No,Sí,NA,NA,10,La mayor parte,NA,No,2023
50,Sí,No,No,Sí,No,Sí,NA,NA,NA,NA,No,Sí,29,Toda,NA,No,2023
46,Sí,No,No,No,No,Sí,NA,NA,NA,NA,NA,NA,20,Toda,NA,No,2023
62,Sí,Sí,No,No,No,No,No,Sí,NA,NA,NA,NA,60,Toda,NA,Sí,2023
33,No,No,No,No,No,No,NA,NA,NA,NA,NA,NA,0,NA,Falta de interés/gusto,No,2023
23,No,No,No,No,No,Sí,NA,NA,NA,NA,NA,NA,20,La mayor parte,NA,No,2023
59,Sí,Sí,No,No,No,Sí,Sí,No,NA,NA,NA,NA,120,Toda,NA,Sí,2023
37,No,No,No,No,No,No,NA,NA,NA,NA,NA,NA,0,NA,Falta de tiempo,No,2023
20,No,Sí,No,Sí,No,Sí,Sí,No,NA,NA,No,Sí,30,La mayor parte,NA,Sí,2023
52,No,No,No,Sí,No,No,NA,NA,NA,NA,No,Sí,15,La mayor parte,NA,No,2023
44,No,No,No,No,No,No,NA,NA,NA,NA,NA,NA,0,NA,Falta de tiempo,No,2023
42,No,No,No,No,No,Sí,NA,NA,NA,NA,NA,NA,20,La mayor parte,NA,No,2023
72,No,No,No,No,No,No,NA,NA,NA,NA,NA,NA,0,NA,Falta de interés/gusto,No,2023
70,Sí,No,No,Sí,No,No,NA,NA,NA,NA,No,Sí,30,Toda,NA,No,2023
25,Sí,No,No,No,No,Sí,NA,NA,NA,NA,NA,NA,60,La mayor parte,NA,Sí,2023
81,No,No,No,No,No,No,NA,NA,NA,NA,NA,NA,0,NA,Prefiere otras actividades,No,2023
70,No,No,No,No,No,No,NA,NA,NA,NA,NA,NA,0,NA,Falta de tiempo,No,2023
80,No,No,No,No,No,No,NA,NA,NA,NA,NA,NA,0,NA,Prefiere otras actividades,No,2023
22,No,No,Sí,Sí,Sí,No,NA,NA,No,Sí,No,Sí,30,La mayor parte,NA,Sí,2023
66,Sí,Sí,No,No,No,No,No,Sí,NA,NA,NA,NA,20,Toda,NA,No,2023
59,No,Sí,No,No,No,No,Sí,No,NA,NA,NA,NA,30,Toda,NA,Sí,2023
45,No,Sí,No,No,No,Sí,Sí,No,NA,NA,NA,NA,20,Toda,NA,Sí,2023
25,Sí,Sí,No,No,No,Sí,No,Sí,NA,NA,NA,NA,20,Toda,NA,Sí,2023
59,No,Sí,No,No,No,Sí,Sí,No,NA,NA,NA,NA,20,Toda,NA,Sí,2023
40,Sí,Sí,Sí,No,No,Sí,Sí,Sí,No,Sí,NA,NA,120,Toda,NA,Sí,2023
61,Sí,No,No,No,No,Sí,NA,NA,NA,NA,NA,NA,120,Toda,NA,Sí,2023
33,No,No,No,No,No,Sí,NA,NA,NA,NA,NA,NA,25,La mayor parte,NA,Sí,2023
32,No,No,No,No,No,No,NA,NA,NA,NA,NA,NA,0,NA,Falta de interés/gusto,No,2023
32,Sí,Sí,No,No,No,No,No,Sí,NA,NA,NA,NA,180,La mayor parte,NA,No,2023
70,Sí,No,No,No,No,No,NA,NA,NA,NA,NA,NA,0,NA,Problemas de salud,No,2023
32,No,No,No,No,No,No,NA,NA,NA,NA,NA,NA,0,NA,Falta de tiempo,No,2023
39,No,No,No,No,No,No,NA,NA,NA,NA,NA,NA,0,NA,Falta de tiempo,No,2023
36,Sí,Sí,Sí,No,No,Sí,No,Sí,No,Sí,NA,NA,30,La mayor parte,NA,Sí,2023
67,No,No,No,No,No,No,NA,NA,NA,NA,NA,NA,0,NA,Problemas de salud,No,2023
41,Sí,No,No,No,No,Sí,NA,NA,NA,NA,NA,NA,10,La mitad,NA,No,2023
36,Sí,Sí,Sí,Sí,No,Sí,Sí,No,Sí,No,Sí,No,120,Toda,NA,No,2023
63,Sí,No,No,Sí,No,No,NA,NA,NA,NA,No,Sí,10,Poca,NA,No recuerda,2023
71,NA,NA,NA,NA,NA,NA,NA,NA,NA,NA,NA,NA,0,NA,NA,NA,2023
31,No,No,No,No,No,No,NA,NA,NA,NA,NA,NA,0,NA,Falta de dinero,No,2023
37,Sí,Sí,Sí,No,Sí,No,No,Sí,No,Sí,NA,NA,20,La mitad,NA,Sí,2023
56,Sí,Sí,No,No,No,Sí,No,Sí,NA,NA,NA,NA,60,La mayor parte,NA,No,2023
68,Sí,No,No,No,No,Sí,NA,NA,NA,NA,NA,NA,20,La mayor parte,NA,Sí,2023
66,Sí,Sí,Sí,Sí,No,No,No,Sí,No,Sí,No,Sí,60,La mayor parte,NA,Sí,2023
39,Sí,No,No,No,No,Sí,NA,NA,NA,NA,NA,NA,60,Toda,NA,No,2023
18,Sí,Sí,Sí,No,No,Sí,Sí,No,Sí,No,NA,NA,30,La mayor parte,NA,Sí,2023
44,No,Sí,No,No,No,No,No,Sí,NA,NA,NA,NA,60,La mayor parte,NA,No,2023
27,Sí,Sí,Sí,No,Sí,Sí,No,Sí,No,Sí,NA,NA,20,La mayor parte,NA,Sí,2023
29,Sí,Sí,No,No,No,No,No,Sí,NA,NA,NA,NA,30,Toda,NA,Sí,2023
28,No,No,No,Sí,No,No,NA,NA,NA,NA,No,Sí,15,La mitad,NA,No,2023
26,Sí,Sí,No,No,No,No,No,Sí,NA,NA,NA,NA,10,Toda,NA,No,2023
42,No,No,No,No,No,Sí,NA,NA,NA,NA,NA,NA,30,La mayor parte,NA,No,2023
52,No,No,No,No,No,No,NA,NA,NA,NA,NA,NA,0,NA,Falta de tiempo,No,2023
28,Sí,Sí,No,No,No,Sí,Sí,No,NA,NA,NA,NA,120,La mayor parte,NA,Sí,2023
19,Sí,No,Sí,No,No,Sí,NA,NA,No,Sí,NA,NA,10,La mayor parte,NA,Sí,2023
41,No,No,No,No,No,No,NA,NA,NA,NA,NA,NA,0,NA,Falta de interés/gusto,No,2023
27,No,No,No,No,No,No,NA,NA,NA,NA,NA,NA,0,NA,Falta de tiempo,No,2023
39,Sí,Sí,Sí,No,Sí,Sí,No,Sí,No,Sí,NA,NA,30,La mayor parte,NA,Sí,2023
54,Sí,Sí,Sí,Sí,No,Sí,Sí,No,No,Sí,No,Sí,90,La mayor parte,NA,Sí,2023
55,No,No,No,No,No,No,NA,NA,NA,NA,NA,NA,0,NA,Falta de tiempo,No,2023
50,Sí,Sí,No,Sí,No,Sí,No,Sí,NA,NA,No,Sí,45,La mayor parte,NA,Sí,2023
70,Sí,Sí,Sí,Sí,No,Sí,No,Sí,No,Sí,No,Sí,120,Toda,NA,No,2023
56,Sí,Sí,Sí,Sí,No,Sí,No,Sí,No,Sí,No,Sí,60,La mayor parte,NA,Sí,2023
63,Sí,Sí,No,Sí,Sí,Sí,No,Sí,NA,NA,No,Sí,30,Toda,NA,Sí,2023
60,No,No,No,No,No,No,NA,NA,NA,NA,NA,NA,0,NA,Falta de interés/gusto,No,2023
20,No,No,No,No,No,No,NA,NA,NA,NA,NA,NA,0,NA,Falta de interés/gusto,No,2023
43,No,No,No,No,No,No,NA,NA,NA,NA,NA,NA,0,NA,Falta de tiempo,No,2023
50,Sí,Sí,No,No,No,Sí,No,Sí,NA,NA,NA,NA,90,La mayor parte,NA,Sí,2023
97,No,No,No,No,No,No,NA,NA,NA,NA,NA,NA,0,NA,Problemas de salud,No,2023
78,No,No,No,No,No,No,NA,NA,NA,NA,NA,NA,0,NA,Falta de interés/gusto,No,2023
34,Sí,Sí,No,No,No,No,No,Sí,NA,NA,NA,NA,60,La mayor parte,NA,Sí,2023
32,No,No,No,No,No,No,NA,NA,NA,NA,NA,NA,0,NA,Falta de tiempo,Sí,2023
51,Sí,Sí,Sí,No,No,Sí,No,Sí,No,Sí,NA,NA,20,La mayor parte,NA,Sí,2023
54,Sí,No,No,Sí,No,No,NA,NA,NA,NA,No,Sí,20,La mayor parte,NA,Sí,2023
55,Sí,Sí,No,No,No,No,No,Sí,NA,NA,NA,NA,40,La mayor parte,NA,Sí,2023
39,Sí,Sí,Sí,No,Sí,Sí,Sí,No,No,Sí,NA,NA,30,La mayor parte,NA,Sí,2023
62,No,No,No,No,No,No,NA,NA,NA,NA,NA,NA,0,NA,Falta de tiempo,No,2023
69,Sí,Sí,Sí,Sí,No,No,No,Sí,No,Sí,No,Sí,30,Toda,NA,Sí,2023
64,Sí,Sí,Sí,No,No,No,No,Sí,No,Sí,NA,NA,50,La mayor parte,NA,Sí,2023
54,Sí,Sí,No,No,No,No,No,Sí,NA,NA,NA,NA,30,La mayor parte,NA,Sí,2023
81,Sí,No,No,Sí,No,No,NA,NA,NA,NA,No,Sí,90,La mitad,NA,No,2023
30,Sí,Sí,No,No,No,No,No,Sí,NA,NA,NA,NA,40,La mayor parte,NA,Sí,2023
80,Sí,Sí,No,No,No,No,No,Sí,NA,NA,NA,NA,30,La mitad,NA,Sí,2023
23,Sí,Sí,No,No,No,Sí,Sí,Sí,NA,NA,NA,NA,90,La mayor parte,NA,Sí,2023
64,Sí,No,No,Sí,No,No,NA,NA,NA,NA,No,Sí,40,Poca,NA,Sí,2023
37,Sí,Sí,No,Sí,No,No,No,Sí,NA,NA,No,Sí,60,La mayor parte,NA,Sí,2023
32,No,No,No,No,No,No,NA,NA,NA,NA,NA,NA,0,NA,Falta de interés/gusto,Sí,2023
58,Sí,Sí,Sí,No,No,Sí,Sí,Sí,No,Sí,NA,NA,20,La mitad,NA,No,2023
47,No,No,No,No,No,No,NA,NA,NA,NA,NA,NA,0,NA,Falta de interés/gusto,No,2023
50,Sí,No,No,Sí,No,No,NA,NA,NA,NA,No,Sí,30,La mayor parte,NA,Sí,2023
43,Sí,Sí,No,Sí,No,No,No,Sí,NA,NA,No,Sí,60,La mayor parte,NA,Sí,2023
47,Sí,Sí,No,No,No,No,No,Sí,NA,NA,NA,NA,50,La mayor parte,NA,Sí,2023
28,Sí,Sí,No,No,No,No,No,Sí,NA,NA,NA,NA,60,Toda,NA,Sí,2023
47,Sí,No,No,Sí,No,No,NA,NA,NA,NA,No,Sí,30,La mayor parte,NA,Sí,2023
57,No,No,No,No,No,No,NA,NA,NA,NA,NA,NA,0,NA,Falta de interés/gusto,No,2023
55,No,No,No,No,No,No,NA,NA,NA,NA,NA,NA,0,NA,Falta de interés/gusto,No,2023
62,No,No,No,No,No,No,NA,NA,NA,NA,NA,NA,0,NA,Falta de tiempo,No,2023
47,Sí,Sí,No,No,No,No,No,Sí,NA,NA,NA,NA,40,Toda,NA,Sí,2023
23,No,Sí,No,No,No,Sí,No,Sí,NA,NA,NA,NA,30,Toda,NA,Sí,2023
68,Sí,No,No,No,No,Sí,NA,NA,NA,NA,NA,NA,10,La mayor parte,NA,No,2023
27,Sí,Sí,No,No,No,Sí,No,Sí,NA,NA,NA,NA,60,La mayor parte,NA,No,2023
41,No,No,No,No,No,No,NA,NA,NA,NA,NA,NA,0,NA,Falta de interés/gusto,No,2023
59,Sí,No,No,Sí,No,No,NA,NA,NA,NA,No,Sí,35,La mayor parte,NA,Sí,2023
70,Sí,Sí,Sí,Sí,No,No,No,Sí,No,Sí,No,Sí,60,Toda,NA,Sí,2023
80,Sí,Sí,Sí,No,No,No,No,Sí,No,Sí,NA,NA,30,La mayor parte,NA,Sí,2023
91,NA,NA,NA,NA,NA,NA,NA,NA,NA,NA,NA,NA,0,NA,NA,NA,2023
36,NA,NA,NA,NA,NA,NA,NA,NA,NA,NA,NA,NA,0,NA,NA,NA,2023
30,Sí,No,Sí,No,No,Sí,NA,NA,No,Sí,NA,NA,20,La mitad,NA,Sí,2023
57,Sí,No,No,Sí,No,No,NA,NA,NA,NA,No,Sí,40,La mayor parte,NA,Sí,2023
26,Sí,Sí,No,No,No,No,No,Sí,NA,NA,NA,NA,30,Toda,NA,Sí,2023
80,No,No,No,No,No,No,NA,NA,NA,NA,NA,NA,0,NA,Falta de interés/gusto,No,2023
32,Sí,No,No,No,Sí,Sí,NA,NA,NA,NA,NA,NA,10,La mayor parte,NA,Sí,2023
55,Sí,Sí,Sí,Sí,No,No,Sí,No,No,Sí,Sí,No,25,La mayor parte,NA,No,2023
26,Sí,Sí,Sí,No,No,Sí,No,Sí,No,Sí,NA,NA,80,Toda,NA,Sí,2023
52,Sí,Sí,No,No,No,No,No,Sí,NA,NA,NA,NA,45,Toda,NA,Sí,2023
63,No,Sí,No,No,No,No,No,Sí,NA,NA,NA,NA,30,La mayor parte,NA,No,2023
80,No,No,No,No,No,No,NA,NA,NA,NA,NA,NA,0,NA,Problemas de salud,No,2023
64,Sí,Sí,No,No,No,Sí,No,Sí,NA,NA,NA,NA,60,Toda,NA,Sí,2023
27,Sí,Sí,Sí,No,No,Sí,No,Sí,No,Sí,NA,NA,40,La mayor parte,NA,Sí,2023
39,No,No,No,No,No,No,NA,NA,NA,NA,NA,NA,0,NA,Prefiere otras actividades,Sí,2023
23,Sí,Sí,Sí,Sí,Sí,Sí,No,Sí,No,Sí,No,Sí,30,La mayor parte,NA,No recuerda,2023
30,Sí,No,No,No,No,Sí,NA,NA,NA,NA,NA,NA,30,La mayor parte,NA,Sí,2023
32,No,Sí,No,No,Sí,Sí,Sí,No,NA,NA,NA,NA,15,La mayor parte,NA,Sí,2023
60,Sí,Sí,No,No,No,Sí,Sí,Sí,NA,NA,NA,NA,60,La mayor parte,NA,Sí,2023
68,No,No,No,No,No,No,NA,NA,NA,NA,NA,NA,0,NA,Falta de interés/gusto,Sí,2023
37,Sí,Sí,No,No,No,Sí,Sí,No,NA,NA,NA,NA,30,La mayor parte,NA,Sí,2023
83,Sí,No,No,Sí,No,No,NA,NA,NA,NA,No,Sí,30,La mayor parte,NA,No recuerda,2023
65,Sí,Sí,No,No,No,No,No,Sí,NA,NA,NA,NA,120,La mitad,NA,No,2023
41,Sí,Sí,Sí,No,No,Sí,Sí,No,No,Sí,NA,NA,15,La mayor parte,NA,Sí,2023
54,No,No,No,No,No,No,NA,NA,NA,NA,NA,NA,0,NA,Falta de tiempo,No,2023
59,Sí,No,No,Sí,No,Sí,NA,NA,NA,NA,No,Sí,6,Toda,NA,Sí,2023
25,Sí,Sí,No,No,Sí,Sí,Sí,Sí,NA,NA,NA,NA,15,La mayor parte,NA,Sí,2023
41,No,No,No,No,No,Sí,NA,NA,NA,NA,NA,NA,15,La mayor parte,NA,No,2023
38,No,No,No,No,No,No,NA,NA,NA,NA,NA,NA,0,NA,Falta de tiempo,Sí,2023
68,No,No,No,No,No,No,NA,NA,NA,NA,NA,NA,0,NA,Falta de interés/gusto,No,2023
66,No,No,No,No,No,No,NA,NA,NA,NA,NA,NA,0,NA,Falta de tiempo,No,2023
57,Sí,Sí,No,Sí,No,No,No,Sí,NA,NA,No,Sí,60,Toda,NA,No,2023
30,No,No,No,No,Sí,Sí,NA,NA,NA,NA,NA,NA,15,La mitad,NA,Sí,2023
56,No,No,No,No,No,No,NA,NA,NA,NA,NA,NA,0,NA,Falta de dinero,No,2023
30,No,No,No,No,No,Sí,NA,NA,NA,NA,NA,NA,25,La mayor parte,NA,Sí,2023
28,No,No,No,No,Sí,No,NA,NA,NA,NA,NA,NA,10,La mayor parte,NA,Sí,2023
46,Sí,No,No,Sí,No,Sí,NA,NA,NA,NA,No,Sí,120,Toda,NA,No,2023
28,Sí,No,Sí,Sí,No,Sí,NA,NA,Sí,No,Sí,No,15,La mitad,NA,No,2023
69,Sí,Sí,No,No,No,No,No,Sí,NA,NA,NA,NA,20,La mitad,NA,No,2023
37,No,No,No,No,No,Sí,NA,NA,NA,NA,NA,NA,30,Toda,NA,No,2023
30,Sí,Sí,No,No,No,Sí,No,Sí,NA,NA,NA,NA,30,Toda,NA,No,2023
72,No,Sí,No,Sí,No,No,No,Sí,NA,NA,No,Sí,10,La mitad,NA,No,2023
41,Sí,Sí,No,Sí,No,No,No,Sí,NA,NA,No,Sí,30,La mayor parte,NA,Sí,2023
54,No,No,No,No,No,No,NA,NA,NA,NA,NA,NA,0,NA,Falta de tiempo,No,2023
29,No,No,No,No,No,Sí,NA,NA,NA,NA,NA,NA,15,La mayor parte,NA,No,2023
57,No,No,No,No,No,No,NA,NA,NA,NA,NA,NA,0,NA,Falta de interés/gusto,No,2023
28,Sí,No,Sí,Sí,Sí,Sí,NA,NA,No,Sí,No,Sí,60,La mayor parte,NA,No,2023
27,No,No,No,No,No,No,NA,NA,NA,NA,NA,NA,0,NA,Falta de tiempo,No recuerda,2023
52,No,No,No,No,No,Sí,NA,NA,NA,NA,NA,NA,10,Toda,NA,No,2023
18,No,Sí,Sí,No,Sí,Sí,No,Sí,No,Sí,NA,NA,120,Toda,NA,Sí,2023
18,No,No,No,No,No,No,NA,NA,NA,NA,NA,NA,0,NA,Falta de interés/gusto,No,2023
23,Sí,Sí,No,No,No,Sí,No,Sí,NA,NA,NA,NA,30,La mayor parte,NA,Sí,2023
36,Sí,No,No,No,No,Sí,NA,NA,NA,NA,NA,NA,30,Toda,NA,Sí,2023
67,Sí,No,Sí,No,No,No,NA,NA,No,Sí,NA,NA,120,La mayor parte,NA,No,2023
69,Sí,Sí,Sí,No,No,No,No,Sí,No,Sí,NA,NA,60,Toda,NA,Sí,2023
67,No,No,No,No,No,No,NA,NA,NA,NA,NA,NA,0,NA,Problemas de salud,Sí,2023
62,Sí,No,No,No,No,No,NA,NA,NA,NA,NA,NA,0,NA,Prefiere otras actividades,Sí,2023
77,Sí,Sí,No,No,No,No,No,Sí,NA,NA,NA,NA,60,Toda,NA,No,2023
63,No,No,Sí,Sí,Sí,No,NA,NA,No,Sí,No,Sí,30,La mayor parte,NA,Sí,2023
73,Sí,No,No,No,No,No,NA,NA,NA,NA,NA,NA,0,NA,Problemas de salud,No,2023
40,Sí,No,No,Sí,No,Sí,NA,NA,NA,NA,No,Sí,30,La mayor parte,NA,Sí,2023
47,Sí,Sí,No,No,No,Sí,No,Sí,NA,NA,NA,NA,20,La mayor parte,NA,Sí,2023
18,No,No,No,Sí,No,No,NA,NA,NA,NA,No,Sí,30,La mayor parte,NA,Sí,2023
33,No,No,No,No,No,No,NA,NA,NA,NA,NA,NA,0,NA,Prefiere otras actividades,No,2023
33,No,No,No,No,No,Sí,NA,NA,NA,NA,NA,NA,30,La mayor parte,NA,No,2023
42,Sí,Sí,Sí,No,No,Sí,Sí,No,Sí,Sí,NA,NA,60,La mayor parte,NA,Sí,2023
28,Sí,Sí,Sí,No,Sí,Sí,No,Sí,No,Sí,NA,NA,40,La mayor parte,NA,Sí,2023
47,No,No,No,No,No,No,NA,NA,NA,NA,NA,NA,0,NA,Falta de interés/gusto,No,2023
69,No,No,No,No,No,No,NA,NA,NA,NA,NA,NA,0,NA,Falta de tiempo,No,2023
59,No,No,No,No,No,No,NA,NA,NA,NA,NA,NA,0,NA,Falta de interés/gusto,No,2023
38,Sí,No,No,Sí,No,No,NA,NA,NA,NA,No,Sí,5,La mitad,NA,Sí,2023
46,No,No,Sí,No,No,Sí,NA,NA,Sí,No,NA,NA,30,Toda,NA,Sí,2023
43,Sí,Sí,No,No,No,Sí,No,Sí,NA,NA,NA,NA,30,La mayor parte,NA,Sí,2023
24,Sí,Sí,Sí,Sí,Sí,Sí,Sí,No,Sí,No,No,Sí,10,La mayor parte,NA,No,2023
62,Sí,No,No,No,No,No,NA,NA,NA,NA,NA,NA,0,NA,Falta de tiempo,No,2023
48,No,No,No,No,No,No,NA,NA,NA,NA,NA,NA,0,NA,Prefiere otras actividades,No,2023
40,No,No,No,No,No,No,NA,NA,NA,NA,NA,NA,0,NA,Falta de tiempo,Sí,2023
52,No,No,No,No,No,No,NA,NA,NA,NA,NA,NA,0,NA,Falta de tiempo,No,2023
48,No,No,Sí,No,Sí,Sí,NA,NA,Sí,No,NA,NA,15,La mayor parte,NA,Sí,2023
82,Sí,Sí,Sí,No,No,No,No,Sí,No,Sí,NA,NA,30,Poca,NA,Sí,2023
20,Sí,Sí,No,No,No,Sí,Sí,No,NA,NA,NA,NA,15,La mayor parte,NA,Sí,2023
42,No,No,No,Sí,No,No,NA,NA,NA,NA,No,Sí,15,La mitad,NA,Sí,2023
35,Sí,Sí,Sí,No,No,No,Sí,No,No,Sí,NA,NA,20,La mayor parte,NA,Sí,2023
60,Sí,Sí,No,No,No,Sí,No,Sí,NA,NA,NA,NA,15,La mayor parte,NA,Sí,2023
62,Sí,No,Sí,No,No,No,NA,NA,No,Sí,NA,NA,30,Poca,NA,No,2023
58,Sí,Sí,No,Sí,No,No,No,Sí,NA,NA,No,Sí,30,La mitad,NA,No,2023
66,Sí,Sí,No,No,No,No,No,Sí,NA,NA,NA,NA,30,Toda,NA,Sí,2023
43,No,No,No,No,No,Sí,NA,NA,NA,NA,NA,NA,3,La mitad,NA,Sí,2023
38,No,No,No,No,No,No,NA,NA,NA,NA,NA,NA,0,NA,Prefiere otras actividades,No,2023
52,No,No,No,No,No,No,NA,NA,NA,NA,NA,NA,0,NA,Problemas de salud,Sí,2024
55,No,No,No,No,No,No,NA,NA,NA,NA,NA,NA,0,NA,Prefiere otras actividades,No,2024
59,No,No,No,No,No,No,NA,NA,NA,NA,NA,NA,0,NA,Falta de tiempo,Sí,2024
30,No,No,No,No,No,No,NA,NA,NA,NA,NA,NA,0,NA,Falta de dinero,Sí,2024
54,No,No,No,Sí,No,No,NA,NA,NA,NA,Sí,No,20,La mayor parte,NA,Sí,2024
30,No,No,No,No,No,Sí,NA,NA,NA,NA,NA,NA,15,La mayor parte,NA,Sí,2024
66,No,No,No,No,No,No,NA,NA,NA,NA,NA,NA,0,NA,Prefiere otras actividades,Sí,2024
45,No,No,No,No,No,No,NA,NA,NA,NA,NA,NA,0,NA,Falta de tiempo,Sí,2024
26,No,No,Sí,Sí,No,Sí,NA,NA,Sí,No,Sí,No,20,La mayor parte,NA,Sí,2024
41,No,No,No,No,No,Sí,NA,NA,NA,NA,NA,NA,10,La mayor parte,NA,Sí,2024
34,No,No,No,No,No,Sí,NA,NA,NA,NA,NA,NA,20,La mayor parte,NA,Sí,2024
47,No,No,No,No,No,Sí,NA,NA,NA,NA,NA,NA,10,La mayor parte,NA,Sí,2024
54,Sí,Sí,No,No,No,Sí,No,Sí,NA,NA,NA,NA,20,La mayor parte,NA,Sí,2024
24,Sí,Sí,No,No,No,Sí,No,Sí,NA,NA,NA,NA,20,La mayor parte,NA,Sí,2024
37,No,No,No,No,No,Sí,NA,NA,NA,NA,NA,NA,10,La mayor parte,NA,Sí,2024
58,No,No,No,No,No,No,NA,NA,NA,NA,NA,NA,0,NA,Prefiere otras actividades,Sí,2024
22,Sí,Sí,No,No,No,Sí,No,Sí,NA,NA,NA,NA,30,La mayor parte,NA,Sí,2024
41,Sí,Sí,No,No,No,Sí,No,Sí,NA,NA,NA,NA,30,La mayor parte,NA,Sí,2024
23,No,No,No,No,No,No,NA,NA,NA,NA,NA,NA,0,NA,Prefiere otras actividades,Sí,2024
29,No,No,No,No,No,No,NA,NA,NA,NA,NA,NA,0,NA,Prefiere otras actividades,Sí,2024
59,No,No,No,No,No,No,NA,NA,NA,NA,NA,NA,0,NA,Prefiere otras actividades,Sí,2024
41,No,No,No,No,No,No,NA,NA,NA,NA,NA,NA,0,NA,Falta de tiempo,Sí,2024
40,No,No,No,Sí,No,No,NA,NA,NA,NA,Sí,No,20,La mayor parte,NA,Sí,2024
18,Sí,Sí,No,No,No,Sí,No,Sí,NA,NA,NA,NA,60,La mayor parte,NA,Sí,2024
35,Sí,Sí,No,No,No,Sí,Sí,No,NA,NA,NA,NA,30,La mayor parte,NA,Sí,2024
55,No,No,No,No,No,No,NA,NA,NA,NA,NA,NA,0,NA,Falta de tiempo,Sí,2024
43,No,No,No,No,No,No,NA,NA,NA,NA,NA,NA,0,NA,Falta de tiempo,No,2024
40,No,No,No,No,No,No,NA,NA,NA,NA,NA,NA,0,NA,Falta de tiempo,Sí,2024
26,No,No,No,No,No,No,NA,NA,NA,NA,NA,NA,0,NA,Falta de tiempo,Sí,2024
32,No,No,No,No,No,No,NA,NA,NA,NA,NA,NA,0,NA,Prefiere otras actividades,Sí,2024
40,No,No,No,No,No,No,NA,NA,NA,NA,NA,NA,0,NA,Falta de tiempo,Sí,2024
19,No,No,No,No,No,No,NA,NA,NA,NA,NA,NA,0,NA,Falta de tiempo,Sí,2024
43,No,No,No,No,No,No,NA,NA,NA,NA,NA,NA,0,NA,Falta de tiempo,No,2024
64,Sí,Sí,No,No,No,No,Sí,No,NA,NA,NA,NA,30,La mayor parte,NA,Sí,2024
31,No,No,No,No,No,Sí,NA,NA,NA,NA,NA,NA,10,La mayor parte,NA,Sí,2024
58,No,No,No,Sí,No,No,NA,NA,NA,NA,Sí,No,10,La mayor parte,NA,Sí,2024
49,No,No,No,No,No,No,NA,NA,NA,NA,NA,NA,0,NA,Falta de tiempo,Sí,2024
50,No,No,No,No,No,Sí,NA,NA,NA,NA,NA,NA,15,La mayor parte,NA,Sí,2024
56,No,No,No,No,No,No,NA,NA,NA,NA,NA,NA,0,NA,Falta de tiempo,Sí,2024
28,Sí,Sí,No,No,No,Sí,Sí,No,NA,NA,NA,NA,30,La mayor parte,NA,Sí,2024
28,No,No,No,No,No,Sí,NA,NA,NA,NA,NA,NA,10,La mayor parte,NA,Sí,2024
70,No,No,No,Sí,No,No,NA,NA,NA,NA,Sí,No,15,La mayor parte,NA,Sí,2024
56,Sí,Sí,No,No,No,No,No,Sí,NA,NA,NA,NA,40,La mayor parte,NA,Sí,2024
37,No,No,No,No,No,Sí,NA,NA,NA,NA,NA,NA,10,La mayor parte,NA,Sí,2024
40,Sí,Sí,No,No,No,Sí,No,Sí,NA,NA,NA,NA,30,La mayor parte,NA,Sí,2024
53,Sí,Sí,No,No,No,No,Sí,No,NA,NA,NA,NA,20,La mayor parte,NA,Sí,2024
48,Sí,No,Sí,No,No,Sí,NA,NA,Sí,No,NA,NA,60,Toda,NA,Sí,2024
26,No,No,No,No,No,Sí,NA,NA,NA,NA,NA,NA,30,La mayor parte,NA,Sí,2024
66,Sí,No,No,Sí,No,No,NA,NA,NA,NA,No,Sí,30,La mitad,NA,No,2024
21,Sí,Sí,Sí,No,No,Sí,No,Sí,Sí,No,NA,NA,120,Toda,NA,Sí,2024
60,Sí,No,No,Sí,No,Sí,NA,NA,NA,NA,No,Sí,20,La mayor parte,NA,Sí,2024
30,No,No,No,No,No,No,NA,NA,NA,NA,NA,NA,0,NA,Prefiere otras actividades,Sí,2024
30,Sí,Sí,Sí,No,No,Sí,No,Sí,Sí,No,NA,NA,60,Toda,NA,Sí,2024
66,Sí,Sí,No,No,No,Sí,No,Sí,NA,NA,NA,NA,30,La mayor parte,NA,Sí,2024
62,No,No,No,No,No,Sí,NA,NA,NA,NA,NA,NA,30,La mayor parte,NA,No recuerda,2024
72,Sí,Sí,No,No,No,No,No,Sí,NA,NA,NA,NA,25,La mayor parte,NA,No,2024
67,No,No,Sí,No,No,Sí,NA,NA,Sí,No,NA,NA,30,La mayor parte,NA,No,2024
36,No,No,No,No,No,No,NA,NA,NA,NA,NA,NA,0,NA,Falta de interés/gusto,No recuerda,2024
25,Sí,Sí,No,No,No,Sí,No,Sí,NA,NA,NA,NA,120,Toda,NA,No,2024
66,NA,NA,NA,NA,NA,NA,NA,NA,NA,NA,NA,NA,0,NA,NA,NA,2024
60,No,No,No,No,No,No,NA,NA,NA,NA,NA,NA,0,NA,Prefiere otras actividades,No,2024
52,No,No,No,No,No,No,NA,NA,NA,NA,NA,NA,0,NA,Falta de tiempo,No,2024
31,Sí,Sí,No,No,No,Sí,Sí,No,NA,NA,NA,NA,60,La mayor parte,NA,Sí,2024
43,Sí,Sí,No,No,No,No,No,Sí,NA,NA,NA,NA,60,La mayor parte,NA,Sí,2024
33,Sí,Sí,No,No,No,Sí,Sí,No,NA,NA,NA,NA,60,Toda,NA,Sí,2024
31,No,No,No,No,No,No,NA,NA,NA,NA,NA,NA,0,NA,Falta de tiempo,Sí,2024
41,No,No,No,No,No,No,NA,NA,NA,NA,NA,NA,0,NA,Falta de interés/gusto,Sí,2024
33,No,No,No,No,No,No,NA,NA,NA,NA,NA,NA,0,NA,Falta de interés/gusto,No,2024
60,No,No,No,Sí,No,No,NA,NA,NA,NA,No,Sí,30,La mayor parte,NA,No,2024
29,Sí,Sí,No,No,Sí,Sí,No,Sí,NA,NA,NA,NA,60,Toda,NA,Sí,2024
59,No,No,No,No,No,No,NA,NA,NA,NA,NA,NA,0,NA,Falta de interés/gusto,No recuerda,2024
35,Sí,Sí,Sí,No,Sí,Sí,No,Sí,No,Sí,NA,NA,30,La mayor parte,NA,Sí,2024
61,Sí,Sí,No,No,No,Sí,No,Sí,NA,NA,NA,NA,120,La mayor parte,NA,Sí,2024
57,No,No,No,No,No,No,NA,NA,NA,NA,NA,NA,0,NA,Falta de tiempo,Sí,2024
20,No,Sí,No,No,No,Sí,Sí,No,NA,NA,NA,NA,60,La mayor parte,NA,Sí,2024
78,No,No,No,No,No,No,NA,NA,NA,NA,NA,NA,0,NA,Problemas de salud,No recuerda,2024
34,Sí,Sí,Sí,No,No,Sí,No,Sí,No,Sí,NA,NA,20,La mayor parte,NA,Sí,2024
57,Sí,Sí,Sí,No,No,No,No,Sí,No,Sí,NA,NA,60,La mayor parte,NA,No,2024
22,Sí,Sí,Sí,No,No,Sí,Sí,No,Sí,Sí,NA,NA,60,Toda,NA,Sí,2024
21,Sí,Sí,No,Sí,Sí,Sí,No,Sí,NA,NA,No,Sí,120,La mayor parte,NA,No,2024
22,No,No,No,No,No,No,NA,NA,NA,NA,NA,NA,0,NA,Prefiere otras actividades,Sí,2024
65,No,No,No,No,No,No,NA,NA,NA,NA,NA,NA,0,NA,Problemas de salud,Sí,2024
39,No,No,Sí,No,No,Sí,NA,NA,No,Sí,NA,NA,20,La mayor parte,NA,Sí,2024
37,Sí,No,No,No,Sí,Sí,NA,NA,NA,NA,NA,NA,20,La mayor parte,NA,No,2024
48,No,No,No,Sí,No,No,NA,NA,NA,NA,No,Sí,30,La mayor parte,NA,No,2024
31,No,No,No,No,No,No,NA,NA,NA,NA,NA,NA,0,NA,Falta de tiempo,No,2024
44,No,No,No,No,No,No,NA,NA,NA,NA,NA,NA,0,NA,Prefiere otras actividades,No,2024
51,No,No,No,No,No,Sí,NA,NA,NA,NA,NA,NA,15,La mitad,NA,No recuerda,2024
61,Sí,Sí,No,No,No,No,No,Sí,NA,NA,NA,NA,20,La mitad,NA,Sí,2024
43,Sí,No,Sí,No,No,No,NA,NA,No,Sí,NA,NA,20,La mayor parte,NA,Sí,2024
25,Sí,Sí,No,No,No,Sí,No,Sí,NA,NA,NA,NA,25,Toda,NA,No,2024
73,Sí,Sí,No,No,No,No,No,Sí,NA,NA,NA,NA,30,La mitad,NA,No,2024
64,NA,NA,NA,NA,NA,NA,NA,NA,NA,NA,NA,NA,0,NA,NA,NA,2024
71,Sí,Sí,No,No,No,No,No,Sí,NA,NA,NA,NA,30,La mitad,NA,No,2024
23,Sí,Sí,Sí,No,No,No,No,Sí,No,Sí,NA,NA,30,La mayor parte,NA,Sí,2024
32,Sí,Sí,No,No,No,Sí,No,Sí,NA,NA,NA,NA,30,La mayor parte,NA,Sí,2024
45,Sí,No,No,No,No,No,NA,NA,NA,NA,NA,NA,0,NA,Falta de tiempo,Sí,2024
45,No,No,No,No,No,No,NA,NA,NA,NA,NA,NA,0,NA,Falta de tiempo,No,2024
43,Sí,Sí,No,No,No,Sí,No,Sí,NA,NA,NA,NA,25,La mayor parte,NA,Sí,2024
69,Sí,Sí,Sí,No,No,No,Sí,Sí,No,Sí,NA,NA,40,La mayor parte,NA,Sí,2024
27,Sí,No,No,No,No,No,NA,NA,NA,NA,NA,NA,0,NA,Falta de interés/gusto,Sí,2024
38,Sí,No,No,No,No,No,NA,NA,NA,NA,NA,NA,0,NA,Falta de interés/gusto,Sí,2024
33,No,No,No,No,No,No,NA,NA,NA,NA,NA,NA,0,NA,Falta de interés/gusto,No,2024
25,Sí,No,No,No,No,Sí,NA,NA,NA,NA,NA,NA,40,La mitad,NA,No,2024
42,Sí,No,No,No,No,No,NA,NA,NA,NA,NA,NA,0,NA,Falta de interés/gusto,No,2024
29,No,No,No,No,No,No,NA,NA,NA,NA,NA,NA,0,NA,Falta de tiempo,No,2024
39,No,No,No,No,No,No,NA,NA,NA,NA,NA,NA,0,NA,Falta de dinero,No,2024
83,NA,NA,NA,NA,NA,NA,NA,NA,NA,NA,NA,NA,0,NA,NA,NA,2024
47,Sí,Sí,No,No,No,No,No,Sí,NA,NA,NA,NA,20,La mayor parte,NA,No,2024
36,Sí,Sí,No,No,No,Sí,No,Sí,NA,NA,NA,NA,20,La mayor parte,NA,Sí,2024
56,No,No,No,No,No,No,NA,NA,NA,NA,NA,NA,0,NA,Falta de interés/gusto,Sí,2024
25,No,Sí,No,No,No,No,No,Sí,NA,NA,NA,NA,30,La mayor parte,NA,Sí,2024
38,Sí,No,Sí,No,No,No,NA,NA,No,Sí,NA,NA,20,La mayor parte,NA,Sí,2024
47,Sí,Sí,No,No,No,No,No,Sí,NA,NA,NA,NA,38,La mitad,NA,Sí,2024
39,No,No,No,No,No,No,NA,NA,NA,NA,NA,NA,0,NA,Falta de interés/gusto,No,2024
68,No,No,No,No,No,No,NA,NA,NA,NA,NA,NA,0,NA,Falta de interés/gusto,No,2024
25,Sí,No,No,Sí,No,No,NA,NA,NA,NA,No,Sí,20,La mitad,NA,No,2024
30,Sí,Sí,No,No,No,Sí,Sí,No,NA,NA,NA,NA,40,La mayor parte,NA,Sí,2024
41,No,No,No,No,No,No,NA,NA,NA,NA,NA,NA,0,NA,Prefiere otras actividades,No,2024
38,Sí,Sí,No,No,No,Sí,No,Sí,NA,NA,NA,NA,20,La mayor parte,NA,Sí,2024
63,No,No,No,No,No,No,NA,NA,NA,NA,NA,NA,0,NA,Problemas de salud,No,2024
53,No,No,No,No,No,No,NA,NA,NA,NA,NA,NA,0,NA,Falta de interés/gusto,No,2024
49,Sí,Sí,No,No,No,Sí,No,Sí,NA,NA,NA,NA,30,La mayor parte,NA,No,2024
50,Sí,Sí,No,No,No,No,Sí,Sí,NA,NA,NA,NA,30,La mayor parte,NA,Sí,2024
64,Sí,Sí,No,No,No,No,No,Sí,NA,NA,NA,NA,20,La mitad,NA,No,2024
67,No,No,No,Sí,No,No,NA,NA,NA,NA,No,Sí,15,La mitad,NA,Sí,2024
49,Sí,Sí,No,No,No,Sí,Sí,No,NA,NA,NA,NA,60,Toda,NA,Sí,2024
39,Sí,Sí,No,Sí,No,Sí,No,Sí,NA,NA,No,Sí,20,La mitad,NA,Sí,2024
64,Sí,Sí,No,No,No,Sí,No,Sí,NA,NA,NA,NA,30,La mayor parte,NA,No,2024
57,No,No,No,No,No,No,NA,NA,NA,NA,NA,NA,0,NA,Falta de tiempo,No,2024
56,Sí,No,Sí,Sí,No,Sí,NA,NA,No,Sí,No,Sí,20,La mitad,NA,No,2024
37,No,No,No,No,No,Sí,NA,NA,NA,NA,NA,NA,30,Toda,NA,No,2024
45,No,No,No,No,No,Sí,NA,NA,NA,NA,NA,NA,60,La mayor parte,NA,Sí,2024
29,Sí,No,No,No,No,Sí,NA,NA,NA,NA,NA,NA,30,La mayor parte,NA,Sí,2024
22,No,No,Sí,No,No,Sí,NA,NA,No,Sí,NA,NA,30,La mitad,NA,No,2024
52,Sí,Sí,No,No,No,No,No,Sí,NA,NA,NA,NA,10,La mayor parte,NA,No,2024
63,Sí,Sí,No,No,No,No,No,Sí,NA,NA,NA,NA,30,La mitad,NA,Sí,2024
38,Sí,No,Sí,No,No,Sí,NA,NA,No,Sí,NA,NA,30,La mayor parte,NA,No,2024
31,Sí,Sí,No,No,No,Sí,Sí,No,NA,NA,NA,NA,180,La mayor parte,NA,Sí,2024
33,Sí,Sí,Sí,No,No,Sí,No,Sí,No,Sí,NA,NA,30,La mayor parte,NA,No,2024
33,No,No,No,No,No,Sí,NA,NA,NA,NA,NA,NA,10,La mayor parte,NA,No,2024
34,Sí,No,No,No,No,Sí,NA,NA,NA,NA,NA,NA,30,La mayor parte,NA,Sí,2024
50,Sí,No,No,No,No,Sí,NA,NA,NA,NA,NA,NA,30,Toda,NA,Sí,2024
65,No,No,No,No,No,No,NA,NA,NA,NA,NA,NA,0,NA,Falta de tiempo,No,2024
42,Sí,Sí,No,No,No,No,No,Sí,NA,NA,NA,NA,60,La mitad,NA,No,2024
32,Sí,Sí,Sí,No,No,Sí,No,Sí,No,Sí,NA,NA,60,La mayor parte,NA,Sí,2024
29,No,No,Sí,No,No,Sí,NA,NA,No,Sí,NA,NA,180,Poca,NA,Sí,2024
74,No,No,No,No,No,No,NA,NA,NA,NA,NA,NA,0,NA,Problemas de salud,No,2024
32,Sí,Sí,No,No,No,Sí,Sí,Sí,NA,NA,NA,NA,30,La mayor parte,NA,Sí,2024
75,Sí,Sí,No,No,No,No,No,Sí,NA,NA,NA,NA,60,La mitad,NA,No,2024
25,Sí,Sí,No,Sí,Sí,No,Sí,No,NA,NA,No,Sí,180,Toda,NA,Sí,2024
51,Sí,No,No,Sí,No,No,NA,NA,NA,NA,No,Sí,10,La mayor parte,NA,No,2024
33,Sí,Sí,No,No,No,No,No,Sí,NA,NA,NA,NA,60,La mayor parte,NA,No,2024
32,Sí,No,Sí,Sí,No,Sí,NA,NA,Sí,No,No,Sí,30,La mayor parte,NA,No,2024
58,No,No,No,No,No,No,NA,NA,NA,NA,NA,NA,0,NA,Falta de tiempo,No,2024
63,No,No,No,No,No,No,NA,NA,NA,NA,NA,NA,0,NA,Falta de tiempo,Sí,2024
33,Sí,Sí,Sí,No,No,Sí,No,Sí,No,Sí,NA,NA,30,La mayor parte,NA,Sí,2024
53,Sí,No,Sí,No,No,No,NA,NA,No,Sí,NA,NA,15,La mitad,NA,No,2024
33,Sí,Sí,No,Sí,No,Sí,No,Sí,NA,NA,No,Sí,30,La mayor parte,NA,Sí,2024
30,Sí,Sí,No,No,No,No,Sí,No,NA,NA,NA,NA,30,Toda,NA,Sí,2024
49,Sí,Sí,No,No,No,Sí,Sí,No,NA,NA,NA,NA,120,Toda,NA,Sí,2024
69,Sí,Sí,Sí,No,No,No,No,Sí,No,Sí,NA,NA,60,La mitad,NA,No,2024
79,Sí,Sí,No,Sí,No,No,No,Sí,NA,NA,No,Sí,30,Toda,NA,No,2024
21,Sí,No,Sí,No,No,No,NA,NA,No,Sí,NA,NA,20,La mayor parte,NA,Sí,2024
52,Sí,Sí,Sí,Sí,Sí,Sí,No,Sí,No,Sí,No,Sí,30,La mitad,NA,No,2024
48,No,No,No,No,No,No,NA,NA,NA,NA,NA,NA,0,NA,Falta de interés/gusto,No,2024
63,Sí,Sí,No,Sí,No,No,No,Sí,NA,NA,No,Sí,120,La mayor parte,NA,Sí,2024
46,Sí,No,No,Sí,No,No,NA,NA,NA,NA,No,Sí,90,La mayor parte,NA,Sí,2024
23,Sí,Sí,No,Sí,No,Sí,No,Sí,NA,NA,No,Sí,30,Poca,NA,Sí,2024
44,Sí,No,No,No,No,Sí,NA,NA,NA,NA,NA,NA,15,La mayor parte,NA,Sí,2024
41,No,No,No,No,No,Sí,NA,NA,NA,NA,NA,NA,10,La mitad,NA,No,2024
20,Sí,Sí,Sí,No,No,No,No,Sí,No,Sí,NA,NA,50,Toda,NA,Sí,2024
53,No,No,No,No,No,No,NA,NA,NA,NA,NA,NA,0,NA,Problemas de salud,Sí,2024
78,Sí,Sí,No,No,No,No,No,Sí,NA,NA,NA,NA,15,Poca,NA,No,2024
89,Sí,Sí,Sí,No,No,No,No,Sí,No,Sí,NA,NA,60,La mayor parte,NA,No,2024
40,No,No,No,No,No,Sí,NA,NA,NA,NA,NA,NA,60,Poca,NA,No,2024
43,Sí,No,Sí,Sí,Sí,Sí,NA,NA,No,Sí,No,Sí,30,La mayor parte,NA,No,2024
49,Sí,No,No,No,No,Sí,NA,NA,NA,NA,NA,NA,15,Poca,NA,No,2024
27,Sí,Sí,No,No,Sí,Sí,No,Sí,NA,NA,NA,NA,30,La mayor parte,NA,No,2024
53,No,No,No,No,No,No,NA,NA,NA,NA,NA,NA,0,NA,Falta de interés/gusto,Sí,2024
46,Sí,No,No,No,No,Sí,NA,NA,NA,NA,NA,NA,30,Toda,NA,Sí,2024
32,No,No,Sí,No,No,No,NA,NA,No,Sí,NA,NA,90,Toda,NA,Sí,2024
41,Sí,No,Sí,No,No,No,NA,NA,No,Sí,NA,NA,60,La mayor parte,NA,Sí,2024
45,Sí,Sí,No,No,No,Sí,No,Sí,NA,NA,NA,NA,180,Poca,NA,Sí,2024
59,Sí,Sí,No,No,No,No,No,Sí,NA,NA,NA,NA,20,Toda,NA,No,2024
31,Sí,No,No,No,No,Sí,NA,NA,NA,NA,NA,NA,30,Toda,NA,Sí,2024
44,Sí,Sí,No,No,No,Sí,No,Sí,NA,NA,NA,NA,60,La mayor parte,NA,Sí,2024
61,Sí,Sí,No,Sí,No,Sí,No,Sí,NA,NA,Sí,No,60,Toda,NA,Sí,2024
66,Sí,Sí,No,No,No,Sí,Sí,Sí,NA,NA,NA,NA,240,La mayor parte,NA,Sí,2024
41,No,Sí,Sí,Sí,No,No,No,Sí,No,Sí,No,Sí,30,La mayor parte,NA,No,2024
34,Sí,Sí,No,Sí,No,No,No,Sí,NA,NA,Sí,No,25,La mayor parte,NA,Sí,2024
58,Sí,No,No,No,No,No,NA,NA,NA,NA,NA,NA,0,NA,Problemas de salud,Sí,2024
23,No,No,Sí,No,No,No,NA,NA,Sí,No,NA,NA,30,La mayor parte,NA,Sí,2024
45,No,No,No,No,No,No,NA,NA,NA,NA,NA,NA,0,NA,Falta de tiempo,Sí,2024
62,Sí,Sí,No,No,No,Sí,No,Sí,NA,NA,NA,NA,15,La mayor parte,NA,Sí,2024
39,Sí,Sí,No,Sí,No,Sí,No,Sí,NA,NA,Sí,No,60,Toda,NA,Sí,2024
47,Sí,No,Sí,Sí,No,No,NA,NA,No,Sí,No,Sí,35,La mayor parte,NA,Sí,2024
29,Sí,Sí,No,No,No,Sí,No,Sí,NA,NA,NA,NA,30,Toda,NA,Sí,2024
44,No,No,No,No,No,No,NA,NA,NA,NA,NA,NA,0,NA,Falta de interés/gusto,No,2024
62,Sí,Sí,No,No,No,Sí,No,Sí,NA,NA,NA,NA,40,Poca,NA,No,2024
29,Sí,Sí,Sí,No,No,No,No,Sí,No,Sí,NA,NA,40,Toda,NA,No,2024
44,Sí,No,No,Sí,No,No,NA,NA,NA,NA,No,Sí,35,La mitad,NA,No,2024
20,No,Sí,No,No,No,No,No,Sí,NA,NA,NA,NA,15,La mitad,NA,Sí,2024
33,Sí,Sí,No,No,No,Sí,No,Sí,NA,NA,NA,NA,30,La mitad,NA,Sí,2024
72,No,No,No,No,No,No,NA,NA,NA,NA,NA,NA,0,NA,Falta de tiempo,No,2024
76,NA,NA,NA,NA,NA,NA,NA,NA,NA,NA,NA,NA,0,NA,NA,NA,2024
20,Sí,Sí,No,Sí,No,Sí,No,Sí,NA,NA,No,Sí,20,La mayor parte,NA,Sí,2024
77,NA,NA,NA,NA,NA,NA,NA,NA,NA,NA,NA,NA,0,NA,NA,NA,2024
38,No,No,No,No,No,Sí,NA,NA,NA,NA,NA,NA,20,Toda,NA,Sí,2024
24,No,No,No,No,No,Sí,NA,NA,NA,NA,NA,NA,15,La mayor parte,NA,Sí,2024
27,Sí,Sí,No,No,No,Sí,Sí,No,NA,NA,NA,NA,10,La mayor parte,NA,Sí,2024
39,No,No,No,No,No,No,NA,NA,NA,NA,NA,NA,0,NA,Falta de tiempo,Sí,2024
54,No,No,No,No,No,No,NA,NA,NA,NA,NA,NA,0,NA,Prefiere otras actividades,No,2024
79,No,No,No,No,No,No,NA,NA,NA,NA,NA,NA,0,NA,Problemas de salud,Sí,2024
19,Sí,No,No,No,No,Sí,NA,NA,NA,NA,NA,NA,25,La mitad,NA,Sí,2024
58,Sí,No,No,Sí,No,No,NA,NA,NA,NA,No,Sí,45,La mayor parte,NA,No recuerda,2024
50,NA,NA,NA,NA,NA,NA,NA,NA,NA,NA,NA,NA,0,NA,NA,NA,2024
48,No,No,No,No,No,No,NA,NA,NA,NA,NA,NA,0,NA,Falta de interés/gusto,No recuerda,2024
33,No,No,No,No,No,No,NA,NA,NA,NA,NA,NA,0,NA,Falta de tiempo,No,2024
36,Sí,Sí,No,Sí,No,No,No,Sí,NA,NA,No,Sí,30,La mayor parte,NA,Sí,2024
30,No,No,No,No,No,No,NA,NA,NA,NA,NA,NA,0,NA,Falta de tiempo,No,2024
38,Sí,No,No,No,No,Sí,NA,NA,NA,NA,NA,NA,60,Toda,NA,Sí,2024
55,No,No,No,No,No,No,NA,NA,NA,NA,NA,NA,0,NA,Falta de tiempo,Sí,2024
50,No,No,No,No,No,No,NA,NA,NA,NA,NA,NA,0,NA,Prefiere otras actividades,No,2024
74,No,No,No,No,No,No,NA,NA,NA,NA,NA,NA,0,NA,Problemas de salud,No,2024
65,Sí,Sí,No,Sí,No,No,No,Sí,NA,NA,No,Sí,45,Toda,NA,Sí,2024
63,Sí,No,No,No,No,Sí,NA,NA,NA,NA,NA,NA,30,Toda,NA,Sí,2024
59,Sí,No,No,No,No,Sí,NA,NA,NA,NA,NA,NA,60,Toda,NA,Sí,2024
65,No,No,No,No,No,No,NA,NA,NA,NA,NA,NA,0,NA,Problemas de salud,Sí,2024
28,Sí,Sí,Sí,No,No,No,Sí,Sí,Sí,No,NA,NA,120,La mayor parte,NA,Sí,2024
49,Sí,Sí,Sí,No,No,No,No,Sí,Sí,Sí,NA,NA,30,La mayor parte,NA,Sí,2024
39,Sí,No,No,Sí,No,No,NA,NA,NA,NA,No,Sí,30,La mayor parte,NA,No,2024
63,No,No,No,No,No,No,NA,NA,NA,NA,NA,NA,0,NA,Problemas de salud,Sí,2024
32,Sí,Sí,No,No,No,No,No,Sí,NA,NA,NA,NA,60,Toda,NA,Sí,2024
44,NA,NA,NA,NA,NA,NA,NA,NA,NA,NA,NA,NA,0,NA,NA,NA,2024
44,No,No,No,No,No,No,NA,NA,NA,NA,NA,NA,0,NA,Falta de interés/gusto,No,2024
36,Sí,Sí,No,No,No,No,No,Sí,NA,NA,NA,NA,45,Toda,NA,No,2024
46,No,No,No,Sí,No,No,NA,NA,NA,NA,No,Sí,30,Toda,NA,Sí,2024
63,Sí,Sí,No,Sí,No,No,Sí,No,NA,NA,Sí,Sí,25,La mayor parte,NA,Sí,2024
38,No,No,No,No,No,No,NA,NA,NA,NA,NA,NA,0,NA,Falta de interés/gusto,Sí,2024
28,Sí,Sí,No,No,No,No,No,Sí,NA,NA,NA,NA,45,Toda,NA,Sí,2024
55,No,No,No,No,No,No,NA,NA,NA,NA,NA,NA,0,NA,Prefiere otras actividades,No,2024
59,No,No,No,No,No,No,NA,NA,NA,NA,NA,NA,0,NA,Problemas de salud,No,2024
50,No,No,No,No,No,No,NA,NA,NA,NA,NA,NA,0,NA,Prefiere otras actividades,No recuerda,2024
51,Sí,No,Sí,Sí,No,No,NA,NA,No,Sí,No,Sí,60,La mayor parte,NA,No,2024
21,Sí,Sí,No,No,No,Sí,Sí,Sí,NA,NA,NA,NA,120,Toda,NA,Sí,2024
52,No,No,No,No,No,No,NA,NA,NA,NA,NA,NA,0,NA,Falta de interés/gusto,No,2024
41,No,No,No,No,No,No,NA,NA,NA,NA,NA,NA,0,NA,Falta de interés/gusto,No,2024
60,Sí,Sí,No,No,No,No,No,Sí,NA,NA,NA,NA,60,La mayor parte,NA,Sí,2024
24,Sí,Sí,No,No,No,No,No,Sí,NA,NA,NA,NA,60,La mayor parte,NA,Sí,2024
32,No,No,No,No,No,No,NA,NA,NA,NA,NA,NA,0,NA,Prefiere otras actividades,No,2024
75,No,No,No,No,No,No,NA,NA,NA,NA,NA,NA,0,NA,Problemas de salud,Sí,2024
47,No,No,No,No,No,No,NA,NA,NA,NA,NA,NA,0,NA,Falta de interés/gusto,No recuerda,2024
44,No,No,No,No,No,No,NA,NA,NA,NA,NA,NA,0,NA,Prefiere otras actividades,No,2024
58,No,No,No,No,No,No,NA,NA,NA,NA,NA,NA,0,NA,Falta de dinero,No recuerda,2024
28,No,No,No,No,No,No,NA,NA,NA,NA,NA,NA,0,NA,Falta de interés/gusto,No,2024
66,No,No,No,No,No,No,NA,NA,NA,NA,NA,NA,0,NA,Problemas de salud,Sí,2024
54,No,No,No,No,No,No,NA,NA,NA,NA,NA,NA,0,NA,Falta de interés/gusto,No,2024
39,Sí,Sí,Sí,Sí,No,Sí,No,Sí,No,Sí,No,Sí,20,La mayor parte,NA,Sí,2024
21,Sí,Sí,No,No,Sí,Sí,Sí,No,NA,NA,NA,NA,60,La mayor parte,NA,Sí,2024
18,Sí,Sí,No,No,No,No,Sí,Sí,NA,NA,NA,NA,120,Poca,NA,Sí,2024
37,No,Sí,No,No,No,No,Sí,No,NA,NA,NA,NA,20,Poca,NA,No,2024
35,Sí,Sí,No,No,No,Sí,Sí,Sí,NA,NA,NA,NA,10,La mayor parte,NA,No,2024
35,No,No,Sí,No,Sí,No,NA,NA,No,Sí,NA,NA,30,Poca,NA,Sí,2024
47,Sí,Sí,No,No,No,Sí,Sí,Sí,NA,NA,NA,NA,30,La mayor parte,NA,No,2024
30,No,No,No,Sí,No,No,NA,NA,NA,NA,Sí,No,5,La mayor parte,NA,Sí,2024
21,No,No,Sí,No,Sí,Sí,NA,NA,No,Sí,NA,NA,15,La mitad,NA,Sí,2024
30,No,No,No,No,No,No,NA,NA,NA,NA,NA,NA,0,NA,Falta de tiempo,Sí,2024
69,Sí,Sí,Sí,No,No,No,No,Sí,No,Sí,NA,NA,30,Poca,NA,No,2024
53,No,No,No,No,No,No,NA,NA,NA,NA,NA,NA,0,NA,Otro,No,2024
74,No,No,No,No,No,No,NA,NA,NA,NA,NA,NA,0,NA,Falta de interés/gusto,No,2024
53,Sí,Sí,No,No,No,No,No,Sí,NA,NA,NA,NA,30,La mitad,NA,Sí,2024
79,No,Sí,No,No,No,No,No,Sí,NA,NA,NA,NA,15,La mitad,NA,Sí,2024
19,Sí,Sí,No,No,No,Sí,Sí,Sí,NA,NA,NA,NA,60,La mayor parte,NA,Sí,2024
63,No,No,No,No,No,No,NA,NA,NA,NA,NA,NA,0,NA,Falta de tiempo,No,2024
18,Sí,Sí,No,No,No,Sí,Sí,Sí,NA,NA,NA,NA,60,La mayor parte,NA,Sí,2024
42,Sí,Sí,No,No,No,No,No,Sí,NA,NA,NA,NA,20,Toda,NA,No,2024
33,Sí,Sí,No,No,No,Sí,No,Sí,NA,NA,NA,NA,30,La mayor parte,NA,No,2024
47,No,No,No,No,No,Sí,NA,NA,NA,NA,NA,NA,10,La mayor parte,NA,Sí,2024
55,No,Sí,No,No,No,No,No,Sí,NA,NA,NA,NA,10,Toda,NA,No,2024
64,NA,NA,NA,NA,NA,NA,NA,NA,NA,NA,NA,NA,0,NA,NA,NA,2024
25,Sí,Sí,Sí,No,No,Sí,Sí,No,Sí,No,NA,NA,15,Toda,NA,Sí,2024
36,Sí,Sí,No,No,No,Sí,Sí,No,NA,NA,NA,NA,120,La mayor parte,NA,No,2024
24,Sí,Sí,Sí,No,Sí,Sí,Sí,No,Sí,Sí,NA,NA,15,La mayor parte,NA,Sí,2024
38,Sí,No,No,No,No,Sí,NA,NA,NA,NA,NA,NA,15,Toda,NA,Sí,2024
62,No,Sí,No,No,No,No,No,Sí,NA,NA,NA,NA,10,La mayor parte,NA,No,2024
65,Sí,Sí,No,No,No,No,No,Sí,NA,NA,NA,NA,30,Toda,NA,Sí,2024
34,Sí,Sí,Sí,No,No,Sí,Sí,Sí,Sí,No,NA,NA,90,La mayor parte,NA,Sí,2024
34,No,No,Sí,No,No,Sí,NA,NA,No,Sí,NA,NA,20,La mayor parte,NA,Sí,2024
26,Sí,Sí,No,No,No,Sí,Sí,Sí,NA,NA,NA,NA,30,La mayor parte,NA,Sí,2024
40,No,No,No,No,No,Sí,NA,NA,NA,NA,NA,NA,5,La mayor parte,NA,Sí,2024
56,No,No,No,No,No,Sí,NA,NA,NA,NA,NA,NA,10,La mayor parte,NA,Sí,2024
64,No,Sí,Sí,No,No,No,No,Sí,No,Sí,NA,NA,5,Poca,NA,No,2024
43,Sí,Sí,Sí,No,Sí,Sí,No,Sí,No,Sí,NA,NA,60,La mayor parte,NA,Sí,2024
65,NA,NA,NA,NA,NA,NA,NA,NA,NA,NA,NA,NA,0,NA,NA,NA,2024
58,No,No,No,No,No,No,NA,NA,NA,NA,NA,NA,0,NA,Falta de interés/gusto,No,2024
34,Sí,No,Sí,No,No,Sí,NA,NA,No,Sí,NA,NA,20,La mitad,NA,No,2024
76,No,No,No,No,No,Sí,NA,NA,NA,NA,NA,NA,10,La mitad,NA,Sí,2024
39,No,Sí,No,No,No,Sí,No,Sí,NA,NA,NA,NA,20,La mayor parte,NA,No,2024
53,No,Sí,No,Sí,No,No,No,Sí,NA,NA,No,Sí,60,Poca,NA,No,2024
75,NA,NA,NA,NA,NA,NA,NA,NA,NA,NA,NA,NA,0,NA,NA,NA,2024
21,Sí,Sí,No,No,No,No,Sí,No,NA,NA,NA,NA,60,Toda,NA,Sí,2024
24,No,No,No,No,No,No,NA,NA,NA,NA,NA,NA,0,NA,Prefiere otras actividades,Sí,2024
55,Sí,Sí,No,No,No,No,No,Sí,NA,NA,NA,NA,30,Toda,NA,Sí,2024
23,Sí,Sí,No,No,No,No,No,Sí,NA,NA,NA,NA,120,La mitad,NA,Sí,2024
53,No,No,No,No,No,No,NA,NA,NA,NA,NA,NA,0,NA,Falta de dinero,No,2024
22,No,No,No,No,No,No,NA,NA,NA,NA,NA,NA,0,NA,Falta de interés/gusto,Sí,2024
35,Sí,Sí,No,No,No,No,Sí,No,NA,NA,NA,NA,20,La mitad,NA,No,2024
64,No,No,No,No,No,No,NA,NA,NA,NA,NA,NA,0,NA,Problemas de salud,No,2024
52,Sí,Sí,No,No,No,No,No,Sí,NA,NA,NA,NA,120,Toda,NA,Sí,2024
51,No,No,No,No,No,No,NA,NA,NA,NA,NA,NA,0,NA,Falta de interés/gusto,Sí,2024
41,Sí,No,No,Sí,No,No,NA,NA,NA,NA,Sí,No,30,Toda,NA,Sí,2024
55,No,No,No,No,No,No,NA,NA,NA,NA,NA,NA,0,NA,Falta de interés/gusto,No,2024
34,Sí,Sí,No,No,No,No,Sí,No,NA,NA,NA,NA,30,La mayor parte,NA,Sí,2024
43,No,No,No,No,No,No,NA,NA,NA,NA,NA,NA,0,NA,Falta de tiempo,No,2024
21,No,No,No,No,No,No,NA,NA,NA,NA,NA,NA,0,NA,Prefiere otras actividades,No,2024
44,No,No,No,No,No,No,NA,NA,NA,NA,NA,NA,0,NA,Falta de tiempo,Sí,2024
38,Sí,Sí,No,No,No,No,Sí,No,NA,NA,NA,NA,30,La mayor parte,NA,Sí,2024
19,Sí,Sí,No,No,No,No,No,Sí,NA,NA,NA,NA,30,La mayor parte,NA,Sí,2024
22,Sí,Sí,No,No,No,No,Sí,No,NA,NA,NA,NA,120,Toda,NA,Sí,2024
31,No,Sí,No,No,No,No,Sí,No,NA,NA,NA,NA,30,La mayor parte,NA,Sí,2024
60,No,No,No,No,No,No,NA,NA,NA,NA,NA,NA,0,NA,Falta de tiempo,No,2024
37,Sí,Sí,No,No,No,No,Sí,No,NA,NA,NA,NA,60,La mitad,NA,Sí,2024
24,No,No,No,No,No,No,NA,NA,NA,NA,NA,NA,0,NA,Falta de tiempo,Sí,2024
24,Sí,Sí,No,No,No,No,Sí,No,NA,NA,NA,NA,60,La mayor parte,NA,Sí,2024
26,No,No,No,No,No,No,NA,NA,NA,NA,NA,NA,0,NA,Falta de interés/gusto,Sí,2024
58,No,Sí,No,No,No,Sí,No,Sí,NA,NA,NA,NA,40,La mayor parte,NA,Sí,2024
21,Sí,Sí,No,No,No,No,Sí,No,NA,NA,NA,NA,15,La mayor parte,NA,Sí,2024
62,Sí,Sí,No,No,No,No,No,Sí,NA,NA,NA,NA,30,Poca,NA,No,2024
56,No,No,No,No,No,No,NA,NA,NA,NA,NA,NA,0,NA,Falta de tiempo,No,2024
76,NA,NA,NA,NA,NA,NA,NA,NA,NA,NA,NA,NA,0,NA,NA,NA,2024
25,No,No,No,No,No,No,NA,NA,NA,NA,NA,NA,0,NA,Falta de tiempo,Sí,2024
53,Sí,Sí,No,Sí,No,No,No,Sí,NA,NA,No,Sí,60,La mayor parte,NA,Sí,2024
48,No,No,No,No,No,No,NA,NA,NA,NA,NA,NA,0,NA,Falta de tiempo,Sí,2024
51,No,No,No,No,No,No,NA,NA,NA,NA,NA,NA,0,NA,Falta de tiempo,No,2024
20,No,No,No,No,No,No,NA,NA,NA,NA,NA,NA,0,NA,Falta de tiempo,Sí,2024
65,Sí,Sí,No,No,No,No,No,Sí,NA,NA,NA,NA,30,La mayor parte,NA,No,2024
51,No,No,No,No,No,No,NA,NA,NA,NA,NA,NA,0,NA,Falta de interés/gusto,No,2024
24,Sí,No,No,No,No,Sí,NA,NA,NA,NA,NA,NA,30,La mitad,NA,Sí,2024
40,No,No,No,No,No,No,NA,NA,NA,NA,NA,NA,0,NA,Falta de interés/gusto,No,2024
51,Sí,Sí,No,No,No,No,No,Sí,NA,NA,NA,NA,20,Poca,NA,No,2024
62,Sí,Sí,No,No,No,No,No,Sí,NA,NA,NA,NA,20,Toda,NA,No,2024
52,Sí,Sí,No,No,No,Sí,No,Sí,NA,NA,NA,NA,40,La mayor parte,NA,No,2024
18,Sí,Sí,No,No,No,Sí,No,Sí,NA,NA,NA,NA,120,La mayor parte,NA,No,2024
70,Sí,Sí,No,No,No,No,No,Sí,NA,NA,NA,NA,20,La mitad,NA,No recuerda,2024
64,Sí,Sí,No,No,No,No,No,Sí,NA,NA,NA,NA,120,La mayor parte,NA,Sí,2024
38,Sí,Sí,No,No,No,Sí,No,Sí,NA,NA,NA,NA,60,La mayor parte,NA,Sí,2024
83,No,No,No,No,No,No,NA,NA,NA,NA,NA,NA,0,NA,Prefiere otras actividades,No,2024
65,Sí,No,No,Sí,No,No,NA,NA,NA,NA,No,Sí,35,La mayor parte,NA,No,2024
41,Sí,No,Sí,No,No,Sí,NA,NA,No,Sí,NA,NA,30,La mayor parte,NA,No,2024
51,No,No,No,No,No,No,NA,NA,NA,NA,NA,NA,0,NA,Falta de interés/gusto,No,2024
52,Sí,No,No,Sí,No,No,NA,NA,NA,NA,No,Sí,30,Toda,NA,No,2024
60,Sí,No,Sí,No,No,No,NA,NA,No,Sí,NA,NA,20,La mayor parte,NA,No,2024
30,Sí,No,Sí,No,No,Sí,NA,NA,No,Sí,NA,NA,40,La mayor parte,NA,No,2024
25,Sí,No,Sí,No,No,Sí,NA,NA,No,Sí,NA,NA,45,Toda,NA,Sí,2024
31,No,Sí,No,Sí,No,No,No,Sí,NA,NA,No,Sí,30,Toda,NA,Sí,2024
37,No,No,No,Sí,No,No,NA,NA,NA,NA,No,Sí,15,Toda,NA,No,2024
25,No,No,No,Sí,No,No,NA,NA,NA,NA,No,Sí,30,Toda,NA,Sí,2024
37,No,No,No,No,No,No,NA,NA,NA,NA,NA,NA,0,NA,Falta de interés/gusto,No,2024
65,Sí,Sí,No,No,No,Sí,Sí,No,NA,NA,NA,NA,25,Toda,NA,Sí,2024
56,Sí,No,No,No,No,Sí,NA,NA,NA,NA,NA,NA,90,La mayor parte,NA,Sí,2024
70,Sí,No,Sí,No,No,No,NA,NA,No,Sí,NA,NA,15,La mayor parte,NA,Sí,2024
57,Sí,Sí,No,No,No,Sí,No,Sí,NA,NA,NA,NA,30,La mayor parte,NA,Sí,2024
20,Sí,No,Sí,No,No,No,NA,NA,No,Sí,NA,NA,25,La mayor parte,NA,No,2024
41,Sí,No,No,Sí,No,No,NA,NA,NA,NA,No,Sí,30,La mayor parte,NA,No,2024
35,Sí,No,Sí,No,No,Sí,NA,NA,No,Sí,NA,NA,35,La mayor parte,NA,No,2024
38,No,No,No,No,No,No,NA,NA,NA,NA,NA,NA,0,NA,Falta de tiempo,No,2024
48,Sí,No,No,No,No,Sí,NA,NA,NA,NA,NA,NA,20,La mayor parte,NA,Sí,2024
53,Sí,Sí,No,No,No,Sí,No,Sí,NA,NA,NA,NA,60,La mayor parte,NA,Sí,2024
40,No,No,No,No,No,No,NA,NA,NA,NA,NA,NA,0,NA,Falta de tiempo,No,2024
64,Sí,No,No,No,No,No,NA,NA,NA,NA,NA,NA,0,NA,Falta de tiempo,No,2024
60,Sí,Sí,No,Sí,No,No,No,Sí,NA,NA,No,Sí,15,Toda,NA,No,2024
40,Sí,No,Sí,No,No,No,NA,NA,No,Sí,NA,NA,30,La mayor parte,NA,Sí,2024
64,No,No,No,No,No,No,NA,NA,NA,NA,NA,NA,0,NA,Falta de interés/gusto,No,2024
53,Sí,No,Sí,No,No,Sí,NA,NA,No,Sí,NA,NA,30,La mayor parte,NA,Sí,2024
46,No,No,No,No,No,Sí,NA,NA,NA,NA,NA,NA,30,La mayor parte,NA,No,2024
58,Sí,Sí,No,No,No,Sí,No,Sí,NA,NA,NA,NA,60,Toda,NA,No,2024
50,No,No,Sí,No,No,No,NA,NA,No,Sí,NA,NA,15,La mitad,NA,Sí,2024
44,No,No,No,No,No,No,NA,NA,NA,NA,NA,NA,0,NA,Falta de interés/gusto,Sí,2024
34,NA,NA,NA,NA,NA,NA,NA,NA,NA,NA,NA,NA,0,NA,NA,NA,2024
25,Sí,Sí,Sí,No,No,No,Sí,Sí,No,Sí,NA,NA,120,Toda,NA,Sí,2024
62,Sí,No,No,Sí,No,No,NA,NA,NA,NA,No,Sí,30,La mayor parte,NA,No,2024
36,Sí,Sí,Sí,No,No,No,Sí,No,No,Sí,NA,NA,60,Toda,NA,Sí,2024
39,Sí,Sí,Sí,No,No,Sí,No,Sí,No,Sí,NA,NA,60,Toda,NA,Sí,2024
58,Sí,No,No,Sí,No,No,NA,NA,NA,NA,No,Sí,10,Toda,NA,No,2024
56,No,No,No,No,No,No,NA,NA,NA,NA,NA,NA,0,NA,Falta de interés/gusto,No recuerda,2024
40,Sí,No,No,Sí,No,No,NA,NA,NA,NA,No,Sí,15,Toda,NA,No,2024
48,No,No,No,No,No,No,NA,NA,NA,NA,NA,NA,0,NA,Falta de tiempo,No,2024
55,No,No,Sí,Sí,No,No,NA,NA,No,Sí,No,Sí,15,La mayor parte,NA,Sí,2024
48,No,No,No,No,No,No,NA,NA,NA,NA,NA,NA,0,NA,Falta de interés/gusto,Sí,2024
28,No,No,Sí,Sí,No,No,NA,NA,No,Sí,No,Sí,25,La mayor parte,NA,Sí,2024
44,Sí,Sí,Sí,No,No,No,No,Sí,No,Sí,NA,NA,35,La mayor parte,NA,Sí,2024
41,Sí,Sí,Sí,Sí,No,Sí,No,Sí,No,Sí,No,Sí,40,La mayor parte,NA,Sí,2024
45,No,No,No,Sí,No,No,NA,NA,NA,NA,No,Sí,25,La mayor parte,NA,Sí,2024
47,No,No,No,Sí,No,No,NA,NA,NA,NA,No,Sí,35,La mayor parte,NA,Sí,2024
54,No,No,No,Sí,No,No,NA,NA,NA,NA,No,Sí,20,Toda,NA,No,2024
32,No,No,No,Sí,No,No,NA,NA,NA,NA,No,Sí,30,Toda,NA,No,2024
65,No,No,No,No,No,No,NA,NA,NA,NA,NA,NA,0,NA,Falta de tiempo,No,2024
46,Sí,Sí,No,Sí,No,No,No,Sí,NA,NA,No,Sí,30,La mayor parte,NA,Sí,2024
26,Sí,No,Sí,No,No,Sí,NA,NA,No,Sí,NA,NA,30,La mayor parte,NA,Sí,2024
24,Sí,No,No,No,No,Sí,NA,NA,NA,NA,NA,NA,30,La mayor parte,NA,No,2024
75,Sí,Sí,No,Sí,No,No,No,Sí,NA,NA,No,Sí,60,La mitad,NA,No,2024
26,Sí,Sí,No,No,No,Sí,No,Sí,NA,NA,NA,NA,60,La mayor parte,NA,Sí,2024
35,No,No,No,Sí,No,Sí,NA,NA,NA,NA,No,Sí,30,La mayor parte,NA,No,2024
33,No,No,No,No,No,Sí,NA,NA,NA,NA,NA,NA,20,La mayor parte,NA,Sí,2024
54,No,No,No,No,No,Sí,NA,NA,NA,NA,NA,NA,20,La mayor parte,NA,Sí,2024
65,No,No,No,Sí,No,No,NA,NA,NA,NA,No,Sí,20,La mayor parte,NA,No,2024
46,Sí,No,No,Sí,No,No,NA,NA,NA,NA,No,Sí,25,Toda,NA,No,2024
39,Sí,Sí,Sí,No,No,Sí,Sí,No,No,Sí,NA,NA,60,Toda,NA,Sí,2024
70,No,No,No,No,No,No,NA,NA,NA,NA,NA,NA,0,NA,Falta de interés/gusto,No,2024
83,NA,NA,NA,NA,NA,NA,NA,NA,NA,NA,NA,NA,0,NA,NA,NA,2024
62,NA,NA,NA,NA,NA,NA,NA,NA,NA,NA,NA,NA,0,NA,NA,NA,2024
61,No,No,No,No,No,No,NA,NA,NA,NA,NA,NA,0,NA,Falta de tiempo,Sí,2024
38,No,No,No,Sí,No,No,NA,NA,NA,NA,No,Sí,20,La mayor parte,NA,Sí,2024
53,No,No,Sí,No,No,No,NA,NA,No,Sí,NA,NA,25,La mayor parte,NA,Sí,2024
26,Sí,Sí,Sí,No,No,Sí,No,Sí,No,Sí,NA,NA,90,Toda,NA,Sí,2024
58,No,No,No,No,No,No,NA,NA,NA,NA,NA,NA,0,NA,Falta de interés/gusto,No,2024
55,No,No,No,No,No,No,NA,NA,NA,NA,NA,NA,0,NA,Falta de interés/gusto,No,2024
92,No,No,No,No,No,No,NA,NA,NA,NA,NA,NA,0,NA,Problemas de salud,No,2024
36,Sí,Sí,Sí,No,No,No,No,Sí,No,Sí,NA,NA,30,La mayor parte,NA,Sí,2024
29,Sí,Sí,No,No,No,No,No,Sí,NA,NA,NA,NA,40,La mayor parte,NA,Sí,2024
59,Sí,Sí,Sí,No,No,No,No,Sí,No,Sí,NA,NA,35,La mayor parte,NA,Sí,2024
59,Sí,Sí,No,No,No,Sí,No,Sí,NA,NA,NA,NA,30,La mayor parte,NA,Sí,2024
31,No,No,Sí,No,No,No,NA,NA,No,Sí,NA,NA,10,La mayor parte,NA,Sí,2024
35,Sí,Sí,No,No,No,Sí,Sí,No,NA,NA,NA,NA,45,La mayor parte,NA,Sí,2024
44,Sí,Sí,Sí,No,No,Sí,No,Sí,Sí,No,NA,NA,20,La mayor parte,NA,Sí,2024
36,Sí,Sí,Sí,No,No,Sí,No,Sí,No,Sí,NA,NA,60,Toda,NA,Sí,2024
29,Sí,Sí,Sí,No,No,No,No,Sí,No,Sí,NA,NA,90,Toda,NA,Sí,2024
57,No,No,No,No,No,No,NA,NA,NA,NA,NA,NA,0,NA,Falta de interés/gusto,No,2024
61,Sí,No,Sí,No,No,No,NA,NA,No,Sí,NA,NA,40,Toda,NA,No,2024
61,Sí,Sí,No,No,No,No,No,Sí,NA,NA,NA,NA,20,La mitad,NA,No recuerda,2024
77,Sí,Sí,No,No,No,No,No,Sí,NA,NA,NA,NA,20,La mitad,NA,No recuerda,2024
38,Sí,Sí,No,No,No,Sí,No,Sí,NA,NA,NA,NA,35,La mitad,NA,Sí,2024
63,Sí,No,No,Sí,No,Sí,NA,NA,NA,NA,No,Sí,40,La mayor parte,NA,Sí,2024
76,No,No,No,No,No,No,NA,NA,NA,NA,NA,NA,0,NA,Problemas de salud,Sí,2024
74,Sí,Sí,Sí,Sí,No,No,No,Sí,No,Sí,No,Sí,120,Toda,NA,Sí,2024
88,No,No,No,No,No,No,NA,NA,NA,NA,NA,NA,0,NA,Problemas de salud,Sí,2024
56,Sí,Sí,No,Sí,No,No,No,Sí,NA,NA,No,Sí,90,Toda,NA,Sí,2024
53,No,No,No,Sí,No,No,NA,NA,NA,NA,No,Sí,15,La mitad,NA,Sí,2024
48,Sí,Sí,No,Sí,No,No,No,Sí,NA,NA,No,Sí,25,La mayor parte,NA,Sí,2024
53,No,No,No,No,No,No,NA,NA,NA,NA,NA,NA,0,NA,Falta de tiempo,Sí,2024
54,No,No,Sí,No,No,No,NA,NA,No,Sí,NA,NA,15,La mitad,NA,Sí,2024
79,No,No,No,Sí,No,No,NA,NA,NA,NA,No,Sí,15,La mayor parte,NA,No,2024
77,Sí,No,No,No,No,No,NA,NA,NA,NA,NA,NA,0,NA,Falta de tiempo,No,2024
79,No,No,No,Sí,No,No,NA,NA,NA,NA,No,Sí,10,Toda,NA,Sí,2024
46,No,No,No,Sí,No,No,NA,NA,NA,NA,No,Sí,10,Toda,NA,No,2024
66,Sí,Sí,No,No,No,Sí,No,Sí,NA,NA,NA,NA,45,Toda,NA,No,2024
38,Sí,No,Sí,No,No,Sí,NA,NA,No,Sí,NA,NA,30,La mayor parte,NA,Sí,2024
67,No,No,No,No,No,No,NA,NA,NA,NA,NA,NA,0,NA,Prefiere otras actividades,No,2024
44,Sí,No,No,Sí,No,Sí,NA,NA,NA,NA,No,Sí,60,Toda,NA,Sí,2024
36,No,No,No,No,No,No,NA,NA,NA,NA,NA,NA,0,NA,Falta de tiempo,Sí,2024
30,Sí,No,Sí,No,No,Sí,NA,NA,No,Sí,NA,NA,60,Toda,NA,Sí,2024
57,Sí,Sí,Sí,Sí,No,No,Sí,No,No,Sí,No,Sí,90,Toda,NA,Sí,2024
69,Sí,No,No,Sí,No,No,NA,NA,NA,NA,No,Sí,30,La mitad,NA,Sí,2024
33,Sí,Sí,No,No,No,Sí,No,Sí,NA,NA,NA,NA,20,Toda,NA,Sí,2024
68,No,No,No,No,No,No,NA,NA,NA,NA,NA,NA,0,NA,Falta de tiempo,No,2024
28,Sí,Sí,No,No,Sí,Sí,No,Sí,NA,NA,NA,NA,20,La mayor parte,NA,Sí,2024
32,Sí,Sí,No,No,No,Sí,No,Sí,NA,NA,NA,NA,30,La mayor parte,NA,Sí,2024
35,Sí,No,No,No,Sí,No,NA,NA,NA,NA,NA,NA,30,La mayor parte,NA,Sí,2024
39,Sí,Sí,No,No,No,Sí,No,Sí,NA,NA,NA,NA,25,La mayor parte,NA,Sí,2024
59,No,No,No,No,No,No,NA,NA,NA,NA,NA,NA,0,NA,Falta de tiempo,No,2024
33,No,No,No,No,No,No,NA,NA,NA,NA,NA,NA,0,NA,Falta de tiempo,No,2024
25,No,No,No,No,No,No,NA,NA,NA,NA,NA,NA,0,NA,Falta de tiempo,No,2024
31,No,No,No,No,No,No,NA,NA,NA,NA,NA,NA,0,NA,Falta de interés/gusto,No,2024
30,Sí,No,No,No,No,No,NA,NA,NA,NA,NA,NA,0,NA,Falta de tiempo,No,2024
21,No,No,No,No,No,No,NA,NA,NA,NA,NA,NA,0,NA,Falta de tiempo,No,2024
32,Sí,Sí,Sí,Sí,No,No,No,Sí,No,Sí,No,Sí,60,Toda,NA,No,2024
51,No,No,No,No,No,No,NA,NA,NA,NA,NA,NA,0,NA,Falta de tiempo,No,2024
67,Sí,Sí,No,No,No,No,No,Sí,NA,NA,NA,NA,30,La mayor parte,NA,No,2024
55,No,No,No,No,No,Sí,NA,NA,NA,NA,NA,NA,20,Toda,NA,No,2024
66,Sí,Sí,No,No,No,No,No,Sí,NA,NA,NA,NA,60,Poca,NA,No,2024
44,Sí,Sí,No,No,No,Sí,No,Sí,NA,NA,NA,NA,45,Toda,NA,Sí,2024
26,No,No,No,No,No,No,NA,NA,NA,NA,NA,NA,0,NA,Falta de tiempo,Sí,2024
79,Sí,No,No,Sí,No,No,NA,NA,NA,NA,No,Sí,20,La mayor parte,NA,No,2024
40,No,No,No,No,No,No,NA,NA,NA,NA,NA,NA,0,NA,Falta de interés/gusto,Sí,2024
69,No,No,No,No,No,No,NA,NA,NA,NA,NA,NA,0,NA,Problemas de salud,No,2024
33,Sí,Sí,No,Sí,No,No,Sí,No,NA,NA,No,Sí,30,Toda,NA,Sí,2024
37,Sí,No,No,Sí,No,No,NA,NA,NA,NA,No,Sí,30,Toda,NA,No,2024
55,Sí,No,No,Sí,No,No,NA,NA,NA,NA,No,Sí,15,Toda,NA,No,2024
43,Sí,Sí,No,No,No,Sí,No,Sí,NA,NA,NA,NA,60,La mayor parte,NA,Sí,2024
33,Sí,Sí,No,No,No,Sí,No,Sí,NA,NA,NA,NA,30,La mitad,NA,Sí,2024
31,No,No,No,No,No,Sí,NA,NA,NA,NA,NA,NA,30,La mayor parte,NA,Sí,2024
37,Sí,No,Sí,No,No,Sí,NA,NA,No,Sí,NA,NA,30,La mayor parte,NA,Sí,2024
21,Sí,No,Sí,No,No,Sí,NA,NA,No,Sí,NA,NA,25,La mayor parte,NA,No,2024
83,NA,NA,NA,NA,NA,NA,NA,NA,NA,NA,NA,NA,0,NA,NA,NA,2024
37,Sí,No,Sí,Sí,No,No,NA,NA,No,Sí,No,Sí,30,La mayor parte,NA,No,2024
75,No,No,No,No,No,No,NA,NA,NA,NA,NA,NA,0,NA,Falta de interés/gusto,No,2024
38,Sí,Sí,Sí,Sí,No,No,No,Sí,No,Sí,No,Sí,35,La mayor parte,NA,Sí,2024
62,No,No,No,No,No,No,NA,NA,NA,NA,NA,NA,0,NA,Falta de interés/gusto,Sí,2024
45,No,No,No,Sí,No,No,NA,NA,NA,NA,No,Sí,25,La mayor parte,NA,Sí,2024
63,Sí,No,No,No,No,No,NA,NA,NA,NA,NA,NA,0,NA,Problemas de salud,Sí,2024
56,NA,NA,NA,NA,NA,NA,NA,NA,NA,NA,NA,NA,0,NA,NA,NA,2024
30,Sí,Sí,No,No,No,Sí,No,Sí,NA,NA,NA,NA,60,La mayor parte,NA,Sí,2024
25,Sí,Sí,No,No,No,Sí,No,Sí,NA,NA,NA,NA,35,La mayor parte,NA,Sí,2024
48,No,No,No,Sí,No,No,NA,NA,NA,NA,No,Sí,30,La mayor parte,NA,Sí,2024
33,No,No,No,Sí,No,No,NA,NA,NA,NA,No,Sí,20,La mayor parte,NA,Sí,2024
48,No,No,No,No,No,No,NA,NA,NA,NA,NA,NA,0,NA,Falta de tiempo,Sí,2024
60,No,Sí,Sí,No,No,No,No,Sí,No,Sí,NA,NA,30,La mitad,NA,Sí,2024
41,No,No,No,Sí,No,No,NA,NA,NA,NA,No,Sí,25,La mayor parte,NA,Sí,2024
35,Sí,Sí,Sí,No,No,No,No,Sí,No,Sí,NA,NA,35,La mayor parte,NA,Sí,2024
66,Sí,Sí,No,No,No,No,No,Sí,NA,NA,NA,NA,60,La mayor parte,NA,Sí,2024
85,Sí,Sí,No,Sí,No,Sí,No,Sí,NA,NA,No,Sí,120,La mayor parte,NA,Sí,2024
60,Sí,Sí,No,No,No,Sí,No,Sí,NA,NA,NA,NA,70,La mayor parte,NA,Sí,2024
20,Sí,Sí,No,No,No,No,No,Sí,NA,NA,NA,NA,30,La mitad,NA,Sí,2024
68,Sí,No,No,Sí,No,No,NA,NA,NA,NA,No,Sí,30,La mitad,NA,No,2024
54,Sí,Sí,No,No,No,Sí,No,Sí,NA,NA,NA,NA,60,Toda,NA,Sí,2024
29,No,No,No,No,No,No,NA,NA,NA,NA,NA,NA,0,NA,Falta de tiempo,No,2024
55,No,No,No,No,No,No,NA,NA,NA,NA,NA,NA,0,NA,Falta de interés/gusto,No,2024
32,No,No,No,Sí,No,No,NA,NA,NA,NA,No,Sí,15,Toda,NA,No,2024
18,No,No,No,No,No,No,NA,NA,NA,NA,NA,NA,0,NA,Falta de tiempo,No,2024
65,Sí,Sí,Sí,No,No,Sí,No,Sí,No,Sí,NA,NA,30,La mayor parte,NA,Sí,2024
48,Sí,Sí,Sí,No,No,Sí,No,Sí,No,Sí,NA,NA,30,La mayor parte,NA,Sí,2024
25,No,No,No,No,No,Sí,NA,NA,NA,NA,NA,NA,30,La mayor parte,NA,No,2024
41,No,No,No,No,No,Sí,NA,NA,NA,NA,NA,NA,20,La mitad,NA,No,2024
66,No,No,No,No,No,No,NA,NA,NA,NA,NA,NA,0,NA,Prefiere otras actividades,Sí,2024
59,No,No,No,No,No,No,NA,NA,NA,NA,NA,NA,0,NA,Falta de tiempo,No,2024
49,No,No,Sí,Sí,No,No,NA,NA,No,Sí,No,Sí,30,La mayor parte,NA,Sí,2024
58,No,No,No,Sí,No,No,NA,NA,NA,NA,No,Sí,20,La mayor parte,NA,Sí,2024
26,Sí,Sí,Sí,Sí,No,No,No,Sí,No,Sí,No,Sí,40,La mayor parte,NA,Sí,2024
30,No,No,Sí,No,No,No,NA,NA,No,Sí,NA,NA,20,La mayor parte,NA,Sí,2024
25,No,No,Sí,No,No,No,NA,NA,No,Sí,NA,NA,20,La mayor parte,NA,Sí,2024
70,No,No,No,No,No,No,NA,NA,NA,NA,NA,NA,0,NA,Falta de interés/gusto,Sí,2024
58,No,No,No,No,No,No,NA,NA,NA,NA,NA,NA,0,NA,Falta de tiempo,Sí,2024
51,Sí,No,No,Sí,No,No,NA,NA,NA,NA,No,Sí,15,La mitad,NA,Sí,2024
55,Sí,No,No,Sí,No,No,NA,NA,NA,NA,No,Sí,30,La mayor parte,NA,No,2024
42,No,No,Sí,No,No,Sí,NA,NA,No,Sí,NA,NA,30,La mayor parte,NA,Sí,2024
43,No,No,No,No,No,No,NA,NA,NA,NA,NA,NA,0,NA,Falta de tiempo,No,2024
28,No,No,Sí,No,No,Sí,NA,NA,No,Sí,NA,NA,30,La mayor parte,NA,No,2024
71,No,No,No,No,No,No,NA,NA,NA,NA,NA,NA,0,NA,Falta de interés/gusto,No,2024
57,Sí,Sí,No,Sí,No,No,No,Sí,NA,NA,No,Sí,120,Toda,NA,Sí,2024
25,Sí,No,No,Sí,No,Sí,NA,NA,NA,NA,No,Sí,30,La mayor parte,NA,Sí,2024
65,No,No,No,No,No,No,NA,NA,NA,NA,NA,NA,0,NA,Falta de interés/gusto,Sí,2024
42,Sí,No,No,Sí,No,No,NA,NA,NA,NA,No,Sí,20,Toda,NA,No,2024
70,No,No,No,No,No,No,NA,NA,NA,NA,NA,NA,0,NA,Falta de tiempo,No,2024
34,No,No,No,No,No,No,NA,NA,NA,NA,NA,NA,0,NA,Falta de interés/gusto,Sí,2024
60,No,No,No,No,No,No,NA,NA,NA,NA,NA,NA,0,NA,Falta de tiempo,Sí,2024
43,No,No,Sí,No,No,No,NA,NA,No,Sí,NA,NA,10,La mitad,NA,Sí,2024
50,No,No,No,No,No,No,NA,NA,NA,NA,NA,NA,0,NA,Falta de interés/gusto,Sí,2024
33,No,No,No,No,No,No,NA,NA,NA,NA,NA,NA,0,NA,Falta de interés/gusto,Sí,2024
60,No,No,No,Sí,No,No,NA,NA,NA,NA,No,Sí,15,La mitad,NA,Sí,2024
52,No,No,No,Sí,No,No,NA,NA,NA,NA,Sí,No,20,Toda,NA,Sí,2024
70,No,No,No,No,No,No,NA,NA,NA,NA,NA,NA,0,NA,Falta de interés/gusto,No,2024
50,No,No,No,No,No,No,NA,NA,NA,NA,NA,NA,0,NA,Falta de tiempo,No,2024
84,No,No,No,No,No,No,NA,NA,NA,NA,NA,NA,0,NA,Falta de tiempo,No,2024
60,No,No,Sí,No,No,No,NA,NA,No,Sí,NA,NA,20,La mitad,NA,Sí,2024
59,Sí,No,Sí,Sí,No,No,NA,NA,No,Sí,No,Sí,25,La mitad,NA,Sí,2024
56,No,No,No,No,No,No,NA,NA,NA,NA,NA,NA,0,NA,Falta de interés/gusto,Sí,2024
51,No,No,Sí,Sí,No,No,NA,NA,No,Sí,No,Sí,30,La mayor parte,NA,Sí,2024
30,No,No,No,No,No,Sí,NA,NA,NA,NA,NA,NA,10,La mayor parte,NA,No,2024
77,Sí,Sí,No,No,No,No,No,Sí,NA,NA,NA,NA,60,La mayor parte,NA,No,2024
61,Sí,Sí,No,Sí,No,Sí,No,Sí,NA,NA,Sí,No,30,Toda,NA,Sí,2024
20,Sí,Sí,No,No,No,Sí,Sí,No,NA,NA,NA,NA,25,La mayor parte,NA,Sí,2024
70,No,No,No,No,No,No,NA,NA,NA,NA,NA,NA,0,NA,Falta de interés/gusto,No,2024
72,Sí,No,No,Sí,No,No,NA,NA,NA,NA,No,Sí,30,Toda,NA,No,2024
53,Sí,No,Sí,No,No,No,NA,NA,No,Sí,NA,NA,20,La mayor parte,NA,No,2024
39,Sí,No,No,Sí,No,Sí,NA,NA,NA,NA,No,Sí,60,Toda,NA,Sí,2024
46,Sí,No,No,No,No,Sí,NA,NA,NA,NA,NA,NA,30,La mayor parte,NA,No,2024
76,No,No,No,No,No,No,NA,NA,NA,NA,NA,NA,0,NA,Prefiere otras actividades,No,2024
73,No,No,No,No,No,No,NA,NA,NA,NA,NA,NA,0,NA,Falta de tiempo,No,2024
76,Sí,No,Sí,No,No,Sí,NA,NA,No,Sí,NA,NA,30,La mitad,NA,No,2024
35,No,No,No,No,No,Sí,NA,NA,NA,NA,NA,NA,30,La mayor parte,NA,No,2024
62,No,No,No,No,No,No,NA,NA,NA,NA,NA,NA,0,NA,Falta de interés/gusto,No,2024
59,No,No,No,No,No,Sí,NA,NA,NA,NA,NA,NA,30,La mitad,NA,No,2024
45,Sí,Sí,No,Sí,No,Sí,Sí,No,NA,NA,No,Sí,35,La mayor parte,NA,No,2024
57,No,No,No,No,No,Sí,NA,NA,NA,NA,NA,NA,35,La mayor parte,NA,Sí,2024
49,No,No,No,No,No,Sí,NA,NA,NA,NA,NA,NA,40,La mitad,NA,No,2024
42,Sí,No,No,Sí,No,Sí,NA,NA,NA,NA,No,Sí,40,La mayor parte,NA,Sí,2024
21,No,No,No,No,No,Sí,NA,NA,NA,NA,NA,NA,20,La mayor parte,NA,No,2024
60,No,No,No,No,No,Sí,NA,NA,NA,NA,NA,NA,30,La mayor parte,NA,No,2024
30,Sí,No,No,Sí,No,Sí,NA,NA,NA,NA,No,Sí,15,La mayor parte,NA,Sí,2024
19,Sí,Sí,No,Sí,No,Sí,No,Sí,NA,NA,No,Sí,35,La mayor parte,NA,Sí,2024
77,Sí,No,Sí,No,No,Sí,NA,NA,No,Sí,NA,NA,60,La mitad,NA,Sí,2024
51,Sí,No,No,Sí,No,Sí,NA,NA,NA,NA,No,Sí,20,La mayor parte,NA,No,2024
28,No,No,No,No,No,Sí,NA,NA,NA,NA,NA,NA,15,Toda,NA,No,2024
47,Sí,No,Sí,No,No,No,NA,NA,No,Sí,NA,NA,30,Poca,NA,No,2024
63,No,No,No,No,No,No,NA,NA,NA,NA,NA,NA,0,NA,Falta de interés/gusto,No,2024
28,Sí,No,No,Sí,No,Sí,NA,NA,NA,NA,No,Sí,20,La mayor parte,NA,No,2024
27,No,No,Sí,Sí,No,Sí,NA,NA,No,Sí,No,Sí,10,La mitad,NA,Sí,2024
74,No,No,No,No,No,No,NA,NA,NA,NA,NA,NA,0,NA,Problemas de salud,No,2024
31,No,No,No,No,No,No,NA,NA,NA,NA,NA,NA,0,NA,Falta de tiempo,No,2024
45,No,No,No,Sí,No,Sí,NA,NA,NA,NA,No,Sí,30,La mitad,NA,Sí,2024
41,Sí,No,No,Sí,No,Sí,NA,NA,NA,NA,No,Sí,20,La mitad,NA,Sí,2024
92,No,No,No,No,No,No,NA,NA,NA,NA,NA,NA,0,NA,Problemas de salud,No,2024
39,NA,NA,NA,NA,NA,NA,NA,NA,NA,NA,NA,NA,0,NA,NA,NA,2024
53,No,No,No,Sí,No,No,NA,NA,NA,NA,No,Sí,20,La mitad,NA,No,2024
58,Sí,No,No,No,No,Sí,NA,NA,NA,NA,NA,NA,60,La mayor parte,NA,Sí,2024
34,No,No,No,No,No,No,NA,NA,NA,NA,NA,NA,0,NA,Falta de tiempo,No,2024
53,Sí,No,Sí,No,No,Sí,NA,NA,No,Sí,NA,NA,25,La mayor parte,NA,Sí,2024
22,Sí,Sí,No,No,No,Sí,No,Sí,NA,NA,NA,NA,25,La mayor parte,NA,Sí,2024
78,No,No,No,No,No,No,NA,NA,NA,NA,NA,NA,0,NA,Problemas de salud,Sí,2024
41,Sí,Sí,No,No,Sí,Sí,No,Sí,NA,NA,NA,NA,30,La mayor parte,NA,No,2024
38,Sí,Sí,No,No,No,Sí,Sí,No,NA,NA,NA,NA,40,La mayor parte,NA,Sí,2024
43,No,No,No,No,No,Sí,NA,NA,NA,NA,NA,NA,30,La mayor parte,NA,Sí,2024
31,Sí,Sí,No,No,No,Sí,Sí,No,NA,NA,NA,NA,15,La mayor parte,NA,Sí,2024
65,Sí,No,No,Sí,Sí,Sí,NA,NA,NA,NA,No,Sí,30,La mitad,NA,No,2024
47,Sí,No,Sí,Sí,No,Sí,NA,NA,No,Sí,No,Sí,20,La mayor parte,NA,Sí,2024
25,No,No,No,No,No,No,NA,NA,NA,NA,NA,NA,0,NA,Falta de tiempo,No,2024
21,Sí,Sí,No,No,No,Sí,Sí,No,NA,NA,NA,NA,20,La mayor parte,NA,No,2024
45,No,No,No,No,No,No,NA,NA,NA,NA,NA,NA,0,NA,Falta de interés/gusto,No,2024
20,Sí,No,Sí,Sí,No,No,NA,NA,No,Sí,No,Sí,20,La mitad,NA,Sí,2024
67,Sí,No,Sí,No,No,No,NA,NA,No,Sí,NA,NA,30,Poca,NA,No,2024
34,Sí,Sí,Sí,Sí,No,Sí,No,Sí,No,Sí,No,Sí,30,La mayor parte,NA,Sí,2024
67,No,No,No,No,No,No,NA,NA,NA,NA,NA,NA,0,NA,Falta de interés/gusto,No,2024
26,No,No,No,No,No,No,NA,NA,NA,NA,NA,NA,0,NA,Falta de tiempo,Sí,2024
53,Sí,No,Sí,No,No,Sí,NA,NA,No,Sí,NA,NA,30,La mitad,NA,Sí,2024
41,Sí,Sí,No,No,No,Sí,No,Sí,NA,NA,NA,NA,60,Toda,NA,Sí,2024
51,Sí,No,No,Sí,No,No,NA,NA,NA,NA,No,Sí,20,La mayor parte,NA,Sí,2024
75,No,No,No,No,No,No,NA,NA,NA,NA,NA,NA,0,NA,Prefiere otras actividades,No recuerda,2024
72,No,No,No,No,No,No,NA,NA,NA,NA,NA,NA,0,NA,Problemas de salud,Sí,2024
36,No,No,No,No,No,Sí,NA,NA,NA,NA,NA,NA,120,La mayor parte,NA,Sí,2024
22,Sí,Sí,Sí,Sí,No,Sí,Sí,No,Sí,No,Sí,No,60,Toda,NA,Sí,2024
35,No,No,No,No,No,No,NA,NA,NA,NA,NA,NA,0,NA,Falta de tiempo,Sí,2024
32,Sí,No,No,Sí,No,Sí,NA,NA,NA,NA,No,Sí,60,La mayor parte,NA,Sí,2024
25,Sí,Sí,No,No,No,No,No,Sí,NA,NA,NA,NA,20,Toda,NA,Sí,2024
59,Sí,Sí,No,No,No,Sí,No,Sí,NA,NA,NA,NA,45,Toda,NA,No,2024
55,Sí,No,No,Sí,No,No,NA,NA,NA,NA,No,Sí,20,La mayor parte,NA,No,2024
38,Sí,Sí,No,No,No,Sí,No,Sí,NA,NA,NA,NA,30,Toda,NA,Sí,2024
57,No,No,No,No,No,No,NA,NA,NA,NA,NA,NA,0,NA,Problemas de salud,Sí,2024
65,NA,NA,NA,NA,NA,NA,NA,NA,NA,NA,NA,NA,0,NA,NA,NA,2024
49,Sí,Sí,No,Sí,No,No,No,Sí,NA,NA,No,Sí,30,La mitad,NA,Sí,2024
22,Sí,Sí,No,No,No,No,No,Sí,NA,NA,NA,NA,60,La mayor parte,NA,No,2024
59,Sí,Sí,No,No,No,No,No,Sí,NA,NA,NA,NA,20,La mayor parte,NA,No,2024
56,No,No,No,No,No,No,NA,NA,NA,NA,NA,NA,0,NA,Falta de tiempo,No,2024
50,Sí,No,No,No,No,No,NA,NA,NA,NA,NA,NA,0,NA,Prefiere otras actividades,Sí,2024
43,No,No,No,Sí,No,No,NA,NA,NA,NA,No,Sí,10,La mitad,NA,No,2024
50,No,No,No,No,No,No,NA,NA,NA,NA,NA,NA,0,NA,Falta de interés/gusto,No,2024
33,Sí,Sí,Sí,Sí,No,No,No,Sí,No,Sí,No,Sí,45,La mayor parte,NA,No recuerda,2024
26,Sí,Sí,No,No,No,No,Sí,No,NA,NA,NA,NA,60,La mayor parte,NA,Sí,2024
48,No,No,No,No,No,No,NA,NA,NA,NA,NA,NA,0,NA,Falta de interés/gusto,Sí,2024
23,Sí,Sí,No,No,No,No,No,Sí,NA,NA,NA,NA,30,Poca,NA,No,2024
26,Sí,Sí,No,No,No,No,Sí,No,NA,NA,NA,NA,60,La mayor parte,NA,Sí,2024
49,Sí,No,No,No,No,Sí,NA,NA,NA,NA,NA,NA,20,La mayor parte,NA,No,2024
26,No,No,No,No,No,No,NA,NA,NA,NA,NA,NA,0,NA,Prefiere otras actividades,No,2024
58,Sí,No,Sí,No,No,No,NA,NA,No,Sí,NA,NA,15,Toda,NA,No,2024
75,No,No,No,No,No,No,NA,NA,NA,NA,NA,NA,0,NA,Problemas de salud,No,2024
51,Sí,Sí,No,No,No,No,No,Sí,NA,NA,NA,NA,120,Toda,NA,No,2024
35,Sí,No,Sí,Sí,No,No,NA,NA,Sí,Sí,No,Sí,15,La mayor parte,NA,Sí,2024
34,Sí,Sí,No,Sí,No,Sí,Sí,No,NA,NA,Sí,No,60,Toda,NA,Sí,2024
43,No,Sí,No,No,No,No,No,Sí,NA,NA,NA,NA,30,La mitad,NA,Sí,2024
37,No,No,No,No,No,No,NA,NA,NA,NA,NA,NA,0,NA,Falta de interés/gusto,Sí,2024
54,No,No,No,No,No,No,NA,NA,NA,NA,NA,NA,0,NA,Falta de interés/gusto,No,2024
27,Sí,Sí,No,No,No,No,Sí,Sí,NA,NA,NA,NA,30,La mayor parte,NA,Sí,2024
65,Sí,Sí,No,No,No,No,No,Sí,NA,NA,NA,NA,45,La mitad,NA,No,2024
72,No,No,No,No,No,No,NA,NA,NA,NA,NA,NA,0,NA,Prefiere otras actividades,No,2024
44,No,No,No,No,No,No,NA,NA,NA,NA,NA,NA,0,NA,Falta de tiempo,No,2024
37,Sí,No,Sí,No,No,Sí,NA,NA,No,Sí,NA,NA,30,La mayor parte,NA,No,2024
69,No,No,No,No,No,No,NA,NA,NA,NA,NA,NA,0,NA,Problemas de salud,No,2024
50,Sí,Sí,No,No,No,No,No,Sí,NA,NA,NA,NA,45,La mayor parte,NA,Sí,2024
54,Sí,Sí,No,Sí,No,No,No,Sí,NA,NA,Sí,Sí,30,Toda,NA,Sí,2024
66,No,No,No,No,No,No,NA,NA,NA,NA,NA,NA,0,NA,Falta de interés/gusto,No,2024
34,Sí,No,No,No,No,No,NA,NA,NA,NA,NA,NA,0,NA,Falta de tiempo,Sí,2024
61,No,No,No,No,No,No,NA,NA,NA,NA,NA,NA,0,NA,Problemas de salud,Sí,2024
66,Sí,No,No,Sí,No,No,NA,NA,NA,NA,No,Sí,90,La mayor parte,NA,Sí,2024
83,Sí,No,No,Sí,No,No,NA,NA,NA,NA,No,Sí,60,Poca,NA,No,2024
48,Sí,Sí,No,Sí,No,Sí,Sí,No,NA,NA,Sí,No,25,Toda,NA,Sí,2024
46,Sí,Sí,No,Sí,No,No,Sí,No,NA,NA,No,Sí,45,La mayor parte,NA,Sí,2024
54,No,No,No,No,No,No,NA,NA,NA,NA,NA,NA,0,NA,Falta de interés/gusto,No,2024
71,Sí,No,No,No,No,No,NA,NA,NA,NA,NA,NA,0,NA,Falta de interés/gusto,No,2024
53,Sí,Sí,No,No,No,No,No,Sí,NA,NA,NA,NA,30,La mayor parte,NA,Sí,2024
49,No,No,No,No,No,No,NA,NA,NA,NA,NA,NA,0,NA,Falta de tiempo,No,2024
65,No,No,No,No,No,No,NA,NA,NA,NA,NA,NA,0,NA,Falta de interés/gusto,No,2024
65,No,No,No,No,No,No,NA,NA,NA,NA,NA,NA,0,NA,Falta de interés/gusto,No,2024
65,No,No,No,No,No,No,NA,NA,NA,NA,NA,NA,0,NA,Problemas de salud,No,2024
36,Sí,Sí,Sí,No,No,Sí,No,Sí,No,Sí,NA,NA,90,La mayor parte,NA,Sí,2024
20,Sí,Sí,No,No,No,No,Sí,Sí,NA,NA,NA,NA,120,La mayor parte,NA,Sí,2024
63,Sí,Sí,No,Sí,No,No,No,Sí,NA,NA,No,Sí,30,La mayor parte,NA,No,2024
62,Sí,Sí,Sí,Sí,No,No,No,Sí,No,Sí,No,Sí,60,La mayor parte,NA,Sí,2024
79,No,No,No,No,No,No,NA,NA,NA,NA,NA,NA,0,NA,Prefiere otras actividades,Sí,2024
59,Sí,Sí,Sí,Sí,No,Sí,Sí,No,Sí,No,Sí,Sí,120,La mayor parte,NA,Sí,2024
48,No,No,No,No,No,No,NA,NA,NA,NA,NA,NA,0,NA,Falta de interés/gusto,Sí,2024
48,No,No,No,Sí,No,No,NA,NA,NA,NA,No,Sí,15,La mayor parte,NA,Sí,2024
47,Sí,No,No,No,No,Sí,NA,NA,NA,NA,NA,NA,20,La mayor parte,NA,No,2024
30,Sí,No,No,No,No,Sí,NA,NA,NA,NA,NA,NA,60,La mayor parte,NA,Sí,2024
20,No,No,No,No,No,No,NA,NA,NA,NA,NA,NA,0,NA,Falta de interés/gusto,No,2024
77,No,No,No,No,No,No,NA,NA,NA,NA,NA,NA,0,NA,Falta de interés/gusto,Sí,2024
39,Sí,No,No,Sí,No,No,NA,NA,NA,NA,No,Sí,60,La mayor parte,NA,Sí,2024
59,No,No,No,No,No,Sí,NA,NA,NA,NA,NA,NA,30,Poca,NA,No,2024
74,Sí,Sí,No,No,No,No,No,Sí,NA,NA,NA,NA,120,La mitad,NA,No,2024
62,No,No,No,No,No,No,NA,NA,NA,NA,NA,NA,0,NA,Falta de interés/gusto,No,2024
42,No,No,No,No,No,No,NA,NA,NA,NA,NA,NA,0,NA,Prefiere otras actividades,No,2024
45,Sí,Sí,No,No,No,No,No,Sí,NA,NA,NA,NA,60,La mayor parte,NA,Sí,2024
57,No,No,Sí,No,No,No,NA,NA,No,Sí,NA,NA,25,La mayor parte,NA,No,2024
54,No,No,Sí,No,No,No,NA,NA,No,Sí,NA,NA,25,La mayor parte,NA,No,2024
45,NA,NA,NA,NA,NA,NA,NA,NA,NA,NA,NA,NA,0,NA,NA,NA,2024
53,No,No,No,No,No,No,NA,NA,NA,NA,NA,NA,0,NA,Falta de tiempo,No,2024
31,No,No,No,No,No,No,NA,NA,NA,NA,NA,NA,0,NA,Prefiere otras actividades,No,2024
34,No,No,No,No,No,No,NA,NA,NA,NA,NA,NA,0,NA,Falta de tiempo,No,2024
47,No,No,No,No,No,No,NA,NA,NA,NA,NA,NA,0,NA,Falta de tiempo,No,2024
29,No,No,No,No,No,No,NA,NA,NA,NA,NA,NA,0,NA,Prefiere otras actividades,No,2024
26,Sí,Sí,No,No,No,No,No,Sí,NA,NA,NA,NA,60,Toda,NA,No,2024
48,Sí,Sí,No,No,No,No,No,Sí,NA,NA,NA,NA,30,La mayor parte,NA,No,2024
40,No,No,No,No,No,No,NA,NA,NA,NA,NA,NA,0,NA,Prefiere otras actividades,No,2024
27,Sí,Sí,No,No,No,No,No,Sí,NA,NA,NA,NA,90,La mayor parte,NA,Sí,2024
33,No,No,Sí,No,No,No,NA,NA,No,Sí,NA,NA,35,Toda,NA,Sí,2024
28,Sí,Sí,No,No,No,No,No,Sí,NA,NA,NA,NA,30,La mayor parte,NA,No,2024
32,No,No,No,No,No,No,NA,NA,NA,NA,NA,NA,0,NA,Falta de tiempo,No,2024
68,No,No,No,No,No,No,NA,NA,NA,NA,NA,NA,0,NA,Prefiere otras actividades,No,2024
75,No,No,Sí,No,No,No,NA,NA,No,Sí,NA,NA,20,La mayor parte,NA,No,2024
56,No,No,No,No,No,No,NA,NA,NA,NA,NA,NA,0,NA,Falta de tiempo,Sí,2024
36,No,No,Sí,No,No,No,NA,NA,No,Sí,NA,NA,25,Toda,NA,No,2024
65,No,No,No,No,No,No,NA,NA,NA,NA,NA,NA,0,NA,Problemas de salud,Sí,2024
43,No,No,No,No,No,No,NA,NA,NA,NA,NA,NA,0,NA,Prefiere otras actividades,No,2024
24,No,No,Sí,No,No,No,NA,NA,No,Sí,NA,NA,30,Toda,NA,No,2024
52,No,No,Sí,No,No,No,NA,NA,No,Sí,NA,NA,30,Toda,NA,No,2024
47,No,No,No,No,No,No,NA,NA,NA,NA,NA,NA,0,NA,Falta de tiempo,No,2024
86,NA,NA,NA,NA,NA,NA,NA,NA,NA,NA,NA,NA,0,NA,NA,NA,2024
20,Sí,Sí,No,No,No,No,No,Sí,NA,NA,NA,NA,60,La mayor parte,NA,No,2024
75,NA,NA,NA,NA,NA,NA,NA,NA,NA,NA,NA,NA,0,NA,NA,NA,2024
36,No,No,Sí,No,No,No,NA,NA,No,Sí,NA,NA,40,Toda,NA,No,2024
57,No,No,Sí,No,No,No,NA,NA,No,Sí,NA,NA,25,La mayor parte,NA,No,2024
21,Sí,Sí,No,Sí,No,No,No,Sí,NA,NA,No,Sí,30,La mayor parte,NA,No,2024
33,No,No,No,No,No,No,NA,NA,NA,NA,NA,NA,0,NA,Falta de tiempo,No,2024
39,No,No,No,No,No,No,NA,NA,NA,NA,NA,NA,0,NA,Falta de tiempo,No,2024
44,No,No,No,Sí,No,No,NA,NA,NA,NA,No,Sí,20,Toda,NA,No,2024
58,No,No,No,No,No,No,NA,NA,NA,NA,NA,NA,0,NA,Problemas de salud,No,2024
63,No,No,No,No,No,No,NA,NA,NA,NA,NA,NA,0,NA,Falta de interés/gusto,No,2024
36,No,No,Sí,No,No,No,NA,NA,No,Sí,NA,NA,30,Toda,NA,No,2024
44,No,No,No,No,No,No,NA,NA,NA,NA,NA,NA,0,NA,Problemas de salud,No,2024
40,Sí,No,No,Sí,Sí,No,NA,NA,NA,NA,No,Sí,15,La mayor parte,NA,No,2024
26,Sí,Sí,Sí,No,No,Sí,Sí,No,No,Sí,NA,NA,180,La mayor parte,NA,Sí,2024
49,Sí,Sí,No,No,No,Sí,No,Sí,NA,NA,NA,NA,30,La mitad,NA,Sí,2024
66,Sí,Sí,Sí,Sí,No,Sí,No,Sí,No,Sí,Sí,No,60,Toda,NA,Sí,2024
51,Sí,Sí,Sí,Sí,No,Sí,No,Sí,Sí,Sí,Sí,No,120,La mayor parte,NA,Sí,2024
61,Sí,No,No,Sí,No,No,NA,NA,NA,NA,No,Sí,10,Toda,NA,Sí,2024
74,Sí,Sí,No,No,No,No,Sí,No,NA,NA,NA,NA,60,La mayor parte,NA,Sí,2024
51,Sí,No,Sí,No,No,Sí,NA,NA,No,Sí,NA,NA,10,Toda,NA,Sí,2024
54,Sí,Sí,Sí,Sí,No,No,No,Sí,Sí,No,Sí,No,30,Toda,NA,Sí,2024
39,Sí,Sí,Sí,No,No,Sí,No,Sí,No,Sí,NA,NA,60,Toda,NA,Sí,2024
67,Sí,No,Sí,No,No,No,NA,NA,Sí,No,NA,NA,30,Poca,NA,No,2024
43,Sí,Sí,No,No,No,Sí,No,Sí,NA,NA,NA,NA,15,La mitad,NA,No,2024
42,Sí,No,No,No,No,Sí,NA,NA,NA,NA,NA,NA,60,La mayor parte,NA,Sí,2024
84,NA,NA,NA,NA,NA,NA,NA,NA,NA,NA,NA,NA,0,NA,NA,NA,2024
80,NA,NA,NA,NA,NA,NA,NA,NA,NA,NA,NA,NA,0,NA,NA,NA,2024
73,Sí,No,Sí,No,No,No,NA,NA,No,Sí,NA,NA,10,Poca,NA,No,2024
53,No,No,No,No,No,No,NA,NA,NA,NA,NA,NA,0,NA,Falta de interés/gusto,No recuerda,2024
35,Sí,Sí,No,No,No,Sí,No,Sí,NA,NA,NA,NA,30,La mayor parte,NA,Sí,2024
85,No,No,No,No,No,No,NA,NA,NA,NA,NA,NA,0,NA,Falta de tiempo,Sí,2024
67,No,No,Sí,No,No,Sí,NA,NA,No,Sí,NA,NA,30,La mayor parte,NA,No,2024
32,Sí,Sí,No,No,No,No,No,Sí,NA,NA,NA,NA,30,Toda,NA,Sí,2024
59,Sí,Sí,Sí,Sí,No,No,No,Sí,Sí,No,Sí,No,90,Toda,NA,Sí,2024
67,Sí,Sí,Sí,No,No,Sí,No,Sí,No,Sí,NA,NA,60,La mayor parte,NA,Sí,2024
36,Sí,Sí,No,No,No,Sí,Sí,No,NA,NA,NA,NA,30,Toda,NA,Sí,2024
61,Sí,Sí,Sí,No,No,Sí,Sí,No,Sí,No,NA,NA,30,La mayor parte,NA,Sí,2024
77,Sí,Sí,Sí,Sí,No,No,No,Sí,No,Sí,No,Sí,20,Toda,NA,Sí,2024
37,No,No,Sí,No,No,Sí,NA,NA,Sí,No,NA,NA,60,La mayor parte,NA,Sí,2024
36,Sí,Sí,No,Sí,No,Sí,Sí,Sí,NA,NA,No,Sí,30,Toda,NA,Sí,2024
38,Sí,No,No,No,No,No,NA,NA,NA,NA,NA,NA,0,NA,Prefiere otras actividades,No,2024
28,No,No,No,No,No,Sí,NA,NA,NA,NA,NA,NA,30,Toda,NA,No,2024
48,Sí,Sí,No,No,No,No,No,Sí,NA,NA,NA,NA,60,Toda,NA,No recuerda,2024
89,NA,NA,NA,NA,NA,NA,NA,NA,NA,NA,NA,NA,0,NA,NA,NA,2024
36,Sí,No,Sí,No,No,No,NA,NA,Sí,No,NA,NA,40,Toda,NA,Sí,2024
46,No,No,No,No,No,No,NA,NA,NA,NA,NA,NA,0,NA,Falta de interés/gusto,Sí,2024
41,Sí,No,No,No,No,Sí,NA,NA,NA,NA,NA,NA,10,Toda,NA,No,2024
50,No,No,No,No,No,No,NA,NA,NA,NA,NA,NA,0,NA,Falta de interés/gusto,Sí,2024
40,Sí,Sí,Sí,No,No,Sí,No,Sí,No,Sí,NA,NA,15,Toda,NA,Sí,2024
30,Sí,Sí,No,No,No,Sí,No,Sí,NA,NA,NA,NA,60,Toda,NA,No recuerda,2024
45,Sí,Sí,No,No,No,No,No,Sí,NA,NA,NA,NA,60,La mitad,NA,No,2024
79,Sí,No,No,No,No,No,NA,NA,NA,NA,NA,NA,0,NA,Falta de dinero,No,2024
35,No,No,No,No,Sí,Sí,NA,NA,NA,NA,NA,NA,10,La mitad,NA,No,2024
60,Sí,No,Sí,No,No,No,NA,NA,No,Sí,NA,NA,30,La mayor parte,NA,Sí,2024
29,Sí,Sí,Sí,Sí,No,Sí,No,Sí,No,Sí,No,Sí,30,La mitad,NA,Sí,2024
78,Sí,Sí,Sí,Sí,No,No,No,Sí,No,Sí,No,Sí,60,La mayor parte,NA,Sí,2024
67,Sí,Sí,Sí,Sí,No,Sí,No,Sí,No,Sí,No,Sí,180,La mayor parte,NA,No,2024
76,Sí,Sí,Sí,No,No,No,No,Sí,No,Sí,NA,NA,40,Poca,NA,Sí,2024
42,Sí,Sí,No,No,No,Sí,No,Sí,NA,NA,NA,NA,60,La mayor parte,NA,Sí,2024
65,No,No,No,No,No,No,NA,NA,NA,NA,NA,NA,0,NA,Falta de interés/gusto,No,2024
53,No,No,No,No,No,No,NA,NA,NA,NA,NA,NA,0,NA,Falta de interés/gusto,No,2024
33,Sí,Sí,No,No,No,No,No,Sí,NA,NA,NA,NA,25,Toda,NA,Sí,2024
27,NA,NA,NA,NA,NA,NA,NA,NA,NA,NA,NA,NA,0,NA,NA,NA,2024
40,No,No,No,No,No,No,NA,NA,NA,NA,NA,NA,0,NA,Falta de tiempo,No,2024
24,No,No,No,No,No,No,NA,NA,NA,NA,NA,NA,0,NA,Falta de tiempo,Sí,2024
71,NA,NA,NA,NA,NA,NA,NA,NA,NA,NA,NA,NA,0,NA,NA,NA,2024
38,No,No,No,No,No,Sí,NA,NA,NA,NA,NA,NA,25,La mayor parte,NA,Sí,2024
51,No,No,Sí,No,No,No,NA,NA,No,Sí,NA,NA,20,La mayor parte,NA,Sí,2024
33,Sí,Sí,No,No,No,Sí,No,Sí,NA,NA,NA,NA,20,La mayor parte,NA,Sí,2024
59,Sí,Sí,No,No,No,No,No,Sí,NA,NA,NA,NA,20,La mayor parte,NA,No,2024
23,Sí,Sí,No,No,No,No,No,Sí,NA,NA,NA,NA,60,Toda,NA,Sí,2024
63,No,No,No,No,No,No,NA,NA,NA,NA,NA,NA,0,NA,Falta de tiempo,No,2024
53,Sí,Sí,Sí,Sí,No,No,Sí,Sí,No,Sí,No,Sí,60,La mayor parte,NA,Sí,2024
34,Sí,Sí,Sí,Sí,No,Sí,No,Sí,No,Sí,No,Sí,20,La mayor parte,NA,Sí,2024
48,Sí,Sí,Sí,No,No,No,No,Sí,No,Sí,NA,NA,40,La mayor parte,NA,Sí,2024
28,No,No,No,No,No,No,NA,NA,NA,NA,NA,NA,0,NA,Falta de tiempo,No,2024
47,Sí,Sí,No,No,No,No,No,Sí,NA,NA,NA,NA,60,La mayor parte,NA,No,2024
40,No,No,No,No,No,No,NA,NA,NA,NA,NA,NA,0,NA,Falta de tiempo,No,2024
38,No,No,Sí,No,No,No,NA,NA,No,Sí,NA,NA,15,La mitad,NA,Sí,2024
41,Sí,No,No,No,No,Sí,NA,NA,NA,NA,NA,NA,30,La mayor parte,NA,Sí,2024
54,Sí,No,Sí,Sí,No,No,NA,NA,No,Sí,No,Sí,15,La mitad,NA,Sí,2024
71,No,No,No,No,No,No,NA,NA,NA,NA,NA,NA,0,NA,Falta de interés/gusto,No,2024
26,Sí,Sí,No,No,No,Sí,Sí,No,NA,NA,NA,NA,2,La mayor parte,NA,Sí,2024
52,Sí,Sí,No,No,No,No,No,Sí,NA,NA,NA,NA,30,Toda,NA,Sí,2024
38,No,No,No,No,No,No,NA,NA,NA,NA,NA,NA,0,NA,Falta de tiempo,Sí,2024
65,Sí,Sí,Sí,No,No,No,Sí,No,No,Sí,NA,NA,15,La mitad,NA,Sí,2024
53,No,No,No,No,No,Sí,NA,NA,NA,NA,NA,NA,60,Poca,NA,Sí,2024
38,No,No,No,No,No,No,NA,NA,NA,NA,NA,NA,0,NA,Falta de tiempo,No,2024
50,No,No,No,No,No,No,NA,NA,NA,NA,NA,NA,0,NA,Falta de interés/gusto,No,2024
31,No,No,No,No,No,No,NA,NA,NA,NA,NA,NA,0,NA,Falta de interés/gusto,No,2024
43,Sí,No,Sí,No,Sí,No,NA,NA,No,Sí,NA,NA,20,Poca,NA,No,2024
56,No,No,No,No,No,Sí,NA,NA,NA,NA,NA,NA,30,Poca,NA,Sí,2024
33,No,No,No,No,No,No,NA,NA,NA,NA,NA,NA,0,NA,Falta de interés/gusto,Sí,2024
50,No,No,No,No,No,No,NA,NA,NA,NA,NA,NA,0,NA,Falta de interés/gusto,Sí,2024
62,No,Sí,No,No,No,No,No,Sí,NA,NA,NA,NA,10,La mitad,NA,No,2024
52,Sí,No,Sí,No,No,No,NA,NA,No,Sí,NA,NA,30,Poca,NA,Sí,2024
73,No,No,No,Sí,No,No,NA,NA,NA,NA,No,Sí,10,La mayor parte,NA,No,2024
85,Sí,Sí,Sí,No,No,No,No,Sí,No,Sí,NA,NA,20,Poca,NA,Sí,2024
45,No,Sí,No,No,No,No,Sí,No,NA,NA,NA,NA,60,La mayor parte,NA,No,2024
76,No,No,No,No,No,No,NA,NA,NA,NA,NA,NA,0,NA,Problemas de salud,No,2024
54,Sí,Sí,No,Sí,No,Sí,No,Sí,NA,NA,Sí,No,60,La mayor parte,NA,Sí,2024
55,Sí,Sí,Sí,Sí,No,Sí,No,Sí,Sí,No,Sí,No,30,La mayor parte,NA,Sí,2024
86,No,No,No,No,No,No,NA,NA,NA,NA,NA,NA,0,NA,Falta de interés/gusto,Sí,2024
44,Sí,Sí,No,No,No,Sí,Sí,No,NA,NA,NA,NA,40,La mayor parte,NA,Sí,2024
32,Sí,Sí,No,No,No,Sí,No,Sí,NA,NA,NA,NA,30,La mayor parte,NA,Sí,2024
54,No,Sí,No,No,No,No,No,Sí,NA,NA,NA,NA,20,La mayor parte,NA,Sí,2024
50,Sí,Sí,No,No,No,Sí,Sí,No,NA,NA,NA,NA,120,La mayor parte,NA,Sí,2024
53,Sí,No,No,No,No,No,NA,NA,NA,NA,NA,NA,0,NA,Falta de tiempo,Sí,2024
32,Sí,No,Sí,No,No,Sí,NA,NA,No,Sí,NA,NA,20,Toda,NA,No,2024
52,No,No,No,No,No,No,NA,NA,NA,NA,NA,NA,0,NA,Prefiere otras actividades,Sí,2024
42,No,No,No,No,No,No,NA,NA,NA,NA,NA,NA,0,NA,Falta de tiempo,Sí,2024
27,No,No,No,No,No,No,NA,NA,NA,NA,NA,NA,0,NA,Falta de tiempo,Sí,2024
28,Sí,Sí,No,No,No,Sí,No,Sí,NA,NA,NA,NA,15,La mayor parte,NA,Sí,2024
30,Sí,Sí,No,Sí,No,Sí,No,Sí,NA,NA,No,Sí,15,La mayor parte,NA,Sí,2024
47,Sí,Sí,No,No,No,No,No,Sí,NA,NA,NA,NA,45,La mayor parte,NA,Sí,2024
30,Sí,Sí,No,No,No,No,No,Sí,NA,NA,NA,NA,20,La mayor parte,NA,Sí,2024
30,No,No,No,No,No,No,NA,NA,NA,NA,NA,NA,0,NA,Falta de tiempo,Sí,2024
40,No,No,No,No,No,No,NA,NA,NA,NA,NA,NA,0,NA,Prefiere otras actividades,Sí,2024
76,No,No,No,No,No,No,NA,NA,NA,NA,NA,NA,0,NA,Prefiere otras actividades,No,2024
73,No,No,No,No,No,No,NA,NA,NA,NA,NA,NA,0,NA,Falta de tiempo,Sí,2024
44,No,No,No,No,No,No,NA,NA,NA,NA,NA,NA,0,NA,Falta de tiempo,No,2024
32,Sí,Sí,No,No,No,Sí,No,Sí,NA,NA,NA,NA,60,La mayor parte,NA,Sí,2024
65,Sí,Sí,No,Sí,No,No,No,Sí,NA,NA,No,Sí,15,La mitad,NA,No,2024
27,Sí,Sí,Sí,No,No,No,No,Sí,No,Sí,NA,NA,30,Poca,NA,Sí,2024
42,No,No,Sí,No,No,No,NA,NA,No,Sí,NA,NA,5,Toda,NA,Sí,2024
70,Sí,Sí,Sí,No,No,No,No,Sí,No,Sí,NA,NA,30,La mayor parte,NA,Sí,2024
70,No,No,No,No,No,No,NA,NA,NA,NA,NA,NA,0,NA,Falta de interés/gusto,Sí,2024
24,No,No,No,No,No,Sí,NA,NA,NA,NA,NA,NA,60,Toda,NA,No,2024
56,Sí,No,Sí,No,No,Sí,NA,NA,No,Sí,NA,NA,30,La mayor parte,NA,No,2024
74,Sí,No,Sí,No,No,No,NA,NA,No,Sí,NA,NA,30,Toda,NA,Sí,2024
52,Sí,Sí,No,No,No,No,No,Sí,NA,NA,NA,NA,20,La mayor parte,NA,Sí,2024
20,Sí,Sí,No,No,No,No,Sí,No,NA,NA,NA,NA,40,Toda,NA,Sí,2024
41,Sí,Sí,Sí,No,No,Sí,No,Sí,No,Sí,NA,NA,30,La mayor parte,NA,Sí,2024
65,No,No,No,No,No,No,NA,NA,NA,NA,NA,NA,0,NA,Falta de interés/gusto,No,2024
55,Sí,No,No,No,No,Sí,NA,NA,NA,NA,NA,NA,60,La mayor parte,NA,No,2024
57,No,No,No,No,No,No,NA,NA,NA,NA,NA,NA,0,NA,Falta de interés/gusto,No,2024
29,Sí,Sí,No,No,No,No,Sí,No,NA,NA,NA,NA,30,Toda,NA,Sí,2024
71,No,No,No,No,No,No,NA,NA,NA,NA,NA,NA,0,NA,Problemas de salud,Sí,2024
30,Sí,Sí,No,No,No,No,No,Sí,NA,NA,NA,NA,60,Toda,NA,Sí,2024
81,Sí,No,Sí,No,No,No,NA,NA,No,Sí,NA,NA,15,Poca,NA,Sí,2024
29,Sí,No,No,No,No,Sí,NA,NA,NA,NA,NA,NA,25,Toda,NA,Sí,2024
64,Sí,Sí,No,No,No,No,No,Sí,NA,NA,NA,NA,30,Toda,NA,Sí,2024
26,Sí,Sí,No,Sí,No,Sí,No,Sí,NA,NA,No,Sí,30,La mayor parte,NA,Sí,2024
50,No,No,No,No,No,No,NA,NA,NA,NA,NA,NA,0,NA,Prefiere otras actividades,Sí,2024
26,Sí,Sí,No,No,No,No,No,Sí,NA,NA,NA,NA,15,Toda,NA,Sí,2024
57,No,No,No,No,No,No,NA,NA,NA,NA,NA,NA,0,NA,Falta de tiempo,No recuerda,2024
45,No,No,No,No,No,No,NA,NA,NA,NA,NA,NA,0,NA,Falta de tiempo,No,2024
24,Sí,Sí,Sí,No,No,Sí,No,Sí,No,Sí,NA,NA,60,La mayor parte,NA,No,2024
59,Sí,No,No,No,No,No,NA,NA,NA,NA,NA,NA,0,NA,Falta de interés/gusto,No,2024
50,Sí,No,No,No,No,Sí,NA,NA,NA,NA,NA,NA,40,La mayor parte,NA,Sí,2024
35,Sí,Sí,Sí,No,No,No,Sí,No,No,Sí,NA,NA,30,La mayor parte,NA,Sí,2024
23,Sí,Sí,Sí,No,No,Sí,No,Sí,Sí,No,NA,NA,20,Toda,NA,Sí,2024
81,Sí,Sí,Sí,No,No,No,No,Sí,No,Sí,NA,NA,40,Poca,NA,No,2024
48,Sí,Sí,Sí,No,No,Sí,No,Sí,No,Sí,NA,NA,30,La mayor parte,NA,Sí,2024
25,Sí,Sí,Sí,No,No,Sí,No,Sí,No,Sí,NA,NA,60,La mayor parte,NA,Sí,2024
75,Sí,Sí,Sí,No,No,No,No,Sí,No,Sí,NA,NA,30,La mayor parte,NA,Sí,2024
38,No,No,No,No,No,Sí,NA,NA,NA,NA,NA,NA,15,Toda,NA,No,2024
61,No,No,Sí,No,No,No,NA,NA,No,Sí,NA,NA,15,La mayor parte,NA,No,2024
23,No,No,No,No,No,No,NA,NA,NA,NA,NA,NA,0,NA,Falta de interés/gusto,No,2024
28,No,No,No,No,No,No,NA,NA,NA,NA,NA,NA,0,NA,Falta de interés/gusto,No,2024
37,No,No,No,No,No,No,NA,NA,NA,NA,NA,NA,0,NA,Falta de interés/gusto,No,2024
40,Sí,No,No,No,No,No,NA,NA,NA,NA,NA,NA,0,NA,Prefiere otras actividades,No,2024
41,No,No,No,No,No,No,NA,NA,NA,NA,NA,NA,0,NA,Falta de tiempo,No,2024
29,Sí,Sí,No,No,No,Sí,No,Sí,NA,NA,NA,NA,30,La mayor parte,NA,Sí,2024
33,No,No,No,No,No,No,NA,NA,NA,NA,NA,NA,0,NA,Falta de tiempo,Sí,2024
50,No,No,No,No,No,No,NA,NA,NA,NA,NA,NA,0,NA,Falta de tiempo,Sí,2024
30,Sí,Sí,No,No,No,No,No,Sí,NA,NA,NA,NA,45,La mitad,NA,Sí,2024
58,No,No,No,No,No,No,NA,NA,NA,NA,NA,NA,0,NA,Prefiere otras actividades,No,2024
51,Sí,Sí,No,No,No,No,No,Sí,NA,NA,NA,NA,30,La mayor parte,NA,Sí,2024
61,No,No,No,No,No,No,NA,NA,NA,NA,NA,NA,0,NA,Falta de interés/gusto,No,2024
78,No,No,No,No,No,No,NA,NA,NA,NA,NA,NA,0,NA,Falta de interés/gusto,No,2024
87,No,No,No,No,No,No,NA,NA,NA,NA,NA,NA,0,NA,Falta de interés/gusto,No,2024
38,Sí,No,No,No,No,No,NA,NA,NA,NA,NA,NA,0,NA,Falta de interés/gusto,No,2024
30,No,No,No,No,No,No,NA,NA,NA,NA,NA,NA,0,NA,Falta de tiempo,Sí,2024
75,Sí,Sí,Sí,No,No,No,No,Sí,No,Sí,NA,NA,20,Poca,NA,Sí,2024
26,Sí,Sí,No,Sí,No,Sí,No,Sí,NA,NA,No,Sí,45,La mayor parte,NA,No,2024
43,NA,NA,NA,NA,NA,NA,NA,NA,NA,NA,NA,NA,0,NA,NA,NA,2024
63,Sí,No,Sí,No,No,No,NA,NA,No,Sí,NA,NA,20,La mitad,NA,No,2024
20,Sí,Sí,No,No,No,Sí,No,Sí,NA,NA,NA,NA,30,La mayor parte,NA,Sí,2024
74,No,No,No,No,No,No,NA,NA,NA,NA,NA,NA,0,NA,Problemas de salud,No,2024
81,No,No,No,No,No,No,NA,NA,NA,NA,NA,NA,0,NA,Problemas de salud,No,2024
45,No,No,No,No,No,No,NA,NA,NA,NA,NA,NA,0,NA,Falta de tiempo,Sí,2024
48,Sí,Sí,No,No,No,Sí,No,Sí,NA,NA,NA,NA,90,La mayor parte,NA,Sí,2024
37,Sí,Sí,No,No,No,No,No,Sí,NA,NA,NA,NA,30,La mayor parte,NA,Sí,2024
36,No,No,No,No,No,Sí,NA,NA,NA,NA,NA,NA,60,La mayor parte,NA,No,2024
21,No,No,No,No,No,No,NA,NA,NA,NA,NA,NA,0,NA,Falta de tiempo,No,2024
30,No,No,No,No,No,No,NA,NA,NA,NA,NA,NA,0,NA,Falta de tiempo,No,2024
65,NA,NA,NA,NA,NA,NA,NA,NA,NA,NA,NA,NA,0,NA,NA,NA,2024
25,Sí,No,Sí,No,No,Sí,NA,NA,No,Sí,NA,NA,60,La mayor parte,NA,No,2024
23,No,No,No,No,No,No,NA,NA,NA,NA,NA,NA,0,NA,Prefiere otras actividades,No,2024
51,No,No,No,No,No,No,NA,NA,NA,NA,NA,NA,0,NA,Falta de interés/gusto,No,2024
37,No,No,No,No,No,Sí,NA,NA,NA,NA,NA,NA,90,La mayor parte,NA,No,2024
70,Sí,Sí,No,No,No,No,No,Sí,NA,NA,NA,NA,15,La mayor parte,NA,No,2024
37,No,No,No,No,No,Sí,NA,NA,NA,NA,NA,NA,60,La mayor parte,NA,No,2024
72,No,No,No,No,No,No,NA,NA,NA,NA,NA,NA,0,NA,Prefiere otras actividades,No,2024
32,No,No,No,No,No,No,NA,NA,NA,NA,NA,NA,0,NA,Falta de interés/gusto,No,2024
64,Sí,No,No,No,No,No,NA,NA,NA,NA,NA,NA,0,NA,Falta de tiempo,No,2024
64,Sí,Sí,No,No,No,No,No,Sí,NA,NA,NA,NA,20,La mitad,NA,Sí,2024
38,No,No,No,No,No,No,NA,NA,NA,NA,NA,NA,0,NA,Falta de tiempo,Sí,2024
32,Sí,Sí,No,No,No,Sí,No,Sí,NA,NA,NA,NA,25,Toda,NA,Sí,2024
80,No,No,No,No,No,No,NA,NA,NA,NA,NA,NA,0,NA,Falta de interés/gusto,No,2024
81,No,No,No,No,No,No,NA,NA,NA,NA,NA,NA,0,NA,Falta de interés/gusto,No,2024
30,No,No,No,No,No,No,NA,NA,NA,NA,NA,NA,0,NA,Falta de tiempo,No,2024
21,Sí,No,No,No,No,No,NA,NA,NA,NA,NA,NA,0,NA,Falta de tiempo,Sí,2024
46,Sí,Sí,Sí,No,No,No,No,Sí,No,Sí,NA,NA,45,Toda,NA,No,2024
73,NA,NA,NA,NA,NA,NA,NA,NA,NA,NA,NA,NA,0,NA,NA,NA,2024
41,Sí,Sí,No,No,No,Sí,No,Sí,NA,NA,NA,NA,35,Toda,NA,Sí,2024
42,No,No,No,No,No,No,NA,NA,NA,NA,NA,NA,0,NA,Falta de tiempo,No,2024
65,No,No,Sí,Sí,No,Sí,NA,NA,No,Sí,No,Sí,30,La mitad,NA,Sí,2024
36,No,No,Sí,No,No,Sí,NA,NA,No,Sí,NA,NA,15,La mitad,NA,Sí,2024
23,Sí,Sí,Sí,No,No,Sí,Sí,No,No,Sí,NA,NA,60,La mayor parte,NA,Sí,2024
32,No,No,No,No,No,No,NA,NA,NA,NA,NA,NA,0,NA,Falta de interés/gusto,Sí,2024
45,Sí,Sí,No,No,No,No,No,Sí,NA,NA,NA,NA,40,Toda,NA,Sí,2024
60,Sí,Sí,Sí,No,No,No,No,Sí,No,Sí,NA,NA,15,La mayor parte,NA,Sí,2024
61,Sí,Sí,No,No,No,No,No,Sí,NA,NA,NA,NA,20,La mayor parte,NA,No,2024
73,Sí,Sí,No,No,No,No,No,Sí,NA,NA,NA,NA,20,La mayor parte,NA,Sí,2024
44,No,No,No,No,No,Sí,NA,NA,NA,NA,NA,NA,10,La mayor parte,NA,No,2024
65,Sí,Sí,No,No,No,No,No,Sí,NA,NA,NA,NA,30,La mayor parte,NA,Sí,2024
65,No,No,No,No,No,No,NA,NA,NA,NA,NA,NA,0,NA,Falta de tiempo,Sí,2024
30,No,No,No,No,No,No,NA,NA,NA,NA,NA,NA,0,NA,Falta de tiempo,Sí,2024
47,Sí,No,No,No,No,No,NA,NA,NA,NA,NA,NA,0,NA,Falta de tiempo,No,2024
18,No,No,Sí,No,No,No,NA,NA,No,Sí,NA,NA,10,La mayor parte,NA,Sí,2024
26,Sí,Sí,No,No,No,Sí,No,Sí,NA,NA,NA,NA,60,La mayor parte,NA,Sí,2024
31,Sí,Sí,No,No,No,Sí,No,Sí,NA,NA,NA,NA,60,La mayor parte,NA,Sí,2024
23,Sí,Sí,Sí,No,No,Sí,Sí,No,No,Sí,NA,NA,45,La mitad,NA,No,2024
42,Sí,Sí,Sí,Sí,No,No,No,Sí,No,Sí,Sí,No,30,La mayor parte,NA,Sí,2024
37,NA,NA,NA,NA,NA,NA,NA,NA,NA,NA,NA,NA,0,NA,NA,NA,2024
51,No,No,No,No,No,No,NA,NA,NA,NA,NA,NA,0,NA,Falta de interés/gusto,No,2024
63,No,No,No,No,No,No,NA,NA,NA,NA,NA,NA,0,NA,Problemas de salud,No,2024
27,Sí,Sí,No,No,No,Sí,No,Sí,NA,NA,NA,NA,40,Toda,NA,Sí,2024
38,No,No,No,No,No,Sí,NA,NA,NA,NA,NA,NA,10,Toda,NA,Sí,2024
34,Sí,Sí,No,No,No,Sí,Sí,No,NA,NA,NA,NA,30,Toda,NA,Sí,2024
60,Sí,Sí,No,No,No,Sí,No,Sí,NA,NA,NA,NA,35,Toda,NA,Sí,2024
65,Sí,No,No,No,No,Sí,NA,NA,NA,NA,NA,NA,25,La mayor parte,NA,No,2024
38,Sí,Sí,No,No,No,Sí,No,Sí,NA,NA,NA,NA,35,Toda,NA,Sí,2024
26,Sí,Sí,No,Sí,No,Sí,No,Sí,NA,NA,No,Sí,30,La mayor parte,NA,Sí,2024
22,No,No,No,No,No,Sí,NA,NA,NA,NA,NA,NA,20,La mitad,NA,No,2024
51,Sí,Sí,No,No,No,No,No,Sí,NA,NA,NA,NA,180,Toda,NA,Sí,2024
28,No,No,No,No,No,No,NA,NA,NA,NA,NA,NA,0,NA,Falta de tiempo,Sí,2024
64,Sí,Sí,No,No,No,No,No,Sí,NA,NA,NA,NA,35,La mayor parte,NA,Sí,2024
28,Sí,Sí,No,No,No,Sí,No,Sí,NA,NA,NA,NA,45,La mayor parte,NA,Sí,2024
51,Sí,Sí,No,No,No,Sí,No,Sí,NA,NA,NA,NA,45,Toda,NA,Sí,2024
65,Sí,Sí,No,No,No,No,No,Sí,NA,NA,NA,NA,20,La mayor parte,NA,Sí,2024
39,No,No,No,No,No,No,NA,NA,NA,NA,NA,NA,0,NA,Falta de tiempo,No,2024
64,Sí,Sí,No,No,No,No,No,Sí,NA,NA,NA,NA,30,La mayor parte,NA,No,2024
48,No,No,No,No,No,No,NA,NA,NA,NA,NA,NA,0,NA,Falta de interés/gusto,Sí,2024
47,Sí,Sí,Sí,Sí,No,Sí,No,Sí,No,Sí,No,Sí,180,La mitad,NA,Sí,2024
79,No,No,No,No,No,No,NA,NA,NA,NA,NA,NA,0,NA,Problemas de salud,No recuerda,2024
64,Sí,Sí,Sí,No,No,Sí,No,Sí,No,Sí,NA,NA,20,La mitad,NA,Sí,2024
73,No,No,Sí,No,No,No,NA,NA,No,Sí,NA,NA,20,La mitad,NA,No,2024
66,No,No,No,No,No,No,NA,NA,NA,NA,NA,NA,0,NA,Problemas de salud,Sí,2024
73,No,No,No,No,No,No,NA,NA,NA,NA,NA,NA,0,NA,Problemas de salud,No,2024
48,No,No,No,No,No,No,NA,NA,NA,NA,NA,NA,0,NA,Falta de interés/gusto,No recuerda,2024
38,No,No,No,No,No,No,NA,NA,NA,NA,NA,NA,0,NA,Falta de interés/gusto,No,2024
25,No,No,No,No,No,No,NA,NA,NA,NA,NA,NA,0,NA,Falta de tiempo,No,2024
48,No,No,No,No,No,No,NA,NA,NA,NA,NA,NA,0,NA,Falta de interés/gusto,No,2024
38,No,No,No,No,No,No,NA,NA,NA,NA,NA,NA,0,NA,Falta de tiempo,No,2024
52,Sí,Sí,No,No,No,Sí,No,Sí,NA,NA,NA,NA,60,La mayor parte,NA,Sí,2024
34,Sí,Sí,No,No,No,Sí,No,Sí,NA,NA,NA,NA,60,La mayor parte,NA,Sí,2024
56,No,No,Sí,No,No,No,NA,NA,No,Sí,NA,NA,15,La mitad,NA,No,2024
33,Sí,No,No,No,No,Sí,NA,NA,NA,NA,NA,NA,60,La mitad,NA,Sí,2024
47,No,No,No,No,No,No,NA,NA,NA,NA,NA,NA,0,NA,Falta de tiempo,Sí,2024
29,No,Sí,No,No,No,No,No,Sí,NA,NA,NA,NA,30,Toda,NA,No,2024
34,No,No,No,No,No,No,NA,NA,NA,NA,NA,NA,0,NA,Falta de tiempo,Sí,2024
42,Sí,Sí,No,No,No,No,No,Sí,NA,NA,NA,NA,30,Toda,NA,Sí,2024
65,Sí,Sí,No,No,No,Sí,No,Sí,NA,NA,NA,NA,120,Toda,NA,Sí,2024
24,Sí,Sí,No,No,No,Sí,Sí,No,NA,NA,NA,NA,60,La mayor parte,NA,Sí,2024
78,Sí,No,Sí,Sí,No,No,NA,NA,Sí,Sí,No,Sí,30,La mitad,NA,No recuerda,2024
35,Sí,Sí,No,No,No,Sí,No,Sí,NA,NA,NA,NA,45,La mayor parte,NA,Sí,2024
79,Sí,Sí,No,No,No,No,No,Sí,NA,NA,NA,NA,60,Toda,NA,Sí,2024
54,Sí,Sí,No,No,No,Sí,No,Sí,NA,NA,NA,NA,30,La mayor parte,NA,Sí,2024
62,Sí,Sí,No,No,No,No,No,Sí,NA,NA,NA,NA,60,La mayor parte,NA,Sí,2024
47,Sí,No,No,No,No,Sí,NA,NA,NA,NA,NA,NA,20,La mayor parte,NA,Sí,2024
28,Sí,Sí,Sí,No,No,Sí,Sí,No,No,Sí,NA,NA,60,Toda,NA,Sí,2024
29,Sí,Sí,No,No,No,Sí,No,Sí,NA,NA,NA,NA,60,La mitad,NA,Sí,2024
40,Sí,Sí,No,No,No,Sí,No,Sí,NA,NA,NA,NA,30,Toda,NA,Sí,2024
40,Sí,No,No,No,No,No,NA,NA,NA,NA,NA,NA,0,NA,Falta de tiempo,No,2024
26,No,No,No,No,No,No,NA,NA,NA,NA,NA,NA,0,NA,Falta de tiempo,No,2024
18,Sí,Sí,No,No,No,No,No,Sí,NA,NA,NA,NA,30,La mayor parte,NA,Sí,2024
37,No,No,No,No,No,Sí,NA,NA,NA,NA,NA,NA,15,La mayor parte,NA,No,2024
59,Sí,No,No,Sí,No,No,NA,NA,NA,NA,No,Sí,30,La mitad,NA,No recuerda,2024
27,Sí,Sí,No,Sí,No,Sí,No,Sí,NA,NA,Sí,No,60,La mayor parte,NA,Sí,2024
60,Sí,Sí,Sí,No,No,Sí,No,Sí,No,Sí,NA,NA,15,La mayor parte,NA,Sí,2024
77,No,No,No,No,No,No,NA,NA,NA,NA,NA,NA,0,NA,Falta de tiempo,Sí,2024
39,Sí,Sí,Sí,Sí,No,Sí,Sí,No,Sí,No,Sí,No,120,La mayor parte,NA,Sí,2024
73,Sí,Sí,No,No,No,No,No,Sí,NA,NA,NA,NA,60,Poca,NA,Sí,2024
21,No,No,Sí,Sí,No,No,NA,NA,No,Sí,No,Sí,10,Poca,NA,Sí,2024
26,Sí,Sí,No,No,No,Sí,No,Sí,NA,NA,NA,NA,120,La mayor parte,NA,Sí,2024
28,No,No,No,No,No,No,NA,NA,NA,NA,NA,NA,0,NA,Falta de tiempo,Sí,2024
42,No,No,No,No,No,No,NA,NA,NA,NA,NA,NA,0,NA,Falta de tiempo,No,2024
27,Sí,No,No,No,No,Sí,NA,NA,NA,NA,NA,NA,30,La mayor parte,NA,Sí,2024
30,No,No,No,No,No,Sí,NA,NA,NA,NA,NA,NA,20,La mayor parte,NA,Sí,2024
31,No,No,No,No,No,No,NA,NA,NA,NA,NA,NA,0,NA,Falta de tiempo,Sí,2024
22,Sí,Sí,No,No,No,No,No,Sí,NA,NA,NA,NA,20,La mayor parte,NA,Sí,2024
47,Sí,Sí,Sí,No,No,No,No,Sí,No,Sí,NA,NA,20,La mitad,NA,No,2024
49,No,No,No,No,No,No,NA,NA,NA,NA,NA,NA,0,NA,Falta de tiempo,No,2024
49,No,No,No,No,No,No,NA,NA,NA,NA,NA,NA,0,NA,Falta de tiempo,Sí,2024
66,No,No,No,No,No,No,NA,NA,NA,NA,NA,NA,0,NA,Falta de tiempo,No,2024
72,Sí,No,Sí,No,No,No,NA,NA,No,Sí,NA,NA,10,La mayor parte,NA,Sí,2024
60,No,No,No,No,No,No,NA,NA,NA,NA,NA,NA,0,NA,Falta de tiempo,Sí,2024
51,No,No,No,No,No,No,NA,NA,NA,NA,NA,NA,0,NA,Falta de tiempo,No,2024
73,NA,NA,NA,NA,NA,NA,NA,NA,NA,NA,NA,NA,0,NA,NA,NA,2024
73,Sí,No,Sí,No,Sí,No,NA,NA,No,Sí,NA,NA,30,La mitad,NA,Sí,2024
56,Sí,Sí,No,No,No,No,No,Sí,NA,NA,NA,NA,120,Toda,NA,Sí,2024
53,Sí,Sí,No,Sí,No,Sí,No,Sí,NA,NA,No,Sí,60,Toda,NA,Sí,2024
47,No,No,No,No,No,No,NA,NA,NA,NA,NA,NA,0,NA,Falta de interés/gusto,Sí,2024
86,No,No,No,No,No,No,NA,NA,NA,NA,NA,NA,0,NA,Problemas de salud,Sí,2024
28,No,No,No,No,No,Sí,NA,NA,NA,NA,NA,NA,20,La mayor parte,NA,Sí,2024
53,No,No,No,No,No,No,NA,NA,NA,NA,NA,NA,0,NA,Problemas de salud,Sí,2024
56,No,No,No,No,No,No,NA,NA,NA,NA,NA,NA,0,NA,Prefiere otras actividades,No,2024
47,Sí,No,Sí,No,No,Sí,NA,NA,Sí,No,NA,NA,20,La mayor parte,NA,Sí,2024
52,Sí,Sí,No,No,No,No,No,Sí,NA,NA,NA,NA,30,La mitad,NA,Sí,2024
37,Sí,Sí,No,No,No,Sí,Sí,No,NA,NA,NA,NA,40,La mayor parte,NA,No,2024
49,No,No,No,No,No,No,NA,NA,NA,NA,NA,NA,0,NA,Falta de tiempo,Sí,2024
44,Sí,Sí,No,No,No,No,No,Sí,NA,NA,NA,NA,20,La mitad,NA,Sí,2024
59,Sí,No,No,No,No,Sí,NA,NA,NA,NA,NA,NA,10,La mayor parte,NA,Sí,2024
18,No,No,No,No,No,No,NA,NA,NA,NA,NA,NA,0,NA,Falta de tiempo,No,2024
21,Sí,Sí,Sí,No,No,Sí,Sí,No,No,Sí,NA,NA,60,La mayor parte,NA,Sí,2024
63,No,No,No,No,No,No,NA,NA,NA,NA,NA,NA,0,NA,Prefiere otras actividades,No recuerda,2024
38,No,No,No,No,No,Sí,NA,NA,NA,NA,NA,NA,10,La mayor parte,NA,Sí,2024
19,No,No,No,No,No,No,NA,NA,NA,NA,NA,NA,0,NA,Falta de tiempo,Sí,2024
40,Sí,Sí,No,No,No,No,Sí,No,NA,NA,NA,NA,10,Toda,NA,Sí,2024
42,No,No,No,No,No,No,NA,NA,NA,NA,NA,NA,0,NA,Falta de tiempo,Sí,2024
25,No,No,No,No,No,Sí,NA,NA,NA,NA,NA,NA,30,La mayor parte,NA,Sí,2024
26,Sí,Sí,Sí,No,No,Sí,No,Sí,No,Sí,NA,NA,30,Toda,NA,Sí,2024
21,No,No,No,No,No,No,NA,NA,NA,NA,NA,NA,0,NA,Falta de tiempo,Sí,2024
49,No,No,Sí,No,No,Sí,NA,NA,No,Sí,NA,NA,15,La mayor parte,NA,Sí,2024
19,Sí,Sí,No,No,No,Sí,No,Sí,NA,NA,NA,NA,60,La mayor parte,NA,Sí,2024
27,Sí,Sí,No,No,No,Sí,No,Sí,NA,NA,NA,NA,30,La mayor parte,NA,Sí,2024
53,No,No,No,No,No,No,NA,NA,NA,NA,NA,NA,0,NA,Problemas de salud,Sí,2024
32,Sí,No,No,Sí,No,No,NA,NA,NA,NA,No,Sí,20,La mitad,NA,Sí,2024
41,No,No,No,No,No,No,NA,NA,NA,NA,NA,NA,0,NA,Falta de interés/gusto,No recuerda,2024
23,Sí,Sí,No,No,No,No,No,Sí,NA,NA,NA,NA,40,La mayor parte,NA,Sí,2024
44,No,No,No,No,No,Sí,NA,NA,NA,NA,NA,NA,20,La mayor parte,NA,Sí,2024
69,No,No,No,No,No,No,NA,NA,NA,NA,NA,NA,0,NA,Falta de tiempo,No,2024
76,No,No,No,No,No,No,NA,NA,NA,NA,NA,NA,0,NA,Problemas de salud,Sí,2024
38,Sí,Sí,Sí,No,No,Sí,Sí,No,No,Sí,NA,NA,70,Toda,NA,Sí,2024
68,No,No,No,Sí,No,No,NA,NA,NA,NA,No,Sí,30,La mayor parte,NA,Sí,2024
52,Sí,Sí,Sí,No,No,Sí,No,Sí,No,Sí,NA,NA,30,La mayor parte,NA,Sí,2024
53,Sí,Sí,No,No,No,No,No,Sí,NA,NA,NA,NA,20,La mayor parte,NA,Sí,2024
25,Sí,Sí,No,No,No,No,No,Sí,NA,NA,NA,NA,30,La mayor parte,NA,Sí,2024
27,Sí,Sí,No,No,Sí,Sí,Sí,Sí,NA,NA,NA,NA,30,La mitad,NA,Sí,2024
56,No,No,No,No,No,Sí,NA,NA,NA,NA,NA,NA,60,La mayor parte,NA,Sí,2024
69,Sí,Sí,Sí,No,No,No,No,Sí,No,Sí,NA,NA,10,La mitad,NA,No,2024
36,Sí,Sí,Sí,No,Sí,No,No,Sí,No,Sí,NA,NA,30,Toda,NA,Sí,2024
41,No,Sí,No,Sí,No,No,No,Sí,NA,NA,No,Sí,20,La mitad,NA,No,2024
72,Sí,No,No,No,Sí,No,NA,NA,NA,NA,NA,NA,30,Toda,NA,Sí,2024
44,No,No,No,No,No,No,NA,NA,NA,NA,NA,NA,0,NA,Problemas de salud,No,2024
54,No,No,No,No,No,No,NA,NA,NA,NA,NA,NA,0,NA,Problemas de salud,No,2024
79,Sí,Sí,Sí,No,No,Sí,No,Sí,No,Sí,NA,NA,15,La mayor parte,NA,Sí,2024
39,Sí,Sí,No,No,No,No,No,Sí,NA,NA,NA,NA,40,Toda,NA,Sí,2024
31,No,No,No,No,No,No,NA,NA,NA,NA,NA,NA,0,NA,Falta de tiempo,No,2024
36,No,No,No,No,No,No,NA,NA,NA,NA,NA,NA,0,NA,Falta de tiempo,Sí,2024
54,Sí,Sí,No,No,No,No,Sí,No,NA,NA,NA,NA,30,La mayor parte,NA,Sí,2024
57,Sí,Sí,No,No,No,Sí,No,Sí,NA,NA,NA,NA,30,La mayor parte,NA,No,2024
29,No,No,No,No,No,No,NA,NA,NA,NA,NA,NA,0,NA,Falta de tiempo,Sí,2024
21,No,No,No,No,No,No,NA,NA,NA,NA,NA,NA,0,NA,Falta de tiempo,No recuerda,2024
42,Sí,Sí,No,No,No,No,No,Sí,NA,NA,NA,NA,30,La mayor parte,NA,No recuerda,2024
39,No,No,No,No,No,No,NA,NA,NA,NA,NA,NA,0,NA,Falta de tiempo,No,2024
79,Sí,Sí,No,No,No,No,No,Sí,NA,NA,NA,NA,60,La mayor parte,NA,No recuerda,2024
55,Sí,Sí,No,Sí,No,No,No,Sí,NA,NA,No,Sí,45,La mayor parte,NA,Sí,2024
54,No,No,No,No,No,No,NA,NA,NA,NA,NA,NA,0,NA,Falta de tiempo,Sí,2024
42,Sí,Sí,No,No,No,No,No,Sí,NA,NA,NA,NA,90,La mayor parte,NA,Sí,2024
63,No,No,No,No,No,No,NA,NA,NA,NA,NA,NA,0,NA,Falta de dinero,No,2024
74,No,No,No,No,No,No,NA,NA,NA,NA,NA,NA,0,NA,Falta de tiempo,No,2024
49,Sí,Sí,Sí,No,No,No,No,Sí,No,Sí,NA,NA,30,La mitad,NA,No,2024
49,No,No,No,No,No,No,NA,NA,NA,NA,NA,NA,0,NA,Falta de interés/gusto,Sí,2024
58,No,No,No,No,No,No,NA,NA,NA,NA,NA,NA,0,NA,Falta de tiempo,Sí,2024
54,Sí,No,No,Sí,No,No,NA,NA,NA,NA,No,Sí,30,La mayor parte,NA,Sí,2024
58,NA,NA,NA,NA,NA,NA,NA,NA,NA,NA,NA,NA,0,NA,NA,NA,2024
42,No,No,No,No,No,No,NA,NA,NA,NA,NA,NA,0,NA,Falta de tiempo,Sí,2024
30,Sí,Sí,No,No,No,No,Sí,No,NA,NA,NA,NA,50,La mayor parte,NA,Sí,2024
34,No,No,No,No,No,No,NA,NA,NA,NA,NA,NA,0,NA,Falta de tiempo,Sí,2024
32,Sí,No,No,No,No,Sí,NA,NA,NA,NA,NA,NA,40,La mayor parte,NA,Sí,2024
63,No,No,No,No,No,No,NA,NA,NA,NA,NA,NA,0,NA,Prefiere otras actividades,No,2024
74,No,No,No,No,No,No,NA,NA,NA,NA,NA,NA,0,NA,Otro,No,2024
61,No,No,No,No,No,No,NA,NA,NA,NA,NA,NA,0,NA,Problemas de salud,No,2024
79,No,No,No,No,No,No,NA,NA,NA,NA,NA,NA,0,NA,Problemas de salud,No,2024
32,No,No,No,No,No,No,NA,NA,NA,NA,NA,NA,0,NA,Falta de tiempo,No,2024
51,No,No,No,No,No,No,NA,NA,NA,NA,NA,NA,0,NA,Falta de interés/gusto,No,2024
29,No,No,No,No,No,No,NA,NA,NA,NA,NA,NA,0,NA,Prefiere otras actividades,No recuerda,2024
75,No,No,No,No,No,No,NA,NA,NA,NA,NA,NA,0,NA,Problemas de salud,Sí,2024
22,No,No,No,No,No,No,NA,NA,NA,NA,NA,NA,0,NA,Falta de interés/gusto,Sí,2024
29,Sí,Sí,No,No,No,Sí,Sí,No,NA,NA,NA,NA,20,Toda,NA,Sí,2024
74,Sí,No,Sí,No,No,No,NA,NA,Sí,No,NA,NA,20,Poca,NA,No,2024
41,Sí,Sí,No,No,No,Sí,No,Sí,NA,NA,NA,NA,15,Toda,NA,Sí,2024
41,No,No,No,No,No,No,NA,NA,NA,NA,NA,NA,0,NA,Falta de tiempo,Sí,2024
46,No,No,No,No,No,No,NA,NA,NA,NA,NA,NA,0,NA,Falta de tiempo,Sí,2024
49,Sí,Sí,Sí,Sí,No,No,No,Sí,Sí,No,Sí,No,30,La mayor parte,NA,Sí,2024
65,No,No,No,No,No,No,NA,NA,NA,NA,NA,NA,0,NA,Problemas de salud,No,2024
64,No,No,No,No,No,No,NA,NA,NA,NA,NA,NA,0,NA,Problemas de salud,Sí,2024
32,Sí,Sí,No,No,No,Sí,Sí,No,NA,NA,NA,NA,30,La mayor parte,NA,Sí,2024
39,Sí,No,Sí,No,No,Sí,NA,NA,No,Sí,NA,NA,30,La mayor parte,NA,No,2024
52,No,No,No,No,No,No,NA,NA,NA,NA,NA,NA,0,NA,Prefiere otras actividades,No,2024
35,No,No,No,No,No,No,NA,NA,NA,NA,NA,NA,0,NA,Prefiere otras actividades,Sí,2024
42,Sí,Sí,No,No,No,Sí,No,Sí,NA,NA,NA,NA,30,La mayor parte,NA,Sí,2024
60,No,No,No,No,No,No,NA,NA,NA,NA,NA,NA,0,NA,Prefiere otras actividades,Sí,2024
74,No,No,No,No,No,No,NA,NA,NA,NA,NA,NA,0,NA,Falta de tiempo,Sí,2024
70,No,No,No,No,No,No,NA,NA,NA,NA,NA,NA,0,NA,Falta de interés/gusto,No,2024
37,No,No,No,No,No,No,NA,NA,NA,NA,NA,NA,0,NA,Falta de interés/gusto,No,2024
28,No,No,No,No,No,No,NA,NA,NA,NA,NA,NA,0,NA,Falta de tiempo,No,2024
58,No,No,No,No,No,No,NA,NA,NA,NA,NA,NA,0,NA,Falta de dinero,No,2024
43,No,No,No,No,No,No,NA,NA,NA,NA,NA,NA,0,NA,Falta de interés/gusto,No,2024
78,No,No,No,No,No,No,NA,NA,NA,NA,NA,NA,0,NA,Problemas de salud,No,2024
38,No,No,No,No,No,No,NA,NA,NA,NA,NA,NA,0,NA,Falta de tiempo,Sí,2024
83,No,No,No,No,No,No,NA,NA,NA,NA,NA,NA,0,NA,Problemas de salud,No,2024
65,No,No,No,No,No,No,NA,NA,NA,NA,NA,NA,0,NA,Problemas de salud,No,2024
41,Sí,Sí,No,No,No,Sí,No,Sí,NA,NA,NA,NA,120,La mayor parte,NA,Sí,2024
59,Sí,Sí,No,Sí,No,No,Sí,No,NA,NA,No,Sí,45,La mayor parte,NA,Sí,2024
47,Sí,Sí,No,No,No,Sí,Sí,No,NA,NA,NA,NA,60,La mayor parte,NA,Sí,2024
66,Sí,Sí,No,Sí,No,No,Sí,No,NA,NA,No,Sí,120,La mayor parte,NA,Sí,2024
73,Sí,Sí,No,Sí,No,Sí,Sí,No,NA,NA,Sí,No,120,Toda,NA,Sí,2024
58,Sí,Sí,No,No,No,Sí,Sí,No,NA,NA,NA,NA,120,La mayor parte,NA,Sí,2024
19,Sí,Sí,No,No,No,Sí,Sí,Sí,NA,NA,NA,NA,120,La mayor parte,NA,Sí,2024
37,Sí,Sí,No,No,No,Sí,Sí,Sí,NA,NA,NA,NA,60,La mayor parte,NA,Sí,2024
19,No,No,No,No,No,No,NA,NA,NA,NA,NA,NA,0,NA,Falta de tiempo,No,2024
65,No,No,No,No,No,No,NA,NA,NA,NA,NA,NA,0,NA,Falta de interés/gusto,No,2024
70,No,No,No,No,No,No,NA,NA,NA,NA,NA,NA,0,NA,Problemas de salud,Sí,2024
76,No,No,No,No,No,No,NA,NA,NA,NA,NA,NA,0,NA,Falta de interés/gusto,No,2024
42,Sí,Sí,No,No,No,Sí,Sí,No,NA,NA,NA,NA,120,La mayor parte,NA,Sí,2024
48,Sí,No,No,No,No,No,NA,NA,NA,NA,NA,NA,0,NA,Falta de dinero,Sí,2024
22,Sí,Sí,No,No,No,Sí,Sí,No,NA,NA,NA,NA,120,La mayor parte,NA,Sí,2024
48,No,No,No,No,No,No,NA,NA,NA,NA,NA,NA,0,NA,Falta de tiempo,Sí,2024
50,No,No,No,No,No,No,NA,NA,NA,NA,NA,NA,0,NA,Falta de tiempo,No,2024
36,Sí,Sí,Sí,No,Sí,No,No,Sí,Sí,Sí,NA,NA,120,La mitad,NA,No,2024
52,No,No,No,No,No,No,NA,NA,NA,NA,NA,NA,0,NA,Prefiere otras actividades,No,2024
18,Sí,Sí,No,Sí,No,No,No,Sí,NA,NA,Sí,No,45,La mayor parte,NA,No,2024
45,Sí,Sí,Sí,No,Sí,No,No,Sí,No,Sí,NA,NA,120,La mayor parte,NA,No,2024
50,No,No,No,No,No,No,NA,NA,NA,NA,NA,NA,0,NA,Falta de tiempo,Sí,2024
60,Sí,No,Sí,No,No,No,NA,NA,No,Sí,NA,NA,60,La mayor parte,NA,No,2024
74,No,No,No,No,No,No,NA,NA,NA,NA,NA,NA,0,NA,Problemas de salud,Sí,2024
29,Sí,Sí,No,No,No,Sí,No,Sí,NA,NA,NA,NA,90,La mayor parte,NA,Sí,2024
58,Sí,Sí,No,No,No,Sí,Sí,No,NA,NA,NA,NA,45,La mayor parte,NA,Sí,2024
49,Sí,Sí,No,No,No,Sí,Sí,No,NA,NA,NA,NA,45,La mayor parte,NA,Sí,2024
46,No,No,No,No,No,No,NA,NA,NA,NA,NA,NA,0,NA,Falta de tiempo,Sí,2024
33,Sí,Sí,Sí,No,No,No,No,Sí,No,Sí,NA,NA,35,La mitad,NA,No,2024
36,No,No,No,No,No,No,NA,NA,NA,NA,NA,NA,0,NA,Falta de tiempo,No,2024
25,Sí,Sí,No,No,No,Sí,Sí,No,NA,NA,NA,NA,120,La mayor parte,NA,No,2024
59,NA,NA,NA,NA,NA,NA,NA,NA,NA,NA,NA,NA,0,NA,NA,NA,2024
71,Sí,Sí,No,No,No,No,No,Sí,NA,NA,NA,NA,30,La mayor parte,NA,Sí,2024
58,Sí,Sí,No,No,No,Sí,No,Sí,NA,NA,NA,NA,30,La mitad,NA,No,2024
23,Sí,No,Sí,No,No,Sí,NA,NA,Sí,No,NA,NA,45,La mitad,NA,Sí,2024
27,Sí,Sí,No,No,No,Sí,Sí,Sí,NA,NA,NA,NA,30,La mayor parte,NA,Sí,2024
47,Sí,No,No,Sí,No,Sí,NA,NA,NA,NA,No,Sí,60,La mayor parte,NA,No,2024
69,Sí,Sí,No,No,No,No,No,Sí,NA,NA,NA,NA,30,La mitad,NA,No,2024
65,No,No,No,No,No,No,NA,NA,NA,NA,NA,NA,0,NA,Falta de tiempo,No,2024
32,Sí,Sí,No,Sí,No,No,Sí,No,NA,NA,No,Sí,30,La mayor parte,NA,Sí,2024
35,No,No,No,No,No,No,NA,NA,NA,NA,NA,NA,0,NA,Falta de interés/gusto,No,2024
62,Sí,No,Sí,No,No,No,NA,NA,No,Sí,NA,NA,30,Toda,NA,No,2024
41,Sí,Sí,No,No,No,Sí,No,Sí,NA,NA,NA,NA,90,Toda,NA,Sí,2024
47,Sí,Sí,Sí,No,No,No,No,Sí,No,Sí,NA,NA,30,Toda,NA,Sí,2024
37,No,No,No,No,No,No,NA,NA,NA,NA,NA,NA,0,NA,Falta de tiempo,Sí,2024
84,Sí,No,No,No,No,No,NA,NA,NA,NA,NA,NA,0,NA,Problemas de salud,No,2024
42,No,No,No,No,No,Sí,NA,NA,NA,NA,NA,NA,30,La mayor parte,NA,Sí,2024
70,No,No,No,No,No,No,NA,NA,NA,NA,NA,NA,0,NA,Falta de interés/gusto,No,2024
37,Sí,Sí,No,No,No,No,No,Sí,NA,NA,NA,NA,120,La mayor parte,NA,Sí,2024
55,Sí,No,No,No,No,Sí,NA,NA,NA,NA,NA,NA,10,Poca,NA,Sí,2024
21,No,No,No,No,No,No,NA,NA,NA,NA,NA,NA,0,NA,Falta de interés/gusto,No,2024
33,Sí,No,No,No,No,Sí,NA,NA,NA,NA,NA,NA,30,La mitad,NA,Sí,2024
66,No,No,No,No,No,No,NA,NA,NA,NA,NA,NA,0,NA,Problemas de salud,No,2024
41,Sí,Sí,No,No,No,No,No,Sí,NA,NA,NA,NA,60,La mayor parte,NA,Sí,2024
37,No,No,No,No,No,No,NA,NA,NA,NA,NA,NA,0,NA,Falta de interés/gusto,No,2024
23,Sí,Sí,No,No,No,Sí,No,Sí,NA,NA,NA,NA,180,La mayor parte,NA,Sí,2024
41,Sí,Sí,Sí,Sí,No,No,No,Sí,No,Sí,No,Sí,15,Toda,NA,Sí,2024
39,Sí,No,No,No,No,No,NA,NA,NA,NA,NA,NA,0,NA,Problemas de salud,No recuerda,2024
53,No,No,No,No,No,No,NA,NA,NA,NA,NA,NA,0,NA,Problemas de salud,No,2024
33,Sí,Sí,No,No,No,No,Sí,No,NA,NA,NA,NA,60,Toda,NA,Sí,2024
70,No,No,No,No,No,No,NA,NA,NA,NA,NA,NA,0,NA,Problemas de salud,No,2024
56,Sí,Sí,No,No,No,Sí,No,Sí,NA,NA,NA,NA,30,Toda,NA,Sí,2024
33,Sí,No,Sí,Sí,Sí,No,NA,NA,Sí,No,No,Sí,20,La mayor parte,NA,Sí,2024
57,No,No,No,No,No,No,NA,NA,NA,NA,NA,NA,0,NA,Falta de tiempo,Sí,2024
69,No,No,No,No,No,No,NA,NA,NA,NA,NA,NA,0,NA,Problemas de salud,No,2024
45,Sí,Sí,No,No,No,Sí,Sí,Sí,NA,NA,NA,NA,60,La mayor parte,NA,Sí,2024
33,No,No,No,No,No,Sí,NA,NA,NA,NA,NA,NA,15,La mayor parte,NA,Sí,2024
72,NA,NA,NA,NA,NA,NA,NA,NA,NA,NA,NA,NA,0,NA,NA,NA,2024
57,NA,NA,NA,NA,NA,NA,NA,NA,NA,NA,NA,NA,0,NA,NA,NA,2024
21,Sí,Sí,No,Sí,No,Sí,Sí,Sí,NA,NA,Sí,No,60,La mayor parte,NA,Sí,2024
46,Sí,No,No,No,No,No,NA,NA,NA,NA,NA,NA,0,NA,Falta de tiempo,No,2024
38,Sí,No,No,No,No,Sí,NA,NA,NA,NA,NA,NA,5,Toda,NA,No,2024
69,NA,NA,NA,NA,NA,NA,NA,NA,NA,NA,NA,NA,0,NA,NA,NA,2024
36,Sí,Sí,Sí,Sí,No,Sí,No,Sí,No,Sí,No,Sí,30,La mayor parte,NA,Sí,2024
50,Sí,No,No,No,No,No,NA,NA,NA,NA,NA,NA,0,NA,Falta de tiempo,No,2024
53,Sí,No,Sí,Sí,No,No,NA,NA,No,Sí,No,Sí,15,La mayor parte,NA,Sí,2024
44,Sí,Sí,Sí,No,No,Sí,No,Sí,Sí,No,NA,NA,30,Toda,NA,Sí,2024
68,Sí,Sí,No,No,No,Sí,No,Sí,NA,NA,NA,NA,30,Toda,NA,No,2024
47,Sí,Sí,No,No,No,No,No,Sí,NA,NA,NA,NA,60,La mayor parte,NA,Sí,2024
20,Sí,Sí,Sí,No,No,Sí,Sí,No,Sí,No,NA,NA,40,La mayor parte,NA,Sí,2024
54,Sí,No,Sí,No,No,Sí,NA,NA,Sí,No,NA,NA,30,La mayor parte,NA,No,2024
26,Sí,No,Sí,No,No,Sí,NA,NA,No,Sí,NA,NA,60,La mayor parte,NA,Sí,2024
64,Sí,Sí,No,No,No,No,No,Sí,NA,NA,NA,NA,60,La mitad,NA,No,2024
64,Sí,No,Sí,No,No,No,NA,NA,No,Sí,NA,NA,30,Poca,NA,No,2024
60,Sí,No,No,No,No,Sí,NA,NA,NA,NA,NA,NA,60,Toda,NA,No,2024
80,No,No,No,Sí,No,No,NA,NA,NA,NA,No,Sí,10,La mitad,NA,No,2024
44,Sí,No,Sí,No,No,No,NA,NA,No,Sí,NA,NA,15,Toda,NA,No,2024
76,Sí,Sí,No,No,No,No,No,Sí,NA,NA,NA,NA,30,Toda,NA,Sí,2024
47,Sí,No,Sí,No,No,Sí,NA,NA,No,Sí,NA,NA,30,Toda,NA,Sí,2024
24,Sí,Sí,No,No,No,No,No,Sí,NA,NA,NA,NA,30,La mayor parte,NA,Sí,2024
54,No,No,No,No,No,No,NA,NA,NA,NA,NA,NA,0,NA,Otro,No,2024
30,No,No,No,No,No,No,NA,NA,NA,NA,NA,NA,0,NA,Falta de interés/gusto,Sí,2024
39,Sí,Sí,Sí,Sí,No,Sí,Sí,No,Sí,Sí,No,Sí,40,La mitad,NA,Sí,2024
51,Sí,Sí,Sí,Sí,No,No,No,Sí,No,Sí,No,Sí,40,La mitad,NA,No,2024
61,No,No,No,No,No,No,NA,NA,NA,NA,NA,NA,0,NA,Falta de tiempo,No,2024
39,No,No,No,No,No,No,NA,NA,NA,NA,NA,NA,0,NA,Falta de tiempo,No,2024
46,Sí,Sí,Sí,Sí,No,Sí,No,Sí,No,Sí,No,Sí,10,La mitad,NA,No,2024
31,Sí,Sí,No,No,No,No,No,Sí,NA,NA,NA,NA,30,La mayor parte,NA,Sí,2024
74,No,No,No,No,No,No,NA,NA,NA,NA,NA,NA,0,NA,Falta de interés/gusto,No,2024
37,Sí,Sí,Sí,No,No,Sí,Sí,No,Sí,No,NA,NA,30,Toda,NA,Sí,2024
36,Sí,No,Sí,Sí,No,Sí,NA,NA,No,Sí,No,Sí,20,La mayor parte,NA,Sí,2024
25,No,No,Sí,No,No,Sí,NA,NA,No,Sí,NA,NA,10,Toda,NA,Sí,2024
46,No,No,No,No,No,Sí,NA,NA,NA,NA,NA,NA,2,La mitad,NA,Sí,2024
48,No,No,Sí,No,No,Sí,NA,NA,Sí,No,NA,NA,30,La mayor parte,NA,No,2024
55,Sí,Sí,Sí,No,No,Sí,No,Sí,Sí,No,NA,NA,60,La mayor parte,NA,Sí,2024
18,No,No,No,No,No,No,NA,NA,NA,NA,NA,NA,0,NA,Falta de interés/gusto,Sí,2024
28,Sí,Sí,Sí,Sí,No,Sí,No,Sí,No,Sí,No,Sí,30,La mayor parte,NA,Sí,2024
63,Sí,Sí,No,No,No,Sí,No,Sí,NA,NA,NA,NA,60,Toda,NA,Sí,2024
23,Sí,Sí,Sí,Sí,No,Sí,No,Sí,No,Sí,No,Sí,45,Toda,NA,Sí,2024
67,Sí,Sí,No,No,No,No,No,Sí,NA,NA,NA,NA,60,Toda,NA,No,2024
69,No,No,No,No,No,No,NA,NA,NA,NA,NA,NA,0,NA,Falta de tiempo,No,2024
36,Sí,No,Sí,No,Sí,Sí,NA,NA,Sí,No,NA,NA,30,La mayor parte,NA,No,2024
71,Sí,Sí,No,No,No,No,No,Sí,NA,NA,NA,NA,30,La mayor parte,NA,Sí,2024
49,Sí,No,No,Sí,No,No,NA,NA,NA,NA,No,Sí,15,La mitad,NA,Sí,2024
38,Sí,Sí,No,No,No,Sí,No,Sí,NA,NA,NA,NA,30,Poca,NA,Sí,2024
68,Sí,Sí,No,No,No,Sí,No,Sí,NA,NA,NA,NA,60,La mayor parte,NA,No,2024
66,No,No,No,No,No,No,NA,NA,NA,NA,NA,NA,0,NA,Problemas de salud,No recuerda,2024
46,Sí,No,Sí,No,No,No,NA,NA,No,Sí,NA,NA,10,La mitad,NA,Sí,2024
54,No,No,No,No,No,Sí,NA,NA,NA,NA,NA,NA,15,La mayor parte,NA,No,2024
40,No,No,No,No,No,Sí,NA,NA,NA,NA,NA,NA,10,Poca,NA,No,2024
53,Sí,No,Sí,No,No,No,NA,NA,No,Sí,NA,NA,30,Poca,NA,No,2024
47,No,No,No,No,No,Sí,NA,NA,NA,NA,NA,NA,5,La mitad,NA,Sí,2024
50,Sí,Sí,Sí,Sí,No,Sí,No,Sí,Sí,No,Sí,No,60,La mayor parte,NA,Sí,2024
63,Sí,Sí,No,No,No,Sí,No,Sí,NA,NA,NA,NA,90,La mayor parte,NA,Sí,2024
54,No,No,No,No,No,No,NA,NA,NA,NA,NA,NA,0,NA,Falta de tiempo,Sí,2024
69,Sí,Sí,Sí,No,No,No,No,Sí,No,Sí,NA,NA,20,La mayor parte,NA,No,2024
52,Sí,Sí,No,No,No,Sí,No,Sí,NA,NA,NA,NA,60,Toda,NA,No,2024
45,Sí,No,No,No,No,No,NA,NA,NA,NA,NA,NA,0,NA,Falta de tiempo,No,2024
35,Sí,Sí,No,No,No,Sí,Sí,Sí,NA,NA,NA,NA,30,Toda,NA,Sí,2024
24,Sí,Sí,No,No,Sí,No,No,Sí,NA,NA,NA,NA,60,La mayor parte,NA,Sí,2024
59,Sí,No,No,No,No,Sí,NA,NA,NA,NA,NA,NA,10,Toda,NA,Sí,2024
36,No,No,No,No,No,Sí,NA,NA,NA,NA,NA,NA,60,La mayor parte,NA,Sí,2024
34,No,No,No,No,No,Sí,NA,NA,NA,NA,NA,NA,25,La mitad,NA,Sí,2024
67,Sí,Sí,Sí,No,No,No,No,Sí,No,Sí,NA,NA,20,La mayor parte,NA,No,2024
49,No,No,No,No,No,No,NA,NA,NA,NA,NA,NA,0,NA,Falta de tiempo,Sí,2024
35,Sí,No,Sí,No,No,Sí,NA,NA,No,Sí,NA,NA,30,Toda,NA,Sí,2024
50,Sí,No,Sí,No,No,Sí,NA,NA,No,Sí,NA,NA,30,Toda,NA,No,2024
31,Sí,Sí,No,No,Sí,Sí,Sí,Sí,NA,NA,NA,NA,60,Toda,NA,Sí,2024
30,Sí,Sí,No,Sí,No,Sí,No,Sí,NA,NA,No,Sí,20,La mayor parte,NA,Sí,2024
38,Sí,Sí,No,No,No,Sí,No,Sí,NA,NA,NA,NA,5,La mayor parte,NA,Sí,2024
30,Sí,Sí,Sí,No,Sí,Sí,No,Sí,No,Sí,NA,NA,30,Toda,NA,No,2024
22,No,No,No,No,No,Sí,NA,NA,NA,NA,NA,NA,10,Poca,NA,Sí,2024
77,No,No,No,No,No,No,NA,NA,NA,NA,NA,NA,0,NA,Falta de tiempo,No,2024
54,No,No,No,No,No,Sí,NA,NA,NA,NA,NA,NA,5,La mitad,NA,Sí,2024
56,Sí,No,No,No,No,Sí,NA,NA,NA,NA,NA,NA,10,Toda,NA,No,2024
94,No,No,No,No,No,No,NA,NA,NA,NA,NA,NA,0,NA,Problemas de salud,No,2024
63,Sí,Sí,No,Sí,No,Sí,No,Sí,NA,NA,Sí,No,20,La mayor parte,NA,Sí,2024
56,Sí,Sí,Sí,Sí,No,Sí,No,Sí,No,Sí,No,Sí,40,La mayor parte,NA,Sí,2024
80,Sí,Sí,No,No,No,No,No,Sí,NA,NA,NA,NA,30,La mayor parte,NA,No,2024
84,No,Sí,No,No,No,No,No,Sí,NA,NA,NA,NA,60,La mayor parte,NA,Sí,2024
54,Sí,Sí,Sí,No,No,No,Sí,No,Sí,No,NA,NA,30,Toda,NA,Sí,2024
70,Sí,Sí,Sí,Sí,No,Sí,No,Sí,No,Sí,No,Sí,45,Toda,NA,Sí,2024
47,Sí,Sí,No,No,No,No,No,Sí,NA,NA,NA,NA,60,La mayor parte,NA,No,2024
23,No,No,No,No,No,Sí,NA,NA,NA,NA,NA,NA,5,La mayor parte,NA,Sí,2024
26,Sí,No,Sí,No,No,Sí,NA,NA,Sí,No,NA,NA,30,Toda,NA,Sí,2024
33,Sí,No,No,No,No,No,NA,NA,NA,NA,NA,NA,0,NA,Prefiere otras actividades,No,2024
50,Sí,No,Sí,No,No,Sí,NA,NA,Sí,No,NA,NA,15,La mitad,NA,Sí,2024
73,Sí,Sí,Sí,No,Sí,Sí,Sí,No,Sí,No,NA,NA,60,La mayor parte,NA,No,2024
26,Sí,Sí,No,No,No,No,No,Sí,NA,NA,NA,NA,60,La mayor parte,NA,Sí,2024
62,No,No,No,No,No,No,NA,NA,NA,NA,NA,NA,0,NA,Falta de tiempo,No,2024
52,Sí,No,No,No,No,Sí,NA,NA,NA,NA,NA,NA,60,La mayor parte,NA,Sí,2024
25,No,No,No,Sí,No,No,NA,NA,NA,NA,No,Sí,30,La mitad,NA,Sí,2024
70,Sí,No,Sí,Sí,No,Sí,NA,NA,No,Sí,No,Sí,30,La mayor parte,NA,No,2024
81,Sí,No,Sí,No,No,No,NA,NA,No,Sí,NA,NA,60,La mitad,NA,Sí,2024
75,No,No,No,No,No,Sí,NA,NA,NA,NA,NA,NA,10,Toda,NA,Sí,2024
66,No,No,No,No,No,No,NA,NA,NA,NA,NA,NA,0,NA,Prefiere otras actividades,No,2024
69,Sí,No,No,Sí,No,No,NA,NA,NA,NA,No,Sí,20,La mitad,NA,No,2024
39,Sí,No,Sí,No,No,Sí,NA,NA,Sí,No,NA,NA,30,La mayor parte,NA,Sí,2024
51,No,No,Sí,No,No,No,NA,NA,No,Sí,NA,NA,60,La mayor parte,NA,Sí,2024
40,Sí,Sí,No,Sí,No,Sí,No,Sí,NA,NA,No,Sí,30,La mayor parte,NA,Sí,2024
19,Sí,Sí,No,No,Sí,No,No,Sí,NA,NA,NA,NA,60,Toda,NA,No,2024
37,Sí,Sí,No,No,No,No,No,Sí,NA,NA,NA,NA,60,La mitad,NA,Sí,2024
20,Sí,No,No,Sí,No,No,NA,NA,NA,NA,No,Sí,10,La mitad,NA,Sí,2024
32,No,No,No,Sí,No,No,NA,NA,NA,NA,No,Sí,30,Toda,NA,Sí,2024
22,Sí,No,No,Sí,Sí,Sí,NA,NA,NA,NA,No,Sí,60,Toda,NA,Sí,2024
39,No,No,No,No,No,No,NA,NA,NA,NA,NA,NA,0,NA,Falta de interés/gusto,No,2024
66,Sí,Sí,No,No,No,Sí,Sí,Sí,NA,NA,NA,NA,120,Toda,NA,Sí,2024
49,Sí,Sí,No,No,No,Sí,No,Sí,NA,NA,NA,NA,30,La mayor parte,NA,Sí,2024
52,Sí,Sí,No,No,No,Sí,No,Sí,NA,NA,NA,NA,20,Toda,NA,Sí,2024
27,Sí,Sí,No,No,No,Sí,Sí,Sí,NA,NA,NA,NA,120,La mayor parte,NA,Sí,2024
48,Sí,No,Sí,Sí,No,No,NA,NA,No,Sí,No,Sí,60,La mayor parte,NA,Sí,2024
61,Sí,Sí,No,No,No,No,No,Sí,NA,NA,NA,NA,30,La mayor parte,NA,Sí,2024
44,Sí,No,Sí,No,No,Sí,NA,NA,Sí,No,NA,NA,60,La mitad,NA,Sí,2024
42,Sí,No,No,No,No,No,NA,NA,NA,NA,NA,NA,0,NA,Prefiere otras actividades,Sí,2024
45,Sí,No,No,Sí,No,No,NA,NA,NA,NA,No,Sí,10,Poca,NA,No,2024
25,No,No,Sí,Sí,No,No,NA,NA,No,Sí,No,Sí,15,Poca,NA,Sí,2024
70,NA,NA,NA,NA,NA,NA,NA,NA,NA,NA,NA,NA,0,NA,NA,NA,2024
61,No,No,No,No,No,No,NA,NA,NA,NA,NA,NA,0,NA,Prefiere otras actividades,No,2024
46,Sí,No,No,No,No,No,NA,NA,NA,NA,NA,NA,0,NA,Falta de tiempo,No,2024
33,Sí,Sí,No,No,No,No,No,Sí,NA,NA,NA,NA,30,Toda,NA,No,2024
30,Sí,Sí,No,Sí,No,Sí,No,Sí,NA,NA,No,Sí,60,Toda,NA,Sí,2024
68,Sí,Sí,Sí,Sí,No,Sí,No,Sí,No,Sí,No,Sí,60,La mayor parte,NA,Sí,2024
45,Sí,Sí,No,Sí,No,Sí,No,Sí,NA,NA,No,Sí,45,La mayor parte,NA,Sí,2024
50,Sí,Sí,Sí,Sí,No,Sí,Sí,No,Sí,No,No,Sí,90,Toda,NA,Sí,2024
67,Sí,Sí,No,No,No,Sí,No,Sí,NA,NA,NA,NA,60,La mayor parte,NA,Sí,2024
87,No,No,No,No,No,No,NA,NA,NA,NA,NA,NA,0,NA,Otro,Sí,2024
26,No,Sí,Sí,No,No,Sí,No,Sí,No,Sí,NA,NA,60,Toda,NA,Sí,2024
84,Sí,No,Sí,No,No,No,NA,NA,No,Sí,NA,NA,60,La mayor parte,NA,Sí,2024
57,No,No,No,No,No,No,NA,NA,NA,NA,NA,NA,0,NA,Falta de tiempo,No,2024
45,Sí,Sí,No,No,No,Sí,Sí,No,NA,NA,NA,NA,60,La mitad,NA,Sí,2024
61,Sí,Sí,No,No,No,No,No,Sí,NA,NA,NA,NA,40,La mayor parte,NA,No,2024
49,Sí,Sí,Sí,Sí,No,No,No,Sí,No,Sí,No,Sí,60,La mayor parte,NA,Sí,2024
53,No,No,No,No,No,No,NA,NA,NA,NA,NA,NA,0,NA,Falta de tiempo,No,2024
31,Sí,Sí,Sí,No,No,No,Sí,No,No,Sí,NA,NA,15,La mayor parte,NA,No,2024
50,No,No,No,No,No,No,NA,NA,NA,NA,NA,NA,0,NA,Falta de tiempo,No,2024
60,Sí,Sí,No,No,No,No,Sí,No,NA,NA,NA,NA,60,La mayor parte,NA,No,2024
26,Sí,Sí,No,No,No,No,No,Sí,NA,NA,NA,NA,30,Toda,NA,Sí,2024
61,Sí,No,Sí,No,No,No,NA,NA,No,Sí,NA,NA,30,La mayor parte,NA,Sí,2024
31,No,No,No,No,No,No,NA,NA,NA,NA,NA,NA,0,NA,Falta de tiempo,No,2024
30,Sí,Sí,Sí,No,No,No,Sí,No,No,Sí,NA,NA,30,La mayor parte,NA,No,2024
35,No,No,No,No,No,No,NA,NA,NA,NA,NA,NA,0,NA,Falta de tiempo,Sí,2024
29,Sí,Sí,No,No,No,No,Sí,No,NA,NA,NA,NA,30,La mayor parte,NA,Sí,2024
25,Sí,No,Sí,No,No,No,NA,NA,No,Sí,NA,NA,20,Toda,NA,Sí,2024
57,No,No,No,No,No,No,NA,NA,NA,NA,NA,NA,0,NA,Falta de tiempo,Sí,2024
23,Sí,Sí,No,No,No,No,Sí,No,NA,NA,NA,NA,20,La mitad,NA,Sí,2024
50,Sí,Sí,No,No,No,No,No,Sí,NA,NA,NA,NA,30,La mayor parte,NA,Sí,2024
40,Sí,Sí,No,No,No,No,No,Sí,NA,NA,NA,NA,60,Toda,NA,Sí,2024
45,No,No,No,No,No,No,NA,NA,NA,NA,NA,NA,0,NA,Falta de tiempo,No,2024
61,Sí,Sí,No,No,No,No,No,Sí,NA,NA,NA,NA,120,La mayor parte,NA,Sí,2024
52,No,No,No,No,No,No,NA,NA,NA,NA,NA,NA,0,NA,Prefiere otras actividades,No,2024
58,Sí,Sí,No,No,No,No,No,Sí,NA,NA,NA,NA,30,La mayor parte,NA,No,2024
69,Sí,Sí,No,No,No,No,No,Sí,NA,NA,NA,NA,30,Toda,NA,Sí,2024
35,Sí,Sí,No,No,No,Sí,No,Sí,NA,NA,NA,NA,20,La mayor parte,NA,Sí,2024
55,No,No,No,No,No,No,NA,NA,NA,NA,NA,NA,0,NA,Falta de tiempo,No,2024
34,Sí,No,Sí,No,Sí,Sí,NA,NA,Sí,No,NA,NA,30,La mayor parte,NA,Sí,2024
27,No,No,No,No,No,No,NA,NA,NA,NA,NA,NA,0,NA,Falta de tiempo,No,2024
53,No,No,No,No,No,No,NA,NA,NA,NA,NA,NA,0,NA,Falta de tiempo,No,2024
35,No,No,No,No,No,No,NA,NA,NA,NA,NA,NA,0,NA,Falta de tiempo,No,2024
36,Sí,No,No,Sí,No,Sí,NA,NA,NA,NA,Sí,No,10,La mayor parte,NA,Sí,2024
72,No,No,No,No,No,Sí,NA,NA,NA,NA,NA,NA,20,Toda,NA,Sí,2024
33,No,No,No,No,No,No,NA,NA,NA,NA,NA,NA,0,NA,Falta de tiempo,Sí,2024
28,Sí,Sí,No,No,Sí,Sí,No,Sí,NA,NA,NA,NA,120,La mayor parte,NA,Sí,2024
36,Sí,No,No,Sí,No,No,NA,NA,NA,NA,Sí,No,30,La mayor parte,NA,Sí,2024
26,No,No,No,Sí,No,Sí,NA,NA,NA,NA,No,Sí,30,La mayor parte,NA,No,2024
68,Sí,Sí,Sí,Sí,No,Sí,Sí,Sí,No,Sí,No,Sí,60,Toda,NA,Sí,2024
52,Sí,No,No,Sí,No,Sí,NA,NA,NA,NA,No,Sí,45,Toda,NA,No,2024
57,Sí,Sí,No,Sí,No,No,No,Sí,NA,NA,No,Sí,30,La mitad,NA,No,2024
30,No,No,No,No,No,No,NA,NA,NA,NA,NA,NA,0,NA,Falta de tiempo,No,2024
19,Sí,Sí,Sí,No,Sí,Sí,No,Sí,Sí,No,NA,NA,90,La mitad,NA,No,2024
25,Sí,Sí,No,No,Sí,No,No,Sí,NA,NA,NA,NA,120,Toda,NA,Sí,2024
65,No,No,No,No,No,Sí,NA,NA,NA,NA,NA,NA,20,La mitad,NA,Sí,2024
38,Sí,Sí,Sí,No,No,Sí,Sí,Sí,No,Sí,NA,NA,20,La mayor parte,NA,Sí,2024
36,Sí,Sí,Sí,No,No,Sí,Sí,No,Sí,No,NA,NA,30,La mayor parte,NA,Sí,2024
54,Sí,Sí,Sí,No,No,Sí,No,Sí,No,Sí,NA,NA,15,La mayor parte,NA,No,2024
22,Sí,Sí,No,No,No,Sí,Sí,No,NA,NA,NA,NA,60,La mayor parte,NA,No,2024
26,Sí,No,Sí,No,No,No,NA,NA,No,Sí,NA,NA,20,Toda,NA,Sí,2024
21,Sí,No,Sí,No,No,Sí,NA,NA,Sí,No,NA,NA,10,La mayor parte,NA,Sí,2024
43,No,No,No,No,No,No,NA,NA,NA,NA,NA,NA,0,NA,Prefiere otras actividades,Sí,2024
60,No,No,No,No,No,No,NA,NA,NA,NA,NA,NA,0,NA,Prefiere otras actividades,No,2024
37,Sí,No,No,No,No,No,NA,NA,NA,NA,NA,NA,0,NA,Falta de interés/gusto,Sí,2024
46,Sí,No,No,No,No,Sí,NA,NA,NA,NA,NA,NA,60,La mitad,NA,Sí,2024
52,Sí,Sí,Sí,Sí,No,No,No,Sí,No,Sí,No,Sí,15,La mayor parte,NA,No,2024
22,Sí,No,Sí,No,No,Sí,NA,NA,Sí,No,NA,NA,15,La mitad,NA,No,2024
64,No,No,No,No,No,No,NA,NA,NA,NA,NA,NA,0,NA,Prefiere otras actividades,No,2024
34,Sí,Sí,No,No,No,Sí,No,Sí,NA,NA,NA,NA,60,Toda,NA,No,2024
57,Sí,Sí,No,Sí,No,Sí,No,Sí,NA,NA,No,Sí,15,Toda,NA,No,2024
51,No,No,No,No,No,No,NA,NA,NA,NA,NA,NA,0,NA,Falta de interés/gusto,Sí,2024
31,No,Sí,Sí,No,Sí,No,No,Sí,No,Sí,NA,NA,20,La mitad,NA,Sí,2024
60,Sí,No,Sí,No,No,Sí,NA,NA,No,Sí,NA,NA,20,La mitad,NA,No,2024
64,Sí,No,Sí,Sí,No,No,NA,NA,No,Sí,No,Sí,30,La mayor parte,NA,Sí,2024
54,Sí,No,No,Sí,No,No,NA,NA,NA,NA,No,Sí,30,La mayor parte,NA,No,2024
21,Sí,Sí,Sí,No,No,Sí,Sí,No,Sí,No,NA,NA,15,La mayor parte,NA,Sí,2024
35,Sí,Sí,No,No,No,Sí,No,Sí,NA,NA,NA,NA,60,La mayor parte,NA,Sí,2024
49,Sí,Sí,Sí,No,No,Sí,Sí,No,No,Sí,NA,NA,120,La mayor parte,NA,Sí,2024
44,Sí,Sí,No,No,No,No,No,Sí,NA,NA,NA,NA,30,La mayor parte,NA,No,2024
26,No,No,No,No,No,No,NA,NA,NA,NA,NA,NA,0,NA,Falta de interés/gusto,Sí,2024
52,No,No,No,No,No,No,NA,NA,NA,NA,NA,NA,0,NA,Falta de tiempo,No,2024
74,Sí,Sí,No,No,No,Sí,No,Sí,NA,NA,NA,NA,20,La mayor parte,NA,No,2024
40,Sí,No,No,Sí,No,Sí,NA,NA,NA,NA,Sí,No,60,La mayor parte,NA,No,2024
61,Sí,Sí,No,Sí,No,Sí,Sí,Sí,NA,NA,No,Sí,90,La mayor parte,NA,Sí,2024
24,Sí,No,Sí,No,No,Sí,NA,NA,No,Sí,NA,NA,20,Toda,NA,Sí,2024
47,Sí,Sí,Sí,Sí,Sí,Sí,No,Sí,Sí,Sí,No,Sí,60,La mayor parte,NA,Sí,2024
24,No,No,Sí,No,No,Sí,NA,NA,No,Sí,NA,NA,20,Toda,NA,Sí,2024
75,Sí,No,No,Sí,Sí,No,NA,NA,NA,NA,No,Sí,30,Toda,NA,No,2024
83,Sí,No,No,Sí,No,No,NA,NA,NA,NA,No,Sí,25,La mayor parte,NA,No,2024
70,Sí,No,No,No,No,No,NA,NA,NA,NA,NA,NA,0,NA,Falta de dinero,No,2024
46,Sí,No,No,No,No,No,NA,NA,NA,NA,NA,NA,0,NA,Falta de tiempo,Sí,2024
24,Sí,Sí,Sí,No,No,No,Sí,No,No,Sí,NA,NA,20,Toda,NA,Sí,2024
54,No,No,No,Sí,No,No,NA,NA,NA,NA,No,Sí,30,La mitad,NA,Sí,2024
37,Sí,Sí,No,No,No,Sí,No,Sí,NA,NA,NA,NA,30,Toda,NA,Sí,2024
80,Sí,Sí,No,No,No,No,No,Sí,NA,NA,NA,NA,30,La mitad,NA,No,2024
65,Sí,Sí,No,No,No,Sí,No,Sí,NA,NA,NA,NA,60,La mitad,NA,No,2024
50,No,No,Sí,No,No,No,NA,NA,No,Sí,NA,NA,60,La mayor parte,NA,Sí,2024
22,Sí,Sí,No,No,No,Sí,No,Sí,NA,NA,NA,NA,30,La mayor parte,NA,Sí,2024
57,Sí,No,Sí,Sí,No,Sí,NA,NA,No,Sí,No,Sí,60,La mayor parte,NA,Sí,2024
68,Sí,No,Sí,No,Sí,No,NA,NA,No,Sí,NA,NA,20,La mitad,NA,No,2024
20,Sí,Sí,Sí,No,No,Sí,No,Sí,Sí,No,NA,NA,20,La mayor parte,NA,Sí,2024
35,Sí,Sí,No,No,No,No,No,Sí,NA,NA,NA,NA,60,Toda,NA,No,2024
52,Sí,No,No,Sí,No,No,NA,NA,NA,NA,No,Sí,30,La mayor parte,NA,No,2024
69,Sí,Sí,No,No,No,No,No,Sí,NA,NA,NA,NA,90,Toda,NA,No,2024
48,No,No,No,No,No,No,NA,NA,NA,NA,NA,NA,0,NA,Falta de tiempo,No,2024
43,No,No,No,No,No,Sí,NA,NA,NA,NA,NA,NA,30,La mayor parte,NA,No,2024
51,Sí,Sí,No,No,No,Sí,No,Sí,NA,NA,NA,NA,120,La mayor parte,NA,No,2024
21,Sí,Sí,Sí,No,No,Sí,No,Sí,No,Sí,NA,NA,60,La mayor parte,NA,Sí,2024
67,Sí,No,Sí,Sí,No,No,NA,NA,No,Sí,No,Sí,30,La mayor parte,NA,Sí,2024
47,Sí,Sí,Sí,No,No,Sí,No,Sí,No,Sí,NA,NA,30,Toda,NA,No,2024
69,No,No,No,No,No,No,NA,NA,NA,NA,NA,NA,0,NA,Problemas de salud,No,2024
59,No,No,No,No,No,No,NA,NA,NA,NA,NA,NA,0,NA,Falta de tiempo,No,2024
21,Sí,Sí,No,No,No,Sí,No,Sí,NA,NA,NA,NA,60,La mayor parte,NA,No,2024
71,No,No,No,No,No,No,NA,NA,NA,NA,NA,NA,0,NA,Prefiere otras actividades,No,2024
67,No,No,No,No,No,No,NA,NA,NA,NA,NA,NA,0,NA,Prefiere otras actividades,Sí,2024
58,Sí,Sí,Sí,Sí,No,No,No,Sí,No,Sí,No,Sí,60,La mitad,NA,Sí,2024
19,Sí,No,Sí,No,Sí,Sí,NA,NA,No,Sí,NA,NA,30,La mayor parte,NA,Sí,2024
58,Sí,Sí,No,No,No,No,No,Sí,NA,NA,NA,NA,30,La mayor parte,NA,Sí,2024
49,Sí,No,No,No,No,Sí,NA,NA,NA,NA,NA,NA,20,La mitad,NA,No,2024
56,Sí,No,No,Sí,No,No,NA,NA,NA,NA,No,Sí,30,La mayor parte,NA,No,2024
54,No,No,No,No,No,No,NA,NA,NA,NA,NA,NA,0,NA,Problemas de salud,Sí,2024
69,No,No,No,No,No,No,NA,NA,NA,NA,NA,NA,0,NA,Falta de interés/gusto,No,2024
31,Sí,No,Sí,No,No,Sí,NA,NA,No,Sí,NA,NA,120,Toda,NA,Sí,2024
32,Sí,Sí,No,No,No,No,No,Sí,NA,NA,NA,NA,30,La mayor parte,NA,Sí,2024
25,No,No,No,No,No,No,NA,NA,NA,NA,NA,NA,0,NA,Falta de interés/gusto,Sí,2024
26,Sí,Sí,No,No,No,No,No,Sí,NA,NA,NA,NA,20,La mayor parte,NA,No,2024
44,NA,NA,NA,NA,NA,NA,NA,NA,NA,NA,NA,NA,0,NA,NA,NA,2024
26,Sí,Sí,No,No,No,No,Sí,No,NA,NA,NA,NA,90,La mayor parte,NA,Sí,2024
44,Sí,Sí,No,No,No,No,No,Sí,NA,NA,NA,NA,40,La mayor parte,NA,Sí,2024
52,No,No,No,No,No,No,NA,NA,NA,NA,NA,NA,0,NA,Prefiere otras actividades,Sí,2024
31,No,No,No,No,No,No,NA,NA,NA,NA,NA,NA,0,NA,Falta de tiempo,Sí,2024
44,Sí,No,Sí,No,No,Sí,NA,NA,Sí,No,NA,NA,10,La mayor parte,NA,Sí,2024
69,No,No,Sí,No,No,No,NA,NA,No,Sí,NA,NA,30,La mayor parte,NA,Sí,2024
62,No,No,No,No,No,No,NA,NA,NA,NA,NA,NA,0,NA,Falta de tiempo,No,2024
33,Sí,Sí,No,No,Sí,Sí,No,Sí,NA,NA,NA,NA,30,La mitad,NA,Sí,2024
55,No,No,No,No,No,No,NA,NA,NA,NA,NA,NA,0,NA,Falta de tiempo,Sí,2024
32,No,Sí,No,No,No,Sí,No,Sí,NA,NA,NA,NA,20,La mitad,NA,No,2024
29,Sí,Sí,No,No,No,Sí,No,Sí,NA,NA,NA,NA,10,La mayor parte,NA,Sí,2024
54,No,No,No,No,No,No,NA,NA,NA,NA,NA,NA,0,NA,Falta de tiempo,No,2024
50,Sí,Sí,No,No,No,No,No,Sí,NA,NA,NA,NA,120,La mayor parte,NA,Sí,2024
20,Sí,Sí,No,No,No,Sí,No,Sí,NA,NA,NA,NA,30,La mitad,NA,No,2024
28,No,No,No,No,No,No,NA,NA,NA,NA,NA,NA,0,NA,Falta de tiempo,Sí,2024
59,Sí,No,No,Sí,No,No,NA,NA,NA,NA,No,Sí,30,La mayor parte,NA,No,2024
29,No,No,No,No,No,No,NA,NA,NA,NA,NA,NA,0,NA,Falta de tiempo,Sí,2024
31,Sí,No,Sí,No,No,Sí,NA,NA,No,Sí,NA,NA,10,La mayor parte,NA,No,2024
24,No,No,Sí,Sí,No,Sí,NA,NA,Sí,No,Sí,No,10,La mayor parte,NA,No,2024
65,Sí,No,Sí,Sí,No,No,NA,NA,Sí,No,Sí,No,60,La mayor parte,NA,Sí,2024
41,No,Sí,No,No,Sí,Sí,No,Sí,NA,NA,NA,NA,30,La mayor parte,NA,Sí,2024
42,Sí,No,Sí,Sí,No,No,NA,NA,No,Sí,No,Sí,40,La mayor parte,NA,Sí,2024
50,No,No,Sí,No,No,Sí,NA,NA,Sí,No,NA,NA,20,La mayor parte,NA,Sí,2024
23,Sí,Sí,No,No,No,Sí,No,Sí,NA,NA,NA,NA,300,La mayor parte,NA,Sí,2024
41,Sí,No,Sí,Sí,Sí,No,NA,NA,No,Sí,No,Sí,60,La mayor parte,NA,No,2024
58,Sí,No,No,No,No,Sí,NA,NA,NA,NA,NA,NA,120,La mayor parte,NA,Sí,2024
34,Sí,Sí,No,No,No,Sí,Sí,No,NA,NA,NA,NA,30,La mayor parte,NA,No,2024
49,Sí,Sí,Sí,No,No,No,No,Sí,No,Sí,NA,NA,20,Toda,NA,No,2024
29,No,No,Sí,Sí,No,No,NA,NA,No,Sí,No,Sí,30,Toda,NA,Sí,2024
33,No,No,No,No,No,No,NA,NA,NA,NA,NA,NA,0,NA,Falta de interés/gusto,No,2024
20,Sí,Sí,No,No,No,Sí,No,Sí,NA,NA,NA,NA,40,La mayor parte,NA,Sí,2024
51,No,No,No,No,No,Sí,NA,NA,NA,NA,NA,NA,90,La mayor parte,NA,No,2024
41,Sí,Sí,Sí,No,Sí,Sí,Sí,No,Sí,No,NA,NA,60,La mayor parte,NA,Sí,2024
25,No,No,No,No,No,No,NA,NA,NA,NA,NA,NA,0,NA,Prefiere otras actividades,No,2024
19,Sí,No,No,No,No,Sí,NA,NA,NA,NA,NA,NA,60,La mayor parte,NA,No,2024
48,Sí,Sí,No,Sí,No,Sí,Sí,Sí,NA,NA,Sí,No,120,Toda,NA,Sí,2024
26,Sí,Sí,No,No,No,No,No,Sí,NA,NA,NA,NA,60,La mayor parte,NA,No,2024
35,Sí,Sí,No,No,No,No,No,Sí,NA,NA,NA,NA,30,La mayor parte,NA,Sí,2024
75,No,No,No,No,No,No,NA,NA,NA,NA,NA,NA,0,NA,Problemas de salud,No,2024
73,No,No,No,No,No,No,NA,NA,NA,NA,NA,NA,0,NA,Problemas de salud,No recuerda,2024
79,Sí,Sí,No,No,No,No,No,Sí,NA,NA,NA,NA,15,La mayor parte,NA,Sí,2024
74,Sí,No,No,Sí,No,No,NA,NA,NA,NA,No,Sí,60,La mayor parte,NA,No,2024
57,No,No,No,Sí,No,No,NA,NA,NA,NA,Sí,No,180,La mayor parte,NA,No,2024
71,Sí,No,No,No,No,Sí,NA,NA,NA,NA,NA,NA,20,La mayor parte,NA,Sí,2024
31,Sí,No,No,Sí,No,Sí,NA,NA,NA,NA,No,Sí,15,Toda,NA,No,2024
42,NA,NA,NA,NA,NA,NA,NA,NA,NA,NA,NA,NA,0,NA,NA,NA,2024
63,No,No,No,No,No,Sí,NA,NA,NA,NA,NA,NA,30,Toda,NA,Sí,2024
47,No,No,No,No,No,No,NA,NA,NA,NA,NA,NA,0,NA,Falta de tiempo,No,2024
28,Sí,Sí,No,No,No,Sí,Sí,No,NA,NA,NA,NA,20,La mayor parte,NA,Sí,2024
51,No,No,No,No,No,No,NA,NA,NA,NA,NA,NA,0,NA,Falta de interés/gusto,No,2024
31,No,No,No,Sí,No,Sí,NA,NA,NA,NA,No,Sí,20,La mayor parte,NA,Sí,2024
48,Sí,No,No,No,No,No,NA,NA,NA,NA,NA,NA,0,NA,Falta de dinero,No,2024
57,No,No,No,No,No,No,NA,NA,NA,NA,NA,NA,0,NA,Falta de tiempo,No,2024
21,Sí,Sí,Sí,No,Sí,Sí,No,Sí,No,Sí,NA,NA,60,La mayor parte,NA,Sí,2024
36,No,No,No,No,No,Sí,NA,NA,NA,NA,NA,NA,10,La mayor parte,NA,Sí,2024
84,Sí,Sí,Sí,No,No,No,No,Sí,No,Sí,NA,NA,60,Poca,NA,No,2024
25,Sí,Sí,No,No,No,Sí,No,Sí,NA,NA,NA,NA,20,La mitad,NA,Sí,2024
32,Sí,No,Sí,No,No,Sí,NA,NA,Sí,Sí,NA,NA,30,Toda,NA,Sí,2024
48,Sí,Sí,No,No,No,Sí,No,Sí,NA,NA,NA,NA,15,Toda,NA,Sí,2024
29,No,No,Sí,No,No,Sí,NA,NA,No,Sí,NA,NA,10,La mitad,NA,No,2024
79,Sí,No,No,No,No,No,NA,NA,NA,NA,NA,NA,0,NA,Otro,No,2024
42,No,No,No,No,No,Sí,NA,NA,NA,NA,NA,NA,30,La mayor parte,NA,Sí,2024
61,No,No,No,No,No,No,NA,NA,NA,NA,NA,NA,0,NA,Falta de interés/gusto,No,2024
68,Sí,Sí,Sí,Sí,Sí,Sí,Sí,Sí,Sí,Sí,Sí,No,60,Toda,NA,Sí,2024
37,No,No,Sí,No,No,Sí,NA,NA,Sí,Sí,NA,NA,20,La mayor parte,NA,Sí,2024
24,Sí,Sí,Sí,No,Sí,Sí,Sí,Sí,Sí,No,NA,NA,35,Toda,NA,Sí,2024
39,Sí,Sí,No,Sí,No,Sí,Sí,Sí,NA,NA,No,Sí,30,La mayor parte,NA,Sí,2024
24,Sí,Sí,No,No,Sí,No,Sí,Sí,NA,NA,NA,NA,120,Toda,NA,Sí,2024
67,Sí,Sí,No,No,No,No,No,Sí,NA,NA,NA,NA,15,La mitad,NA,No,2024
66,No,No,No,No,No,No,NA,NA,NA,NA,NA,NA,0,NA,Problemas de salud,No,2024
38,Sí,No,No,No,No,Sí,NA,NA,NA,NA,NA,NA,10,La mayor parte,NA,No,2024
29,No,No,No,No,Sí,No,NA,NA,NA,NA,NA,NA,30,La mayor parte,NA,Sí,2024
52,Sí,Sí,No,No,No,No,No,Sí,NA,NA,NA,NA,10,La mayor parte,NA,Sí,2024
39,Sí,Sí,No,Sí,No,No,No,Sí,NA,NA,No,Sí,20,La mayor parte,NA,No,2024
45,No,No,No,No,No,Sí,NA,NA,NA,NA,NA,NA,15,La mayor parte,NA,Sí,2024
45,Sí,Sí,Sí,Sí,No,Sí,No,Sí,No,Sí,No,Sí,240,Toda,NA,Sí,2024
66,Sí,No,No,Sí,No,Sí,NA,NA,NA,NA,Sí,No,20,La mayor parte,NA,No,2024
25,Sí,Sí,No,No,No,Sí,Sí,No,NA,NA,NA,NA,30,La mayor parte,NA,Sí,2024
23,Sí,No,Sí,No,Sí,Sí,NA,NA,Sí,No,NA,NA,60,La mayor parte,NA,Sí,2024
43,Sí,Sí,No,No,No,Sí,No,Sí,NA,NA,NA,NA,20,La mayor parte,NA,Sí,2024
48,Sí,No,No,No,No,Sí,NA,NA,NA,NA,NA,NA,15,La mayor parte,NA,No,2024
58,No,No,No,No,No,No,NA,NA,NA,NA,NA,NA,0,NA,Problemas de salud,No,2024
52,Sí,Sí,No,No,No,No,No,Sí,NA,NA,NA,NA,60,Poca,NA,No,2024
44,Sí,No,Sí,No,No,Sí,NA,NA,Sí,No,NA,NA,30,La mayor parte,NA,Sí,2024
26,No,No,Sí,No,No,Sí,NA,NA,No,Sí,NA,NA,60,La mayor parte,NA,Sí,2024
30,Sí,Sí,Sí,No,No,Sí,No,Sí,No,Sí,NA,NA,30,La mitad,NA,No,2024
73,No,Sí,No,No,No,No,No,Sí,NA,NA,NA,NA,30,La mayor parte,NA,Sí,2024
39,Sí,Sí,No,No,No,Sí,No,Sí,NA,NA,NA,NA,40,La mayor parte,NA,Sí,2024
22,Sí,Sí,Sí,No,No,Sí,No,Sí,No,Sí,NA,NA,90,La mayor parte,NA,Sí,2024
67,No,No,No,No,No,No,NA,NA,NA,NA,NA,NA,0,NA,Falta de interés/gusto,No,2024
49,Sí,Sí,No,No,No,Sí,Sí,No,NA,NA,NA,NA,45,La mayor parte,NA,Sí,2024
40,Sí,No,No,No,No,Sí,NA,NA,NA,NA,NA,NA,30,La mitad,NA,No,2024
41,No,No,No,No,No,No,NA,NA,NA,NA,NA,NA,0,NA,Falta de tiempo,No,2024
19,No,Sí,No,No,No,No,No,Sí,NA,NA,NA,NA,15,La mayor parte,NA,Sí,2024
27,No,No,No,No,No,Sí,NA,NA,NA,NA,NA,NA,60,La mayor parte,NA,Sí,2024
31,Sí,Sí,Sí,No,No,Sí,No,Sí,No,Sí,NA,NA,20,La mayor parte,NA,Sí,2024
42,Sí,No,No,Sí,No,Sí,NA,NA,NA,NA,No,Sí,60,Toda,NA,Sí,2024
24,No,No,No,No,No,No,NA,NA,NA,NA,NA,NA,0,NA,Falta de tiempo,No,2024
36,Sí,No,Sí,No,No,Sí,NA,NA,Sí,No,NA,NA,15,Toda,NA,No,2024
29,Sí,Sí,No,No,No,Sí,No,Sí,NA,NA,NA,NA,30,La mayor parte,NA,No,2024
52,Sí,No,No,No,No,No,NA,NA,NA,NA,NA,NA,0,NA,Falta de tiempo,No,2024
39,Sí,Sí,No,No,No,No,No,Sí,NA,NA,NA,NA,45,La mayor parte,NA,Sí,2024
22,No,No,Sí,No,No,No,NA,NA,No,Sí,NA,NA,15,La mayor parte,NA,Sí,2024
72,Sí,Sí,No,No,No,No,No,Sí,NA,NA,NA,NA,10,Poca,NA,No,2024
29,Sí,Sí,No,No,No,Sí,No,Sí,NA,NA,NA,NA,20,La mitad,NA,Sí,2024
83,Sí,Sí,No,No,No,No,No,Sí,NA,NA,NA,NA,40,La mayor parte,NA,No,2024
28,No,No,No,No,No,No,NA,NA,NA,NA,NA,NA,0,NA,Falta de tiempo,Sí,2024
52,Sí,Sí,No,No,No,No,No,Sí,NA,NA,NA,NA,30,La mayor parte,NA,Sí,2024
62,No,No,No,No,No,No,NA,NA,NA,NA,NA,NA,0,NA,Falta de interés/gusto,Sí,2024
32,Sí,Sí,Sí,Sí,No,Sí,Sí,Sí,No,Sí,Sí,No,20,La mayor parte,NA,Sí,2024
30,No,No,No,No,No,No,NA,NA,NA,NA,NA,NA,0,NA,Falta de tiempo,No,2024
35,Sí,No,Sí,No,No,No,NA,NA,No,Sí,NA,NA,10,La mitad,NA,Sí,2024
50,Sí,Sí,Sí,No,No,Sí,No,Sí,No,Sí,NA,NA,60,La mayor parte,NA,Sí,2024
51,Sí,Sí,Sí,No,No,Sí,No,Sí,No,Sí,NA,NA,30,La mayor parte,NA,Sí,2024
56,No,No,No,No,No,Sí,NA,NA,NA,NA,NA,NA,40,La mayor parte,NA,Sí,2024
53,Sí,Sí,No,No,No,Sí,No,Sí,NA,NA,NA,NA,45,La mayor parte,NA,Sí,2024
46,Sí,Sí,Sí,Sí,No,Sí,No,Sí,Sí,No,Sí,No,120,Toda,NA,Sí,2024
51,Sí,Sí,No,No,No,No,No,Sí,NA,NA,NA,NA,60,La mayor parte,NA,No,2024
18,Sí,Sí,No,No,Sí,No,No,Sí,NA,NA,NA,NA,30,Toda,NA,Sí,2024
43,No,No,No,No,No,No,NA,NA,NA,NA,NA,NA,0,NA,Falta de interés/gusto,No,2024
25,No,No,No,No,No,Sí,NA,NA,NA,NA,NA,NA,20,La mayor parte,NA,Sí,2024
55,Sí,Sí,No,No,No,No,No,Sí,NA,NA,NA,NA,40,La mayor parte,NA,No,2024
63,No,No,No,No,No,No,NA,NA,NA,NA,NA,NA,0,NA,Falta de tiempo,No,2024
55,No,Sí,No,No,No,No,No,Sí,NA,NA,NA,NA,45,La mayor parte,NA,Sí,2024
21,Sí,Sí,Sí,No,No,Sí,No,Sí,No,Sí,NA,NA,90,La mayor parte,NA,Sí,2024
49,Sí,Sí,No,No,No,No,Sí,No,NA,NA,NA,NA,20,La mitad,NA,No,2024
21,No,Sí,No,No,No,Sí,No,Sí,NA,NA,NA,NA,30,La mayor parte,NA,Sí,2024
37,Sí,No,No,No,No,Sí,NA,NA,NA,NA,NA,NA,120,La mitad,NA,No,2024
31,No,No,No,No,No,No,NA,NA,NA,NA,NA,NA,0,NA,Falta de tiempo,No,2024
39,Sí,Sí,Sí,No,No,Sí,No,Sí,No,Sí,NA,NA,120,La mayor parte,NA,Sí,2024
38,No,No,No,No,No,No,NA,NA,NA,NA,NA,NA,0,NA,Falta de tiempo,No,2024
27,Sí,Sí,No,No,No,Sí,No,Sí,NA,NA,NA,NA,60,La mitad,NA,Sí,2024
70,Sí,No,No,No,No,Sí,NA,NA,NA,NA,NA,NA,30,La mitad,NA,Sí,2024
60,Sí,No,No,No,No,Sí,NA,NA,NA,NA,NA,NA,30,Toda,NA,No,2024
18,No,No,No,No,No,No,NA,NA,NA,NA,NA,NA,0,NA,Falta de tiempo,No recuerda,2024
48,No,No,No,No,No,No,NA,NA,NA,NA,NA,NA,0,NA,Falta de tiempo,Sí,2024
50,Sí,Sí,No,No,No,No,No,Sí,NA,NA,NA,NA,60,La mayor parte,NA,No,2024
24,Sí,No,No,No,No,Sí,NA,NA,NA,NA,NA,NA,60,La mayor parte,NA,Sí,2024
26,Sí,Sí,No,No,No,Sí,No,Sí,NA,NA,NA,NA,60,La mayor parte,NA,Sí,2024
35,Sí,Sí,No,No,No,Sí,No,Sí,NA,NA,NA,NA,50,La mayor parte,NA,Sí,2024
55,Sí,Sí,No,No,No,No,No,Sí,NA,NA,NA,NA,90,La mayor parte,NA,Sí,2024
56,No,No,No,No,No,Sí,NA,NA,NA,NA,NA,NA,20,La mayor parte,NA,Sí,2024
35,Sí,No,No,Sí,No,Sí,NA,NA,NA,NA,Sí,No,30,La mayor parte,NA,Sí,2024
40,Sí,Sí,Sí,Sí,No,Sí,Sí,No,Sí,No,No,Sí,20,Toda,NA,Sí,2024
53,Sí,Sí,No,No,Sí,No,Sí,No,NA,NA,NA,NA,60,Toda,NA,Sí,2024
51,Sí,Sí,No,No,No,No,No,Sí,NA,NA,NA,NA,20,Toda,NA,Sí,2024
27,Sí,Sí,Sí,No,No,No,No,Sí,No,Sí,NA,NA,30,Poca,NA,No,2024
51,Sí,Sí,No,No,No,Sí,No,Sí,NA,NA,NA,NA,30,La mayor parte,NA,Sí,2024
20,No,Sí,No,No,No,No,No,Sí,NA,NA,NA,NA,120,Toda,NA,Sí,2024
28,No,No,No,No,No,No,NA,NA,NA,NA,NA,NA,0,NA,Falta de tiempo,Sí,2024
64,Sí,No,No,No,No,Sí,NA,NA,NA,NA,NA,NA,60,La mayor parte,NA,No,2024
64,Sí,Sí,No,No,No,No,No,Sí,NA,NA,NA,NA,30,La mayor parte,NA,Sí,2024
60,Sí,Sí,Sí,No,No,Sí,No,Sí,No,Sí,NA,NA,40,La mayor parte,NA,Sí,2024
44,Sí,Sí,No,No,No,Sí,No,Sí,NA,NA,NA,NA,40,Toda,NA,Sí,2024
60,Sí,Sí,No,No,No,Sí,No,Sí,NA,NA,NA,NA,90,Toda,NA,Sí,2024
58,No,No,No,No,No,No,NA,NA,NA,NA,NA,NA,0,NA,Problemas de salud,Sí,2024
34,Sí,Sí,No,No,No,No,No,Sí,NA,NA,NA,NA,20,La mitad,NA,No,2024
54,No,No,No,No,No,No,NA,NA,NA,NA,NA,NA,0,NA,Falta de tiempo,Sí,2024
82,No,No,No,No,No,No,NA,NA,NA,NA,NA,NA,0,NA,Problemas de salud,No recuerda,2024
47,Sí,Sí,Sí,No,No,No,No,Sí,Sí,Sí,NA,NA,20,La mayor parte,NA,Sí,2024
23,No,No,No,No,No,No,NA,NA,NA,NA,NA,NA,0,NA,Prefiere otras actividades,Sí,2024
53,Sí,No,No,No,No,No,NA,NA,NA,NA,NA,NA,0,NA,Falta de interés/gusto,Sí,2024
21,Sí,Sí,No,No,No,Sí,Sí,Sí,NA,NA,NA,NA,30,La mayor parte,NA,Sí,2024
49,No,No,No,No,No,No,NA,NA,NA,NA,NA,NA,0,NA,Falta de tiempo,No,2024
40,No,No,No,No,No,No,NA,NA,NA,NA,NA,NA,0,NA,Falta de dinero,Sí,2024
23,No,No,No,No,No,No,NA,NA,NA,NA,NA,NA,0,NA,Falta de interés/gusto,Sí,2024
29,Sí,No,No,Sí,No,No,NA,NA,NA,NA,No,Sí,30,Toda,NA,Sí,2024
54,Sí,No,Sí,Sí,No,No,NA,NA,No,Sí,No,Sí,60,Toda,NA,No,2024
30,No,No,No,No,No,No,NA,NA,NA,NA,NA,NA,0,NA,Falta de interés/gusto,Sí,2024
32,Sí,Sí,Sí,No,No,Sí,No,Sí,Sí,No,NA,NA,30,Toda,NA,Sí,2024
53,Sí,Sí,Sí,No,No,No,No,Sí,No,Sí,NA,NA,30,La mayor parte,NA,Sí,2024
37,Sí,Sí,Sí,Sí,No,Sí,No,Sí,No,Sí,Sí,No,40,La mayor parte,NA,No,2024
30,Sí,Sí,Sí,No,Sí,Sí,No,Sí,No,Sí,NA,NA,60,La mayor parte,NA,Sí,2024
40,No,No,No,No,No,No,NA,NA,NA,NA,NA,NA,0,NA,Falta de tiempo,Sí,2024
35,No,No,No,No,No,Sí,NA,NA,NA,NA,NA,NA,20,La mitad,NA,Sí,2024
36,No,Sí,No,No,No,Sí,No,Sí,NA,NA,NA,NA,30,La mayor parte,NA,Sí,2024
23,Sí,Sí,No,No,No,Sí,No,Sí,NA,NA,NA,NA,60,La mayor parte,NA,Sí,2024
34,Sí,Sí,Sí,Sí,No,Sí,Sí,No,Sí,Sí,Sí,Sí,20,La mayor parte,NA,Sí,2024
44,No,Sí,No,No,No,Sí,Sí,Sí,NA,NA,NA,NA,30,La mayor parte,NA,Sí,2024
82,Sí,Sí,No,Sí,No,No,No,Sí,NA,NA,No,Sí,20,La mayor parte,NA,Sí,2024
29,No,No,No,No,No,No,NA,NA,NA,NA,NA,NA,0,NA,Falta de tiempo,Sí,2024
45,No,No,No,No,No,No,NA,NA,NA,NA,NA,NA,0,NA,Falta de tiempo,Sí,2024
58,No,No,No,No,No,No,NA,NA,NA,NA,NA,NA,0,NA,Problemas de salud,No,2024
30,Sí,No,Sí,Sí,No,No,NA,NA,No,Sí,No,Sí,30,La mitad,NA,No,2024
55,Sí,Sí,No,No,No,No,No,Sí,NA,NA,NA,NA,30,La mitad,NA,No,2024
36,Sí,Sí,No,Sí,No,Sí,No,Sí,NA,NA,No,Sí,25,La mayor parte,NA,Sí,2024
77,Sí,Sí,Sí,No,No,No,No,Sí,No,Sí,NA,NA,30,La mitad,NA,Sí,2024
28,No,Sí,No,No,No,Sí,Sí,No,NA,NA,NA,NA,30,La mitad,NA,Sí,2024
49,Sí,Sí,No,No,No,Sí,No,Sí,NA,NA,NA,NA,10,Toda,NA,No,2024
40,No,No,Sí,No,No,No,NA,NA,No,Sí,NA,NA,15,La mayor parte,NA,No,2024
39,No,No,Sí,No,No,No,NA,NA,No,Sí,NA,NA,20,La mayor parte,NA,No,2024
20,No,No,Sí,No,No,No,NA,NA,No,Sí,NA,NA,20,La mayor parte,NA,No recuerda,2024
60,Sí,Sí,No,Sí,No,Sí,No,Sí,NA,NA,No,Sí,15,La mayor parte,NA,Sí,2024
68,No,Sí,Sí,No,No,No,No,Sí,No,Sí,NA,NA,10,La mayor parte,NA,No,2024
33,No,No,No,Sí,No,No,NA,NA,NA,NA,No,Sí,10,La mitad,NA,No,2024
18,No,No,No,No,No,Sí,NA,NA,NA,NA,NA,NA,30,La mitad,NA,Sí,2024
25,No,No,Sí,Sí,No,No,NA,NA,No,Sí,No,Sí,20,La mitad,NA,No,2024
66,No,No,No,No,No,No,NA,NA,NA,NA,NA,NA,0,NA,Falta de tiempo,No,2024
58,Sí,No,No,Sí,No,No,NA,NA,NA,NA,No,Sí,60,Toda,NA,Sí,2024
42,No,No,No,No,No,No,NA,NA,NA,NA,NA,NA,0,NA,Falta de tiempo,Sí,2024
23,No,No,No,No,No,No,NA,NA,NA,NA,NA,NA,0,NA,Falta de interés/gusto,Sí,2024
58,No,Sí,No,No,No,No,No,Sí,NA,NA,NA,NA,30,La mayor parte,NA,No,2024
28,Sí,No,Sí,Sí,No,No,NA,NA,No,Sí,No,Sí,20,La mayor parte,NA,No,2024
30,Sí,Sí,Sí,No,No,Sí,No,Sí,No,Sí,NA,NA,60,La mayor parte,NA,Sí,2024
71,Sí,No,No,Sí,No,No,NA,NA,NA,NA,No,Sí,10,La mayor parte,NA,No,2024
30,Sí,Sí,Sí,No,No,Sí,No,Sí,Sí,No,NA,NA,30,Toda,NA,Sí,2024
18,Sí,Sí,No,Sí,No,No,Sí,No,NA,NA,No,Sí,30,La mayor parte,NA,Sí,2024
32,Sí,Sí,Sí,No,No,Sí,No,Sí,No,Sí,NA,NA,30,La mayor parte,NA,No,2024
36,Sí,Sí,No,Sí,No,No,No,Sí,NA,NA,No,Sí,35,La mayor parte,NA,Sí,2024
25,Sí,No,Sí,Sí,No,No,NA,NA,No,Sí,No,Sí,25,La mitad,NA,No,2024
34,Sí,Sí,Sí,No,No,Sí,No,Sí,No,Sí,NA,NA,25,La mayor parte,NA,Sí,2024
54,No,No,No,Sí,No,No,NA,NA,NA,NA,No,Sí,20,La mitad,NA,Sí,2024
65,No,No,No,No,No,No,NA,NA,NA,NA,NA,NA,0,NA,Falta de tiempo,Sí,2024
60,No,No,No,No,No,Sí,NA,NA,NA,NA,NA,NA,20,La mayor parte,NA,No,2024
30,Sí,Sí,No,Sí,No,Sí,No,Sí,NA,NA,No,Sí,20,La mayor parte,NA,Sí,2024
46,Sí,Sí,No,No,No,Sí,No,Sí,NA,NA,NA,NA,20,Toda,NA,No,2024
35,Sí,No,No,No,No,No,NA,NA,NA,NA,NA,NA,0,NA,Falta de tiempo,Sí,2024
22,No,No,No,No,No,No,NA,NA,NA,NA,NA,NA,0,NA,Falta de tiempo,No,2024
55,No,No,No,No,No,No,NA,NA,NA,NA,NA,NA,0,NA,Falta de tiempo,No,2024
71,No,Sí,Sí,No,No,No,No,Sí,No,Sí,NA,NA,30,Poca,NA,No,2024
22,No,No,Sí,Sí,Sí,Sí,NA,NA,No,Sí,No,Sí,10,La mayor parte,NA,Sí,2024
46,Sí,Sí,No,No,No,No,No,Sí,NA,NA,NA,NA,20,Toda,NA,No,2024
34,No,No,No,No,No,Sí,NA,NA,NA,NA,NA,NA,15,La mitad,NA,Sí,2024
66,No,No,No,No,No,No,NA,NA,NA,NA,NA,NA,0,NA,Falta de tiempo,No,2024
60,No,No,No,No,No,No,NA,NA,NA,NA,NA,NA,0,NA,Falta de tiempo,No,2024
58,No,No,No,No,No,No,NA,NA,NA,NA,NA,NA,0,NA,Falta de tiempo,No recuerda,2024
59,Sí,No,Sí,No,No,No,NA,NA,No,Sí,NA,NA,30,La mayor parte,NA,Sí,2024
69,Sí,Sí,Sí,Sí,No,No,No,Sí,No,Sí,No,Sí,30,La mayor parte,NA,No recuerda,2024
26,Sí,Sí,No,No,No,Sí,No,Sí,NA,NA,NA,NA,60,La mayor parte,NA,Sí,2024
31,Sí,Sí,No,No,No,Sí,No,Sí,NA,NA,NA,NA,60,La mayor parte,NA,Sí,2024
57,No,No,No,No,No,No,NA,NA,NA,NA,NA,NA,0,NA,Problemas de salud,No,2024
27,Sí,Sí,No,No,No,No,No,Sí,NA,NA,NA,NA,20,Toda,NA,Sí,2024
33,Sí,No,Sí,Sí,Sí,Sí,NA,NA,No,Sí,No,Sí,30,La mayor parte,NA,Sí,2024
30,Sí,Sí,No,No,No,Sí,No,Sí,NA,NA,NA,NA,30,La mayor parte,NA,Sí,2024
70,Sí,No,No,Sí,No,No,NA,NA,NA,NA,No,Sí,20,La mayor parte,NA,Sí,2024
41,No,No,No,No,No,No,NA,NA,NA,NA,NA,NA,0,NA,Falta de tiempo,No,2024
38,No,No,No,No,No,No,NA,NA,NA,NA,NA,NA,0,NA,Falta de tiempo,Sí,2024
24,No,No,No,Sí,No,No,NA,NA,NA,NA,No,Sí,20,Toda,NA,No,2024
61,Sí,Sí,No,No,No,No,No,Sí,NA,NA,NA,NA,30,Toda,NA,No,2024
24,Sí,Sí,No,No,No,Sí,No,Sí,NA,NA,NA,NA,60,La mayor parte,NA,Sí,2024
21,Sí,Sí,Sí,No,No,Sí,Sí,No,No,Sí,NA,NA,60,Toda,NA,Sí,2024
44,Sí,Sí,Sí,Sí,No,Sí,No,Sí,No,Sí,No,Sí,30,La mayor parte,NA,Sí,2024
45,No,No,No,No,No,No,NA,NA,NA,NA,NA,NA,0,NA,Falta de tiempo,No,2024
35,No,No,No,No,No,No,NA,NA,NA,NA,NA,NA,0,NA,Falta de tiempo,No,2024
31,Sí,Sí,No,No,No,Sí,No,Sí,NA,NA,NA,NA,30,La mayor parte,NA,Sí,2024
22,Sí,Sí,No,No,No,Sí,No,Sí,NA,NA,NA,NA,60,La mayor parte,NA,Sí,2024
46,No,No,No,No,No,No,NA,NA,NA,NA,NA,NA,0,NA,Falta de tiempo,No,2024
32,Sí,Sí,No,No,No,No,No,Sí,NA,NA,NA,NA,20,La mayor parte,NA,Sí,2024
37,No,No,No,No,No,No,NA,NA,NA,NA,NA,NA,0,NA,Falta de tiempo,Sí,2024
35,Sí,Sí,Sí,Sí,No,Sí,No,Sí,No,Sí,Sí,No,60,La mayor parte,NA,Sí,2024
25,Sí,Sí,No,No,No,Sí,No,Sí,NA,NA,NA,NA,45,La mayor parte,NA,Sí,2024
71,No,No,No,No,No,No,NA,NA,NA,NA,NA,NA,0,NA,Falta de tiempo,No recuerda,2024
45,Sí,Sí,Sí,No,No,Sí,No,Sí,No,Sí,NA,NA,30,La mayor parte,NA,No,2024
24,Sí,Sí,Sí,Sí,No,Sí,No,Sí,No,Sí,No,Sí,10,Toda,NA,No,2024
57,No,No,No,No,No,No,NA,NA,NA,NA,NA,NA,0,NA,Falta de tiempo,No,2024
34,No,No,No,No,No,No,NA,NA,NA,NA,NA,NA,0,NA,Falta de tiempo,Sí,2024
61,Sí,Sí,No,No,No,No,No,Sí,NA,NA,NA,NA,30,La mayor parte,NA,Sí,2024
56,No,No,No,No,No,No,NA,NA,NA,NA,NA,NA,0,NA,Falta de tiempo,Sí,2024
51,Sí,Sí,No,No,No,No,No,Sí,NA,NA,NA,NA,30,La mayor parte,NA,No,2024
22,No,No,No,No,No,No,NA,NA,NA,NA,NA,NA,0,NA,Falta de tiempo,No,2024
45,No,Sí,No,No,No,No,No,Sí,NA,NA,NA,NA,25,La mitad,NA,No,2024
21,Sí,Sí,No,No,No,Sí,No,Sí,NA,NA,NA,NA,30,La mitad,NA,No recuerda,2024
24,No,No,No,No,No,No,NA,NA,NA,NA,NA,NA,0,NA,Falta de tiempo,Sí,2024
69,No,No,No,No,No,No,NA,NA,NA,NA,NA,NA,0,NA,Problemas de salud,No,2024
48,No,No,No,No,No,No,NA,NA,NA,NA,NA,NA,0,NA,Falta de tiempo,No,2024
47,Sí,No,No,No,No,Sí,NA,NA,NA,NA,NA,NA,5,La mayor parte,NA,No,2024
45,Sí,Sí,No,No,No,No,No,Sí,NA,NA,NA,NA,30,La mayor parte,NA,No,2024
21,No,Sí,No,No,Sí,Sí,No,Sí,NA,NA,NA,NA,30,Poca,NA,No,2024
40,Sí,No,Sí,Sí,No,Sí,NA,NA,No,Sí,No,Sí,120,La mayor parte,NA,No,2024
61,No,No,No,No,No,No,NA,NA,NA,NA,NA,NA,0,NA,Problemas de salud,No,2024
65,No,No,No,No,No,No,NA,NA,NA,NA,NA,NA,0,NA,Falta de interés/gusto,No,2024
54,Sí,Sí,No,Sí,No,No,No,Sí,NA,NA,Sí,No,10,La mayor parte,NA,No,2024
47,No,No,No,No,No,No,NA,NA,NA,NA,NA,NA,0,NA,Falta de tiempo,No,2024
39,No,No,No,No,No,Sí,NA,NA,NA,NA,NA,NA,10,La mayor parte,NA,No,2024
45,Sí,No,No,Sí,No,Sí,NA,NA,NA,NA,No,Sí,5,La mayor parte,NA,Sí,2024
21,Sí,Sí,Sí,No,No,Sí,Sí,No,No,Sí,NA,NA,60,La mayor parte,NA,Sí,2024
20,Sí,Sí,No,No,No,No,Sí,No,NA,NA,NA,NA,20,La mayor parte,NA,Sí,2024
71,No,No,No,No,No,Sí,NA,NA,NA,NA,NA,NA,10,La mayor parte,NA,No,2024
57,No,No,No,No,No,Sí,NA,NA,NA,NA,NA,NA,20,La mayor parte,NA,No,2024
45,No,No,Sí,No,No,Sí,NA,NA,No,Sí,NA,NA,5,Toda,NA,No,2024
26,Sí,Sí,No,No,No,Sí,No,Sí,NA,NA,NA,NA,30,La mayor parte,NA,Sí,2024
44,Sí,Sí,Sí,Sí,Sí,Sí,Sí,No,Sí,No,Sí,No,30,La mayor parte,NA,No,2024
22,No,No,No,No,No,Sí,NA,NA,NA,NA,NA,NA,10,La mayor parte,NA,No,2024
55,No,No,No,No,No,No,NA,NA,NA,NA,NA,NA,0,NA,Falta de tiempo,Sí,2024
47,Sí,No,Sí,Sí,No,No,NA,NA,No,Sí,No,Sí,20,Toda,NA,Sí,2024
59,Sí,No,Sí,No,No,Sí,NA,NA,No,Sí,NA,NA,30,La mitad,NA,Sí,2024
65,Sí,Sí,Sí,No,No,Sí,No,Sí,No,Sí,NA,NA,90,La mayor parte,NA,Sí,2024
61,Sí,Sí,Sí,Sí,No,No,No,Sí,Sí,No,Sí,No,20,Toda,NA,No,2024
63,Sí,Sí,Sí,No,No,No,No,Sí,No,Sí,NA,NA,30,La mayor parte,NA,No,2024
67,Sí,Sí,No,No,Sí,Sí,No,Sí,NA,NA,NA,NA,60,Toda,NA,Sí,2024
50,No,No,No,Sí,No,Sí,NA,NA,NA,NA,No,Sí,5,Toda,NA,Sí,2024
25,NA,NA,NA,NA,NA,NA,NA,NA,NA,NA,NA,NA,0,NA,NA,NA,2024
33,No,No,No,No,No,No,NA,NA,NA,NA,NA,NA,0,NA,Falta de tiempo,Sí,2024
51,No,No,No,Sí,No,No,NA,NA,NA,NA,No,Sí,5,La mitad,NA,No,2024
65,No,No,No,No,No,No,NA,NA,NA,NA,NA,NA,0,NA,Falta de tiempo,No,2024
21,Sí,Sí,No,No,Sí,No,Sí,No,NA,NA,NA,NA,30,La mayor parte,NA,Sí,2024
62,Sí,Sí,No,No,No,Sí,No,Sí,NA,NA,NA,NA,60,La mayor parte,NA,Sí,2024
31,Sí,Sí,No,Sí,No,Sí,No,Sí,NA,NA,No,Sí,60,Toda,NA,Sí,2024
82,Sí,Sí,No,Sí,No,No,No,Sí,NA,NA,No,Sí,15,La mayor parte,NA,No,2024
52,No,No,No,No,No,No,NA,NA,NA,NA,NA,NA,0,NA,Falta de tiempo,No,2024
53,Sí,Sí,No,No,No,No,Sí,No,NA,NA,NA,NA,45,La mayor parte,NA,Sí,2024
62,No,No,No,No,No,No,NA,NA,NA,NA,NA,NA,0,NA,Falta de tiempo,No,2024
60,No,No,No,No,No,No,NA,NA,NA,NA,NA,NA,0,NA,Falta de interés/gusto,Sí,2024
28,Sí,No,No,No,No,Sí,NA,NA,NA,NA,NA,NA,25,Poca,NA,No,2024
67,Sí,No,No,Sí,No,No,NA,NA,NA,NA,Sí,No,30,La mayor parte,NA,Sí,2024
76,Sí,Sí,No,No,No,Sí,No,Sí,NA,NA,NA,NA,30,Toda,NA,No,2024
32,Sí,Sí,No,No,No,Sí,Sí,No,NA,NA,NA,NA,30,La mayor parte,NA,Sí,2024
46,Sí,No,No,No,No,Sí,NA,NA,NA,NA,NA,NA,20,La mayor parte,NA,No,2024
71,No,No,No,No,No,No,NA,NA,NA,NA,NA,NA,0,NA,Problemas de salud,Sí,2024
38,No,No,No,No,No,No,NA,NA,NA,NA,NA,NA,0,NA,Problemas de salud,No,2024
51,No,No,No,No,No,No,NA,NA,NA,NA,NA,NA,0,NA,Falta de interés/gusto,Sí,2024
28,Sí,No,No,No,No,Sí,NA,NA,NA,NA,NA,NA,10,La mitad,NA,Sí,2024
58,Sí,No,Sí,No,No,No,NA,NA,No,Sí,NA,NA,20,Toda,NA,Sí,2024
25,Sí,Sí,No,Sí,Sí,Sí,Sí,No,NA,NA,Sí,No,60,La mayor parte,NA,Sí,2024
35,Sí,Sí,No,No,No,No,No,Sí,NA,NA,NA,NA,30,La mayor parte,NA,Sí,2024
33,Sí,Sí,No,No,No,No,No,Sí,NA,NA,NA,NA,20,La mayor parte,NA,Sí,2024
60,Sí,Sí,No,Sí,No,Sí,No,Sí,NA,NA,Sí,No,30,Toda,NA,Sí,2024
40,No,No,No,No,No,No,NA,NA,NA,NA,NA,NA,0,NA,Falta de tiempo,No,2024
29,No,No,No,Sí,No,Sí,NA,NA,NA,NA,No,Sí,5,La mayor parte,NA,Sí,2024
47,Sí,Sí,No,No,No,No,Sí,Sí,NA,NA,NA,NA,10,La mitad,NA,No,2024
42,Sí,No,Sí,Sí,No,Sí,NA,NA,No,Sí,No,Sí,30,La mitad,NA,Sí,2024
77,Sí,No,No,Sí,No,No,NA,NA,NA,NA,No,Sí,5,La mitad,NA,No,2024
36,No,No,No,No,No,No,NA,NA,NA,NA,NA,NA,0,NA,Falta de interés/gusto,No,2024
19,No,Sí,No,No,No,No,No,Sí,NA,NA,NA,NA,20,Poca,NA,Sí,2024
45,No,No,No,No,No,No,NA,NA,NA,NA,NA,NA,0,NA,Falta de interés/gusto,No,2024
26,No,No,No,No,No,No,NA,NA,NA,NA,NA,NA,0,NA,Falta de interés/gusto,Sí,2024
28,No,No,No,No,No,No,NA,NA,NA,NA,NA,NA,0,NA,Falta de interés/gusto,No,2024
30,Sí,Sí,No,No,Sí,Sí,No,Sí,NA,NA,NA,NA,60,La mitad,NA,Sí,2024
46,Sí,No,Sí,No,No,Sí,NA,NA,No,Sí,NA,NA,15,Toda,NA,Sí,2024
54,No,No,No,No,No,No,NA,NA,NA,NA,NA,NA,0,NA,Falta de interés/gusto,No,2024
66,No,No,No,Sí,No,No,NA,NA,NA,NA,No,Sí,20,La mayor parte,NA,Sí,2024
54,No,No,No,No,No,Sí,NA,NA,NA,NA,NA,NA,20,Toda,NA,Sí,2024
30,Sí,Sí,Sí,Sí,No,Sí,Sí,No,Sí,No,Sí,No,30,Toda,NA,Sí,2024
56,Sí,Sí,Sí,No,No,Sí,Sí,No,Sí,Sí,NA,NA,60,La mayor parte,NA,No,2024
56,Sí,Sí,No,Sí,No,Sí,Sí,No,NA,NA,Sí,No,40,La mayor parte,NA,Sí,2024
43,No,No,No,No,No,No,NA,NA,NA,NA,NA,NA,0,NA,Prefiere otras actividades,Sí,2024
71,Sí,Sí,Sí,No,No,No,No,Sí,No,Sí,NA,NA,70,La mayor parte,NA,Sí,2024
63,Sí,No,No,Sí,No,Sí,NA,NA,NA,NA,Sí,No,20,La mayor parte,NA,Sí,2024
44,Sí,No,No,Sí,No,Sí,NA,NA,NA,NA,Sí,Sí,20,La mayor parte,NA,Sí,2024
47,No,No,No,No,No,No,NA,NA,NA,NA,NA,NA,0,NA,Falta de tiempo,Sí,2024
47,Sí,No,No,No,No,Sí,NA,NA,NA,NA,NA,NA,30,La mayor parte,NA,Sí,2024
19,Sí,Sí,Sí,Sí,No,Sí,No,Sí,No,Sí,No,Sí,30,La mayor parte,NA,Sí,2024
58,No,No,No,No,No,No,NA,NA,NA,NA,NA,NA,0,NA,Falta de interés/gusto,Sí,2024
44,NA,NA,NA,NA,NA,NA,NA,NA,NA,NA,NA,NA,0,NA,NA,NA,2024
43,Sí,Sí,No,Sí,No,Sí,Sí,No,NA,NA,Sí,No,60,La mayor parte,NA,No,2024
47,Sí,Sí,Sí,No,No,No,No,Sí,No,Sí,NA,NA,30,La mayor parte,NA,Sí,2024
32,Sí,Sí,No,No,No,Sí,No,Sí,NA,NA,NA,NA,30,La mayor parte,NA,Sí,2024
45,Sí,Sí,Sí,Sí,No,Sí,No,Sí,Sí,No,Sí,No,30,Toda,NA,Sí,2024
68,Sí,Sí,No,Sí,No,No,No,Sí,NA,NA,Sí,No,45,Toda,NA,Sí,2024
71,Sí,Sí,No,No,No,No,No,Sí,NA,NA,NA,NA,10,La mayor parte,NA,No recuerda,2024
26,Sí,Sí,Sí,No,Sí,Sí,Sí,No,No,Sí,NA,NA,60,La mayor parte,NA,No,2024
46,Sí,Sí,No,Sí,No,Sí,No,Sí,NA,NA,Sí,No,30,La mayor parte,NA,Sí,2024
61,Sí,Sí,No,Sí,No,No,No,Sí,NA,NA,No,Sí,20,La mitad,NA,No recuerda,2024
34,Sí,Sí,No,No,No,No,No,Sí,NA,NA,NA,NA,5,La mitad,NA,Sí,2024
61,No,Sí,No,No,No,No,No,Sí,NA,NA,NA,NA,10,La mitad,NA,No,2024
28,No,No,No,No,No,No,NA,NA,NA,NA,NA,NA,0,NA,Falta de interés/gusto,No,2024
27,Sí,Sí,No,No,No,Sí,No,Sí,NA,NA,NA,NA,20,Poca,NA,No,2024
39,Sí,Sí,No,No,No,Sí,No,Sí,NA,NA,NA,NA,30,La mayor parte,NA,No,2024
69,Sí,Sí,No,No,No,No,No,Sí,NA,NA,NA,NA,30,La mayor parte,NA,No,2024
46,Sí,No,No,No,No,Sí,NA,NA,NA,NA,NA,NA,5,Toda,NA,No,2024
59,Sí,No,No,Sí,No,No,NA,NA,NA,NA,No,Sí,30,La mitad,NA,No,2024
57,Sí,Sí,No,No,No,No,No,Sí,NA,NA,NA,NA,10,La mayor parte,NA,Sí,2024
47,Sí,Sí,No,No,No,No,No,Sí,NA,NA,NA,NA,10,La mayor parte,NA,Sí,2024
47,No,No,No,No,No,No,NA,NA,NA,NA,NA,NA,0,NA,Falta de tiempo,Sí,2024
40,Sí,Sí,Sí,No,No,Sí,Sí,No,Sí,No,NA,NA,30,La mayor parte,NA,Sí,2024
49,Sí,Sí,No,No,No,Sí,Sí,No,NA,NA,NA,NA,180,Toda,NA,Sí,2024
20,Sí,Sí,No,No,No,Sí,Sí,No,NA,NA,NA,NA,60,Poca,NA,Sí,2024
74,No,No,No,No,No,No,NA,NA,NA,NA,NA,NA,0,NA,Falta de interés/gusto,No,2024
65,Sí,Sí,No,No,Sí,No,Sí,No,NA,NA,NA,NA,30,Poca,NA,No,2024
22,Sí,Sí,Sí,No,No,Sí,Sí,No,No,Sí,NA,NA,10,La mitad,NA,No,2024
62,NA,NA,NA,NA,NA,NA,NA,NA,NA,NA,NA,NA,0,NA,NA,NA,2024
41,Sí,Sí,No,No,Sí,Sí,Sí,No,NA,NA,NA,NA,60,La mayor parte,NA,Sí,2024
42,Sí,Sí,Sí,No,Sí,Sí,No,Sí,No,Sí,NA,NA,20,La mitad,NA,Sí,2024
83,Sí,Sí,No,Sí,No,No,No,Sí,NA,NA,No,Sí,30,La mitad,NA,Sí,2024
76,No,No,No,No,No,No,NA,NA,NA,NA,NA,NA,0,NA,Problemas de salud,No,2024
54,Sí,Sí,No,No,No,No,No,Sí,NA,NA,NA,NA,30,La mayor parte,NA,No recuerda,2024
32,Sí,Sí,No,No,No,Sí,Sí,No,NA,NA,NA,NA,10,La mayor parte,NA,No,2024
58,Sí,Sí,No,No,No,No,Sí,No,NA,NA,NA,NA,5,La mayor parte,NA,No,2024
73,Sí,Sí,No,No,No,No,No,Sí,NA,NA,NA,NA,10,La mitad,NA,No recuerda,2024
25,Sí,Sí,No,No,Sí,Sí,Sí,No,NA,NA,NA,NA,15,Poca,NA,Sí,2024
48,Sí,Sí,No,No,Sí,No,No,Sí,NA,NA,NA,NA,60,La mayor parte,NA,Sí,2024
37,Sí,Sí,No,Sí,No,Sí,Sí,No,NA,NA,Sí,No,25,Toda,NA,Sí,2024
44,Sí,Sí,No,No,Sí,No,No,Sí,NA,NA,NA,NA,15,La mitad,NA,No,2024
46,No,No,No,No,No,Sí,NA,NA,NA,NA,NA,NA,20,La mayor parte,NA,No,2024
37,No,No,No,No,No,No,NA,NA,NA,NA,NA,NA,0,NA,Falta de interés/gusto,Sí,2024
24,No,No,No,No,No,No,NA,NA,NA,NA,NA,NA,0,NA,Falta de tiempo,No,2024
46,No,No,No,No,No,No,NA,NA,NA,NA,NA,NA,0,NA,Falta de tiempo,Sí,2024
73,No,No,No,No,No,No,NA,NA,NA,NA,NA,NA,0,NA,Falta de tiempo,Sí,2024
36,Sí,Sí,No,No,No,No,Sí,No,NA,NA,NA,NA,60,La mayor parte,NA,Sí,2024
71,No,No,No,No,No,No,NA,NA,NA,NA,NA,NA,0,NA,Falta de tiempo,No,2024
39,Sí,No,No,No,No,Sí,NA,NA,NA,NA,NA,NA,5,La mitad,NA,Sí,2024
77,Sí,Sí,No,No,No,No,No,Sí,NA,NA,NA,NA,40,La mayor parte,NA,Sí,2024
30,Sí,Sí,No,No,No,No,No,Sí,NA,NA,NA,NA,40,La mitad,NA,No,2024
39,No,No,No,No,No,No,NA,NA,NA,NA,NA,NA,0,NA,Falta de interés/gusto,No,2024
49,No,No,No,No,No,Sí,NA,NA,NA,NA,NA,NA,30,La mayor parte,NA,No,2024
55,Sí,No,No,Sí,No,No,NA,NA,NA,NA,No,Sí,20,La mayor parte,NA,No,2024
35,Sí,Sí,No,No,No,Sí,No,Sí,NA,NA,NA,NA,40,La mayor parte,NA,No,2024
44,Sí,No,Sí,No,No,Sí,NA,NA,No,Sí,NA,NA,30,La mayor parte,NA,No,2024
35,Sí,Sí,No,No,No,No,No,Sí,NA,NA,NA,NA,30,La mitad,NA,No,2024
21,No,Sí,Sí,No,Sí,Sí,Sí,No,Sí,No,NA,NA,30,Toda,NA,Sí,2024
36,No,No,No,No,No,Sí,NA,NA,NA,NA,NA,NA,30,La mitad,NA,Sí,2024
41,No,No,No,No,No,No,NA,NA,NA,NA,NA,NA,0,NA,Falta de tiempo,Sí,2024
21,No,No,No,No,No,Sí,NA,NA,NA,NA,NA,NA,30,Toda,NA,Sí,2024
64,No,No,No,No,No,No,NA,NA,NA,NA,NA,NA,0,NA,Falta de tiempo,No,2024
24,No,No,No,No,No,Sí,NA,NA,NA,NA,NA,NA,35,La mitad,NA,No,2024
20,Sí,Sí,No,No,No,Sí,No,Sí,NA,NA,NA,NA,60,Toda,NA,No,2024
25,No,No,No,No,No,No,NA,NA,NA,NA,NA,NA,0,NA,Falta de interés/gusto,No,2024
34,No,No,No,No,No,No,NA,NA,NA,NA,NA,NA,0,NA,Falta de interés/gusto,No,2024
24,No,No,No,No,No,No,NA,NA,NA,NA,NA,NA,0,NA,Falta de tiempo,No,2024
44,No,No,No,No,No,Sí,NA,NA,NA,NA,NA,NA,60,Toda,NA,Sí,2024
38,Sí,No,No,No,No,Sí,NA,NA,NA,NA,NA,NA,60,La mayor parte,NA,No recuerda,2024
47,Sí,Sí,Sí,No,No,Sí,No,Sí,Sí,No,NA,NA,30,La mayor parte,NA,Sí,2024
55,No,No,No,No,No,No,NA,NA,NA,NA,NA,NA,0,NA,Falta de tiempo,Sí,2024
60,No,No,No,No,No,No,NA,NA,NA,NA,NA,NA,0,NA,Falta de tiempo,Sí,2024
53,Sí,No,No,No,No,Sí,NA,NA,NA,NA,NA,NA,40,La mitad,NA,No,2024
21,No,No,No,No,No,Sí,NA,NA,NA,NA,NA,NA,60,La mitad,NA,Sí,2024
40,No,No,No,No,No,Sí,NA,NA,NA,NA,NA,NA,5,Poca,NA,No,2024
55,Sí,Sí,Sí,No,No,Sí,No,Sí,No,Sí,NA,NA,30,La mitad,NA,Sí,2024
87,NA,NA,NA,NA,NA,NA,NA,NA,NA,NA,NA,NA,0,NA,NA,NA,2024
68,No,No,No,No,No,No,NA,NA,NA,NA,NA,NA,0,NA,Falta de interés/gusto,No,2024
41,No,No,No,No,No,No,NA,NA,NA,NA,NA,NA,0,NA,Falta de tiempo,No,2024
51,No,No,No,No,No,No,NA,NA,NA,NA,NA,NA,0,NA,Falta de interés/gusto,No,2024
40,Sí,Sí,No,No,No,Sí,No,Sí,NA,NA,NA,NA,120,La mayor parte,NA,Sí,2024
60,Sí,No,No,No,No,Sí,NA,NA,NA,NA,NA,NA,15,Toda,NA,Sí,2024
62,No,No,No,Sí,No,Sí,NA,NA,NA,NA,No,Sí,60,La mayor parte,NA,No recuerda,2024
47,No,No,No,No,No,No,NA,NA,NA,NA,NA,NA,0,NA,Falta de tiempo,No,2024
34,No,No,No,No,No,Sí,NA,NA,NA,NA,NA,NA,30,La mayor parte,NA,Sí,2024
44,No,No,No,No,No,No,NA,NA,NA,NA,NA,NA,0,NA,Falta de tiempo,No,2024
33,Sí,Sí,No,No,No,No,No,Sí,NA,NA,NA,NA,30,La mayor parte,NA,Sí,2024
33,Sí,Sí,No,No,Sí,No,No,Sí,NA,NA,NA,NA,15,Poca,NA,No,2024
33,Sí,Sí,No,No,No,Sí,No,Sí,NA,NA,NA,NA,300,La mayor parte,NA,No,2024
71,Sí,No,No,No,No,No,NA,NA,NA,NA,NA,NA,0,NA,Problemas de salud,No,2024
19,Sí,Sí,No,Sí,No,Sí,No,Sí,NA,NA,Sí,No,30,La mayor parte,NA,Sí,2024
30,No,No,No,No,No,No,NA,NA,NA,NA,NA,NA,0,NA,Falta de interés/gusto,No recuerda,2024
31,No,No,No,No,No,No,NA,NA,NA,NA,NA,NA,0,NA,Falta de interés/gusto,No recuerda,2024
40,Sí,Sí,No,No,No,Sí,Sí,No,NA,NA,NA,NA,60,La mayor parte,NA,No,2024
62,No,No,No,No,No,No,NA,NA,NA,NA,NA,NA,0,NA,Falta de interés/gusto,No,2024
56,No,No,No,Sí,No,No,NA,NA,NA,NA,Sí,No,10,La mitad,NA,Sí,2024
38,No,No,No,No,No,No,NA,NA,NA,NA,NA,NA,0,NA,Falta de tiempo,Sí,2024
32,No,No,No,No,No,No,NA,NA,NA,NA,NA,NA,0,NA,Falta de tiempo,Sí,2024
23,Sí,No,No,No,Sí,Sí,NA,NA,NA,NA,NA,NA,10,La mayor parte,NA,Sí,2024
57,Sí,No,No,No,No,No,NA,NA,NA,NA,NA,NA,0,NA,Falta de tiempo,No,2024
67,Sí,Sí,No,Sí,No,No,No,Sí,NA,NA,No,Sí,60,La mayor parte,NA,Sí,2024
18,Sí,Sí,No,No,Sí,Sí,Sí,No,NA,NA,NA,NA,60,La mayor parte,NA,Sí,2024
19,Sí,Sí,No,No,No,Sí,No,Sí,NA,NA,NA,NA,15,La mayor parte,NA,Sí,2024
69,No,No,No,No,No,Sí,NA,NA,NA,NA,NA,NA,15,La mayor parte,NA,No,2024
30,No,No,Sí,No,No,Sí,NA,NA,Sí,No,NA,NA,20,La mayor parte,NA,Sí,2024
54,Sí,Sí,No,No,No,No,No,Sí,NA,NA,NA,NA,60,Poca,NA,No,2024
45,Sí,Sí,No,No,No,No,No,Sí,NA,NA,NA,NA,40,La mitad,NA,No,2024
28,Sí,No,Sí,No,No,Sí,NA,NA,Sí,No,NA,NA,20,La mayor parte,NA,Sí,2024
44,No,No,No,No,No,No,NA,NA,NA,NA,NA,NA,0,NA,Falta de interés/gusto,No,2024
44,No,No,No,No,No,Sí,NA,NA,NA,NA,NA,NA,10,La mayor parte,NA,No,2024
55,Sí,No,No,No,No,Sí,NA,NA,NA,NA,NA,NA,10,La mitad,NA,Sí,2024
24,Sí,Sí,No,No,No,Sí,Sí,No,NA,NA,NA,NA,60,Toda,NA,No,2024
20,Sí,No,No,No,No,Sí,NA,NA,NA,NA,NA,NA,10,La mayor parte,NA,Sí,2024
42,Sí,No,No,No,No,Sí,NA,NA,NA,NA,NA,NA,20,La mayor parte,NA,No,2024
28,No,No,No,No,No,No,NA,NA,NA,NA,NA,NA,0,NA,Falta de tiempo,No,2024
47,No,No,No,No,No,No,NA,NA,NA,NA,NA,NA,0,NA,Falta de interés/gusto,No,2024
51,No,No,No,No,No,No,NA,NA,NA,NA,NA,NA,0,NA,Falta de interés/gusto,No,2024
21,Sí,No,No,No,Sí,No,NA,NA,NA,NA,NA,NA,30,La mitad,NA,No,2024
55,Sí,Sí,Sí,Sí,No,Sí,Sí,No,Sí,No,Sí,No,120,Toda,NA,Sí,2024
56,No,No,No,No,No,No,NA,NA,NA,NA,NA,NA,0,NA,Falta de tiempo,No,2024
51,Sí,Sí,No,Sí,No,No,No,Sí,NA,NA,No,Sí,15,La mayor parte,NA,Sí,2024
61,No,No,No,No,No,No,NA,NA,NA,NA,NA,NA,0,NA,Falta de tiempo,No,2024
44,Sí,No,No,No,No,Sí,NA,NA,NA,NA,NA,NA,60,La mayor parte,NA,No,2024
21,No,No,No,No,No,Sí,NA,NA,NA,NA,NA,NA,38,La mitad,NA,No,2024
68,Sí,No,No,No,No,No,NA,NA,NA,NA,NA,NA,0,NA,Falta de tiempo,No recuerda,2024
28,No,No,No,No,No,No,NA,NA,NA,NA,NA,NA,0,NA,Falta de tiempo,No recuerda,2024
29,No,No,Sí,No,No,No,NA,NA,No,Sí,NA,NA,20,La mayor parte,NA,No recuerda,2024
51,No,No,No,No,No,No,NA,NA,NA,NA,NA,NA,0,NA,Falta de tiempo,No recuerda,2024
37,Sí,Sí,Sí,No,No,No,No,Sí,No,Sí,NA,NA,10,La mayor parte,NA,No,2024
62,Sí,No,No,Sí,No,No,NA,NA,NA,NA,No,Sí,40,La mayor parte,NA,Sí,2024
60,Sí,No,Sí,Sí,No,No,NA,NA,Sí,No,No,Sí,30,Toda,NA,No,2024
52,Sí,Sí,No,No,No,No,No,Sí,NA,NA,NA,NA,45,La mayor parte,NA,Sí,2024
37,Sí,Sí,No,No,No,Sí,No,Sí,NA,NA,NA,NA,60,Toda,NA,Sí,2024
33,Sí,No,No,Sí,No,No,NA,NA,NA,NA,No,Sí,50,La mayor parte,NA,Sí,2024
60,Sí,Sí,No,No,No,No,No,Sí,NA,NA,NA,NA,20,La mayor parte,NA,Sí,2024
55,No,No,No,No,No,No,NA,NA,NA,NA,NA,NA,0,NA,Falta de tiempo,Sí,2024
63,Sí,Sí,No,Sí,No,No,No,Sí,NA,NA,No,Sí,60,La mayor parte,NA,Sí,2024
40,No,No,No,No,No,No,NA,NA,NA,NA,NA,NA,0,NA,Falta de tiempo,No,2024
51,Sí,Sí,No,Sí,No,No,No,Sí,NA,NA,No,Sí,45,La mayor parte,NA,Sí,2024
23,Sí,Sí,No,No,No,Sí,No,Sí,NA,NA,NA,NA,50,Toda,NA,Sí,2024
57,No,No,No,No,No,No,NA,NA,NA,NA,NA,NA,0,NA,Falta de tiempo,No recuerda,2024
78,No,No,No,No,No,No,NA,NA,NA,NA,NA,NA,0,NA,Falta de tiempo,No,2024
50,No,No,No,Sí,No,No,NA,NA,NA,NA,No,Sí,10,La mayor parte,NA,No,2024
38,Sí,Sí,No,No,No,Sí,No,Sí,NA,NA,NA,NA,60,Toda,NA,Sí,2024
48,Sí,Sí,No,No,No,No,Sí,No,NA,NA,NA,NA,25,La mayor parte,NA,Sí,2024
33,No,No,No,No,No,No,NA,NA,NA,NA,NA,NA,0,NA,Falta de tiempo,No recuerda,2024
59,Sí,No,No,Sí,No,No,NA,NA,NA,NA,No,Sí,50,La mayor parte,NA,Sí,2024
51,Sí,No,Sí,No,No,No,NA,NA,Sí,No,NA,NA,30,La mayor parte,NA,Sí,2024
80,Sí,No,No,Sí,No,No,NA,NA,NA,NA,No,Sí,40,La mitad,NA,Sí,2024
48,Sí,Sí,No,No,No,Sí,No,Sí,NA,NA,NA,NA,60,Toda,NA,Sí,2024
44,Sí,Sí,No,No,No,No,No,Sí,NA,NA,NA,NA,70,La mayor parte,NA,Sí,2024
42,No,No,No,No,No,No,NA,NA,NA,NA,NA,NA,0,NA,Falta de tiempo,No,2024
75,NA,NA,NA,NA,NA,NA,NA,NA,NA,NA,NA,NA,0,NA,NA,NA,2024
77,Sí,No,Sí,Sí,No,No,NA,NA,No,Sí,No,Sí,10,La mayor parte,NA,No,2024
25,No,No,Sí,No,No,No,NA,NA,No,Sí,NA,NA,20,La mayor parte,NA,No recuerda,2024
18,Sí,Sí,No,No,No,Sí,No,Sí,NA,NA,NA,NA,60,Toda,NA,Sí,2024
35,Sí,No,Sí,Sí,No,No,NA,NA,No,Sí,No,Sí,50,La mayor parte,NA,Sí,2024
57,Sí,No,No,Sí,No,No,NA,NA,NA,NA,No,Sí,45,La mayor parte,NA,Sí,2024
41,Sí,Sí,No,No,No,No,No,Sí,NA,NA,NA,NA,60,La mayor parte,NA,Sí,2024
40,No,No,No,No,No,No,NA,NA,NA,NA,NA,NA,0,NA,Falta de tiempo,Sí,2024
61,Sí,Sí,No,No,No,No,No,Sí,NA,NA,NA,NA,60,La mayor parte,NA,Sí,2024
24,Sí,Sí,No,No,No,No,No,Sí,NA,NA,NA,NA,60,La mayor parte,NA,Sí,2024
22,Sí,Sí,No,No,No,Sí,No,Sí,NA,NA,NA,NA,60,La mitad,NA,Sí,2024
52,Sí,Sí,No,No,No,No,No,Sí,NA,NA,NA,NA,60,Toda,NA,Sí,2024
45,Sí,No,Sí,No,No,Sí,NA,NA,No,Sí,NA,NA,10,La mayor parte,NA,Sí,2024
88,NA,NA,NA,NA,NA,NA,NA,NA,NA,NA,NA,NA,0,NA,NA,NA,2024
28,Sí,No,No,Sí,No,No,NA,NA,NA,NA,No,Sí,45,La mayor parte,NA,Sí,2024
69,Sí,Sí,No,No,No,No,No,Sí,NA,NA,NA,NA,40,La mayor parte,NA,Sí,2024
42,Sí,Sí,No,No,No,No,No,Sí,NA,NA,NA,NA,50,La mayor parte,NA,Sí,2024
60,Sí,No,No,Sí,No,No,NA,NA,NA,NA,No,Sí,40,La mitad,NA,Sí,2024
27,Sí,Sí,No,No,No,No,No,Sí,NA,NA,NA,NA,60,Toda,NA,Sí,2024
31,Sí,No,No,Sí,No,No,NA,NA,NA,NA,No,Sí,5,Poca,NA,No,2024
81,No,No,No,No,No,No,NA,NA,NA,NA,NA,NA,0,NA,Falta de interés/gusto,No,2024
58,No,No,No,No,No,No,NA,NA,NA,NA,NA,NA,0,NA,Falta de tiempo,No,2024
23,No,No,Sí,No,Sí,Sí,NA,NA,No,Sí,NA,NA,40,La mayor parte,NA,Sí,2024
44,No,No,No,No,No,No,NA,NA,NA,NA,NA,NA,0,NA,Falta de interés/gusto,No,2024
35,Sí,Sí,Sí,No,No,Sí,Sí,No,Sí,No,NA,NA,120,La mayor parte,NA,No,2024
44,Sí,Sí,No,No,No,No,No,Sí,NA,NA,NA,NA,40,La mayor parte,NA,Sí,2024
31,Sí,Sí,No,No,No,Sí,Sí,No,NA,NA,NA,NA,60,La mayor parte,NA,Sí,2024
28,Sí,Sí,No,No,No,Sí,Sí,No,NA,NA,NA,NA,35,La mayor parte,NA,No,2024
24,No,Sí,Sí,No,No,Sí,No,Sí,No,Sí,NA,NA,30,La mayor parte,NA,Sí,2024
40,Sí,Sí,No,Sí,No,Sí,No,Sí,NA,NA,No,Sí,30,La mitad,NA,Sí,2024
61,Sí,Sí,No,Sí,No,Sí,Sí,No,NA,NA,Sí,No,20,Toda,NA,Sí,2024
69,No,No,No,No,No,No,NA,NA,NA,NA,NA,NA,0,NA,Problemas de salud,Sí,2024
33,Sí,Sí,Sí,No,No,No,No,Sí,No,Sí,NA,NA,20,La mayor parte,NA,No,2024
38,Sí,No,No,No,No,No,NA,NA,NA,NA,NA,NA,0,NA,Prefiere otras actividades,Sí,2024
66,Sí,Sí,No,No,No,No,No,Sí,NA,NA,NA,NA,120,La mayor parte,NA,No,2024
57,No,No,No,No,No,No,NA,NA,NA,NA,NA,NA,0,NA,Falta de tiempo,No recuerda,2024
63,Sí,No,Sí,No,No,No,NA,NA,No,Sí,NA,NA,15,La mitad,NA,No,2024
67,Sí,No,No,Sí,No,Sí,NA,NA,NA,NA,No,Sí,60,Toda,NA,Sí,2024
35,No,No,No,Sí,No,No,NA,NA,NA,NA,No,Sí,30,La mayor parte,NA,No,2024
50,No,No,No,Sí,No,No,NA,NA,NA,NA,No,Sí,15,La mayor parte,NA,Sí,2024
72,Sí,Sí,No,No,No,Sí,No,Sí,NA,NA,NA,NA,30,La mayor parte,NA,No recuerda,2024
64,Sí,No,No,No,No,Sí,NA,NA,NA,NA,NA,NA,120,La mayor parte,NA,Sí,2024
71,Sí,No,No,No,No,Sí,NA,NA,NA,NA,NA,NA,15,La mayor parte,NA,Sí,2024
69,No,No,No,No,No,No,NA,NA,NA,NA,NA,NA,0,NA,Falta de interés/gusto,No,2024
67,No,No,No,No,No,No,NA,NA,NA,NA,NA,NA,0,NA,Falta de tiempo,No recuerda,2024
58,Sí,Sí,No,Sí,No,Sí,No,Sí,NA,NA,No,Sí,60,Toda,NA,No,2024
67,No,No,No,No,No,No,NA,NA,NA,NA,NA,NA,0,NA,Falta de interés/gusto,No,2024
65,No,No,No,Sí,No,No,NA,NA,NA,NA,No,Sí,30,La mayor parte,NA,No recuerda,2024
64,No,No,Sí,No,Sí,Sí,NA,NA,No,Sí,NA,NA,10,La mayor parte,NA,Sí,2024
42,No,Sí,No,Sí,No,Sí,Sí,No,NA,NA,Sí,No,30,La mayor parte,NA,Sí,2024
64,NA,NA,NA,NA,NA,NA,NA,NA,NA,NA,NA,NA,0,NA,NA,NA,2024
68,No,No,No,No,No,No,NA,NA,NA,NA,NA,NA,0,NA,Prefiere otras actividades,No,2024
22,No,No,Sí,No,No,Sí,NA,NA,Sí,No,NA,NA,30,La mayor parte,NA,No,2024
65,NA,NA,NA,NA,NA,NA,NA,NA,NA,NA,NA,NA,0,NA,NA,NA,2024
70,Sí,No,No,Sí,No,Sí,NA,NA,NA,NA,No,Sí,30,La mitad,NA,No recuerda,2024
70,No,No,No,No,No,No,NA,NA,NA,NA,NA,NA,0,NA,Falta de tiempo,No recuerda,2024
29,No,No,Sí,No,Sí,Sí,NA,NA,No,Sí,NA,NA,20,La mitad,NA,No,2024
38,No,No,No,No,No,Sí,NA,NA,NA,NA,NA,NA,30,La mayor parte,NA,No,2024
53,No,No,No,No,No,No,NA,NA,NA,NA,NA,NA,0,NA,Falta de interés/gusto,Sí,2024
28,No,No,No,No,No,No,NA,NA,NA,NA,NA,NA,0,NA,Falta de tiempo,No,2024
19,No,Sí,No,Sí,Sí,Sí,Sí,No,NA,NA,No,Sí,120,La mayor parte,NA,No,2024
19,No,No,No,No,No,Sí,NA,NA,NA,NA,NA,NA,60,La mitad,NA,Sí,2024
67,Sí,Sí,No,No,No,Sí,Sí,Sí,NA,NA,NA,NA,120,Toda,NA,No,2024
31,Sí,Sí,No,No,No,Sí,No,Sí,NA,NA,NA,NA,30,La mayor parte,NA,Sí,2024
40,Sí,Sí,No,No,No,Sí,No,Sí,NA,NA,NA,NA,30,La mitad,NA,Sí,2024
63,No,No,No,No,No,No,NA,NA,NA,NA,NA,NA,0,NA,Prefiere otras actividades,Sí,2024
64,Sí,No,No,No,No,Sí,NA,NA,NA,NA,NA,NA,30,La mayor parte,NA,Sí,2024
68,No,No,No,No,No,No,NA,NA,NA,NA,NA,NA,0,NA,Problemas de salud,Sí,2024
78,Sí,Sí,No,No,No,No,No,Sí,NA,NA,NA,NA,30,La mitad,NA,Sí,2024
33,Sí,Sí,Sí,No,No,Sí,No,Sí,No,Sí,NA,NA,30,La mayor parte,NA,Sí,2024
46,No,No,No,No,No,No,NA,NA,NA,NA,NA,NA,0,NA,Falta de tiempo,No,2024
31,No,No,Sí,No,No,No,NA,NA,No,Sí,NA,NA,20,La mayor parte,NA,Sí,2024
47,Sí,Sí,Sí,No,Sí,No,No,Sí,No,Sí,NA,NA,60,La mitad,NA,Sí,2024
19,No,No,No,No,No,Sí,NA,NA,NA,NA,NA,NA,30,La mayor parte,NA,Sí,2024
48,Sí,Sí,No,No,No,No,No,Sí,NA,NA,NA,NA,10,La mitad,NA,No,2024
41,No,No,No,No,No,No,NA,NA,NA,NA,NA,NA,0,NA,Falta de tiempo,Sí,2024
74,Sí,No,No,No,No,No,NA,NA,NA,NA,NA,NA,0,NA,Problemas de salud,Sí,2024
21,Sí,Sí,Sí,No,No,Sí,No,Sí,No,Sí,NA,NA,20,La mayor parte,NA,Sí,2024
33,Sí,Sí,No,No,No,No,No,Sí,NA,NA,NA,NA,60,Toda,NA,Sí,2024
23,Sí,Sí,No,No,No,Sí,Sí,Sí,NA,NA,NA,NA,360,Toda,NA,Sí,2024
44,Sí,Sí,No,No,No,Sí,No,Sí,NA,NA,NA,NA,30,La mayor parte,NA,Sí,2024
47,Sí,No,No,No,No,Sí,NA,NA,NA,NA,NA,NA,30,Toda,NA,Sí,2024
25,No,Sí,Sí,No,Sí,Sí,Sí,No,Sí,No,NA,NA,60,La mayor parte,NA,Sí,2024
41,No,No,No,Sí,No,Sí,NA,NA,NA,NA,No,Sí,15,Toda,NA,No,2024
63,Sí,No,No,No,No,No,NA,NA,NA,NA,NA,NA,0,NA,Falta de tiempo,Sí,2024
49,No,No,No,No,No,No,NA,NA,NA,NA,NA,NA,0,NA,Falta de tiempo,No,2024
53,Sí,No,Sí,No,No,Sí,NA,NA,No,Sí,NA,NA,5,La mayor parte,NA,No,2024
37,Sí,Sí,No,Sí,Sí,No,No,Sí,NA,NA,No,Sí,30,Toda,NA,Sí,2024
76,Sí,Sí,No,No,No,No,No,Sí,NA,NA,NA,NA,15,La mitad,NA,No,2024
47,Sí,Sí,No,No,No,No,No,Sí,NA,NA,NA,NA,60,La mayor parte,NA,Sí,2024
63,Sí,No,Sí,No,No,No,NA,NA,No,Sí,NA,NA,20,La mitad,NA,No,2024
61,Sí,Sí,No,No,No,Sí,No,Sí,NA,NA,NA,NA,10,La mayor parte,NA,Sí,2024
59,Sí,Sí,No,No,No,Sí,No,Sí,NA,NA,NA,NA,120,La mayor parte,NA,No,2024
36,Sí,Sí,No,No,No,Sí,Sí,Sí,NA,NA,NA,NA,30,Toda,NA,Sí,2024
21,Sí,Sí,No,No,No,Sí,Sí,No,NA,NA,NA,NA,10,La mayor parte,NA,Sí,2024
51,No,No,No,No,No,No,NA,NA,NA,NA,NA,NA,0,NA,Falta de tiempo,Sí,2024
