edad,p2,p3_1,p3_2,p3_3,p3_4,p3_5,p8_1,p8_2,p14_1,p14_2,p20_1,p20_2,p26,p30,p32,p34_4,year,grupo_edad,grupo_edad_numerico,reads_physical,reads_digital
52,2,2,2,2,2,2,0,0,0,0,0,0,0,0,3,2,2019,46-55,3,0,0
75,2,2,2,2,2,2,0,0,0,0,0,0,0,0,5,1,2019,70+,5,0,0
67,2,2,2,1,2,2,0,0,0,0,1,2,15,2,0,1,2019,56-70,4,1,0
65,2,2,2,2,2,2,0,0,0,0,0,0,0,0,5,1,2019,56-70,4,0,0
66,2,2,2,2,2,2,0,0,0,0,0,0,0,0,2,1,2019,56-70,4,0,0
39,1,2,1,1,2,1,0,0,2,1,2,1,10,4,0,1,2019,31-45,2,1,1
47,1,1,2,2,2,1,2,1,0,0,0,0,60,3,0,1,2019,46-55,3,1,1
42,1,2,2,1,2,2,0,0,0,0,2,1,15,3,0,1,2019,31-45,2,1,0
67,2,2,2,2,2,2,0,0,0,0,0,0,0,0,1,3,2019,56-70,4,0,0
45,1,2,2,1,2,2,0,0,0,0,2,1,20,3,0,1,2019,31-45,2,1,0
51,2,2,2,2,2,2,0,0,0,0,0,0,0,0,3,1,2019,46-55,3,0,0
50,1,1,2,2,2,1,2,1,0,0,0,0,30,3,0,1,2019,46-55,3,1,1
29,1,1,2,2,2,1,1,1,0,0,0,0,40,3,0,1,2019,18-30,1,1,1
62,2,2,2,2,2,2,0,0,0,0,0,0,0,0,3,1,2019,56-70,4,0,0
63,1,1,2,2,2,2,2,1,0,0,0,0,40,3,0,1,2019,56-70,4,1,0
73,1,1,2,2,2,2,2,1,0,0,0,0,30,3,0,1,2019,70+,5,1,0
56,2,2,2,2,2,2,0,0,0,0,0,0,0,0,3,1,2019,56-70,4,0,0
24,2,2,2,2,2,2,0,0,0,0,0,0,0,0,3,1,2019,18-30,1,0,0
47,1,1,2,2,2,2,1,2,0,0,0,0,30,3,0,2,2019,46-55,3,1,0
41,2,2,2,2,2,2,0,0,0,0,0,0,0,0,3,2,2019,31-45,2,0,0
28,2,2,2,1,2,1,0,0,0,0,2,1,10,3,0,1,2019,18-30,1,1,1
56,2,2,2,2,2,2,0,0,0,0,0,0,0,0,3,2,2019,56-70,4,0,0
31,2,2,2,2,2,2,0,0,0,0,0,0,0,0,3,1,2019,31-45,2,0,0
37,2,2,2,2,2,2,0,0,0,0,0,0,0,0,3,1,2019,31-45,2,0,0
43,1,1,2,1,2,1,1,2,0,0,1,2,30,3,0,1,2019,31-45,2,1,1
52,1,1,2,2,2,1,2,1,0,0,0,0,40,3,0,1,2019,46-55,3,1,1
19,2,2,2,1,2,1,0,0,0,0,2,1,10,3,0,1,2019,18-30,1,1,1
21,2,2,2,2,2,1,0,0,0,0,0,0,10,3,0,1,2019,18-30,1,0,1
25,2,2,2,1,2,2,0,0,0,0,2,1,10,3,0,1,2019,18-30,1,1,0
50,2,2,2,2,2,2,0,0,0,0,0,0,0,0,3,1,2019,46-55,3,0,0
25,1,1,2,2,2,1,1,1,0,0,0,0,30,3,0,1,2019,18-30,1,1,1
20,1,1,2,2,2,1,1,1,0,0,0,0,45,3,0,1,2019,18-30,1,1,1
62,1,1,2,2,2,1,1,2,0,0,0,0,30,3,0,1,2019,56-70,4,1,1
18,2,2,2,2,2,2,0,0,0,0,0,0,0,0,2,1,2019,18-30,1,0,0
43,2,2,2,2,2,2,0,0,0,0,0,0,0,0,2,1,2019,31-45,2,0,0
35,2,2,2,2,2,1,0,0,0,0,0,0,15,3,0,1,2019,31-45,2,0,1
40,2,2,2,2,2,2,0,0,0,0,0,0,0,0,3,1,2019,31-45,2,0,0
38,2,2,2,2,2,1,0,0,0,0,0,0,15,3,0,1,2019,31-45,2,0,1
40,2,2,2,2,2,2,0,0,0,0,0,0,0,0,3,1,2019,31-45,2,0,0
47,2,2,2,2,2,2,0,0,0,0,0,0,0,0,3,2,2019,46-55,3,0,0
21,1,1,2,2,2,1,1,1,0,0,0,0,30,3,0,1,2019,18-30,1,1,1
75,2,2,2,2,2,2,0,0,0,0,0,0,0,0,5,2,2019,70+,5,0,0
37,2,2,2,2,2,1,0,0,0,0,0,0,15,3,0,1,2019,31-45,2,0,1
41,2,2,2,2,2,2,0,0,0,0,0,0,0,0,3,1,2019,31-45,2,0,0
34,1,2,2,1,2,2,0,0,0,0,2,1,20,1,0,1,2019,31-45,2,1,0
43,2,2,2,2,2,1,0,0,0,0,0,0,15,3,0,1,2019,31-45,2,0,1
50,1,1,1,1,2,1,2,1,2,1,2,1,60,3,0,1,2019,46-55,3,1,1
57,1,1,1,1,2,1,2,1,2,1,2,1,40,3,0,1,2019,56-70,4,1,1
78,1,1,1,1,2,1,2,1,2,1,2,1,120,3,0,1,2019,70+,5,1,1
41,1,1,2,2,2,1,2,1,0,0,0,0,30,3,0,2,2019,31-45,2,1,1
24,2,1,2,2,2,1,2,1,0,0,0,0,30,3,0,1,2019,18-30,1,1,1
33,2,2,2,2,2,2,0,0,0,0,0,0,0,0,1,2,2019,31-45,2,0,0
43,1,1,1,2,1,1,2,1,2,1,0,0,20,3,0,1,2019,31-45,2,1,1
36,2,2,1,2,2,1,0,0,1,2,0,0,5,2,0,1,2019,31-45,2,1,1
35,1,1,1,1,2,1,2,1,2,1,2,1,20,3,0,1,2019,31-45,2,1,1
25,1,2,2,2,2,1,0,0,0,0,0,0,10,2,0,2,2019,18-30,1,0,1
45,2,2,2,2,2,1,0,0,0,0,0,0,20,4,0,2,2019,31-45,2,0,1
46,2,2,2,1,2,1,0,0,0,0,2,1,30,3,0,1,2019,46-55,3,1,1
56,1,2,2,1,2,1,0,0,0,0,1,2,60,3,0,1,2019,56-70,4,1,1
60,1,1,2,1,2,1,2,1,0,0,2,1,60,3,0,1,2019,56-70,4,1,1
65,1,2,1,2,2,2,0,0,2,1,0,0,20,2,0,2,2019,56-70,4,1,0
47,2,2,2,2,2,2,0,0,0,0,0,0,0,0,3,2,2019,46-55,3,0,0
36,1,2,2,2,2,1,0,0,0,0,0,0,60,4,0,1,2019,31-45,2,0,1
55,2,2,2,2,2,2,0,0,0,0,0,0,0,0,3,1,2019,46-55,3,0,0
57,2,2,1,2,2,1,0,0,2,1,0,0,15,2,0,1,2019,56-70,4,1,1
73,1,1,2,2,2,2,2,1,0,0,0,0,30,3,0,2,2019,70+,5,1,0
41,1,1,2,1,2,1,2,1,0,0,2,1,30,2,0,2,2019,31-45,2,1,1
36,1,1,1,1,2,1,2,1,2,1,2,1,30,3,0,1,2019,31-45,2,1,1
58,1,2,1,1,2,2,0,0,2,1,2,1,40,3,0,2,2019,56-70,4,1,0
28,2,2,2,2,2,2,0,0,0,0,0,0,0,0,1,2,2019,18-30,1,0,0
77,2,2,2,2,2,2,0,0,0,0,0,0,0,0,5,2,2019,70+,5,0,0
37,2,2,2,2,2,2,0,0,0,0,0,0,0,0,1,3,2019,31-45,2,0,0
35,2,2,2,2,2,2,0,0,0,0,0,0,0,0,5,2,2019,31-45,2,0,0
25,1,1,2,2,2,2,1,2,0,0,0,0,15,3,0,2,2019,18-30,1,1,0
55,2,2,2,2,2,2,0,0,0,0,0,0,0,0,1,2,2019,46-55,3,0,0
38,2,2,2,2,2,2,0,0,0,0,0,0,0,0,1,2,2019,31-45,2,0,0
43,1,1,2,2,2,1,2,1,0,0,0,0,15,3,0,1,2019,31-45,2,1,1
65,1,1,1,2,2,1,1,2,2,1,0,0,90,3,0,2,2019,56-70,4,1,1
73,2,2,2,2,2,2,0,0,0,0,0,0,0,0,1,1,2019,70+,5,0,0
40,1,2,1,2,2,1,0,0,2,1,0,0,20,4,0,1,2019,31-45,2,1,1
55,1,2,2,1,2,2,0,0,0,0,2,1,30,3,0,2,2019,46-55,3,1,0
39,1,1,1,2,2,1,1,2,2,1,0,0,80,4,0,1,2019,31-45,2,1,1
42,1,1,2,2,2,2,2,1,0,0,0,0,10,3,0,2,2019,31-45,2,1,0
55,1,1,2,2,2,2,2,1,0,0,0,0,30,4,0,2,2019,46-55,3,1,0
43,1,1,1,2,2,2,2,1,2,1,0,0,15,4,0,1,2019,31-45,2,1,0
45,1,2,1,2,2,2,0,0,2,1,0,0,30,4,0,2,2019,31-45,2,1,0
46,1,1,2,2,2,1,1,1,0,0,0,0,20,3,0,1,2019,46-55,3,1,1
64,2,2,2,2,2,2,0,0,0,0,0,0,0,0,5,2,2019,56-70,4,0,0
40,1,1,2,1,2,1,2,1,0,0,2,1,30,4,0,1,2019,31-45,2,1,1
53,1,2,2,1,2,2,0,0,0,0,2,1,15,3,0,2,2019,46-55,3,1,0
64,2,2,2,2,2,2,0,0,0,0,0,0,0,0,5,2,2019,56-70,4,0,0
37,2,2,2,2,2,2,0,0,0,0,0,0,0,0,3,1,2019,31-45,2,0,0
26,2,2,1,2,2,1,0,0,2,1,0,0,20,3,0,2,2019,18-30,1,1,1
33,2,2,2,2,2,2,0,0,0,0,0,0,0,0,3,2,2019,31-45,2,0,0
45,1,2,1,2,2,1,0,0,2,1,0,0,25,4,0,1,2019,31-45,2,1,1
52,1,1,2,2,2,2,2,1,0,0,0,0,40,3,0,1,2019,46-55,3,1,0
41,1,1,1,1,2,1,2,1,1,2,1,2,40,4,0,1,2019,31-45,2,1,1
31,1,2,2,2,2,1,0,0,0,0,0,0,25,4,0,1,2019,31-45,2,0,1
65,2,2,2,2,2,2,0,0,0,0,0,0,0,0,5,2,2019,56-70,4,0,0
72,1,1,1,2,2,2,2,1,2,1,0,0,60,3,0,2,2019,70+,5,1,0
48,1,1,2,2,2,1,2,1,0,0,0,0,25,4,0,1,2019,46-55,3,1,1
57,1,1,2,2,2,2,2,1,0,0,0,0,20,3,0,2,2019,56-70,4,1,0
71,1,2,1,2,2,2,0,0,2,1,0,0,20,2,0,2,2019,70+,5,1,0
53,1,2,1,2,2,1,0,0,1,2,0,0,20,4,0,2,2019,46-55,3,1,1
32,1,2,1,2,2,1,0,0,2,1,0,0,15,3,0,2,2019,31-45,2,1,1
23,1,1,2,2,2,1,1,2,0,0,0,0,60,3,0,2,2019,18-30,1,1,1
50,2,2,2,2,2,2,0,0,0,0,0,0,0,0,3,2,2019,46-55,3,0,0
47,1,1,2,1,2,1,2,1,0,0,1,2,60,4,0,2,2019,46-55,3,1,1
29,2,2,2,2,2,1,0,0,0,0,0,0,30,4,0,1,2019,18-30,1,0,1
29,1,1,1,2,2,2,2,1,2,1,0,0,80,4,0,1,2019,18-30,1,1,0
36,1,2,1,2,2,1,0,0,2,1,0,0,25,4,0,1,2019,31-45,2,1,1
28,1,2,2,2,2,1,0,0,0,0,0,0,30,4,0,2,2019,18-30,1,0,1
19,2,1,2,2,2,1,2,1,0,0,0,0,15,3,0,1,2019,18-30,1,1,1
77,2,2,2,2,2,2,0,0,0,0,0,0,0,0,5,2,2019,70+,5,0,0
39,1,2,1,2,2,1,0,0,1,2,0,0,25,4,0,1,2019,31-45,2,1,1
31,1,1,1,2,2,2,2,1,2,1,0,0,60,4,0,1,2019,31-45,2,1,0
48,1,1,1,2,2,1,2,1,2,1,0,0,40,4,0,1,2019,46-55,3,1,1
44,1,1,2,2,2,2,2,1,0,0,0,0,60,4,0,1,2019,31-45,2,1,0
54,1,2,2,1,2,1,0,0,0,0,2,1,25,4,0,1,2019,46-55,3,1,1
57,2,1,2,1,2,2,2,1,0,0,2,1,60,2,0,2,2019,56-70,4,1,0
73,1,1,2,1,2,2,2,1,0,0,2,1,60,3,0,2,2019,70+,5,1,0
57,1,1,1,1,2,2,2,1,2,1,2,1,30,3,0,1,2019,56-70,4,1,0
39,2,2,2,1,2,2,0,0,0,0,2,1,10,2,0,1,2019,31-45,2,1,0
70,1,1,2,1,2,2,2,1,0,0,2,1,120,3,0,1,2019,56-70,4,1,0
60,1,2,2,1,2,2,0,0,0,0,2,1,20,2,0,1,2019,56-70,4,1,0
60,1,2,1,1,2,1,0,0,1,2,2,1,40,3,0,1,2019,56-70,4,1,1
75,2,2,2,2,2,2,0,0,0,0,0,0,0,0,5,2,2019,70+,5,0,0
72,0,0,0,0,0,0,0,0,0,0,0,0,0,0,0,0,2019,70+,5,0,0
27,1,2,2,2,2,2,0,0,0,0,0,0,0,0,3,1,2019,18-30,1,0,0
36,1,1,2,2,2,2,2,1,0,0,0,0,60,3,0,1,2019,31-45,2,1,0
63,1,2,2,1,2,2,0,0,0,0,2,1,30,3,0,2,2019,56-70,4,1,0
56,1,2,2,1,2,1,0,0,0,0,2,1,30,3,0,1,2019,56-70,4,1,1
19,2,2,2,1,2,1,0,0,0,0,2,1,30,3,0,1,2019,18-30,1,1,1
24,1,1,2,2,2,1,2,1,0,0,0,0,60,4,0,1,2019,18-30,1,1,1
74,1,2,2,1,2,2,0,0,0,0,2,1,20,3,0,1,2019,70+,5,1,0
60,1,1,2,1,2,1,2,1,0,0,2,1,60,3,0,2,2019,56-70,4,1,1
46,1,1,1,1,2,2,2,1,2,1,2,1,30,3,0,1,2019,46-55,3,1,0
24,1,1,2,2,1,1,2,1,0,0,0,0,60,3,0,1,2019,18-30,1,1,1
36,1,1,2,1,2,1,1,1,0,0,2,1,120,4,0,1,2019,31-45,2,1,1
33,1,1,2,2,2,1,2,1,0,0,0,0,60,4,0,1,2019,31-45,2,1,1
32,2,2,2,1,2,1,0,0,0,0,2,1,30,2,0,2,2019,31-45,2,1,1
44,2,2,2,1,2,1,0,0,0,0,2,1,20,4,0,1,2019,31-45,2,1,1
64,1,1,2,1,2,2,2,1,0,0,2,1,20,2,0,2,2019,56-70,4,1,0
23,1,2,2,1,2,1,0,0,0,0,2,1,30,3,0,1,2019,18-30,1,1,1
37,2,2,2,2,2,2,0,0,0,0,0,0,0,0,1,2,2019,31-45,2,0,0
30,2,2,2,1,2,2,0,0,0,0,2,1,15,1,0,2,2019,18-30,1,1,0
38,2,2,2,2,2,2,0,0,0,0,0,0,0,0,5,1,2019,31-45,2,0,0
80,1,1,2,1,2,2,2,1,0,0,2,1,30,2,0,2,2019,70+,5,1,0
69,1,1,2,1,2,1,2,1,0,0,2,1,30,4,0,2,2019,56-70,4,1,1
69,1,2,2,1,2,2,0,0,0,0,2,1,60,4,0,2,2019,56-70,4,1,0
36,1,2,2,1,2,1,0,0,0,0,1,2,10,3,0,1,2019,31-45,2,1,1
43,1,2,1,2,2,1,0,0,2,1,0,0,15,2,0,1,2019,31-45,2,1,1
43,1,2,2,1,2,1,0,0,0,0,2,1,30,2,0,1,2019,31-45,2,1,1
63,2,2,2,2,2,2,0,0,0,0,0,0,0,0,3,2,2019,56-70,4,0,0
55,1,1,2,2,2,2,2,1,0,0,0,0,60,4,0,2,2019,46-55,3,1,0
26,1,1,2,2,1,1,2,1,0,0,0,0,30,4,0,2,2019,18-30,1,1,1
43,1,1,1,1,2,2,2,1,2,1,2,1,60,3,0,1,2019,31-45,2,1,0
49,1,1,2,2,2,1,2,1,0,0,0,0,30,3,0,2,2019,46-55,3,1,1
39,1,2,1,2,2,1,0,0,2,1,0,0,20,4,0,2,2019,31-45,2,1,1
42,2,2,2,2,2,2,0,0,0,0,0,0,0,0,3,2,2019,31-45,2,0,0
51,2,2,2,2,2,2,0,0,0,0,0,0,0,0,2,2,2019,46-55,3,0,0
32,1,1,2,2,1,1,1,2,0,0,0,0,30,3,0,1,2019,31-45,2,1,1
43,2,2,2,1,2,2,0,0,0,0,2,1,6,1,0,2,2019,31-45,2,1,0
68,2,2,2,2,2,2,0,0,0,0,0,0,0,0,1,2,2019,56-70,4,0,0
48,1,1,1,1,2,1,2,1,2,1,1,2,30,4,0,1,2019,46-55,3,1,1
39,2,2,2,2,2,2,0,0,0,0,0,0,0,0,3,1,2019,31-45,2,0,0
65,1,2,2,1,2,2,0,0,0,0,2,1,15,2,0,2,2019,56-70,4,1,0
63,2,2,2,2,2,2,0,0,0,0,0,0,0,0,1,2,2019,56-70,4,0,0
39,1,1,1,1,2,2,2,1,2,1,2,1,20,3,0,1,2019,31-45,2,1,0
20,1,1,2,2,2,1,2,1,0,0,0,0,20,4,0,1,2019,18-30,1,1,1
39,1,2,1,1,2,2,0,0,2,1,2,1,10,3,0,2,2019,31-45,2,1,0
56,1,2,1,1,2,1,0,0,1,2,2,1,60,3,0,1,2019,56-70,4,1,1
63,1,1,1,1,2,2,1,2,2,1,2,1,60,4,0,1,2019,56-70,4,1,0
37,2,2,2,2,2,2,0,0,0,0,0,0,0,0,3,1,2019,31-45,2,0,0
69,1,2,1,1,2,2,0,0,2,1,2,1,30,4,0,1,2019,56-70,4,1,0
39,2,2,2,2,2,1,0,0,0,0,0,0,30,3,0,1,2019,31-45,2,0,1
60,1,1,1,1,2,1,2,1,2,1,2,1,5,2,0,2,2019,56-70,4,1,1
52,1,2,2,2,2,2,0,0,0,0,0,0,0,0,1,1,2019,46-55,3,0,0
25,1,2,1,2,2,1,0,0,2,1,0,0,30,3,0,1,2019,18-30,1,1,1
49,1,1,2,2,2,1,2,1,0,0,0,0,20,3,0,2,2019,46-55,3,1,1
61,1,1,1,1,2,2,2,1,2,1,2,1,15,4,0,2,2019,56-70,4,1,0
36,1,2,1,1,2,2,0,0,2,1,2,1,5,4,0,2,2019,31-45,2,1,0
65,1,1,2,1,2,2,2,1,0,0,2,1,20,1,0,1,2019,56-70,4,1,0
49,2,2,2,1,2,2,0,0,0,0,2,1,5,4,0,1,2019,46-55,3,1,0
40,2,2,2,2,2,2,0,0,0,0,0,0,0,0,1,1,2019,31-45,2,0,0
33,2,2,1,2,2,1,0,0,2,1,0,0,60,3,0,1,2019,31-45,2,1,1
67,1,1,2,1,2,2,2,1,0,0,2,1,20,3,0,2,2019,56-70,4,1,0
44,2,2,2,2,2,1,0,0,0,0,0,0,5,3,0,1,2019,31-45,2,0,1
40,2,2,2,2,2,2,0,0,0,0,0,0,0,0,3,1,2019,31-45,2,0,0
21,1,1,1,1,2,1,2,1,2,1,1,2,60,4,0,1,2019,18-30,1,1,1
46,1,2,2,2,2,1,0,0,0,0,0,0,20,4,0,1,2019,46-55,3,0,1
28,1,2,1,2,1,1,0,0,1,2,0,0,15,3,0,1,2019,18-30,1,1,1
23,1,1,1,1,1,1,2,1,2,1,2,1,20,4,0,1,2019,18-30,1,1,1
45,2,2,2,2,2,2,0,0,0,0,0,0,0,0,1,1,2019,31-45,2,0,0
55,1,2,1,1,2,2,0,0,2,1,2,1,45,3,0,1,2019,46-55,3,1,0
40,2,2,2,2,2,2,0,0,0,0,0,0,0,0,3,2,2019,31-45,2,0,0
23,1,1,2,2,2,1,2,1,0,0,0,0,120,3,0,1,2019,18-30,1,1,1
27,1,1,2,2,2,2,1,2,0,0,0,0,90,3,0,2,2019,18-30,1,1,0
82,0,0,0,0,0,0,0,0,0,0,0,0,0,0,0,0,2019,70+,5,0,0
32,1,2,1,2,2,2,0,0,2,1,0,0,45,2,0,2,2019,31-45,2,1,0
56,2,2,2,2,2,2,0,0,0,0,0,0,0,0,1,2,2019,56-70,4,0,0
22,1,1,2,2,2,2,1,2,0,0,0,0,120,4,0,1,2019,18-30,1,1,0
18,2,2,1,2,2,2,0,0,2,1,0,0,20,3,0,1,2019,18-30,1,1,0
55,1,1,2,2,2,2,2,1,0,0,0,0,45,3,0,2,2019,46-55,3,1,0
23,2,2,2,2,2,2,0,0,0,0,0,0,0,0,1,2,2019,18-30,1,0,0
70,2,2,2,2,2,2,0,0,0,0,0,0,0,0,5,2,2019,56-70,4,0,0
67,1,2,1,2,2,2,0,0,2,1,0,0,60,3,0,2,2019,56-70,4,1,0
68,1,1,2,2,2,2,2,1,0,0,0,0,40,3,0,1,2019,56-70,4,1,0
54,1,1,1,2,2,1,1,2,2,1,0,0,120,4,0,1,2019,46-55,3,1,1
69,1,1,2,2,2,2,2,1,0,0,0,0,45,3,0,1,2019,56-70,4,1,0
86,2,2,2,2,2,2,0,0,0,0,0,0,0,0,5,2,2019,70+,5,0,0
52,1,1,1,2,2,2,1,2,2,1,0,0,60,3,0,1,2019,46-55,3,1,0
39,1,2,2,2,2,2,0,0,0,0,0,0,0,0,2,1,2019,31-45,2,0,0
58,1,1,2,2,2,2,2,1,0,0,0,0,120,4,0,2,2019,56-70,4,1,0
80,2,2,2,2,2,2,0,0,0,0,0,0,0,0,5,2,2019,70+,5,0,0
50,2,2,2,2,2,2,0,0,0,0,0,0,0,0,1,2,2019,46-55,3,0,0
33,2,2,2,2,2,2,0,0,0,0,0,0,0,0,1,2,2019,31-45,2,0,0
39,1,2,2,1,2,2,0,0,0,0,2,1,45,2,0,2,2019,31-45,2,1,0
49,1,1,2,2,2,2,2,1,0,0,0,0,60,3,0,1,2019,46-55,3,1,0
19,1,2,1,2,2,2,0,0,2,1,0,0,50,3,0,1,2019,18-30,1,1,0
70,2,2,2,2,2,2,0,0,0,0,0,0,0,0,5,2,2019,56-70,4,0,0
44,2,2,2,2,2,2,0,0,0,0,0,0,0,0,2,1,2019,31-45,2,0,0
29,1,1,2,1,2,1,1,2,0,0,2,1,60,3,0,1,2019,18-30,1,1,1
23,1,2,2,1,2,2,0,0,0,0,2,1,60,2,0,2,2019,18-30,1,1,0
49,1,1,1,1,2,1,1,2,2,1,2,1,60,4,0,1,2019,46-55,3,1,1
68,1,2,2,1,2,2,0,0,0,0,2,1,60,3,0,1,2019,56-70,4,1,0
74,1,1,1,1,2,2,2,1,2,1,2,1,120,4,0,1,2019,70+,5,1,0
68,2,2,2,2,2,2,0,0,0,0,0,0,0,0,5,2,2019,56-70,4,0,0
47,2,2,2,2,2,2,0,0,0,0,0,0,0,0,2,1,2019,46-55,3,0,0
20,2,2,2,2,2,2,0,0,0,0,0,0,0,0,1,2,2019,18-30,1,0,0
37,2,2,2,2,2,2,0,0,0,0,0,0,0,0,1,2,2019,31-45,2,0,0
28,2,2,2,1,2,2,0,0,0,0,2,1,45,2,0,2,2019,18-30,1,1,0
66,2,2,2,2,2,2,0,0,0,0,0,0,0,0,1,2,2019,56-70,4,0,0
41,1,2,2,1,2,2,0,0,0,0,2,1,120,3,0,1,2019,31-45,2,1,0
65,1,1,2,2,2,2,2,1,0,0,0,0,30,2,0,2,2019,56-70,4,1,0
43,1,2,1,1,2,2,0,0,2,1,2,1,45,4,0,1,2019,31-45,2,1,0
60,1,2,1,2,2,2,0,0,2,1,0,0,60,3,0,1,2019,56-70,4,1,0
47,1,2,2,1,2,2,0,0,0,0,2,1,60,3,0,1,2019,46-55,3,1,0
23,2,2,2,2,2,2,0,0,0,0,0,0,0,0,3,2,2019,18-30,1,0,0
19,1,1,2,2,1,1,1,2,0,0,0,0,10,3,0,1,2019,18-30,1,1,1
35,1,2,1,1,2,2,0,0,2,1,2,1,10,2,0,2,2019,31-45,2,1,0
44,1,1,1,1,2,2,2,1,1,1,2,1,60,4,0,1,2019,31-45,2,1,0
60,1,1,1,1,2,1,2,1,2,1,2,1,60,3,0,2,2019,56-70,4,1,1
19,1,1,2,2,2,1,2,1,0,0,0,0,30,3,0,1,2019,18-30,1,1,1
59,1,1,1,2,2,2,2,1,2,1,0,0,15,2,0,2,2019,56-70,4,1,0
20,1,1,2,2,2,1,1,2,0,0,0,0,20,4,0,1,2019,18-30,1,1,1
78,1,1,1,1,2,2,2,1,2,1,2,1,120,3,0,1,2019,70+,5,1,0
25,1,1,2,2,2,1,1,1,0,0,0,0,30,3,0,1,2019,18-30,1,1,1
19,2,2,2,2,2,2,0,0,0,0,0,0,0,0,1,1,2019,18-30,1,0,0
33,2,2,2,2,2,2,0,0,0,0,0,0,0,0,3,2,2019,31-45,2,0,0
41,1,1,1,2,2,1,2,1,2,1,0,0,45,2,0,1,2019,31-45,2,1,1
59,1,2,1,2,2,2,0,0,2,1,0,0,10,2,0,1,2019,56-70,4,1,0
28,1,2,2,2,2,2,0,0,0,0,0,0,0,0,1,2,2019,18-30,1,0,0
58,2,2,2,1,2,1,0,0,0,0,2,1,30,3,0,2,2019,56-70,4,1,1
59,1,1,1,2,2,1,1,1,1,1,0,0,60,3,0,1,2019,56-70,4,1,1
59,1,1,1,1,1,1,2,1,2,1,1,2,60,3,0,2,2019,56-70,4,1,1
28,1,1,2,2,2,2,2,1,0,0,0,0,20,2,0,1,2019,18-30,1,1,0
58,1,1,2,2,2,1,2,1,0,0,0,0,15,4,0,2,2019,56-70,4,1,1
47,1,2,2,2,2,1,0,0,0,0,0,0,20,3,0,2,2019,46-55,3,0,1
62,0,0,0,0,0,0,0,0,0,0,0,0,0,0,0,0,2019,56-70,4,0,0
24,1,1,1,2,2,1,1,1,2,1,0,0,60,3,0,1,2019,18-30,1,1,1
25,1,1,1,2,1,2,2,1,2,1,0,0,30,2,0,1,2019,18-30,1,1,0
28,2,2,2,2,2,1,0,0,0,0,0,0,3,3,0,1,2019,18-30,1,0,1
29,1,1,1,2,1,2,2,1,2,1,0,0,30,3,0,1,2019,18-30,1,1,0
37,1,1,1,2,2,2,2,1,2,1,0,0,40,3,0,1,2019,31-45,2,1,0
33,2,2,2,2,2,1,0,0,0,0,0,0,60,4,0,1,2019,31-45,2,0,1
41,1,2,2,2,2,1,0,0,0,0,0,0,10,2,0,1,2019,31-45,2,0,1
42,1,2,1,2,2,1,0,0,2,1,0,0,30,3,0,1,2019,31-45,2,1,1
63,0,0,0,0,0,0,0,0,0,0,0,0,0,0,0,0,2019,56-70,4,0,0
29,2,2,1,2,2,1,0,0,2,1,0,0,60,2,0,1,2019,18-30,1,1,1
39,2,2,2,1,2,1,0,0,0,0,2,1,10,2,0,2,2019,31-45,2,1,1
51,1,1,1,2,2,1,1,2,1,2,0,0,30,3,0,1,2019,46-55,3,1,1
23,2,1,2,2,1,1,2,1,0,0,0,0,30,2,0,1,2019,18-30,1,1,1
31,1,1,2,2,2,1,2,1,0,0,0,0,10,3,0,2,2019,31-45,2,1,1
54,1,1,2,2,2,2,2,1,0,0,0,0,20,2,0,2,2019,46-55,3,1,0
19,1,1,1,2,2,1,2,1,2,1,0,0,60,3,0,1,2019,18-30,1,1,1
26,2,2,1,2,2,2,0,0,2,1,0,0,5,3,0,1,2019,18-30,1,1,0
59,1,2,1,2,2,2,0,0,2,1,0,0,5,1,0,1,2019,56-70,4,1,0
24,2,2,1,1,2,2,0,0,2,1,2,1,15,3,0,1,2019,18-30,1,1,0
33,2,2,2,1,2,2,0,0,0,0,1,2,30,2,0,1,2019,31-45,2,1,0
55,1,1,1,1,2,2,2,1,2,1,2,1,60,3,0,1,2019,46-55,3,1,0
31,1,1,1,2,1,1,2,1,2,1,0,0,30,3,0,1,2019,31-45,2,1,1
65,2,2,2,2,2,2,0,0,0,0,0,0,0,0,1,3,2019,56-70,4,0,0
37,1,1,2,1,2,1,2,1,0,0,2,1,30,3,0,2,2019,31-45,2,1,1
24,1,1,2,1,2,2,2,1,0,0,2,1,60,4,0,1,2019,18-30,1,1,0
31,2,1,1,2,2,1,2,1,2,1,0,0,60,4,0,1,2019,31-45,2,1,1
25,1,1,1,2,2,1,1,2,2,1,0,0,120,4,0,1,2019,18-30,1,1,1
28,2,2,2,1,2,1,0,0,0,0,1,2,30,4,0,1,2019,18-30,1,1,1
24,1,1,1,2,2,1,2,1,2,1,0,0,30,3,0,1,2019,18-30,1,1,1
36,2,2,2,2,2,2,0,0,0,0,0,0,0,0,1,2,2019,31-45,2,0,0
26,2,2,2,2,2,2,0,0,0,0,0,0,0,0,1,1,2019,18-30,1,0,0
21,1,1,2,2,2,1,2,1,0,0,0,0,90,3,0,1,2019,18-30,1,1,1
47,2,2,2,1,2,2,0,0,0,0,1,2,20,4,0,2,2019,46-55,3,1,0
43,2,2,2,1,2,2,0,0,0,0,2,1,20,2,0,2,2019,31-45,2,1,0
59,2,2,2,2,2,2,0,0,0,0,0,0,0,0,1,3,2019,56-70,4,0,0
26,2,2,1,2,2,2,0,0,2,1,0,0,15,3,0,1,2019,18-30,1,1,0
45,1,1,2,1,2,2,2,1,0,0,1,2,60,4,0,2,2019,31-45,2,1,0
42,1,1,1,1,2,2,1,2,1,2,1,2,60,2,0,1,2019,31-45,2,1,0
58,1,2,2,1,2,2,0,0,0,0,2,1,10,4,0,2,2019,56-70,4,1,0
77,1,1,2,2,2,2,2,1,0,0,0,0,30,1,0,2,2019,70+,5,1,0
33,1,1,2,2,2,2,1,2,0,0,0,0,60,2,0,1,2019,31-45,2,1,0
23,1,1,2,1,2,1,2,1,0,0,1,2,30,3,0,1,2019,18-30,1,1,1
75,1,1,1,2,2,2,2,1,2,1,0,0,60,2,0,1,2019,70+,5,1,0
32,1,2,2,1,2,2,0,0,0,0,2,1,15,1,0,1,2019,31-45,2,1,0
49,2,1,2,2,2,2,2,1,0,0,0,0,15,4,0,2,2019,46-55,3,1,0
40,1,1,2,2,2,1,2,1,0,0,0,0,20,3,0,2,2019,31-45,2,1,1
24,2,2,1,1,2,2,0,0,2,1,2,1,10,1,0,1,2019,18-30,1,1,0
23,1,2,2,1,2,1,0,0,0,0,2,1,30,4,0,1,2019,18-30,1,1,1
44,2,1,2,2,2,2,2,1,0,0,0,0,20,4,0,2,2019,31-45,2,1,0
51,2,2,2,2,2,2,0,0,0,0,0,0,0,0,3,2,2019,46-55,3,0,0
40,2,2,2,2,2,2,0,0,0,0,0,0,0,0,1,2,2019,31-45,2,0,0
29,1,1,2,2,1,1,2,1,0,0,0,0,30,4,0,1,2019,18-30,1,1,1
24,2,2,2,1,2,2,0,0,0,0,2,1,10,2,0,1,2019,18-30,1,1,0
64,1,2,1,2,2,2,0,0,2,1,0,0,30,2,0,2,2019,56-70,4,1,0
63,0,0,0,0,0,0,0,0,0,0,0,0,0,0,0,0,2019,56-70,4,0,0
25,1,1,2,2,2,1,1,2,0,0,0,0,60,3,0,2,2019,18-30,1,1,1
48,2,2,2,2,2,2,0,0,0,0,0,0,0,0,3,3,2019,46-55,3,0,0
72,2,2,2,2,2,2,0,0,0,0,0,0,0,0,5,2,2019,70+,5,0,0
25,1,1,2,2,2,1,1,2,0,0,0,0,120,3,0,1,2019,18-30,1,1,1
33,2,2,2,1,2,1,0,0,0,0,2,1,15,2,0,2,2019,31-45,2,1,1
80,2,2,2,2,2,2,0,0,0,0,0,0,0,0,1,2,2019,70+,5,0,0
42,2,2,1,1,2,1,0,0,2,1,2,1,20,2,0,2,2019,31-45,2,1,1
38,2,2,2,2,2,2,0,0,0,0,0,0,0,0,3,2,2019,31-45,2,0,0
32,1,1,1,1,2,2,2,1,2,1,2,1,30,4,0,1,2019,31-45,2,1,0
46,2,2,1,1,2,2,0,0,2,1,2,1,20,3,0,1,2019,46-55,3,1,0
46,2,2,2,1,2,2,0,0,0,0,2,1,15,3,0,1,2019,46-55,3,1,0
66,1,2,1,2,2,2,0,0,2,1,0,0,20,3,0,2,2019,56-70,4,1,0
53,1,1,2,1,2,2,2,1,0,0,2,1,90,4,0,1,2019,46-55,3,1,0
81,2,2,2,2,2,2,0,0,0,0,0,0,0,0,1,2,2019,70+,5,0,0
70,1,2,2,1,2,2,0,0,0,0,2,1,30,3,0,3,2019,56-70,4,1,0
42,1,1,2,2,2,1,2,1,0,0,0,0,120,3,0,1,2019,31-45,2,1,1
55,2,2,2,2,2,2,0,0,0,0,0,0,0,0,1,3,2019,46-55,3,0,0
58,1,2,2,2,2,2,0,0,0,0,0,0,0,0,3,3,2019,56-70,4,0,0
45,1,1,2,2,2,2,2,1,0,0,0,0,120,3,0,1,2019,31-45,2,1,0
40,1,1,1,1,2,1,2,1,2,1,2,1,40,4,0,1,2019,31-45,2,1,1
49,1,1,1,1,2,1,2,1,2,1,2,1,60,4,0,1,2019,46-55,3,1,1
46,1,1,1,2,2,1,1,2,1,2,0,0,40,4,0,1,2019,46-55,3,1,1
63,2,2,1,1,2,2,0,0,2,1,2,1,20,3,0,1,2019,56-70,4,1,0
41,1,1,2,1,2,1,2,1,0,0,1,2,60,4,0,1,2019,31-45,2,1,1
56,2,2,1,2,2,2,0,0,2,1,0,0,30,2,0,1,2019,56-70,4,1,0
29,1,1,1,1,2,1,2,1,2,1,1,2,60,3,0,1,2019,18-30,1,1,1
38,1,2,1,1,2,1,0,0,2,1,2,1,35,3,0,1,2019,31-45,2,1,1
25,1,1,1,1,2,2,2,1,2,1,2,1,45,3,0,1,2019,18-30,1,1,0
64,2,2,2,2,2,2,0,0,0,0,0,0,0,0,3,1,2019,56-70,4,0,0
64,2,2,1,2,2,2,0,0,2,1,0,0,30,3,0,1,2019,56-70,4,1,0
60,1,2,2,1,2,2,0,0,0,0,2,1,35,3,0,2,2019,56-70,4,1,0
45,2,2,2,2,2,2,0,0,0,0,0,0,0,0,1,2,2019,31-45,2,0,0
48,1,2,2,1,2,2,0,0,0,0,2,1,20,3,0,2,2019,46-55,3,1,0
43,1,1,1,1,2,2,2,1,2,1,2,1,90,4,0,1,2019,31-45,2,1,0
35,1,1,1,1,2,1,2,1,2,1,2,1,30,3,0,1,2019,31-45,2,1,1
24,1,1,1,1,2,1,2,1,2,1,2,1,30,3,0,1,2019,18-30,1,1,1
71,2,2,2,2,2,2,0,0,0,0,0,0,0,0,5,2,2019,70+,5,0,0
33,2,2,1,1,2,1,0,0,2,1,2,1,30,3,0,1,2019,31-45,2,1,1
27,1,1,1,2,2,1,2,1,2,1,0,0,120,3,0,1,2019,18-30,1,1,1
46,2,2,1,2,2,1,0,0,2,1,0,0,30,1,0,1,2019,46-55,3,1,1
95,1,1,2,1,2,2,2,1,0,0,2,1,120,3,0,1,2019,70+,5,1,0
44,1,1,1,2,2,1,2,1,2,1,0,0,45,3,0,1,2019,31-45,2,1,1
31,2,2,2,2,2,2,0,0,0,0,0,0,0,0,1,1,2019,31-45,2,0,0
25,1,2,1,2,2,1,0,0,2,1,0,0,50,3,0,1,2019,18-30,1,1,1
24,1,2,1,2,2,1,0,0,2,1,0,0,25,3,0,1,2019,18-30,1,1,1
22,1,2,2,2,2,1,0,0,0,0,0,0,50,3,0,1,2019,18-30,1,0,1
29,1,2,2,1,2,2,0,0,0,0,2,1,30,3,0,1,2019,18-30,1,1,0
35,2,2,1,2,2,2,0,0,2,1,0,0,30,3,0,1,2019,31-45,2,1,0
32,2,2,2,1,2,2,0,0,0,0,2,1,20,3,0,1,2019,31-45,2,1,0
34,0,0,0,0,0,0,0,0,0,0,0,0,0,0,0,0,2019,31-45,2,0,0
57,2,2,2,2,2,2,0,0,0,0,0,0,0,0,3,2,2019,56-70,4,0,0
45,1,2,2,1,2,2,0,0,0,0,2,1,40,4,0,1,2019,31-45,2,1,0
29,1,2,1,1,2,1,0,0,1,2,2,1,60,4,0,1,2019,18-30,1,1,1
54,2,2,2,2,2,2,0,0,0,0,0,0,0,0,1,1,2019,46-55,3,0,0
37,2,2,2,1,2,2,0,0,0,0,2,1,15,3,0,1,2019,31-45,2,1,0
63,2,2,1,1,2,2,0,0,2,1,2,1,30,2,0,1,2019,56-70,4,1,0
49,1,1,1,2,2,2,2,1,1,2,0,0,60,4,0,1,2019,46-55,3,1,0
28,1,2,2,1,2,1,0,0,0,0,2,1,30,3,0,1,2019,18-30,1,1,1
53,1,1,1,1,2,1,1,1,2,1,2,1,120,4,0,1,2019,46-55,3,1,1
40,2,2,2,1,2,2,0,0,0,0,2,1,10,1,0,2,2019,31-45,2,1,0
44,2,2,1,2,2,2,0,0,2,1,0,0,15,2,0,1,2019,31-45,2,1,0
44,2,2,2,2,2,2,0,0,0,0,0,0,0,0,3,1,2019,31-45,2,0,0
35,1,2,2,1,2,1,0,0,0,0,2,1,30,2,0,1,2019,31-45,2,1,1
75,2,2,2,2,2,2,0,0,0,0,0,0,0,0,5,1,2019,70+,5,0,0
21,1,2,1,2,2,1,0,0,1,2,0,0,60,3,0,1,2019,18-30,1,1,1
41,1,1,1,1,2,1,1,2,2,1,1,2,150,3,0,2,2019,31-45,2,1,1
75,2,2,2,2,2,2,0,0,0,0,0,0,0,0,5,1,2019,70+,5,0,0
46,2,2,1,1,2,2,0,0,2,1,2,1,20,4,0,2,2019,46-55,3,1,0
45,2,2,2,2,2,2,0,0,0,0,0,0,0,0,3,3,2019,31-45,2,0,0
28,2,2,2,2,2,2,0,0,0,0,0,0,0,0,3,1,2019,18-30,1,0,0
74,2,2,2,2,2,2,0,0,0,0,0,0,0,0,5,2,2019,70+,5,0,0
41,2,2,2,2,2,2,0,0,0,0,0,0,0,0,2,1,2019,31-45,2,0,0
77,1,2,2,2,2,2,0,0,0,0,0,0,0,0,5,1,2019,70+,5,0,0
60,1,1,1,1,2,1,2,1,2,1,1,2,120,4,0,1,2019,56-70,4,1,1
43,1,1,1,1,2,1,2,1,2,1,1,2,120,3,0,1,2019,31-45,2,1,1
40,2,2,2,2,2,2,0,0,0,0,0,0,0,0,1,1,2019,31-45,2,0,0
21,2,2,2,2,2,2,0,0,0,0,0,0,0,0,3,1,2019,18-30,1,0,0
38,2,2,2,1,2,2,0,0,0,0,2,1,20,2,0,1,2019,31-45,2,1,0
60,1,1,1,1,2,1,2,1,2,1,2,1,60,4,0,1,2019,56-70,4,1,1
50,2,2,2,1,2,1,0,0,0,0,2,1,10,1,0,2,2019,46-55,3,1,1
46,1,1,2,2,2,1,1,2,0,0,0,0,60,3,0,1,2019,46-55,3,1,1
27,2,2,2,2,2,2,0,0,0,0,0,0,0,0,3,2,2019,18-30,1,0,0
73,1,1,2,1,2,2,2,1,0,0,2,1,40,4,0,1,2019,70+,5,1,0
46,1,1,2,1,2,2,1,2,0,0,2,1,60,3,0,1,2019,46-55,3,1,0
54,1,1,2,1,2,1,1,2,0,0,2,1,60,4,0,1,2019,46-55,3,1,1
70,2,2,2,2,2,2,0,0,0,0,0,0,0,0,5,2,2019,56-70,4,0,0
54,2,2,2,2,2,2,0,0,0,0,0,0,0,0,3,2,2019,46-55,3,0,0
53,2,2,2,2,2,2,0,0,0,0,0,0,0,0,1,2,2019,46-55,3,0,0
21,2,2,2,2,2,1,0,0,0,0,0,0,20,3,0,2,2019,18-30,1,0,1
22,1,1,2,2,2,1,2,1,0,0,0,0,60,3,0,2,2019,18-30,1,1,1
42,2,2,2,2,2,2,0,0,0,0,0,0,0,0,3,2,2019,31-45,2,0,0
50,1,2,1,1,2,2,0,0,2,1,2,1,30,3,0,2,2019,46-55,3,1,0
45,2,2,2,2,2,2,0,0,0,0,0,0,0,0,3,2,2019,31-45,2,0,0
47,2,2,2,2,2,2,0,0,0,0,0,0,0,0,3,2,2019,46-55,3,0,0
49,2,2,2,1,1,2,0,0,0,0,2,1,15,2,0,2,2019,46-55,3,1,0
19,1,1,2,2,2,1,1,2,0,0,0,0,60,4,0,1,2019,18-30,1,1,1
46,1,2,1,1,2,1,0,0,2,1,2,1,60,3,0,2,2019,46-55,3,1,1
32,1,1,2,2,2,1,1,2,0,0,0,0,60,4,0,2,2019,31-45,2,1,1
40,2,2,2,2,2,2,0,0,0,0,0,0,0,0,3,2,2019,31-45,2,0,0
34,2,2,2,1,2,1,0,0,0,0,2,1,20,3,0,2,2019,31-45,2,1,1
63,2,2,2,2,2,2,0,0,0,0,0,0,0,0,1,2,2019,56-70,4,0,0
64,2,2,2,2,2,2,0,0,0,0,0,0,0,0,5,3,2019,56-70,4,0,0
70,1,2,2,1,2,2,0,0,0,0,2,1,30,3,0,2,2019,56-70,4,1,0
35,1,2,1,2,2,1,0,0,2,1,0,0,30,3,0,1,2019,31-45,2,1,1
40,2,2,2,2,2,2,0,0,0,0,0,0,0,0,1,2,2019,31-45,2,0,0
30,2,2,2,1,2,1,0,0,0,0,2,1,30,3,0,3,2019,18-30,1,1,1
60,2,2,2,2,2,2,0,0,0,0,0,0,0,0,1,2,2019,56-70,4,0,0
48,1,2,2,1,2,2,0,0,0,0,2,1,30,3,0,1,2019,46-55,3,1,0
55,1,2,1,2,2,2,0,0,2,1,0,0,20,3,0,3,2019,46-55,3,1,0
55,2,2,2,2,2,2,0,0,0,0,0,0,0,0,3,1,2019,46-55,3,0,0
67,2,2,2,2,2,2,0,0,0,0,0,0,0,0,5,1,2019,56-70,4,0,0
43,2,2,2,2,2,2,0,0,0,0,0,0,0,0,3,1,2019,31-45,2,0,0
44,1,2,2,1,2,2,0,0,0,0,2,1,40,3,0,1,2019,31-45,2,1,0
44,2,2,2,2,2,2,0,0,0,0,0,0,0,0,3,2,2019,31-45,2,0,0
49,2,2,2,2,2,2,0,0,0,0,0,0,0,0,1,2,2019,46-55,3,0,0
39,2,2,2,2,2,2,0,0,0,0,0,0,0,0,1,2,2019,31-45,2,0,0
57,2,2,2,2,2,2,0,0,0,0,0,0,0,0,3,2,2019,56-70,4,0,0
51,1,2,1,1,2,1,0,0,2,1,2,1,30,2,0,2,2019,46-55,3,1,1
53,1,1,1,1,2,1,2,1,2,1,2,1,30,3,0,2,2019,46-55,3,1,1
31,1,1,1,1,2,1,2,1,2,1,2,1,20,3,0,1,2019,31-45,2,1,1
38,1,1,1,1,2,1,2,1,2,1,2,1,30,3,0,1,2019,31-45,2,1,1
21,1,1,1,2,2,1,2,1,2,1,0,0,60,3,0,1,2019,18-30,1,1,1
56,2,2,1,1,2,1,0,0,2,1,2,1,20,2,0,1,2019,56-70,4,1,1
64,2,2,2,1,2,2,0,0,0,0,2,1,40,2,0,1,2019,56-70,4,1,0
32,2,2,1,1,2,2,0,0,2,1,2,1,20,3,0,1,2019,31-45,2,1,0
27,1,1,1,1,2,1,2,1,2,1,2,1,60,4,0,1,2019,18-30,1,1,1
49,1,1,2,2,2,2,2,1,0,0,0,0,20,3,0,2,2019,46-55,3,1,0
40,1,1,1,1,2,1,2,1,2,1,2,1,30,3,0,1,2019,31-45,2,1,1
31,1,1,1,2,2,1,2,1,2,1,0,0,30,3,0,1,2019,31-45,2,1,1
41,1,2,1,1,2,1,0,0,2,1,2,1,20,3,0,2,2019,31-45,2,1,1
19,1,1,1,1,2,1,2,1,2,1,2,1,90,3,0,1,2019,18-30,1,1,1
69,2,2,2,2,2,2,0,0,0,0,0,0,0,0,3,3,2019,56-70,4,0,0
19,2,2,2,2,2,2,0,0,0,0,0,0,0,0,3,2,2019,18-30,1,0,0
18,2,2,2,2,2,1,0,0,0,0,0,0,40,3,0,1,2019,18-30,1,0,1
37,1,2,1,1,2,1,0,0,2,1,2,1,60,3,0,1,2019,31-45,2,1,1
25,1,2,1,2,2,1,0,0,2,1,0,0,30,3,0,1,2019,18-30,1,1,1
86,1,2,2,1,2,2,0,0,0,0,2,1,40,2,0,2,2019,70+,5,1,0
66,1,1,1,1,2,2,2,1,2,1,2,1,90,4,0,1,2019,56-70,4,1,0
23,2,2,1,1,2,1,0,0,2,1,2,1,20,2,0,2,2019,18-30,1,1,1
82,2,2,2,2,2,2,0,0,0,0,0,0,0,0,5,2,2019,70+,5,0,0
46,2,2,1,1,2,2,0,0,2,1,2,1,20,3,0,1,2019,46-55,3,1,0
45,2,2,1,2,2,2,0,0,2,1,0,0,25,3,0,1,2019,31-45,2,1,0
27,1,1,1,1,2,2,2,1,2,1,2,1,30,3,0,1,2019,18-30,1,1,0
62,2,2,2,2,2,2,0,0,0,0,0,0,0,0,5,1,2019,56-70,4,0,0
46,1,2,1,2,2,2,0,0,2,1,0,0,30,3,0,1,2019,46-55,3,1,0
45,2,2,2,2,2,2,0,0,0,0,0,0,0,0,3,1,2019,31-45,2,0,0
52,1,2,1,1,2,1,0,0,2,1,2,1,35,3,0,1,2019,46-55,3,1,1
57,1,2,2,1,2,2,0,0,0,0,2,1,30,3,0,2,2019,56-70,4,1,0
41,1,2,1,1,2,1,0,0,2,1,2,1,60,3,0,1,2019,31-45,2,1,1
48,1,1,1,2,2,2,2,1,2,1,0,0,60,4,0,1,2019,46-55,3,1,0
67,1,2,1,2,2,2,0,0,2,1,0,0,30,3,0,1,2019,56-70,4,1,0
58,1,2,2,1,2,2,0,0,0,0,2,1,20,3,0,3,2019,56-70,4,1,0
45,1,2,2,1,2,2,0,0,0,0,2,1,30,3,0,2,2019,31-45,2,1,0
46,2,2,2,1,2,2,0,0,0,0,2,1,30,3,0,2,2019,46-55,3,1,0
74,2,2,2,2,2,2,0,0,0,0,0,0,0,0,5,2,2019,70+,5,0,0
29,1,1,2,2,2,2,2,1,0,0,0,0,20,3,0,1,2019,18-30,1,1,0
18,1,1,2,2,2,1,1,2,0,0,0,0,20,3,0,1,2019,18-30,1,1,1
18,1,1,2,1,2,1,2,1,0,0,2,1,30,4,0,1,2019,18-30,1,1,1
51,1,1,1,2,2,1,2,1,2,1,0,0,60,3,0,1,2019,46-55,3,1,1
23,1,1,2,2,2,1,2,1,0,0,0,0,30,4,0,1,2019,18-30,1,1,1
19,1,1,1,2,2,1,2,1,2,1,0,0,60,3,0,1,2019,18-30,1,1,1
29,2,2,2,2,2,2,0,0,0,0,0,0,0,0,3,2,2019,18-30,1,0,0
34,1,1,1,1,2,1,1,2,2,1,2,1,30,3,0,1,2019,31-45,2,1,1
35,1,1,1,1,2,1,2,1,2,1,1,2,60,3,0,1,2019,31-45,2,1,1
85,1,2,1,1,2,1,0,0,2,1,2,1,30,3,0,2,2019,70+,5,1,1
33,1,1,1,2,2,1,1,2,2,1,0,0,60,3,0,1,2019,31-45,2,1,1
76,2,2,2,2,2,2,0,0,0,0,0,0,0,0,6,2,2019,70+,5,0,0
32,2,2,1,1,2,1,0,0,2,1,2,1,20,3,0,1,2019,31-45,2,1,1
19,1,1,2,1,2,1,2,1,0,0,2,1,120,4,0,1,2019,18-30,1,1,1
66,2,2,2,2,2,1,0,0,0,0,0,0,30,3,0,2,2019,56-70,4,0,1
48,2,2,2,2,2,2,0,0,0,0,0,0,0,0,3,2,2019,46-55,3,0,0
45,2,2,2,2,2,2,0,0,0,0,0,0,0,0,3,1,2019,31-45,2,0,0
29,2,2,2,2,2,2,0,0,0,0,0,0,0,0,3,1,2019,18-30,1,0,0
38,2,2,2,1,2,2,0,0,0,0,2,1,20,3,0,3,2019,31-45,2,1,0
72,2,2,2,2,2,2,0,0,0,0,0,0,0,0,5,2,2019,70+,5,0,0
59,1,2,2,1,2,2,0,0,0,0,2,1,30,3,0,3,2019,56-70,4,1,0
31,1,1,2,1,2,1,2,1,0,0,2,1,60,4,0,1,2019,31-45,2,1,1
29,1,1,1,1,2,2,1,2,2,1,2,1,90,4,0,1,2019,18-30,1,1,0
55,1,1,1,1,2,2,2,1,2,1,2,1,40,3,0,1,2019,46-55,3,1,0
29,1,1,2,2,2,1,2,1,0,0,0,0,30,3,0,1,2019,18-30,1,1,1
45,2,2,2,2,2,2,0,0,0,0,0,0,0,0,3,1,2019,31-45,2,0,0
63,2,2,2,2,2,2,0,0,0,0,0,0,0,0,5,2,2019,56-70,4,0,0
52,1,2,2,1,2,2,0,0,0,0,2,1,40,3,0,1,2019,46-55,3,1,0
20,1,2,1,2,2,1,0,0,2,1,0,0,30,3,0,2,2019,18-30,1,1,1
39,1,2,1,1,2,2,0,0,2,1,2,1,30,3,0,1,2019,31-45,2,1,0
71,1,1,1,1,2,2,2,1,2,1,2,1,15,2,0,1,2019,70+,5,1,0
41,2,2,2,1,2,2,0,0,0,0,2,1,30,3,0,1,2019,31-45,2,1,0
26,2,2,1,1,2,1,0,0,2,1,2,1,20,2,0,2,2019,18-30,1,1,1
39,2,2,1,1,2,1,0,0,2,1,2,1,30,3,0,2,2019,31-45,2,1,1
70,2,2,1,2,2,1,0,0,2,1,0,0,15,3,0,1,2019,56-70,4,1,1
20,1,1,2,1,2,1,1,2,0,0,2,1,120,3,0,1,2019,18-30,1,1,1
74,2,2,2,2,2,2,0,0,0,0,0,0,0,0,1,3,2019,70+,5,0,0
58,2,2,2,2,2,2,0,0,0,0,0,0,0,0,1,3,2019,56-70,4,0,0
36,1,1,2,2,2,1,2,1,0,0,0,0,120,3,0,1,2019,31-45,2,1,1
28,2,2,2,2,2,2,0,0,0,0,0,0,0,0,3,2,2019,18-30,1,0,0
73,2,2,1,1,2,2,0,0,2,1,2,1,30,3,0,2,2019,70+,5,1,0
20,1,1,2,2,2,1,1,2,0,0,0,0,60,3,0,2,2019,18-30,1,1,1
53,2,2,2,2,2,2,0,0,0,0,0,0,0,0,3,3,2019,46-55,3,0,0
34,2,2,2,2,2,2,0,0,0,0,0,0,0,0,2,1,2019,31-45,2,0,0
57,1,1,2,1,2,2,2,1,0,0,2,1,60,3,0,2,2019,56-70,4,1,0
63,2,2,2,2,2,2,0,0,0,0,0,0,0,0,5,1,2019,56-70,4,0,0
78,1,1,1,1,2,2,2,1,2,1,2,1,120,2,0,2,2019,70+,5,1,0
81,2,2,2,2,2,2,0,0,0,0,0,0,0,0,5,3,2019,70+,5,0,0
74,2,2,2,2,2,2,0,0,0,0,0,0,0,0,5,3,2019,70+,5,0,0
38,1,1,1,2,2,1,2,1,2,1,0,0,30,3,0,3,2019,31-45,2,1,1
43,2,2,2,2,2,2,0,0,0,0,0,0,0,0,1,2,2019,31-45,2,0,0
72,1,1,2,2,2,2,2,1,0,0,0,0,60,4,0,1,2019,70+,5,1,0
67,1,1,1,1,2,2,2,1,2,1,2,1,60,3,0,1,2019,56-70,4,1,0
70,1,1,1,2,2,2,2,1,2,1,0,0,60,4,0,1,2019,56-70,4,1,0
67,1,1,1,1,2,1,2,1,2,1,2,1,90,4,0,1,2019,56-70,4,1,1
56,1,2,2,1,2,2,0,0,0,0,2,1,20,3,0,1,2019,56-70,4,1,0
55,2,2,2,2,2,2,0,0,0,0,0,0,0,0,3,1,2019,46-55,3,0,0
65,2,2,2,2,2,2,0,0,0,0,0,0,0,0,5,1,2019,56-70,4,0,0
50,1,1,1,1,2,2,2,1,2,1,2,1,60,3,0,1,2019,46-55,3,1,0
51,2,2,2,1,2,2,0,0,0,0,2,1,15,2,0,2,2019,46-55,3,1,0
49,1,1,2,1,2,2,2,1,0,0,2,1,30,2,0,2,2019,46-55,3,1,0
63,2,2,2,1,2,2,0,0,0,0,2,1,15,1,0,2,2019,56-70,4,1,0
20,1,1,1,2,2,1,2,1,2,1,0,0,25,3,0,1,2019,18-30,1,1,1
23,1,1,2,1,2,1,2,1,0,0,2,1,35,3,0,1,2019,18-30,1,1,1
47,2,2,2,1,2,2,0,0,0,0,2,1,15,2,0,1,2019,46-55,3,1,0
29,1,2,2,1,1,1,0,0,0,0,2,1,15,2,0,2,2019,18-30,1,1,1
75,1,1,1,1,2,2,2,1,2,1,2,1,60,2,0,1,2019,70+,5,1,0
28,1,1,2,2,1,1,2,1,0,0,0,0,120,2,0,1,2019,18-30,1,1,1
30,2,2,2,1,1,2,0,0,0,0,2,1,10,3,0,2,2019,18-30,1,1,0
42,2,2,1,2,2,1,0,0,2,1,0,0,20,3,0,1,2019,31-45,2,1,1
21,1,1,1,2,1,1,2,1,1,2,0,0,30,3,0,1,2019,18-30,1,1,1
46,1,1,2,1,2,2,2,1,0,0,2,1,20,3,0,1,2019,46-55,3,1,0
57,1,2,2,1,2,2,0,0,0,0,2,1,10,2,0,1,2019,56-70,4,1,0
85,1,2,2,1,2,2,0,0,0,0,2,1,20,2,0,2,2019,70+,5,1,0
82,1,1,2,1,2,1,1,2,0,0,2,1,60,3,0,1,2019,70+,5,1,1
43,1,1,2,2,2,1,2,1,0,0,0,0,20,3,0,1,2019,31-45,2,1,1
51,1,2,1,1,1,2,0,0,2,1,2,1,15,2,0,1,2019,46-55,3,1,0
33,2,2,2,2,2,2,0,0,0,0,0,0,0,0,3,2,2019,31-45,2,0,0
57,1,1,1,1,2,2,2,1,2,1,2,1,30,1,0,1,2019,56-70,4,1,0
47,2,2,2,1,2,2,0,0,0,0,2,1,25,2,0,2,2019,46-55,3,1,0
39,2,1,2,2,1,1,2,1,0,0,0,0,60,3,0,2,2019,31-45,2,1,1
35,2,2,1,2,2,1,0,0,2,1,0,0,20,3,0,1,2019,31-45,2,1,1
42,1,1,1,2,2,1,2,1,2,1,0,0,60,3,0,1,2019,31-45,2,1,1
32,1,1,1,2,2,1,2,1,2,1,0,0,30,3,0,1,2019,31-45,2,1,1
23,1,1,1,1,2,1,2,1,2,1,2,1,30,3,0,1,2019,18-30,1,1,1
67,1,1,2,2,2,2,2,1,0,0,0,0,30,2,0,2,2019,56-70,4,1,0
27,1,1,1,1,2,1,1,2,2,1,2,1,30,3,0,1,2019,18-30,1,1,1
49,1,2,1,1,2,1,0,0,2,1,2,1,20,3,0,2,2019,46-55,3,1,1
24,1,1,2,2,1,1,2,1,0,0,0,0,30,3,0,1,2019,18-30,1,1,1
37,1,2,2,2,2,2,0,0,0,0,0,0,0,0,3,1,2019,31-45,2,0,0
31,2,2,2,2,2,1,0,0,0,0,0,0,15,2,0,2,2019,31-45,2,0,1
25,2,2,1,1,2,2,0,0,2,1,2,1,20,2,0,2,2019,18-30,1,1,0
39,1,2,2,2,2,2,0,0,0,0,0,0,0,0,3,1,2019,31-45,2,0,0
29,2,2,2,1,2,2,0,0,0,0,2,1,20,3,0,2,2019,18-30,1,1,0
47,2,2,2,2,2,2,0,0,0,0,0,0,0,0,5,2,2019,46-55,3,0,0
33,1,1,2,1,2,1,2,1,0,0,2,1,20,3,0,2,2019,31-45,2,1,1
20,1,1,2,1,2,1,2,1,0,0,2,1,25,2,0,1,2019,18-30,1,1,1
24,1,1,1,2,1,1,1,2,2,1,0,0,60,3,0,1,2019,18-30,1,1,1
50,2,2,2,1,2,2,0,0,0,0,2,1,20,2,0,2,2019,46-55,3,1,0
42,2,2,2,1,2,2,0,0,0,0,2,1,15,2,0,1,2019,31-45,2,1,0
45,2,2,2,1,2,2,0,0,0,0,2,1,15,2,0,2,2019,31-45,2,1,0
23,2,2,2,2,2,2,0,0,0,0,0,0,0,0,2,1,2019,18-30,1,0,0
55,2,2,2,2,2,2,0,0,0,0,0,0,0,0,5,2,2019,46-55,3,0,0
66,2,2,2,2,2,2,0,0,0,0,0,0,0,0,5,2,2019,56-70,4,0,0
47,1,2,2,1,2,2,0,0,0,0,2,1,30,3,0,1,2019,46-55,3,1,0
44,1,1,1,1,2,1,2,1,2,1,2,1,30,3,0,2,2019,31-45,2,1,1
18,1,1,2,2,2,1,2,1,0,0,0,0,30,3,0,1,2019,18-30,1,1,1
55,1,1,1,1,2,1,2,1,2,1,2,1,60,4,0,1,2019,46-55,3,1,1
71,1,2,1,2,2,2,0,0,2,1,0,0,10,3,0,1,2019,70+,5,1,0
36,2,2,2,2,2,2,0,0,0,0,0,0,0,0,3,1,2019,31-45,2,0,0
39,1,2,2,1,2,2,0,0,0,0,2,1,30,2,0,2,2019,31-45,2,1,0
50,1,2,2,2,2,2,0,0,0,0,0,0,0,0,2,1,2019,46-55,3,0,0
39,2,2,1,2,2,2,0,0,2,1,0,0,20,2,0,2,2019,31-45,2,1,0
50,1,2,2,1,1,2,0,0,0,0,2,1,15,1,0,1,2019,46-55,3,1,0
61,1,1,2,2,2,2,2,1,0,0,0,0,60,4,0,2,2019,56-70,4,1,0
23,2,2,2,2,2,2,0,0,0,0,0,0,0,0,3,2,2019,18-30,1,0,0
39,2,2,2,2,2,2,0,0,0,0,0,0,0,0,3,2,2019,31-45,2,0,0
53,2,2,2,2,2,2,0,0,0,0,0,0,0,0,1,2,2019,46-55,3,0,0
24,1,1,2,1,2,2,2,1,0,0,2,1,20,3,0,1,2019,18-30,1,1,0
47,2,1,2,1,2,2,2,1,0,0,2,1,15,3,0,1,2019,46-55,3,1,0
23,2,1,1,1,2,1,1,1,2,1,2,1,45,4,0,1,2019,18-30,1,1,1
74,0,0,0,0,0,0,0,0,0,0,0,0,0,0,0,0,2019,70+,5,0,0
38,1,1,2,1,2,1,2,1,0,0,2,1,120,4,0,1,2019,31-45,2,1,1
18,1,1,2,2,2,2,2,1,0,0,0,0,60,3,0,1,2019,18-30,1,1,0
22,1,1,1,2,2,2,2,1,2,1,0,0,240,4,0,2,2019,18-30,1,1,0
48,2,2,2,2,2,2,0,0,0,0,0,0,0,0,5,2,2019,46-55,3,0,0
47,2,2,2,2,2,2,0,0,0,0,0,0,0,0,5,1,2019,46-55,3,0,0
41,1,2,1,2,2,1,0,0,2,1,0,0,60,4,0,2,2019,31-45,2,1,1
62,1,1,2,2,2,2,2,1,0,0,0,0,20,4,0,1,2019,56-70,4,1,0
29,2,2,2,1,2,2,0,0,0,0,2,1,15,3,0,1,2019,18-30,1,1,0
70,0,0,0,0,0,0,0,0,0,0,0,0,0,0,0,0,2019,56-70,4,0,0
68,2,2,2,2,2,2,0,0,0,0,0,0,0,0,5,2,2019,56-70,4,0,0
34,2,2,2,2,2,2,0,0,0,0,0,0,0,0,3,2,2019,31-45,2,0,0
61,1,2,1,2,2,2,0,0,2,1,0,0,15,2,0,2,2019,56-70,4,1,0
56,2,2,2,2,2,2,0,0,0,0,0,0,0,0,5,2,2019,56-70,4,0,0
46,2,2,2,2,2,1,0,0,0,0,0,0,10,3,0,1,2019,46-55,3,0,1
46,1,1,1,1,1,1,2,1,2,1,2,1,10,3,0,2,2019,46-55,3,1,1
28,1,2,2,1,2,2,0,0,0,0,2,1,20,3,0,2,2019,18-30,1,1,0
60,0,0,0,0,0,0,0,0,0,0,0,0,0,0,0,0,2019,56-70,4,0,0
48,1,2,2,1,2,1,0,0,0,0,1,1,15,3,0,1,2019,46-55,3,1,1
23,2,2,2,2,2,2,0,0,0,0,0,0,0,0,3,2,2019,18-30,1,0,0
21,2,2,2,2,2,2,0,0,0,0,0,0,0,0,1,2,2019,18-30,1,0,0
53,2,2,2,2,2,2,0,0,0,0,0,0,0,0,5,2,2019,46-55,3,0,0
62,2,2,2,2,2,2,0,0,0,0,0,0,0,0,1,2,2019,56-70,4,0,0
30,2,2,2,2,2,2,0,0,0,0,0,0,0,0,3,1,2019,18-30,1,0,0
59,1,1,2,1,2,2,2,1,0,0,2,1,30,4,0,1,2019,56-70,4,1,0
65,1,1,2,1,2,2,2,1,0,0,2,1,45,4,0,1,2019,56-70,4,1,0
34,1,1,2,1,2,1,2,1,0,0,2,1,60,4,0,1,2019,31-45,2,1,1
33,1,2,1,1,2,2,0,0,2,1,2,1,30,3,0,1,2019,31-45,2,1,0
20,2,2,2,1,2,2,0,0,0,0,2,1,20,4,0,1,2019,18-30,1,1,0
41,1,2,1,1,1,2,0,0,2,1,2,1,120,4,0,1,2019,31-45,2,1,0
29,1,2,1,1,2,2,0,0,2,1,2,1,15,4,0,1,2019,18-30,1,1,0
89,1,1,1,1,2,2,2,1,2,1,2,1,120,3,0,2,2019,70+,5,1,0
40,2,2,2,1,2,2,0,0,0,0,2,1,20,4,0,1,2019,31-45,2,1,0
30,2,2,2,1,2,2,0,0,0,0,2,1,10,4,0,1,2019,18-30,1,1,0
29,1,1,2,1,2,2,2,1,0,0,2,1,15,3,0,1,2019,18-30,1,1,0
56,1,1,1,1,2,1,2,1,2,1,1,2,30,3,0,1,2019,56-70,4,1,1
44,2,2,2,2,2,2,0,0,0,0,0,0,0,0,3,1,2019,31-45,2,0,0
31,2,2,2,2,2,2,0,0,0,0,0,0,0,0,3,1,2019,31-45,2,0,0
30,1,2,2,1,2,2,0,0,0,0,2,1,15,4,0,2,2019,18-30,1,1,0
54,1,1,2,2,2,2,2,1,0,0,0,0,60,3,0,1,2019,46-55,3,1,0
52,1,1,2,2,2,2,2,1,0,0,0,0,30,3,0,2,2019,46-55,3,1,0
36,2,2,2,2,2,2,0,0,0,0,0,0,0,0,1,2,2019,31-45,2,0,0
42,2,2,2,2,2,2,0,0,0,0,0,0,0,0,5,2,2019,31-45,2,0,0
20,1,2,1,1,2,1,0,0,1,2,2,1,30,3,0,1,2019,18-30,1,1,1
33,1,2,1,2,2,1,0,0,2,1,0,0,25,3,0,1,2019,31-45,2,1,1
24,1,2,1,2,2,1,0,0,2,1,0,0,30,3,0,1,2019,18-30,1,1,1
30,1,1,2,2,2,2,2,1,0,0,0,0,30,1,0,2,2019,18-30,1,1,0
65,1,2,2,2,2,2,0,0,0,0,0,0,0,0,2,2,2019,56-70,4,0,0
58,0,0,0,0,0,0,0,0,0,0,0,0,0,0,0,0,2019,56-70,4,0,0
50,1,2,2,1,2,2,0,0,0,0,2,1,60,3,0,1,2019,46-55,3,1,0
50,1,1,1,1,2,1,2,1,2,1,2,1,90,3,0,2,2019,46-55,3,1,1
28,1,1,2,2,2,2,2,1,0,0,0,0,30,4,0,2,2019,18-30,1,1,0
37,2,2,1,2,2,2,0,0,2,1,0,0,20,4,0,1,2019,31-45,2,1,0
84,2,2,2,2,2,2,0,0,0,0,0,0,0,0,5,2,2019,70+,5,0,0
45,2,2,2,1,2,2,0,0,0,0,2,1,40,4,0,1,2019,31-45,2,1,0
49,2,2,1,2,2,2,0,0,2,1,0,0,20,4,0,1,2019,46-55,3,1,0
27,2,2,2,1,2,2,0,0,0,0,2,1,35,4,0,1,2019,18-30,1,1,0
58,2,2,2,2,2,2,0,0,0,0,0,0,0,0,1,2,2019,56-70,4,0,0
76,2,2,1,2,2,2,0,0,2,1,0,0,20,1,0,2,2019,70+,5,1,0
20,2,2,1,1,2,2,0,0,2,1,2,1,30,4,0,2,2019,18-30,1,1,0
70,2,2,2,1,2,2,0,0,0,0,2,1,20,3,0,2,2019,56-70,4,1,0
40,2,2,1,1,2,2,0,0,2,1,2,1,30,4,0,2,2019,31-45,2,1,0
41,2,2,2,2,2,2,0,0,0,0,0,0,0,0,1,2,2019,31-45,2,0,0
43,1,1,2,2,2,2,2,1,0,0,0,0,30,3,0,2,2019,31-45,2,1,0
29,1,1,2,2,2,2,1,2,0,0,0,0,20,4,0,2,2019,18-30,1,1,0
19,1,1,1,2,2,2,2,1,2,1,0,0,30,3,0,2,2019,18-30,1,1,0
44,2,2,2,2,2,2,0,0,0,0,0,0,0,0,1,2,2019,31-45,2,0,0
39,1,1,2,2,2,2,2,1,0,0,0,0,60,3,0,1,2019,31-45,2,1,0
22,2,2,2,1,2,2,0,0,0,0,2,1,30,4,0,1,2019,18-30,1,1,0
72,2,2,2,2,2,2,0,0,0,0,0,0,0,0,1,2,2019,70+,5,0,0
47,2,2,1,1,2,2,0,0,2,1,2,1,30,4,0,1,2019,46-55,3,1,0
77,0,0,0,0,0,0,0,0,0,0,0,0,0,0,0,0,2019,70+,5,0,0
41,2,2,2,2,2,2,0,0,0,0,0,0,0,0,1,2,2019,31-45,2,0,0
59,2,2,2,2,2,2,0,0,0,0,0,0,0,0,1,2,2019,56-70,4,0,0
41,1,1,2,1,2,2,2,1,0,0,2,1,60,3,0,1,2019,31-45,2,1,0
54,2,2,1,2,2,2,0,0,2,1,0,0,40,3,0,2,2019,46-55,3,1,0
63,2,2,1,2,2,2,0,0,2,1,0,0,40,3,0,2,2019,56-70,4,1,0
78,0,0,0,0,0,0,0,0,0,0,0,0,0,0,0,0,2019,70+,5,0,0
65,1,1,1,2,2,2,2,1,2,1,0,0,40,3,0,2,2019,56-70,4,1,0
53,0,0,0,0,0,0,0,0,0,0,0,0,0,0,0,0,2019,46-55,3,0,0
50,0,0,0,0,0,0,0,0,0,0,0,0,0,0,0,0,2019,46-55,3,0,0
32,2,2,1,1,2,2,0,0,2,1,2,1,25,4,0,2,2019,31-45,2,1,0
28,1,1,1,2,2,2,2,1,2,1,0,0,120,3,0,1,2019,18-30,1,1,0
31,2,2,1,2,2,2,0,0,2,1,0,0,40,3,0,2,2019,31-45,2,1,0
70,0,0,0,0,0,0,0,0,0,0,0,0,0,0,0,0,2019,56-70,4,0,0
45,2,2,2,2,2,2,0,0,0,0,0,0,0,0,1,2,2019,31-45,2,0,0
50,2,2,1,1,2,2,0,0,2,1,2,1,25,3,0,2,2019,46-55,3,1,0
76,2,2,2,2,2,2,0,0,0,0,0,0,0,0,5,2,2019,70+,5,0,0
41,2,2,2,2,2,2,0,0,0,0,0,0,0,0,1,2,2019,31-45,2,0,0
50,0,0,0,0,0,0,0,0,0,0,0,0,0,0,0,0,2019,46-55,3,0,0
50,2,2,2,1,2,2,0,0,0,0,2,1,20,3,0,2,2019,46-55,3,1,0
73,0,0,0,0,0,0,0,0,0,0,0,0,0,0,0,0,2019,70+,5,0,0
54,2,2,1,1,2,2,0,0,2,1,2,1,30,3,0,2,2019,46-55,3,1,0
31,2,2,2,2,2,2,0,0,0,0,0,0,0,0,1,2,2019,31-45,2,0,0
24,2,2,1,2,2,2,0,0,2,1,0,0,40,3,0,1,2019,18-30,1,1,0
67,2,2,2,2,2,2,0,0,0,0,0,0,0,0,5,1,2019,56-70,4,0,0
65,1,1,2,2,2,2,2,1,0,0,0,0,15,1,0,1,2019,56-70,4,1,0
75,2,2,1,2,2,2,0,0,2,1,0,0,30,3,0,1,2019,70+,5,1,0
70,2,2,2,2,2,2,0,0,0,0,0,0,0,0,2,1,2019,56-70,4,0,0
39,2,2,1,2,2,2,0,0,2,1,0,0,40,3,0,1,2019,31-45,2,1,0
66,2,1,1,2,2,2,2,1,2,1,0,0,60,3,0,1,2019,56-70,4,1,0
61,2,2,2,2,2,2,0,0,0,0,0,0,0,0,5,2,2019,56-70,4,0,0
49,2,2,2,2,2,2,0,0,0,0,0,0,0,0,1,2,2019,46-55,3,0,0
66,1,1,1,1,2,2,1,1,1,1,1,2,40,3,0,1,2019,56-70,4,1,0
68,2,2,2,2,2,2,0,0,0,0,0,0,0,0,5,1,2019,56-70,4,0,0
35,2,2,2,2,2,2,0,0,0,0,0,0,0,0,2,2,2019,31-45,2,0,0
44,1,1,2,2,2,2,2,1,0,0,0,0,30,3,0,1,2019,31-45,2,1,0
40,1,1,2,2,2,2,2,1,0,0,0,0,30,2,0,2,2019,31-45,2,1,0
62,1,2,1,2,2,2,0,0,2,1,0,0,20,2,0,1,2019,56-70,4,1,0
42,2,2,2,2,2,2,0,0,0,0,0,0,0,0,3,1,2019,31-45,2,0,0
48,2,2,2,2,2,2,0,0,0,0,0,0,0,0,2,1,2019,46-55,3,0,0
20,1,1,1,1,2,1,1,1,1,1,2,1,30,3,0,1,2019,18-30,1,1,1
33,2,2,2,2,2,2,0,0,0,0,0,0,0,0,2,1,2019,31-45,2,0,0
74,1,2,1,2,2,2,0,0,2,1,0,0,20,3,0,1,2019,70+,5,1,0
36,1,1,1,2,2,2,1,1,2,1,0,0,30,3,0,1,2019,31-45,2,1,0
21,1,1,1,2,2,2,2,1,2,1,0,0,60,3,0,1,2019,18-30,1,1,0
36,1,1,2,1,2,2,2,1,0,0,1,1,45,3,0,1,2019,31-45,2,1,0
55,1,2,1,2,2,2,0,0,2,1,0,0,40,3,0,1,2019,46-55,3,1,0
29,1,1,1,2,2,2,1,2,2,1,0,0,25,3,0,1,2019,18-30,1,1,0
22,1,1,1,2,2,2,1,1,2,1,0,0,40,3,0,1,2019,18-30,1,1,0
39,1,1,1,1,2,2,1,1,2,1,2,1,50,4,0,1,2019,31-45,2,1,0
30,1,1,2,1,2,2,2,1,0,0,1,2,60,3,0,1,2019,18-30,1,1,0
18,1,1,2,2,2,2,2,1,0,0,0,0,60,3,0,1,2019,18-30,1,1,0
72,2,2,1,1,2,2,0,0,2,1,2,1,20,3,0,1,2019,70+,5,1,0
31,2,2,2,2,2,2,0,0,0,0,0,0,0,0,2,2,2019,31-45,2,0,0
48,1,1,2,1,2,2,1,2,0,0,2,1,30,3,0,1,2019,46-55,3,1,0
61,2,2,2,2,2,2,0,0,0,0,0,0,0,0,1,2,2019,56-70,4,0,0
51,1,1,2,1,2,2,1,2,0,0,2,1,40,3,0,1,2019,46-55,3,1,0
56,2,2,2,1,2,2,0,0,0,0,2,1,20,3,0,1,2019,56-70,4,1,0
19,1,1,2,2,2,1,2,1,0,0,0,0,40,4,0,1,2019,18-30,1,1,1
25,2,2,2,2,2,2,0,0,0,0,0,0,0,0,2,1,2019,18-30,1,0,0
28,1,1,1,2,2,2,2,1,2,1,0,0,30,3,0,1,2019,18-30,1,1,0
40,2,1,2,2,2,2,2,1,0,0,0,0,30,3,0,1,2019,31-45,2,1,0
33,1,2,1,1,2,2,0,0,2,1,2,1,30,3,0,1,2019,31-45,2,1,0
25,2,2,2,1,2,2,0,0,0,0,2,1,20,3,0,1,2019,18-30,1,1,0
44,2,2,2,2,2,2,0,0,0,0,0,0,0,0,2,1,2019,31-45,2,0,0
71,2,2,2,2,2,2,0,0,0,0,0,0,0,0,5,1,2019,70+,5,0,0
58,2,1,1,2,2,2,2,1,1,1,0,0,20,2,0,2,2019,56-70,4,1,0
74,1,2,1,1,2,2,0,0,2,1,2,1,20,1,0,2,2019,70+,5,1,0
25,2,2,2,2,2,2,0,0,0,0,0,0,0,0,3,1,2019,18-30,1,0,0
35,2,2,2,2,2,1,0,0,0,0,0,0,10,2,0,1,2019,31-45,2,0,1
23,1,2,2,1,2,1,0,0,0,0,2,1,20,3,0,1,2019,18-30,1,1,1
27,2,2,1,2,2,2,0,0,2,1,0,0,5,1,0,2,2019,18-30,1,1,0
52,1,2,1,1,2,2,0,0,2,1,2,1,25,3,0,1,2019,46-55,3,1,0
31,2,2,2,2,2,2,0,0,0,0,0,0,0,0,1,2,2019,31-45,2,0,0
26,1,1,1,2,2,2,2,1,2,1,0,0,30,3,0,1,2019,18-30,1,1,0
72,1,2,1,2,2,2,0,0,2,1,0,0,30,3,0,2,2019,70+,5,1,0
42,2,2,2,2,2,2,0,0,0,0,0,0,0,0,2,2,2019,31-45,2,0,0
48,2,2,2,2,2,2,0,0,0,0,0,0,0,0,3,2,2019,46-55,3,0,0
24,1,1,2,2,2,1,2,1,0,0,0,0,40,3,0,1,2019,18-30,1,1,1
43,2,2,2,2,2,2,0,0,0,0,0,0,0,0,1,1,2019,31-45,2,0,0
29,2,2,2,2,2,1,0,0,0,0,0,0,20,3,0,1,2019,18-30,1,0,1
52,2,2,2,2,2,2,0,0,0,0,0,0,0,0,3,2,2019,46-55,3,0,0
39,2,2,2,2,2,2,0,0,0,0,0,0,0,0,3,2,2019,31-45,2,0,0
46,2,2,1,2,2,2,0,0,2,1,0,0,10,1,0,2,2019,46-55,3,1,0
55,1,1,1,2,2,1,2,1,2,1,0,0,30,3,0,2,2019,46-55,3,1,1
49,2,2,2,2,2,2,0,0,0,0,0,0,0,0,3,1,2019,46-55,3,0,0
54,1,2,2,1,2,2,0,0,0,0,2,1,15,2,0,2,2019,46-55,3,1,0
62,1,1,1,2,2,2,2,1,2,1,0,0,30,2,0,1,2019,56-70,4,1,0
53,2,2,2,2,2,2,0,0,0,0,0,0,0,0,1,3,2019,46-55,3,0,0
38,2,2,2,2,2,2,0,0,0,0,0,0,0,0,1,2,2019,31-45,2,0,0
29,2,2,2,2,2,2,0,0,0,0,0,0,0,0,3,2,2019,18-30,1,0,0
24,1,1,2,2,2,1,2,1,0,0,0,0,30,2,0,1,2019,18-30,1,1,1
73,2,2,2,2,2,2,0,0,0,0,0,0,0,0,5,2,2019,70+,5,0,0
42,1,1,2,1,2,1,2,1,0,0,2,1,60,1,0,1,2019,31-45,2,1,1
20,1,2,2,2,2,1,0,0,0,0,0,0,90,3,0,1,2019,18-30,1,0,1
26,1,1,2,2,2,2,2,1,0,0,0,0,30,2,0,2,2019,18-30,1,1,0
55,0,0,0,0,0,0,0,0,0,0,0,0,0,0,0,0,2019,46-55,3,0,0
58,1,1,2,2,2,1,2,1,0,0,0,0,30,3,0,1,2019,56-70,4,1,1
40,1,2,2,1,2,2,0,0,0,0,2,1,15,3,0,1,2019,31-45,2,1,0
27,2,2,2,2,2,2,0,0,0,0,0,0,0,0,5,1,2019,18-30,1,0,0
49,2,2,2,2,2,2,0,0,0,0,0,0,0,0,3,2,2019,46-55,3,0,0
28,2,2,1,2,2,2,0,0,2,1,0,0,60,4,0,2,2019,18-30,1,1,0
33,2,2,2,2,2,1,0,0,0,0,0,0,30,2,0,1,2019,31-45,2,0,1
27,2,2,2,2,2,2,0,0,0,0,0,0,0,0,1,2,2019,18-30,1,0,0
18,2,1,2,2,2,1,2,1,0,0,0,0,45,2,0,2,2019,18-30,1,1,1
85,2,2,2,2,2,2,0,0,0,0,0,0,0,0,5,2,2019,70+,5,0,0
45,1,2,1,1,2,1,0,0,2,1,2,1,40,3,0,1,2019,31-45,2,1,1
62,0,0,0,0,0,0,0,0,0,0,0,0,0,0,0,0,2019,56-70,4,0,0
29,2,2,2,2,2,2,0,0,0,0,0,0,0,0,3,2,2019,18-30,1,0,0
43,1,2,2,2,2,2,0,0,0,0,0,0,0,0,3,1,2019,31-45,2,0,0
30,2,2,2,2,2,2,0,0,0,0,0,0,0,0,1,2,2019,18-30,1,0,0
60,2,2,2,2,2,2,0,0,0,0,0,0,0,0,3,2,2019,56-70,4,0,0
23,1,1,2,2,2,1,2,1,0,0,0,0,45,4,0,1,2019,18-30,1,1,1
57,1,2,2,2,2,1,0,0,0,0,0,0,30,3,0,1,2019,56-70,4,0,1
46,2,2,2,2,2,1,0,0,0,0,0,0,20,4,0,1,2019,46-55,3,0,1
37,2,2,2,2,2,1,0,0,0,0,0,0,30,2,0,1,2019,31-45,2,0,1
53,1,1,2,2,2,2,2,1,0,0,0,0,15,2,0,2,2019,46-55,3,1,0
72,2,2,2,2,2,2,0,0,0,0,0,0,0,0,5,2,2019,70+,5,0,0
21,1,1,2,1,2,2,2,1,0,0,1,2,40,3,0,1,2019,18-30,1,1,0
29,1,1,2,2,2,1,2,1,0,0,0,0,60,4,0,1,2019,18-30,1,1,1
20,1,1,1,2,2,1,2,1,1,2,0,0,20,2,0,1,2019,18-30,1,1,1
19,1,1,2,2,2,2,2,1,0,0,0,0,40,3,0,1,2019,18-30,1,1,0
19,1,1,1,2,2,1,2,1,2,1,0,0,60,3,0,1,2019,18-30,1,1,1
50,1,1,1,2,2,1,2,1,2,1,0,0,30,3,0,1,2019,46-55,3,1,1
21,1,1,2,2,2,1,2,1,0,0,0,0,60,3,0,1,2019,18-30,1,1,1
20,2,2,2,2,2,2,0,0,0,0,0,0,0,0,1,2,2019,18-30,1,0,0
27,1,1,2,2,2,1,2,1,0,0,0,0,45,2,0,1,2019,18-30,1,1,1
77,2,2,2,2,2,2,0,0,0,0,0,0,0,0,5,2,2019,70+,5,0,0
26,2,2,2,2,2,2,0,0,0,0,0,0,0,0,2,2,2019,18-30,1,0,0
26,1,2,1,2,2,2,0,0,2,1,0,0,30,3,0,1,2019,18-30,1,1,0
33,1,1,1,2,2,1,2,1,2,1,0,0,30,3,0,1,2019,31-45,2,1,1
50,1,1,2,2,2,1,2,1,0,0,0,0,30,3,0,1,2019,46-55,3,1,1
45,1,2,1,2,2,1,0,0,2,1,0,0,30,3,0,1,2019,31-45,2,1,1
45,1,1,2,2,2,2,2,1,0,0,0,0,40,2,0,1,2019,31-45,2,1,0
28,1,1,2,2,2,2,2,1,0,0,0,0,30,2,0,1,2019,18-30,1,1,0
43,1,2,2,2,2,2,0,0,0,0,0,0,0,0,6,2,2019,31-45,2,0,0
42,1,2,2,2,2,2,0,0,0,0,0,0,0,0,3,2,2019,31-45,2,0,0
41,2,2,2,2,2,2,0,0,0,0,0,0,0,0,3,2,2019,31-45,2,0,0
48,1,2,1,2,2,2,0,0,2,1,0,0,30,2,0,2,2019,46-55,3,1,0
58,2,2,2,2,2,2,0,0,0,0,0,0,0,0,3,2,2019,56-70,4,0,0
35,1,2,1,2,2,2,0,0,2,1,0,0,15,3,0,2,2019,31-45,2,1,0
53,1,1,1,2,2,2,2,1,2,1,0,0,20,3,0,2,2019,46-55,3,1,0
27,1,1,1,2,2,1,2,1,2,1,0,0,30,3,0,1,2019,18-30,1,1,1
62,2,2,2,2,2,2,0,0,0,0,0,0,0,0,3,2,2019,56-70,4,0,0
24,2,2,2,2,2,2,0,0,0,0,0,0,0,0,2,1,2019,18-30,1,0,0
55,1,1,2,1,2,2,2,1,0,0,2,1,30,3,0,1,2019,46-55,3,1,0
41,1,1,1,1,2,2,2,1,2,1,2,1,120,3,0,1,2019,31-45,2,1,0
33,1,1,2,2,2,1,2,1,0,0,0,0,50,3,0,1,2019,31-45,2,1,1
31,1,1,2,1,2,1,2,1,0,0,2,1,30,3,0,1,2019,31-45,2,1,1
42,2,2,2,2,2,2,0,0,0,0,0,0,0,0,3,2,2019,31-45,2,0,0
32,2,2,2,2,2,2,0,0,0,0,0,0,0,0,1,3,2019,31-45,2,0,0
19,1,2,2,2,1,2,0,0,0,0,0,0,45,4,0,2,2019,18-30,1,1,0
62,2,2,2,1,2,2,0,0,0,0,2,1,3,1,0,2,2019,56-70,4,1,0
59,1,2,1,2,2,2,0,0,2,1,0,0,35,1,0,2,2019,56-70,4,1,0
25,2,2,2,2,2,2,0,0,0,0,0,0,0,0,3,2,2019,18-30,1,0,0
77,2,2,2,2,2,2,0,0,0,0,0,0,0,0,5,2,2019,70+,5,0,0
76,2,2,2,2,2,2,0,0,0,0,0,0,0,0,5,1,2019,70+,5,0,0
68,2,2,2,2,2,2,0,0,0,0,0,0,0,0,2,2,2019,56-70,4,0,0
57,1,2,2,2,2,1,0,0,0,0,0,0,30,3,0,2,2019,56-70,4,0,1
56,1,2,2,2,2,1,0,0,0,0,0,0,45,4,0,1,2019,56-70,4,0,1
61,1,1,2,2,2,1,2,1,0,0,0,0,60,4,0,1,2019,56-70,4,1,1
30,2,2,1,2,2,1,0,0,2,1,0,0,40,4,0,1,2019,18-30,1,1,1
62,1,2,1,1,2,2,0,0,2,1,2,1,20,2,0,1,2019,56-70,4,1,0
32,1,2,2,2,2,1,0,0,0,0,0,0,30,3,0,1,2019,31-45,2,0,1
32,2,2,2,2,2,1,0,0,0,0,0,0,15,3,0,1,2019,31-45,2,0,1
75,2,2,2,2,2,2,0,0,0,0,0,0,0,0,5,2,2019,70+,5,0,0
24,1,1,2,2,2,1,2,1,0,0,0,0,120,3,0,2,2019,18-30,1,1,1
28,2,2,2,2,2,2,0,0,0,0,0,0,0,0,3,2,2019,18-30,1,0,0
42,2,2,2,2,2,2,0,0,0,0,0,0,0,0,3,2,2019,31-45,2,0,0
86,2,2,2,2,2,2,0,0,0,0,0,0,0,0,5,1,2019,70+,5,0,0
51,1,1,1,1,2,1,2,1,2,1,2,1,40,4,0,1,2019,46-55,3,1,1
21,1,1,2,2,1,1,2,1,0,0,0,0,60,4,0,1,2019,18-30,1,1,1
31,1,1,1,1,2,1,2,1,2,1,2,1,40,4,0,1,2019,31-45,2,1,1
35,2,2,2,2,2,2,0,0,0,0,0,0,0,0,3,2,2019,31-45,2,0,0
45,2,2,2,2,2,2,0,0,0,0,0,0,0,0,2,2,2019,31-45,2,0,0
71,2,2,2,2,2,2,0,0,0,0,0,0,0,0,5,2,2019,70+,5,0,0
35,2,2,2,2,2,2,0,0,0,0,0,0,0,0,4,2,2019,31-45,2,0,0
58,1,1,2,2,2,2,2,1,0,0,0,0,30,3,0,1,2019,56-70,4,1,0
48,1,1,2,2,2,1,2,1,0,0,0,0,120,4,0,1,2019,46-55,3,1,1
51,1,1,2,2,2,1,2,1,0,0,0,0,40,3,0,1,2019,46-55,3,1,1
30,2,2,1,2,2,2,0,0,2,1,0,0,15,3,0,1,2019,18-30,1,1,0
34,1,1,2,2,2,1,2,1,0,0,0,0,40,3,0,1,2019,31-45,2,1,1
21,1,1,1,2,2,1,1,2,1,2,0,0,60,3,0,1,2019,18-30,1,1,1
57,1,2,2,1,2,2,0,0,0,0,2,1,30,2,0,1,2019,56-70,4,1,0
48,1,1,2,1,2,1,2,1,0,0,2,1,45,3,0,1,2019,46-55,3,1,1
53,2,2,2,1,2,2,0,0,0,0,1,2,15,3,0,3,2019,46-55,3,1,0
84,1,1,2,2,2,2,2,1,0,0,0,0,15,1,0,2,2019,70+,5,1,0
33,1,1,2,1,2,1,2,1,0,0,2,1,30,3,0,1,2019,31-45,2,1,1
56,1,2,2,1,2,2,0,0,0,0,2,1,30,3,0,2,2019,56-70,4,1,0
83,2,2,2,2,2,2,0,0,0,0,0,0,0,0,5,2,2019,70+,5,0,0
36,1,2,1,2,2,1,0,0,1,2,0,0,10,3,0,2,2019,31-45,2,1,1
43,1,1,1,2,2,1,1,2,2,1,0,0,40,3,0,1,2019,31-45,2,1,1
41,2,2,2,1,2,2,0,0,0,0,2,1,20,1,0,2,2019,31-45,2,1,0
54,2,2,1,1,2,2,0,0,2,1,2,1,15,3,0,3,2019,46-55,3,1,0
31,1,1,1,2,2,2,2,1,2,1,0,0,30,3,0,1,2019,31-45,2,1,0
64,2,2,2,2,2,2,0,0,0,0,0,0,0,0,1,1,2019,56-70,4,0,0
37,1,2,2,1,2,2,0,0,0,0,2,1,10,4,0,2,2019,31-45,2,1,0
39,1,2,1,1,2,1,0,0,1,1,1,1,50,2,0,1,2019,31-45,2,1,1
61,2,2,2,2,2,2,0,0,0,0,0,0,0,0,3,2,2019,56-70,4,0,0
23,1,1,1,2,2,1,1,1,1,1,0,0,35,3,0,1,2019,18-30,1,1,1
21,1,1,1,1,2,1,1,1,1,1,1,1,45,3,0,1,2019,18-30,1,1,1
70,1,1,2,2,2,2,2,1,0,0,0,0,20,2,0,2,2019,56-70,4,1,0
20,2,2,2,2,2,2,0,0,0,0,0,0,0,0,2,2,2019,18-30,1,0,0
55,2,2,1,1,2,2,0,0,2,1,2,1,15,1,0,1,2019,46-55,3,1,0
51,1,2,2,1,2,2,0,0,0,0,2,1,20,1,0,1,2019,46-55,3,1,0
78,2,2,2,2,2,2,0,0,0,0,0,0,0,0,5,2,2019,70+,5,0,0
52,2,2,1,2,2,2,0,0,2,1,0,0,5,4,0,1,2019,46-55,3,1,0
58,2,2,2,2,2,2,0,0,0,0,0,0,0,0,1,3,2019,56-70,4,0,0
58,2,2,2,2,2,2,0,0,0,0,0,0,0,0,5,3,2019,56-70,4,0,0
65,2,2,2,1,2,2,0,0,0,0,2,1,30,3,0,2,2019,56-70,4,1,0
61,1,1,2,1,2,2,2,1,0,0,2,1,40,3,0,2,2019,56-70,4,1,0
34,1,1,2,2,2,1,1,2,0,0,0,0,40,3,0,1,2019,31-45,2,1,1
21,1,1,2,2,2,1,2,1,0,0,0,0,120,2,0,2,2019,18-30,1,1,1
22,2,2,2,2,2,2,0,0,0,0,0,0,0,0,2,1,2019,18-30,1,0,0
46,1,1,2,2,2,1,2,1,0,0,0,0,60,4,0,1,2019,46-55,3,1,1
24,2,2,2,1,2,2,0,0,0,0,2,1,20,3,0,2,2019,18-30,1,1,0
20,2,2,2,2,2,2,0,0,0,0,0,0,0,0,3,1,2019,18-30,1,0,0
55,1,2,1,1,2,2,0,0,2,1,2,1,25,4,0,1,2019,46-55,3,1,0
23,2,2,2,2,2,2,0,0,0,0,0,0,0,0,3,2,2019,18-30,1,0,0
60,1,1,1,2,2,2,2,1,2,1,0,0,20,1,0,1,2019,56-70,4,1,0
58,1,2,1,2,2,1,0,0,2,1,0,0,60,2,0,2,2019,56-70,4,1,1
35,1,2,1,2,2,1,0,0,2,1,0,0,30,3,0,1,2019,31-45,2,1,1
52,1,1,2,1,2,2,2,1,0,0,2,1,45,4,0,1,2019,46-55,3,1,0
58,0,0,0,0,0,0,0,0,0,0,0,0,0,0,0,0,2019,56-70,4,0,0
49,2,2,2,1,2,2,0,0,0,0,2,1,20,3,0,2,2019,46-55,3,1,0
43,1,1,2,2,2,1,2,1,0,0,0,0,60,4,0,1,2019,31-45,2,1,1
42,1,2,1,2,2,1,0,0,2,1,0,0,20,3,0,1,2019,31-45,2,1,1
33,2,2,2,2,2,2,0,0,0,0,0,0,0,0,3,2,2019,31-45,2,0,0
70,2,2,2,2,2,2,0,0,0,0,0,0,0,0,1,2,2019,56-70,4,0,0
31,2,2,2,2,2,2,0,0,0,0,0,0,0,0,2,2,2019,31-45,2,0,0
36,2,2,2,2,2,2,0,0,0,0,0,0,0,0,2,2,2019,31-45,2,0,0
22,1,1,1,1,2,1,2,1,2,1,2,1,90,3,0,1,2019,18-30,1,1,1
32,2,2,2,2,2,2,0,0,0,0,0,0,0,0,3,1,2019,31-45,2,0,0
64,2,2,2,2,2,2,0,0,0,0,0,0,0,0,1,1,2019,56-70,4,0,0
23,2,2,2,2,2,2,0,0,0,0,0,0,0,0,1,1,2019,18-30,1,0,0
48,1,1,1,1,2,1,2,1,2,1,2,1,40,4,0,1,2019,46-55,3,1,1
41,2,2,2,2,2,2,0,0,0,0,0,0,0,0,2,1,2019,31-45,2,0,0
25,2,2,1,2,2,2,0,0,2,1,0,0,5,1,0,2,2019,18-30,1,1,0
49,2,2,2,2,2,2,0,0,0,0,0,0,0,0,3,2,2019,46-55,3,0,0
25,1,2,2,2,2,1,0,0,0,0,0,0,45,4,0,1,2019,18-30,1,0,1
44,1,1,2,2,2,1,2,1,0,0,0,0,30,3,0,2,2019,31-45,2,1,1
55,2,2,2,2,2,2,0,0,0,0,0,0,0,0,2,2,2019,46-55,3,0,0
83,2,2,2,2,2,2,0,0,0,0,0,0,0,0,5,2,2019,70+,5,0,0
72,1,2,1,1,2,2,0,0,2,1,2,1,30,2,0,3,2019,70+,5,1,0
61,2,2,2,2,2,2,0,0,0,0,0,0,0,0,3,2,2019,56-70,4,0,0
44,2,2,2,2,2,1,0,0,0,0,0,0,20,1,0,2,2019,31-45,2,0,1
48,2,1,1,2,2,2,2,1,2,1,0,0,15,1,0,2,2019,46-55,3,1,0
46,2,2,2,2,2,2,0,0,0,0,0,0,0,0,2,2,2019,46-55,3,0,0
30,2,2,2,2,2,2,0,0,0,0,0,0,0,0,2,2,2019,18-30,1,0,0
81,2,2,2,2,2,2,0,0,0,0,0,0,0,0,5,2,2019,70+,5,0,0
45,2,2,2,2,2,2,0,0,0,0,0,0,0,0,1,1,2019,31-45,2,0,0
47,2,2,2,2,2,2,0,0,0,0,0,0,0,0,3,3,2019,46-55,3,0,0
22,2,2,2,2,2,2,0,0,0,0,0,0,0,0,3,2,2019,18-30,1,0,0
71,2,2,1,2,2,2,0,0,2,1,0,0,5,1,0,1,2019,70+,5,1,0
40,2,2,2,2,2,2,0,0,0,0,0,0,0,0,3,2,2019,31-45,2,0,0
53,2,2,2,2,2,2,0,0,0,0,0,0,0,0,1,2,2019,46-55,3,0,0
50,1,2,1,2,2,1,0,0,1,1,0,0,20,4,0,1,2019,46-55,3,1,1
56,2,2,2,2,2,2,0,0,0,0,0,0,0,0,2,2,2019,56-70,4,0,0
26,2,2,2,2,2,2,0,0,0,0,0,0,0,0,2,2,2019,18-30,1,0,0
40,2,2,2,2,2,2,0,0,0,0,0,0,0,0,3,1,2019,31-45,2,0,0
65,1,2,1,2,2,2,0,0,2,1,0,0,45,3,0,1,2019,56-70,4,1,0
48,1,1,2,2,2,2,2,1,0,0,0,0,40,4,0,1,2019,46-55,3,1,0
22,1,1,2,1,2,1,2,1,0,0,2,1,120,4,0,1,2019,18-30,1,1,1
46,2,2,2,2,2,2,0,0,0,0,0,0,0,0,3,2,2019,46-55,3,0,0
29,1,1,2,2,2,1,2,1,0,0,0,0,120,4,0,1,2019,18-30,1,1,1
57,1,1,1,2,2,2,2,1,2,1,0,0,29,3,0,2,2019,56-70,4,1,0
67,1,2,1,1,2,2,0,0,2,1,2,1,10,3,0,1,2019,56-70,4,1,0
35,1,2,1,2,2,1,0,0,2,1,0,0,18,3,0,2,2019,31-45,2,1,1
27,1,1,2,2,2,1,2,1,0,0,0,0,60,4,0,1,2019,18-30,1,1,1
36,1,2,2,1,2,1,0,0,0,0,2,1,30,3,0,1,2019,31-45,2,1,1
43,2,2,2,2,2,2,0,0,0,0,0,0,0,0,3,2,2019,31-45,2,0,0
25,1,2,2,2,2,1,0,0,0,0,0,0,30,4,0,1,2019,18-30,1,0,1
50,1,1,2,1,2,2,2,1,0,0,2,1,60,4,0,1,2019,46-55,3,1,0
51,2,2,2,2,2,2,0,0,0,0,0,0,0,0,3,2,2019,46-55,3,0,0
60,2,2,1,2,2,2,0,0,2,1,0,0,20,3,0,1,2019,56-70,4,1,0
74,2,2,2,2,2,2,0,0,0,0,0,0,0,0,1,3,2019,70+,5,0,0
79,2,2,2,2,2,2,0,0,0,0,0,0,0,0,5,2,2019,70+,5,0,0
22,1,2,1,2,2,2,0,0,2,1,0,0,30,4,0,1,2019,18-30,1,1,0
22,2,2,2,2,2,1,0,0,0,0,0,0,15,2,0,1,2019,18-30,1,0,1
23,2,2,2,2,2,1,0,0,0,0,0,0,30,3,0,2,2019,18-30,1,0,1
59,2,2,2,2,2,2,0,0,0,0,0,0,0,0,3,2,2019,56-70,4,0,0
34,2,2,2,2,2,2,0,0,0,0,0,0,0,0,3,2,2019,31-45,2,0,0
48,2,2,2,2,2,2,0,0,0,0,0,0,0,0,2,2,2019,46-55,3,0,0
22,1,1,2,2,2,1,1,2,0,0,0,0,60,3,0,2,2019,18-30,1,1,1
22,1,1,2,2,2,1,1,2,0,0,0,0,10,3,0,1,2019,18-30,1,1,1
47,1,1,1,1,2,1,2,1,2,1,2,1,30,3,0,1,2019,46-55,3,1,1
70,2,2,2,2,2,2,0,0,0,0,0,0,0,0,5,3,2019,56-70,4,0,0
32,1,1,1,2,1,1,2,1,2,1,0,0,25,4,0,1,2019,31-45,2,1,1
22,1,2,1,2,2,1,0,0,2,1,0,0,15,3,0,1,2019,18-30,1,1,1
83,2,2,2,2,2,2,0,0,0,0,0,0,0,0,5,2,2019,70+,5,0,0
21,1,1,1,1,2,1,1,2,2,1,2,1,10,4,0,1,2019,18-30,1,1,1
28,1,1,2,1,2,1,1,2,0,0,2,1,60,3,0,1,2019,18-30,1,1,1
53,1,1,1,1,2,1,2,1,2,1,2,1,15,1,0,1,2019,46-55,3,1,1
20,1,1,1,1,2,1,2,1,2,1,2,1,30,3,0,1,2019,18-30,1,1,1
43,1,1,1,2,2,1,2,1,2,1,0,0,30,3,0,1,2019,31-45,2,1,1
36,1,1,1,2,2,1,2,1,2,1,0,0,30,3,0,1,2019,31-45,2,1,1
67,2,2,1,2,2,2,0,0,2,1,0,0,30,3,0,2,2019,56-70,4,1,0
77,0,0,0,0,0,0,0,0,0,0,0,0,0,0,0,0,2019,70+,5,0,0
37,1,1,2,1,2,1,2,1,0,0,2,1,60,3,0,1,2019,31-45,2,1,1
47,1,1,1,1,2,2,2,1,2,1,2,1,35,3,0,2,2019,46-55,3,1,0
28,1,1,1,2,2,1,2,1,2,1,0,0,30,3,0,2,2019,18-30,1,1,1
56,1,2,1,1,2,2,0,0,2,1,2,1,20,2,0,3,2019,56-70,4,1,0
29,1,1,1,1,2,1,2,1,2,1,2,1,40,3,0,2,2019,18-30,1,1,1
55,1,1,2,1,2,2,2,1,0,0,2,1,30,2,0,1,2019,46-55,3,1,0
59,2,2,2,2,2,2,0,0,0,0,0,0,0,0,3,2,2019,56-70,4,0,0
24,1,1,1,2,2,1,2,1,2,1,0,0,40,3,0,1,2019,18-30,1,1,1
38,1,1,1,2,2,1,2,1,2,1,0,0,30,3,0,1,2019,31-45,2,1,1
57,2,2,1,2,2,2,0,0,2,1,0,0,15,2,0,2,2019,56-70,4,1,0
25,1,1,1,2,2,1,2,1,2,1,0,0,30,3,0,1,2019,18-30,1,1,1
37,1,1,1,2,2,1,2,1,2,1,0,0,30,3,0,1,2019,31-45,2,1,1
26,1,1,1,2,2,1,2,1,2,1,0,0,30,3,0,1,2019,18-30,1,1,1
71,0,0,0,0,0,0,0,0,0,0,0,0,0,0,0,0,2019,70+,5,0,0
30,2,2,2,1,2,2,0,0,0,0,2,1,15,2,0,2,2019,18-30,1,1,0
48,1,1,2,2,2,2,2,1,0,0,0,0,20,3,0,1,2019,46-55,3,1,0
63,1,1,2,2,2,2,2,1,0,0,0,0,40,1,0,2,2019,56-70,4,1,0
65,1,2,2,1,2,2,0,0,0,0,2,1,30,3,0,2,2019,56-70,4,1,0
49,1,2,1,1,2,1,0,0,2,1,2,1,10,3,0,1,2019,46-55,3,1,1
23,1,1,2,2,2,2,2,1,0,0,0,0,60,3,0,1,2019,18-30,1,1,0
52,1,1,1,2,2,1,1,2,2,1,0,0,20,3,0,1,2019,46-55,3,1,1
60,1,1,2,2,2,2,2,1,0,0,0,0,20,4,0,1,2019,56-70,4,1,0
62,1,1,2,1,2,2,2,1,0,0,2,1,30,3,0,2,2019,56-70,4,1,0
33,0,0,0,0,0,0,0,0,0,0,0,0,0,0,0,0,2019,31-45,2,0,0
28,1,1,1,1,2,1,2,1,1,2,2,1,30,3,0,2,2019,18-30,1,1,1
27,1,1,2,2,2,2,2,1,0,0,0,0,20,1,0,1,2019,18-30,1,1,0
42,1,1,2,2,2,1,2,1,0,0,0,0,60,3,0,1,2019,31-45,2,1,1
30,2,2,2,2,2,2,0,0,0,0,0,0,0,0,1,1,2019,18-30,1,0,0
76,1,2,2,2,2,2,0,0,0,0,0,0,0,0,3,2,2019,70+,5,0,0
54,1,2,2,1,2,1,0,0,0,0,2,1,30,4,0,1,2019,46-55,3,1,1
44,1,1,2,2,1,2,2,1,0,0,0,0,10,2,0,1,2019,31-45,2,1,0
32,1,1,1,1,1,1,2,1,2,1,2,1,60,4,0,2,2019,31-45,2,1,1
32,1,1,1,1,2,1,2,1,1,2,2,1,60,3,0,1,2019,31-45,2,1,1
66,1,1,2,2,2,1,2,1,0,0,0,0,60,4,0,2,2019,56-70,4,1,1
55,2,2,2,2,2,2,0,0,0,0,0,0,0,0,1,1,2019,46-55,3,0,0
75,1,2,1,2,2,2,0,0,2,1,0,0,30,2,0,1,2019,70+,5,1,0
57,2,2,1,2,2,2,0,0,2,1,0,0,30,4,0,1,2019,56-70,4,1,0
33,1,1,1,2,2,2,2,1,2,1,0,0,15,2,0,2,2019,31-45,2,1,0
32,1,1,1,1,1,1,2,1,2,1,2,1,30,4,0,1,2019,31-45,2,1,1
20,1,1,2,2,2,1,2,1,0,0,0,0,30,4,0,1,2019,18-30,1,1,1
24,1,2,1,1,2,1,0,0,2,1,2,1,5,3,0,2,2019,18-30,1,1,1
26,1,1,2,2,2,1,2,1,0,0,0,0,10,3,0,1,2019,18-30,1,1,1
60,1,1,2,2,2,2,2,1,0,0,0,0,15,2,0,1,2019,56-70,4,1,0
31,1,1,2,2,2,1,1,2,0,0,0,0,30,3,0,1,2019,31-45,2,1,1
43,1,1,1,2,2,1,2,1,2,1,0,0,40,3,0,1,2019,31-45,2,1,1
88,2,2,2,2,2,2,0,0,0,0,0,0,0,0,5,3,2019,70+,5,0,0
37,1,1,1,1,2,1,2,1,2,1,2,1,40,3,0,1,2019,31-45,2,1,1
20,2,2,2,2,2,2,0,0,0,0,0,0,0,0,3,1,2019,18-30,1,0,0
56,1,1,2,2,2,2,2,1,0,0,0,0,20,4,0,1,2019,56-70,4,1,0
64,0,0,0,0,0,0,0,0,0,0,0,0,0,0,0,0,2019,56-70,4,0,0
59,1,1,1,1,2,2,2,1,2,1,2,1,20,2,0,2,2019,56-70,4,1,0
72,2,2,1,1,2,2,0,0,2,1,2,1,20,2,0,2,2019,70+,5,1,0
44,1,1,1,1,2,1,2,1,2,1,2,1,40,2,0,2,2019,31-45,2,1,1
41,1,2,2,2,2,2,0,0,0,0,0,0,0,0,2,2,2019,31-45,2,0,0
51,2,2,2,1,2,2,0,0,0,0,2,1,20,1,0,2,2019,46-55,3,1,0
54,1,1,1,1,2,1,2,1,2,1,2,1,30,3,0,2,2019,46-55,3,1,1
19,1,1,1,1,2,1,1,1,1,1,2,1,40,3,0,2,2019,18-30,1,1,1
42,1,1,1,1,2,2,2,1,2,1,2,1,30,3,0,1,2019,31-45,2,1,0
32,1,1,1,1,2,2,2,1,2,1,2,1,20,2,0,2,2019,31-45,2,1,0
37,1,1,1,1,2,2,2,1,2,1,2,1,20,2,0,2,2019,31-45,2,1,0
42,1,2,2,1,2,2,0,0,0,0,2,1,20,2,0,2,2019,31-45,2,1,0
43,1,1,1,1,2,1,2,1,1,1,2,1,30,3,0,1,2019,31-45,2,1,1
31,2,2,2,2,2,2,0,0,0,0,0,0,0,0,3,2,2019,31-45,2,0,0
53,1,1,1,2,2,1,1,2,1,2,0,0,30,3,0,1,2019,46-55,3,1,1
33,1,1,2,2,2,2,2,1,0,0,0,0,15,1,0,1,2019,31-45,2,1,0
43,1,2,1,2,2,2,0,0,2,1,0,0,60,3,0,2,2019,31-45,2,1,0
55,1,1,2,1,2,1,2,1,0,0,2,1,30,3,0,1,2019,46-55,3,1,1
74,1,1,1,2,2,2,2,1,2,1,0,0,90,2,0,2,2019,70+,5,1,0
42,1,1,2,2,2,2,2,1,0,0,0,0,15,4,0,1,2019,31-45,2,1,0
69,1,1,2,2,2,2,2,1,0,0,0,0,60,4,0,1,2019,56-70,4,1,0
42,1,1,1,2,2,2,2,1,2,1,0,0,30,3,0,2,2019,31-45,2,1,0
52,1,1,1,2,2,2,1,1,2,1,0,0,120,4,0,1,2019,46-55,3,1,0
30,1,1,1,2,2,1,2,1,2,1,0,0,20,3,0,1,2019,18-30,1,1,1
41,1,1,1,1,2,1,2,1,2,1,2,1,60,3,0,1,2019,31-45,2,1,1
37,1,1,2,2,2,2,2,1,0,0,0,0,10,2,0,1,2019,31-45,2,1,0
77,0,0,0,0,0,0,0,0,0,0,0,0,0,0,0,0,2019,70+,5,0,0
82,1,1,2,2,2,2,2,1,0,0,0,0,5,1,0,1,2019,70+,5,1,0
24,2,2,2,2,2,2,0,0,0,0,0,0,0,0,3,2,2019,18-30,1,0,0
54,1,1,2,2,2,2,2,1,0,0,0,0,30,3,0,1,2019,46-55,3,1,0
33,2,2,2,2,2,2,0,0,0,0,0,0,0,0,3,1,2019,31-45,2,0,0
49,1,2,2,1,2,2,0,0,0,0,2,1,5,2,0,2,2019,46-55,3,1,0
32,1,1,2,2,2,1,1,1,0,0,0,0,120,3,0,1,2019,31-45,2,1,1
50,1,2,1,1,2,2,0,0,2,1,2,1,5,1,0,1,2019,46-55,3,1,0
80,1,2,2,1,1,2,0,0,0,0,2,1,30,3,0,1,2019,70+,5,1,0
50,1,1,1,2,2,1,2,1,2,1,0,0,40,3,0,1,2019,46-55,3,1,1
33,1,1,2,2,2,2,2,1,0,0,0,0,120,4,0,2,2019,31-45,2,1,0
35,1,1,1,2,2,2,2,1,2,1,0,0,30,2,0,1,2019,31-45,2,1,0
33,1,1,2,2,2,1,2,1,0,0,0,0,120,3,0,1,2019,31-45,2,1,1
53,2,2,2,2,2,2,0,0,0,0,0,0,0,0,1,2,2019,46-55,3,0,0
23,1,1,2,2,2,2,2,1,0,0,0,0,20,1,0,2,2019,18-30,1,1,0
58,1,1,1,2,2,2,2,1,2,1,0,0,20,2,0,1,2019,56-70,4,1,0
48,1,1,2,2,2,2,2,1,0,0,0,0,30,1,0,1,2019,46-55,3,1,0
54,1,1,1,1,2,2,2,1,2,1,2,1,30,3,0,1,2019,46-55,3,1,0
67,1,1,1,1,2,1,2,1,2,1,2,1,30,3,0,1,2019,56-70,4,1,1
57,1,1,1,2,2,2,2,1,2,1,0,0,20,2,0,1,2019,56-70,4,1,0
22,1,1,2,2,2,1,2,1,0,0,0,0,40,3,0,1,2019,18-30,1,1,1
73,1,1,2,2,2,1,2,1,0,0,0,0,60,2,0,1,2019,70+,5,1,1
55,1,2,2,2,2,2,0,0,0,0,0,0,0,0,3,2,2019,46-55,3,0,0
38,2,2,2,2,2,2,0,0,0,0,0,0,0,0,2,1,2019,31-45,2,0,0
30,1,2,2,1,2,2,0,0,0,0,2,1,30,3,0,1,2019,18-30,1,1,0
51,2,2,2,2,2,2,0,0,0,0,0,0,0,0,1,2,2019,46-55,3,0,0
30,1,1,1,2,2,2,2,1,2,1,0,0,30,3,0,1,2019,18-30,1,1,0
37,1,1,2,1,2,2,2,1,0,0,2,1,60,3,0,1,2019,31-45,2,1,0
50,2,2,2,2,2,2,0,0,0,0,0,0,0,0,1,1,2019,46-55,3,0,0
25,2,2,2,2,2,2,0,0,0,0,0,0,0,0,3,1,2019,18-30,1,0,0
64,0,0,0,0,0,0,0,0,0,0,0,0,0,0,0,0,2019,56-70,4,0,0
46,1,1,1,1,2,2,1,2,2,1,2,1,45,3,0,1,2019,46-55,3,1,0
42,1,1,2,2,2,2,2,1,0,0,0,0,30,3,0,1,2019,31-45,2,1,0
39,2,2,2,2,2,2,0,0,0,0,0,0,0,0,3,2,2019,31-45,2,0,0
36,1,1,1,2,2,2,2,1,2,1,0,0,30,3,0,1,2019,31-45,2,1,0
34,2,2,2,2,2,1,0,0,0,0,0,0,60,3,0,1,2019,31-45,2,0,1
23,1,1,2,2,2,1,2,1,0,0,0,0,45,3,0,1,2019,18-30,1,1,1
22,1,1,2,2,2,2,2,1,0,0,0,0,60,3,0,1,2019,18-30,1,1,0
35,1,1,1,2,2,2,2,1,2,1,0,0,60,3,0,1,2019,31-45,2,1,0
59,2,2,2,2,2,2,0,0,0,0,0,0,0,0,5,2,2019,56-70,4,0,0
47,1,1,1,1,2,2,2,1,2,1,2,1,45,3,0,1,2019,46-55,3,1,0
44,1,1,2,1,2,2,2,1,0,0,2,1,120,3,0,1,2019,31-45,2,1,0
30,1,1,2,1,2,1,2,1,0,0,2,1,45,3,0,1,2019,18-30,1,1,1
48,1,1,1,1,2,1,2,1,2,1,1,2,40,3,0,1,2019,46-55,3,1,1
79,1,2,2,2,2,2,0,0,0,0,0,0,0,0,5,2,2019,70+,5,0,0
41,2,2,2,2,2,2,0,0,0,0,0,0,0,0,3,2,2019,31-45,2,0,0
63,2,2,2,2,2,2,0,0,0,0,0,0,0,0,2,2,2019,56-70,4,0,0
37,2,2,2,2,2,2,0,0,0,0,0,0,0,0,2,1,2019,31-45,2,0,0
33,2,2,2,2,2,2,0,0,0,0,0,0,0,0,3,2,2019,31-45,2,0,0
22,1,2,1,2,2,2,0,0,2,1,0,0,30,3,0,2,2019,18-30,1,1,0
59,1,2,2,2,2,2,0,0,0,0,0,0,0,0,3,2,2019,56-70,4,0,0
40,2,2,2,2,2,2,0,0,0,0,0,0,0,0,1,1,2019,31-45,2,0,0
34,1,2,2,1,2,2,0,0,0,0,2,1,30,3,0,1,2019,31-45,2,1,0
45,2,2,2,2,2,2,0,0,0,0,0,0,0,0,3,2,2019,31-45,2,0,0
36,2,2,2,2,2,2,0,0,0,0,0,0,0,0,1,2,2019,31-45,2,0,0
40,2,2,2,2,2,2,0,0,0,0,0,0,0,0,3,1,2019,31-45,2,0,0
40,2,2,2,2,2,2,0,0,0,0,0,0,0,0,2,2,2019,31-45,2,0,0
28,1,1,2,2,2,2,2,1,0,0,0,0,60,3,0,1,2019,18-30,1,1,0
48,2,2,2,2,2,2,0,0,0,0,0,0,0,0,3,2,2019,46-55,3,0,0
55,1,1,2,2,2,2,2,1,0,0,0,0,30,3,0,2,2019,46-55,3,1,0
24,1,1,2,2,2,2,2,1,0,0,0,0,60,3,0,1,2019,18-30,1,1,0
55,2,2,2,2,2,2,0,0,0,0,0,0,0,0,1,2,2019,46-55,3,0,0
73,0,0,0,0,0,0,0,0,0,0,0,0,0,0,0,0,2019,70+,5,0,0
78,0,0,0,0,0,0,0,0,0,0,0,0,0,0,0,0,2019,70+,5,0,0
69,1,1,1,2,2,2,2,1,2,1,0,0,30,1,0,1,2019,56-70,4,1,0
43,2,2,1,1,2,2,0,0,2,1,2,1,20,3,0,1,2019,31-45,2,1,0
80,1,2,2,1,2,2,0,0,0,0,2,1,60,3,0,2,2019,70+,5,1,0
28,1,1,1,1,2,1,2,1,2,1,2,1,45,4,0,1,2019,18-30,1,1,1
60,1,2,1,2,2,2,0,0,2,1,0,0,30,3,0,2,2019,56-70,4,1,0
58,1,2,1,1,2,2,0,0,2,1,2,1,30,4,0,1,2019,56-70,4,1,0
56,1,2,2,2,2,2,0,0,0,0,0,0,0,0,5,2,2019,56-70,4,0,0
42,1,2,2,2,2,2,0,0,0,0,0,0,0,0,4,2,2019,31-45,2,0,0
21,1,1,2,2,2,2,1,2,0,0,0,0,120,3,0,1,2019,18-30,1,1,0
52,0,0,0,0,0,0,0,0,0,0,0,0,0,0,0,0,2019,46-55,3,0,0
54,2,1,2,2,2,2,2,1,0,0,0,0,20,3,0,2,2019,46-55,3,1,0
31,2,2,2,2,2,2,0,0,0,0,0,0,0,0,2,2,2019,31-45,2,0,0
19,1,1,2,1,2,2,2,1,0,0,2,1,60,3,0,1,2019,18-30,1,1,0
45,1,1,1,2,2,2,2,1,2,1,0,0,60,3,0,1,2019,31-45,2,1,0
18,1,2,2,2,2,1,0,0,0,0,0,0,60,1,0,1,2019,18-30,1,0,1
24,2,2,2,2,2,2,0,0,0,0,0,0,0,0,2,1,2019,18-30,1,0,0
41,1,1,1,2,2,1,2,1,2,1,0,0,60,3,0,2,2019,31-45,2,1,1
20,1,1,2,2,2,1,2,1,0,0,0,0,30,4,0,1,2019,18-30,1,1,1
63,2,2,2,1,2,2,0,0,0,0,2,1,30,4,0,1,2019,56-70,4,1,0
33,1,2,2,2,2,2,0,0,0,0,0,0,0,0,2,2,2019,31-45,2,0,0
58,1,1,2,1,2,2,2,1,0,0,2,1,15,3,0,2,2019,56-70,4,1,0
43,1,2,1,1,1,1,0,0,2,1,2,1,20,3,0,2,2019,31-45,2,1,1
54,1,1,1,2,2,2,2,1,1,2,0,0,120,4,0,1,2019,46-55,3,1,0
62,1,2,2,1,2,2,0,0,0,0,2,1,30,2,0,2,2019,56-70,4,1,0
68,1,2,2,2,2,2,0,0,0,0,0,0,0,0,3,2,2019,56-70,4,0,0
21,1,1,2,2,2,2,2,1,0,0,0,0,60,3,0,1,2019,18-30,1,1,0
43,2,2,2,2,2,2,0,0,0,0,0,0,0,0,1,1,2019,31-45,2,0,0
49,1,1,1,1,2,1,1,2,1,2,1,2,60,3,0,1,2019,46-55,3,1,1
26,1,2,1,2,2,1,0,0,2,1,0,0,60,4,0,1,2019,18-30,1,1,1
54,2,2,2,2,2,2,0,0,0,0,0,0,0,0,3,1,2019,46-55,3,0,0
53,1,2,2,1,2,2,0,0,0,0,2,1,5,3,0,2,2019,46-55,3,1,0
41,1,2,1,2,2,2,0,0,2,1,0,0,10,3,0,1,2019,31-45,2,1,0
30,1,2,2,1,2,1,0,0,0,0,2,1,30,2,0,1,2019,18-30,1,1,1
27,1,1,2,2,2,1,2,1,0,0,0,0,15,3,0,1,2019,18-30,1,1,1
23,1,1,2,1,2,1,1,1,0,0,2,1,30,3,0,1,2019,18-30,1,1,1
18,1,1,2,2,2,1,2,1,0,0,0,0,40,1,0,1,2019,18-30,1,1,1
30,1,1,2,2,2,2,2,1,0,0,0,0,60,4,0,2,2019,18-30,1,1,0
21,1,1,1,2,2,1,2,1,2,1,0,0,60,3,0,1,2019,18-30,1,1,1
24,1,1,1,1,2,2,2,1,2,1,2,1,90,3,0,1,2019,18-30,1,1,0
59,1,1,2,2,2,2,2,1,0,0,0,0,30,3,0,2,2019,56-70,4,1,0
58,1,2,2,1,2,1,0,0,0,0,2,1,10,3,0,1,2019,56-70,4,1,1
50,1,2,2,2,2,2,0,0,0,0,0,0,0,0,3,2,2019,46-55,3,0,0
66,1,1,1,1,2,1,2,1,2,1,2,1,60,4,0,1,2019,56-70,4,1,1
38,1,1,2,2,2,1,2,1,0,0,0,0,60,3,0,2,2019,31-45,2,1,1
55,1,1,2,2,2,2,2,1,0,0,0,0,30,1,0,2,2019,46-55,3,1,0
27,1,1,1,1,2,2,2,1,2,1,2,1,40,2,0,1,2019,18-30,1,1,0
23,2,1,2,2,2,2,2,1,0,0,0,0,15,2,0,1,2019,18-30,1,1,0
28,1,2,1,2,1,2,0,0,2,1,0,0,60,2,0,2,2019,18-30,1,1,0
53,1,2,1,2,2,2,0,0,2,1,0,0,60,3,0,1,2019,46-55,3,1,0
65,1,2,2,1,2,1,0,0,0,0,2,1,60,1,0,2,2019,56-70,4,1,1
59,1,1,1,2,2,2,2,1,2,1,0,0,30,1,0,2,2019,56-70,4,1,0
36,2,2,2,2,2,2,0,0,0,0,0,0,0,0,2,1,2019,31-45,2,0,0
35,1,2,2,1,2,1,0,0,0,0,2,1,15,4,0,2,2019,31-45,2,1,1
35,2,2,2,2,2,2,0,0,0,0,0,0,0,0,3,2,2019,31-45,2,0,0
39,2,2,2,2,2,2,0,0,0,0,0,0,0,0,2,1,2019,31-45,2,0,0
21,1,1,2,2,2,1,2,1,0,0,0,0,15,3,0,1,2019,18-30,1,1,1
41,2,2,2,2,2,1,0,0,0,0,0,0,5,2,0,1,2019,31-45,2,0,1
76,1,1,1,2,2,2,2,1,2,1,0,0,60,3,0,1,2019,70+,5,1,0
24,2,1,2,2,1,1,1,1,0,0,0,0,30,2,0,1,2019,18-30,1,1,1
54,1,1,1,2,2,2,2,1,2,1,0,0,20,2,0,2,2019,46-55,3,1,0
48,1,1,2,2,2,2,2,1,0,0,0,0,10,2,0,2,2019,46-55,3,1,0
29,1,1,1,2,2,2,2,1,2,1,0,0,40,3,0,1,2019,18-30,1,1,0
30,1,1,2,2,2,1,1,2,0,0,0,0,30,3,0,1,2019,18-30,1,1,1
75,1,1,2,2,2,2,2,1,0,0,0,0,20,1,0,2,2019,70+,5,1,0
42,1,1,1,2,2,1,2,1,2,1,0,0,10,3,0,1,2019,31-45,2,1,1
18,1,2,2,2,2,1,0,0,0,0,0,0,15,4,0,1,2019,18-30,1,0,1
39,2,2,1,1,2,1,0,0,2,1,1,2,30,4,0,1,2019,31-45,2,1,1
69,0,0,0,0,0,0,0,0,0,0,0,0,0,0,0,0,2019,56-70,4,0,0
71,1,1,2,2,2,2,2,1,0,0,0,0,20,3,0,1,2019,70+,5,1,0
69,1,1,2,2,2,2,2,1,0,0,0,0,15,2,0,1,2019,56-70,4,1,0
29,2,2,2,2,2,2,0,0,0,0,0,0,0,0,3,2,2019,18-30,1,0,0
44,2,2,2,2,2,2,0,0,0,0,0,0,0,0,2,2,2019,31-45,2,0,0
31,1,1,1,2,2,1,2,1,2,1,0,0,45,3,0,1,2019,31-45,2,1,1
39,1,1,1,1,2,1,2,1,1,2,1,2,30,3,0,1,2019,31-45,2,1,1
28,1,2,2,2,2,1,0,0,0,0,0,0,5,3,0,1,2019,18-30,1,0,1
53,1,1,1,1,2,1,2,1,1,1,2,1,20,2,0,1,2019,46-55,3,1,1
30,1,2,1,2,2,2,0,0,2,1,0,0,20,3,0,2,2019,18-30,1,1,0
58,1,1,2,2,1,2,2,1,0,0,0,0,60,4,0,2,2019,56-70,4,1,0
25,2,1,2,1,2,2,2,1,0,0,2,1,5,3,0,1,2019,18-30,1,1,0
24,1,1,2,2,2,1,2,1,0,0,0,0,10,1,0,1,2019,18-30,1,1,1
27,1,1,2,1,2,1,2,1,0,0,2,1,30,2,0,1,2019,18-30,1,1,1
57,1,2,2,2,2,2,0,0,0,0,0,0,0,0,5,2,2019,56-70,4,0,0
45,2,2,2,2,2,1,0,0,0,0,0,0,60,4,0,1,2019,31-45,2,0,1
18,1,1,2,2,2,1,2,1,0,0,0,0,60,4,0,1,2019,18-30,1,1,1
63,1,2,2,2,2,2,0,0,0,0,0,0,0,0,3,2,2019,56-70,4,0,0
24,1,1,1,2,2,1,2,1,2,1,0,0,60,2,0,1,2019,18-30,1,1,1
23,1,1,1,2,2,1,1,2,2,1,0,0,10,3,0,2,2019,18-30,1,1,1
25,1,2,2,2,2,1,0,0,0,0,0,0,30,4,0,1,2019,18-30,1,0,1
20,1,1,2,2,1,1,2,1,0,0,0,0,60,4,0,1,2019,18-30,1,1,1
39,1,1,2,2,2,1,2,1,0,0,0,0,30,3,0,2,2019,31-45,2,1,1
37,2,2,2,1,2,1,0,0,0,0,2,1,10,2,0,2,2019,31-45,2,1,1
60,1,1,2,1,2,1,2,1,0,0,2,1,180,4,0,2,2019,56-70,4,1,1
55,1,2,1,1,2,2,0,0,2,1,2,1,30,2,0,1,2019,46-55,3,1,0
49,2,2,2,2,2,1,0,0,0,0,0,0,15,4,0,1,2019,46-55,3,0,1
51,1,1,1,2,2,2,2,1,2,1,0,0,60,3,0,1,2019,46-55,3,1,0
68,1,1,1,1,1,2,2,1,2,1,2,1,30,3,0,2,2019,56-70,4,1,0
19,1,1,1,2,2,1,2,1,2,1,0,0,60,3,0,1,2019,18-30,1,1,1
62,1,1,2,2,2,2,2,1,0,0,0,0,60,3,0,1,2019,56-70,4,1,0
45,1,2,2,2,2,1,0,0,0,0,0,0,5,1,0,2,2019,31-45,2,0,1
55,1,2,2,2,2,1,0,0,0,0,0,0,20,3,0,1,2019,46-55,3,0,1
29,1,1,2,2,2,1,2,1,0,0,0,0,60,3,0,2,2019,18-30,1,1,1
67,2,2,2,1,2,2,0,0,0,0,2,1,15,4,0,1,2019,56-70,4,1,0
23,2,2,2,2,2,1,0,0,0,0,0,0,60,3,0,1,2019,18-30,1,0,1
65,1,1,2,2,2,2,2,1,0,0,0,0,15,1,0,2,2019,56-70,4,1,0
42,1,1,2,2,2,2,2,1,0,0,0,0,45,3,0,1,2019,31-45,2,1,0
64,2,2,1,1,2,2,0,0,2,1,2,1,10,1,0,2,2019,56-70,4,1,0
41,2,1,2,2,2,1,2,1,0,0,0,0,60,2,0,1,2019,31-45,2,1,1
61,2,2,2,2,2,2,0,0,0,0,0,0,0,0,3,2,2019,56-70,4,0,0
52,2,2,2,2,2,2,0,0,0,0,0,0,0,0,3,2,2019,46-55,3,0,0
60,2,2,2,2,2,2,0,0,0,0,0,0,0,0,5,1,2019,56-70,4,0,0
64,1,1,2,1,2,2,2,1,0,0,2,1,20,3,0,1,2019,56-70,4,1,0
85,0,0,0,0,0,0,0,0,0,0,0,0,0,0,0,0,2019,70+,5,0,0
40,2,2,1,2,2,2,0,0,2,1,0,0,20,4,0,2,2019,31-45,2,1,0
54,1,1,1,1,2,1,2,1,2,1,2,1,20,1,0,1,2019,46-55,3,1,1
53,1,1,2,2,2,2,2,1,0,0,0,0,40,3,0,1,2019,46-55,3,1,0
50,1,1,1,1,2,2,2,1,2,1,2,1,30,2,0,1,2019,46-55,3,1,0
59,1,1,1,2,2,1,1,2,1,2,0,0,60,3,0,1,2019,56-70,4,1,1
18,1,1,2,2,2,1,2,1,0,0,0,0,30,2,0,2,2019,18-30,1,1,1
38,1,1,2,2,2,1,2,1,0,0,0,0,120,4,0,2,2019,31-45,2,1,1
55,1,1,2,2,2,2,2,1,0,0,0,0,30,2,0,2,2019,46-55,3,1,0
54,1,2,2,2,2,2,0,0,0,0,0,0,0,0,3,2,2019,46-55,3,0,0
73,0,0,0,0,0,0,0,0,0,0,0,0,0,0,0,0,2019,70+,5,0,0
80,0,0,0,0,0,0,0,0,0,0,0,0,0,0,0,0,2019,70+,5,0,0
87,2,2,2,2,2,2,0,0,0,0,0,0,0,0,5,2,2019,70+,5,0,0
68,0,0,0,0,0,0,0,0,0,0,0,0,0,0,0,0,2019,56-70,4,0,0
37,2,2,2,2,2,2,0,0,0,0,0,0,0,0,1,2,2019,31-45,2,0,0
28,2,2,2,2,2,2,0,0,0,0,0,0,0,0,3,1,2019,18-30,1,0,0
46,1,2,2,1,2,2,0,0,0,0,2,1,30,3,0,2,2019,46-55,3,1,0
53,2,2,2,2,2,2,0,0,0,0,0,0,0,0,3,1,2019,46-55,3,0,0
43,1,2,2,1,2,1,0,0,0,0,2,1,30,4,0,1,2019,31-45,2,1,1
40,1,2,2,1,2,2,0,0,0,0,2,1,30,4,0,2,2019,31-45,2,1,0
77,0,0,0,0,0,0,0,0,0,0,0,0,0,0,0,0,2019,70+,5,0,0
85,1,1,2,1,2,2,2,1,0,0,2,1,45,2,0,2,2019,70+,5,1,0
52,1,2,1,2,2,2,0,0,1,2,0,0,30,4,0,1,2019,46-55,3,1,0
34,1,2,1,2,1,1,0,0,1,2,0,0,60,4,0,1,2019,31-45,2,1,1
43,1,2,1,1,2,1,0,0,2,1,2,1,10,3,0,1,2019,31-45,2,1,1
36,1,2,1,1,2,1,0,0,2,1,2,1,30,3,0,1,2019,31-45,2,1,1
58,1,2,2,2,2,1,0,0,0,0,0,0,60,2,0,1,2019,56-70,4,0,1
54,2,2,2,2,2,2,0,0,0,0,0,0,0,0,3,2,2019,46-55,3,0,0
29,1,2,2,1,2,2,0,0,0,0,2,1,15,3,0,1,2019,18-30,1,1,0
64,2,2,2,2,2,2,0,0,0,0,0,0,0,0,3,2,2019,56-70,4,0,0
44,1,2,2,1,2,2,0,0,0,0,2,1,25,4,0,1,2019,31-45,2,1,0
33,2,2,2,2,2,2,0,0,0,0,0,0,0,0,3,3,2019,31-45,2,0,0
35,2,2,2,2,2,2,0,0,0,0,0,0,0,0,4,2,2019,31-45,2,0,0
63,2,2,2,2,2,2,0,0,0,0,0,0,0,0,2,1,2019,56-70,4,0,0
66,2,2,2,1,2,2,0,0,0,0,2,1,20,3,0,1,2019,56-70,4,1,0
41,1,1,1,1,2,1,2,1,2,1,2,1,30,3,0,1,2019,31-45,2,1,1
61,2,2,2,2,2,2,0,0,0,0,0,0,0,0,3,2,2019,56-70,4,0,0
57,2,2,2,2,2,2,0,0,0,0,0,0,0,0,5,2,2019,56-70,4,0,0
49,2,2,2,2,2,2,0,0,0,0,0,0,0,0,5,1,2019,46-55,3,0,0
18,2,2,2,2,2,2,0,0,0,0,0,0,0,0,3,2,2019,18-30,1,0,0
33,1,1,2,1,2,1,2,1,0,0,2,1,60,4,0,2,2019,31-45,2,1,1
22,1,1,1,2,2,1,1,2,2,1,0,0,30,4,0,1,2019,18-30,1,1,1
79,0,0,0,0,0,0,0,0,0,0,0,0,0,0,0,0,2019,70+,5,0,0
61,1,1,2,2,2,2,2,1,0,0,0,0,15,1,0,2,2019,56-70,4,1,0
45,1,2,1,2,2,2,0,0,2,1,0,0,20,3,0,1,2019,31-45,2,1,0
70,1,1,1,1,2,2,2,1,2,1,2,1,30,2,0,2,2019,56-70,4,1,0
76,0,0,0,0,0,0,0,0,0,0,0,0,0,0,0,0,2019,70+,5,0,0
39,1,2,1,1,2,1,0,0,2,1,2,1,20,4,0,1,2019,31-45,2,1,1
51,1,1,2,2,2,2,2,1,0,0,0,0,60,2,0,1,2019,46-55,3,1,0
55,1,2,2,1,2,2,0,0,0,0,2,1,20,3,0,2,2019,46-55,3,1,0
42,2,2,2,2,2,2,0,0,0,0,0,0,0,0,6,1,2019,31-45,2,0,0
19,1,1,2,2,1,1,2,1,0,0,0,0,40,3,0,1,2019,18-30,1,1,1
51,2,2,2,2,2,2,0,0,0,0,0,0,0,0,3,2,2019,46-55,3,0,0
71,2,2,2,1,2,2,0,0,0,0,2,1,30,2,0,2,2019,70+,5,1,0
43,1,1,2,1,2,1,2,1,0,0,2,1,20,4,0,1,2019,31-45,2,1,1
72,1,1,2,2,2,2,2,1,0,0,0,0,60,2,0,1,2019,70+,5,1,0
64,1,1,2,2,2,2,2,1,0,0,0,0,60,4,0,2,2019,56-70,4,1,0
37,1,1,1,2,2,1,2,1,2,1,0,0,20,4,0,2,2019,31-45,2,1,1
54,2,1,1,2,2,2,2,1,2,1,0,0,30,2,0,1,2019,46-55,3,1,0
48,1,1,1,2,2,2,2,1,2,1,0,0,30,3,0,2,2019,46-55,3,1,0
21,1,2,1,1,2,1,0,0,2,1,2,1,10,3,0,1,2019,18-30,1,1,1
45,2,2,2,2,2,2,0,0,0,0,0,0,0,0,3,2,2019,31-45,2,0,0
81,2,2,2,2,2,2,0,0,0,0,0,0,0,0,5,2,2019,70+,5,0,0
52,1,1,1,2,1,2,2,1,2,1,0,0,45,3,0,2,2019,46-55,3,1,0
27,1,2,2,1,2,2,0,0,0,0,2,1,10,2,0,2,2019,18-30,1,1,0
35,1,1,1,1,2,1,1,1,1,2,1,2,60,3,0,1,2019,31-45,2,1,1
73,2,2,2,2,2,2,0,0,0,0,0,0,0,0,3,2,2019,70+,5,0,0
67,1,1,2,2,2,2,2,1,0,0,0,0,60,2,0,2,2019,56-70,4,1,0
47,1,1,2,2,2,1,2,1,0,0,0,0,30,2,0,1,2019,46-55,3,1,1
36,1,2,1,1,2,1,0,0,1,2,1,2,20,4,0,1,2019,31-45,2,1,1
32,1,1,1,2,2,1,1,2,1,2,0,0,60,4,0,1,2019,31-45,2,1,1
63,2,1,2,2,2,2,2,1,0,0,0,0,45,3,0,2,2019,56-70,4,1,0
24,1,1,2,2,1,2,1,2,0,0,0,0,60,3,0,1,2019,18-30,1,1,0
54,2,2,1,2,2,1,0,0,2,1,0,0,30,4,0,1,2019,46-55,3,1,1
59,1,2,1,1,2,2,0,0,2,1,2,1,30,3,0,2,2019,56-70,4,1,0
61,1,2,2,1,2,2,0,0,0,0,2,1,15,4,0,2,2019,56-70,4,1,0
51,1,2,2,1,2,2,0,0,0,0,2,1,15,3,0,1,2019,46-55,3,1,0
78,1,2,1,2,2,2,0,0,2,1,0,0,30,2,0,2,2019,70+,5,1,0
71,2,2,2,2,2,2,0,0,0,0,0,0,0,0,1,2,2019,70+,5,0,0
87,1,1,2,2,2,1,2,1,0,0,0,0,90,4,0,1,2019,70+,5,1,1
73,2,1,1,2,2,1,2,1,2,1,0,0,15,3,0,1,2019,70+,5,1,1
51,1,1,1,2,2,1,2,1,2,1,0,0,30,4,0,1,2019,46-55,3,1,1
71,2,2,2,2,2,2,0,0,0,0,0,0,0,0,5,2,2019,70+,5,0,0
47,1,1,2,1,2,1,1,1,0,0,2,1,30,3,0,2,2019,46-55,3,1,1
53,2,2,2,2,2,2,0,0,0,0,0,0,0,0,1,2,2019,46-55,3,0,0
58,2,2,2,1,2,2,0,0,0,0,2,1,30,1,0,1,2019,56-70,4,1,0
46,1,2,2,1,2,2,0,0,0,0,2,1,10,3,0,2,2019,46-55,3,1,0
27,2,2,2,2,2,2,0,0,0,0,0,0,0,0,3,1,2019,18-30,1,0,0
22,2,2,2,2,2,2,0,0,0,0,0,0,0,0,1,2,2019,18-30,1,0,0
37,2,2,2,2,2,2,0,0,0,0,0,0,0,0,3,1,2019,31-45,2,0,0
37,1,2,1,2,2,1,0,0,2,1,0,0,30,4,0,1,2019,31-45,2,1,1
53,1,1,1,1,2,1,1,2,2,1,2,1,60,4,0,1,2019,46-55,3,1,1
19,2,2,2,2,2,1,0,0,0,0,0,0,30,4,0,1,2019,18-30,1,0,1
39,1,1,2,2,2,2,2,1,0,0,0,0,40,3,0,1,2019,31-45,2,1,0
24,1,1,1,2,2,1,2,1,2,1,0,0,40,3,0,1,2019,18-30,1,1,1
39,1,2,2,1,2,2,0,0,0,0,2,1,10,2,0,2,2019,31-45,2,1,0
71,2,2,2,1,2,2,0,0,0,0,2,1,30,2,0,2,2019,70+,5,1,0
77,0,0,0,0,0,0,0,0,0,0,0,0,0,0,0,0,2019,70+,5,0,0
44,2,2,2,2,2,2,0,0,0,0,0,0,0,0,3,1,2019,31-45,2,0,0
59,1,2,2,1,2,2,0,0,0,0,2,1,15,4,0,1,2019,56-70,4,1,0
50,1,2,1,1,2,2,0,0,2,1,2,1,30,3,0,1,2019,46-55,3,1,0
58,1,2,2,1,2,1,0,0,0,0,2,1,20,4,0,1,2019,56-70,4,1,1
68,1,1,2,2,2,2,2,1,0,0,0,0,30,4,0,1,2019,56-70,4,1,0
26,1,1,2,2,1,1,2,1,0,0,0,0,120,4,0,1,2019,18-30,1,1,1
27,1,1,1,1,2,1,2,1,2,1,2,1,120,3,0,2,2019,18-30,1,1,1
42,1,1,2,2,2,1,1,1,0,0,0,0,60,4,0,1,2019,31-45,2,1,1
37,1,2,1,1,2,2,0,0,2,1,2,1,30,4,0,1,2019,31-45,2,1,0
55,1,2,2,1,2,2,0,0,0,0,2,1,30,3,0,1,2019,46-55,3,1,0
88,2,2,2,2,2,2,0,0,0,0,0,0,0,0,5,1,2019,70+,5,0,0
47,2,2,2,2,2,2,0,0,0,0,0,0,0,0,3,1,2019,46-55,3,0,0
41,2,2,2,1,2,2,0,0,0,0,2,1,40,2,0,3,2019,31-45,2,1,0
55,1,1,2,2,2,2,2,1,0,0,0,0,20,2,0,2,2019,46-55,3,1,0
31,1,1,2,2,2,2,2,1,0,0,0,0,45,4,0,1,2019,31-45,2,1,0
46,1,2,2,1,2,2,0,0,0,0,2,1,20,3,0,1,2019,46-55,3,1,0
51,1,2,2,1,2,2,0,0,0,0,1,2,25,3,0,1,2019,46-55,3,1,0
39,1,1,1,1,2,1,1,1,2,1,2,1,30,3,0,2,2019,31-45,2,1,1
19,1,1,2,2,2,1,2,1,0,0,0,0,70,2,0,1,2019,18-30,1,1,1
54,1,1,1,1,2,1,2,1,2,1,2,1,30,3,0,2,2019,46-55,3,1,1
66,1,2,2,1,2,2,0,0,0,0,2,1,20,3,0,2,2019,56-70,4,1,0
38,1,2,1,2,2,1,0,0,2,1,0,0,40,3,0,2,2019,31-45,2,1,1
54,1,2,2,1,2,2,0,0,0,0,2,1,20,3,0,2,2019,46-55,3,1,0
36,1,1,2,1,2,2,2,1,0,0,2,1,45,4,0,1,2019,31-45,2,1,0
36,2,2,1,1,2,2,0,0,2,1,2,1,20,3,0,2,2019,31-45,2,1,0
61,1,2,2,1,2,2,0,0,0,0,2,1,20,2,0,1,2019,56-70,4,1,0
24,1,1,2,1,1,2,2,1,0,0,2,1,120,2,0,2,2019,18-30,1,1,0
26,2,2,1,2,2,1,0,0,2,1,0,0,20,3,0,1,2019,18-30,1,1,1
39,2,2,1,1,2,1,0,0,2,1,2,1,20,3,0,1,2019,31-45,2,1,1
59,1,2,1,1,2,2,0,0,2,1,2,1,30,3,0,2,2019,56-70,4,1,0
75,1,2,1,2,2,2,0,0,2,1,0,0,120,4,0,1,2019,70+,5,1,0
49,1,2,2,2,2,2,0,0,0,0,0,0,0,0,3,1,2019,46-55,3,0,0
77,1,1,2,2,2,2,2,1,0,0,0,0,30,4,0,1,2019,70+,5,1,0
63,2,2,2,2,2,2,0,0,0,0,0,0,0,0,1,2,2019,56-70,4,0,0
23,2,2,1,1,2,1,0,0,2,1,2,1,15,4,0,1,2019,18-30,1,1,1
52,1,2,2,1,2,2,0,0,0,0,2,1,20,3,0,2,2019,46-55,3,1,0
89,1,2,1,2,2,2,0,0,2,1,0,0,30,2,0,1,2019,70+,5,1,0
61,2,2,2,1,2,2,0,0,0,0,1,2,30,4,0,2,2019,56-70,4,1,0
47,1,1,1,1,2,1,1,2,2,1,2,1,50,3,0,1,2019,46-55,3,1,1
56,2,2,2,2,2,2,0,0,0,0,0,0,0,0,1,2,2019,56-70,4,0,0
47,1,2,1,1,2,1,0,0,2,1,2,1,35,3,0,1,2019,46-55,3,1,1
48,1,1,1,1,2,1,1,2,2,1,2,1,90,3,0,1,2019,46-55,3,1,1
32,1,2,2,2,2,1,0,0,0,0,0,0,60,3,0,1,2019,31-45,2,0,1
48,1,2,1,2,1,1,0,0,2,1,0,0,60,1,0,2,2019,46-55,3,1,1
48,0,0,0,0,0,0,0,0,0,0,0,0,0,0,0,0,2019,46-55,3,0,0
37,0,0,0,0,0,0,0,0,0,0,0,0,0,0,0,0,2019,31-45,2,0,0
21,2,2,2,2,2,2,0,0,0,0,0,0,0,0,3,2,2019,18-30,1,0,0
42,2,2,2,2,2,1,0,0,0,0,0,0,30,4,0,1,2019,31-45,2,0,1
63,1,2,2,1,2,2,0,0,0,0,2,1,40,3,0,2,2019,56-70,4,1,0
60,1,2,2,1,2,2,0,0,0,0,2,1,20,2,0,2,2019,56-70,4,1,0
29,1,1,2,1,2,1,2,1,0,0,1,2,30,3,0,1,2019,18-30,1,1,1
46,1,2,1,1,2,1,0,0,2,1,2,1,30,2,0,1,2019,46-55,3,1,1
79,0,0,0,0,0,0,0,0,0,0,0,0,0,0,0,0,2019,70+,5,0,0
63,2,2,2,1,2,2,0,0,0,0,2,1,25,2,0,2,2019,56-70,4,1,0
30,1,1,2,1,2,2,2,1,0,0,2,1,30,4,0,1,2019,18-30,1,1,0
18,1,2,1,2,2,1,0,0,1,2,0,0,60,3,0,1,2019,18-30,1,1,1
46,2,2,2,2,2,1,0,0,0,0,0,0,120,2,0,2,2019,46-55,3,0,1
48,1,2,2,1,2,1,0,0,0,0,2,1,40,3,0,1,2019,46-55,3,1,1
43,1,2,2,1,2,1,0,0,0,0,2,1,20,4,0,1,2019,31-45,2,1,1
24,1,1,1,2,2,2,2,1,2,1,0,0,30,3,0,1,2019,18-30,1,1,0
43,1,2,1,2,2,2,0,0,2,1,0,0,60,2,0,2,2019,31-45,2,1,0
26,1,1,2,2,2,1,2,1,0,0,0,0,30,4,0,2,2019,18-30,1,1,1
45,2,2,2,2,2,2,0,0,0,0,0,0,0,0,1,2,2019,31-45,2,0,0
24,1,1,2,2,2,1,2,1,0,0,0,0,180,3,0,2,2019,18-30,1,1,1
33,2,2,2,1,2,1,0,0,0,0,2,1,30,3,0,2,2019,31-45,2,1,1
45,1,2,2,2,2,1,0,0,0,0,0,0,15,3,0,2,2019,31-45,2,0,1
39,1,2,2,1,1,2,0,0,0,0,2,1,10,3,0,2,2019,31-45,2,1,0
59,1,1,2,1,2,1,2,1,0,0,2,1,30,4,0,1,2019,56-70,4,1,1
55,2,2,2,2,2,2,0,0,0,0,0,0,0,0,3,2,2019,46-55,3,0,0
56,1,1,2,2,2,2,2,1,0,0,0,0,45,2,0,1,2019,56-70,4,1,0
36,2,2,2,2,2,2,0,0,0,0,0,0,0,0,3,2,2019,31-45,2,0,0
52,1,2,1,2,2,2,0,0,2,1,0,0,30,2,0,1,2019,46-55,3,1,0
33,1,1,1,1,2,2,1,2,2,1,2,1,45,4,0,1,2019,31-45,2,1,0
41,2,2,2,2,2,2,0,0,0,0,0,0,0,0,3,1,2019,31-45,2,0,0
23,2,2,2,2,2,2,0,0,0,0,0,0,0,0,3,2,2019,18-30,1,0,0
41,1,2,1,1,2,2,0,0,2,1,2,1,20,3,0,1,2019,31-45,2,1,0
31,1,1,1,1,2,1,2,1,2,1,2,1,30,4,0,1,2019,31-45,2,1,1
38,2,2,2,2,2,2,0,0,0,0,0,0,0,0,3,2,2019,31-45,2,0,0
55,1,1,2,1,2,1,2,1,0,0,2,1,30,3,0,1,2019,46-55,3,1,1
22,1,2,1,1,1,1,0,0,1,2,2,1,60,3,0,1,2019,18-30,1,1,1
68,1,1,2,2,2,2,2,1,0,0,0,0,30,3,0,2,2019,56-70,4,1,0
42,2,2,2,2,2,2,0,0,0,0,0,0,0,0,3,2,2019,31-45,2,0,0
47,2,2,1,2,2,2,0,0,2,1,0,0,30,3,0,1,2019,46-55,3,1,0
26,1,1,2,2,2,2,2,1,0,0,0,0,15,3,0,1,2019,18-30,1,1,0
42,2,2,2,1,2,2,0,0,0,0,2,1,10,2,0,1,2019,31-45,2,1,0
42,1,1,2,2,2,2,2,1,0,0,0,0,15,3,0,1,2019,31-45,2,1,0
35,1,2,2,1,2,2,0,0,0,0,2,1,10,3,0,2,2019,31-45,2,1,0
45,1,2,1,2,2,2,0,0,2,1,0,0,60,3,0,2,2019,31-45,2,1,0
77,1,2,2,2,2,2,0,0,0,0,0,0,0,0,5,2,2019,70+,5,0,0
79,0,0,0,0,0,0,0,0,0,0,0,0,0,0,0,0,2019,70+,5,0,0
49,2,2,2,1,2,2,0,0,0,0,2,1,10,2,0,1,2019,46-55,3,1,0
39,2,2,2,2,2,2,0,0,0,0,0,0,0,0,1,2,2019,31-45,2,0,0
55,1,2,1,1,2,2,0,0,2,1,2,1,30,2,0,1,2019,46-55,3,1,0
52,0,0,0,0,0,0,0,0,0,0,0,0,0,0,0,0,2019,46-55,3,0,0
73,2,2,2,2,2,2,0,0,0,0,0,0,0,0,5,2,2019,70+,5,0,0
49,1,2,1,1,2,2,0,0,1,2,1,2,15,4,0,1,2019,46-55,3,1,0
27,1,2,1,2,2,1,0,0,2,1,0,0,35,3,0,2,2019,18-30,1,1,1
60,2,2,2,1,2,2,0,0,0,0,2,1,40,2,0,2,2019,56-70,4,1,0
22,1,1,1,2,2,1,2,1,2,1,0,0,35,3,0,1,2019,18-30,1,1,1
57,1,1,1,1,2,1,2,1,2,1,2,1,60,3,0,1,2019,56-70,4,1,1
55,1,2,2,1,2,1,0,0,0,0,2,1,60,4,0,1,2019,46-55,3,1,1
60,2,2,2,2,2,2,0,0,0,0,0,0,0,0,2,1,2019,56-70,4,0,0
76,1,2,2,1,2,2,0,0,0,0,2,1,45,3,0,1,2019,70+,5,1,0
46,2,2,1,2,2,2,0,0,2,1,0,0,20,3,0,1,2019,46-55,3,1,0
75,1,1,2,2,2,2,2,1,0,0,0,0,45,3,0,1,2019,70+,5,1,0
61,2,2,2,2,2,1,0,0,0,0,0,0,45,3,0,2,2019,56-70,4,0,1
61,1,2,2,2,2,2,0,0,0,0,0,0,0,0,4,2,2019,56-70,4,0,0
58,1,2,2,1,2,2,0,0,0,0,2,1,40,3,0,2,2019,56-70,4,1,0
28,1,2,1,2,2,2,0,0,2,1,0,0,20,3,0,1,2019,18-30,1,1,0
25,1,1,1,1,2,1,1,2,2,1,2,1,60,3,0,1,2019,18-30,1,1,1
30,1,1,2,2,1,1,1,2,0,0,0,0,30,3,0,1,2019,18-30,1,1,1
37,1,1,2,2,2,1,2,1,0,0,0,0,30,3,0,1,2019,31-45,2,1,1
60,1,1,2,2,2,1,2,1,0,0,0,0,120,4,0,1,2019,56-70,4,1,1
45,2,2,2,2,2,2,0,0,0,0,0,0,0,0,3,2,2019,31-45,2,0,0
58,2,2,2,2,2,2,0,0,0,0,0,0,0,0,2,2,2019,56-70,4,0,0
56,2,2,2,2,2,2,0,0,0,0,0,0,0,0,3,2,2019,56-70,4,0,0
38,1,1,1,2,2,1,2,1,2,1,0,0,40,3,0,1,2019,31-45,2,1,1
22,1,1,1,1,2,1,2,1,1,2,2,1,30,3,0,1,2019,18-30,1,1,1
40,1,2,1,1,1,2,0,0,2,1,2,1,30,4,0,1,2019,31-45,2,1,0
36,1,2,1,2,1,1,0,0,2,1,0,0,20,2,0,2,2019,31-45,2,1,1
51,1,2,1,2,2,2,0,0,2,1,0,0,90,2,0,2,2019,46-55,3,1,0
23,1,1,1,2,2,1,2,1,2,1,0,0,90,3,0,1,2019,18-30,1,1,1
77,1,1,2,2,2,2,2,1,0,0,0,0,45,2,0,2,2019,70+,5,1,0
54,1,1,1,2,2,2,2,1,2,1,0,0,50,3,0,2,2019,46-55,3,1,0
22,1,1,2,2,2,2,2,1,0,0,0,0,60,2,0,1,2019,18-30,1,1,0
27,2,2,2,2,2,2,0,0,0,0,0,0,0,0,3,2,2019,18-30,1,0,0
52,1,2,2,2,2,2,0,0,0,0,0,0,0,0,2,1,2019,46-55,3,0,0
18,1,1,1,1,2,1,2,1,2,1,2,1,30,4,0,2,2019,18-30,1,1,1
25,1,1,2,1,1,1,2,1,0,0,2,1,30,4,0,1,2019,18-30,1,1,1
36,2,2,2,1,2,1,0,0,0,0,2,1,15,2,0,2,2019,31-45,2,1,1
44,2,2,2,2,2,2,0,0,0,0,0,0,0,0,3,2,2019,31-45,2,0,0
81,2,2,2,2,2,2,0,0,0,0,0,0,0,0,5,2,2019,70+,5,0,0
78,2,2,1,1,2,2,0,0,2,1,2,1,10,2,0,2,2019,70+,5,1,0
24,1,1,1,2,1,1,1,2,2,1,0,0,30,3,0,1,2019,18-30,1,1,1
77,2,2,2,2,2,2,0,0,0,0,0,0,0,0,5,1,2019,70+,5,0,0
74,1,2,1,1,2,2,0,0,2,1,2,1,30,3,0,1,2019,70+,5,1,0
42,2,1,2,1,2,1,2,1,0,0,2,1,30,2,0,3,2019,31-45,2,1,1
46,1,1,1,1,2,1,2,1,2,1,1,2,40,3,0,1,2019,46-55,3,1,1
63,1,2,1,1,2,2,0,0,2,1,2,1,60,3,0,1,2019,56-70,4,1,0
18,1,1,2,1,1,1,1,1,0,0,2,1,90,4,0,1,2019,18-30,1,1,1
29,1,2,1,2,2,1,0,0,2,1,0,0,30,2,0,1,2019,18-30,1,1,1
33,1,1,1,1,2,2,2,1,2,1,1,2,60,2,0,1,2019,31-45,2,1,0
31,1,1,1,2,2,1,2,1,2,1,0,0,10,3,0,1,2019,31-45,2,1,1
50,2,2,2,2,2,2,0,0,0,0,0,0,0,0,3,2,2019,46-55,3,0,0
57,1,2,2,2,2,2,0,0,0,0,0,0,0,0,6,2,2019,56-70,4,0,0
31,2,2,2,2,2,2,0,0,0,0,0,0,0,0,1,2,2019,31-45,2,0,0
63,0,0,0,0,0,0,0,0,0,0,0,0,0,0,0,0,2019,56-70,4,0,0
42,1,1,2,2,1,2,2,1,0,0,0,0,15,3,0,1,2019,31-45,2,1,0
52,1,2,1,1,2,1,0,0,2,1,2,1,20,2,0,2,2019,46-55,3,1,1
32,1,1,2,1,1,1,1,2,0,0,2,1,15,2,0,2,2019,31-45,2,1,1
22,1,2,2,2,2,1,0,0,0,0,0,0,30,3,0,1,2019,18-30,1,0,1
50,0,0,0,0,0,0,0,0,0,0,0,0,0,0,0,0,2019,46-55,3,0,0
51,1,1,1,1,1,1,2,1,2,1,2,1,30,4,0,1,2019,46-55,3,1,1
89,1,2,1,2,2,2,0,0,2,1,0,0,15,3,0,3,2019,70+,5,1,0
53,1,1,2,1,2,1,2,1,0,0,2,1,240,1,0,2,2019,46-55,3,1,1
22,2,1,1,2,2,1,1,2,1,2,0,0,45,3,0,1,2019,18-30,1,1,1
36,1,2,1,1,2,1,0,0,1,2,1,2,20,3,0,1,2019,31-45,2,1,1
44,1,2,1,1,2,1,0,0,2,1,2,1,45,3,0,1,2019,31-45,2,1,1
49,1,1,1,2,2,1,2,1,2,1,0,0,15,3,0,2,2019,46-55,3,1,1
64,1,2,2,1,2,2,0,0,0,0,2,1,10,1,0,2,2019,56-70,4,1,0
36,2,2,2,1,2,2,0,0,0,0,2,1,15,2,0,2,2019,31-45,2,1,0
36,2,2,2,1,2,1,0,0,0,0,2,1,15,2,0,2,2019,31-45,2,1,1
21,1,1,1,2,2,1,2,1,2,1,0,0,60,3,0,2,2019,18-30,1,1,1
43,2,1,2,2,2,1,1,2,0,0,0,0,45,3,0,1,2019,31-45,2,1,1
43,1,2,2,2,2,2,0,0,0,0,0,0,0,0,5,2,2019,31-45,2,0,0
23,1,2,1,2,2,1,0,0,2,1,0,0,60,3,0,1,2019,18-30,1,1,1
64,0,0,0,0,0,0,0,0,0,0,0,0,0,0,0,0,2019,56-70,4,0,0
46,1,1,1,1,2,2,2,1,2,1,2,1,60,3,0,1,2019,46-55,3,1,0
55,1,1,1,2,2,1,2,1,2,1,0,0,60,3,0,1,2019,46-55,3,1,1
85,1,1,2,2,2,2,2,1,0,0,0,0,60,3,0,1,2019,70+,5,1,0
34,1,1,2,2,2,1,2,1,0,0,0,0,60,3,0,1,2019,31-45,2,1,1
34,2,2,1,2,2,1,0,0,2,1,0,0,20,3,0,1,2019,31-45,2,1,1
69,1,2,2,2,2,2,0,0,0,0,0,0,0,0,3,2,2019,56-70,4,0,0
70,1,1,1,2,2,2,2,1,2,1,0,0,40,2,0,3,2019,56-70,4,1,0
26,1,1,2,1,2,1,2,1,0,0,2,1,30,3,0,1,2019,18-30,1,1,1
56,2,2,2,2,2,2,0,0,0,0,0,0,0,0,4,2,2019,56-70,4,0,0
55,1,1,2,2,2,2,2,1,0,0,0,0,30,3,0,1,2019,46-55,3,1,0
70,2,2,2,2,2,2,0,0,0,0,0,0,0,0,1,2,2019,56-70,4,0,0
32,2,2,2,2,2,2,0,0,0,0,0,0,0,0,1,2,2019,31-45,2,0,0
58,1,2,2,1,2,2,0,0,0,0,2,1,10,4,0,1,2019,56-70,4,1,0
82,1,1,2,2,2,2,2,1,0,0,0,0,20,3,0,1,2019,70+,5,1,0
22,1,1,2,2,2,1,2,1,0,0,0,0,90,3,0,1,2019,18-30,1,1,1
40,1,2,2,1,2,2,0,0,0,0,2,1,40,3,0,1,2019,31-45,2,1,0
51,2,2,1,2,2,2,0,0,2,1,0,0,15,3,0,1,2019,46-55,3,1,0
39,1,2,2,2,2,1,0,0,0,0,0,0,30,3,0,1,2019,31-45,2,0,1
35,1,1,1,1,1,1,2,1,2,1,2,1,15,3,0,1,2019,31-45,2,1,1
52,1,2,1,2,2,2,0,0,2,1,0,0,30,3,0,1,2019,46-55,3,1,0
28,1,1,1,2,2,1,1,2,2,1,0,0,45,4,0,1,2019,18-30,1,1,1
33,1,1,1,2,2,2,2,1,2,1,0,0,60,3,0,1,2019,31-45,2,1,0
48,2,2,2,2,2,2,0,0,0,0,0,0,0,0,3,3,2019,46-55,3,0,0
30,2,2,2,1,2,2,0,0,0,0,2,1,30,2,0,2,2019,18-30,1,1,0
50,1,1,2,2,2,1,2,1,0,0,0,0,30,3,0,1,2019,46-55,3,1,1
21,2,1,2,2,2,2,2,1,0,0,0,0,20,3,0,2,2019,18-30,1,1,0
51,1,1,2,2,2,1,2,1,0,0,0,0,60,3,0,2,2019,46-55,3,1,1
18,2,2,2,2,2,2,0,0,0,0,0,0,0,0,1,2,2019,18-30,1,0,0
45,2,2,2,1,2,2,0,0,0,0,2,1,15,3,0,3,2019,31-45,2,1,0
55,1,1,1,2,2,2,2,1,2,1,0,0,120,3,0,1,2019,46-55,3,1,0
63,1,1,2,1,2,2,2,1,0,0,2,1,30,3,0,1,2019,56-70,4,1,0
44,2,2,2,2,2,2,0,0,0,0,0,0,0,0,3,2,2019,31-45,2,0,0
44,1,1,1,2,2,2,2,1,2,1,0,0,30,3,0,2,2019,31-45,2,1,0
18,1,1,2,2,2,1,1,2,0,0,0,0,60,3,0,2,2019,18-30,1,1,1
21,2,2,2,2,2,2,0,0,0,0,0,0,0,0,4,2,2019,18-30,1,0,0
62,1,1,2,2,2,2,2,1,0,0,0,0,60,3,0,1,2019,56-70,4,1,0
37,2,2,2,2,2,2,0,0,0,0,0,0,0,0,3,1,2019,31-45,2,0,0
54,2,2,2,2,2,2,0,0,0,0,0,0,0,0,1,2,2019,46-55,3,0,0
53,0,0,0,0,0,0,0,0,0,0,0,0,0,0,0,0,2019,46-55,3,0,0
24,2,2,2,2,2,2,0,0,0,0,0,0,0,0,3,3,2019,18-30,1,0,0
33,1,1,2,2,2,1,2,1,0,0,0,0,50,3,0,1,2019,31-45,2,1,1
44,1,1,2,1,2,1,2,1,0,0,2,1,10,3,0,1,2019,31-45,2,1,1
36,1,1,1,1,2,1,2,1,2,1,1,2,40,3,0,1,2019,31-45,2,1,1
42,2,2,2,2,2,2,0,0,0,0,0,0,0,0,3,2,2019,31-45,2,0,0
45,2,2,1,2,2,2,0,0,2,1,0,0,30,3,0,2,2019,31-45,2,1,0
42,1,1,1,2,2,1,2,1,2,1,0,0,15,2,0,1,2019,31-45,2,1,1
64,1,2,1,2,2,1,0,0,2,1,0,0,60,2,0,1,2019,56-70,4,1,1
34,1,1,1,2,2,2,2,1,2,1,0,0,30,3,0,1,2019,31-45,2,1,0
52,2,2,2,2,2,2,0,0,0,0,0,0,0,0,3,2,2019,46-55,3,0,0
57,1,1,2,2,2,1,2,1,0,0,0,0,50,3,0,1,2019,56-70,4,1,1
28,1,1,1,2,2,1,2,1,2,1,0,0,40,3,0,1,2019,18-30,1,1,1
28,1,1,2,2,2,1,2,1,0,0,0,0,50,3,0,1,2019,18-30,1,1,1
45,2,2,2,2,2,2,0,0,0,0,0,0,0,0,5,2,2019,31-45,2,0,0
78,1,1,2,2,2,2,2,1,0,0,0,0,20,2,0,2,2019,70+,5,1,0
64,1,1,2,2,2,2,2,1,0,0,0,0,30,3,0,1,2019,56-70,4,1,0
51,2,2,2,1,2,2,0,0,0,0,2,1,15,4,0,2,2019,46-55,3,1,0
59,2,2,2,2,2,2,0,0,0,0,0,0,0,0,1,2,2019,56-70,4,0,0
54,1,1,1,1,2,1,2,1,2,1,1,2,30,2,0,2,2019,46-55,3,1,1
42,2,2,2,2,2,2,0,0,0,0,0,0,0,0,3,2,2019,31-45,2,0,0
40,2,2,2,2,2,2,0,0,0,0,0,0,0,0,3,1,2019,31-45,2,0,0
50,1,1,2,2,2,1,2,1,0,0,0,0,180,3,0,1,2019,46-55,3,1,1
63,0,0,0,0,0,0,0,0,0,0,0,0,0,0,0,0,2019,56-70,4,0,0
29,1,1,2,2,2,1,2,1,0,0,0,0,60,3,0,1,2019,18-30,1,1,1
67,2,1,1,2,2,2,2,1,2,1,0,0,20,3,0,1,2019,56-70,4,1,0
69,2,2,2,2,2,2,0,0,0,0,0,0,0,0,2,1,2019,56-70,4,0,0
44,2,1,2,2,2,2,2,1,0,0,0,0,20,3,0,1,2019,31-45,2,1,0
59,2,2,2,1,2,2,0,0,0,0,2,1,15,2,0,1,2019,56-70,4,1,0
30,2,2,2,2,2,1,0,0,0,0,0,0,20,3,0,1,2019,18-30,1,0,1
64,2,2,2,2,2,2,0,0,0,0,0,0,0,0,2,1,2019,56-70,4,0,0
24,1,1,2,2,2,1,1,1,0,0,0,0,30,3,0,1,2019,18-30,1,1,1
77,2,2,2,2,2,2,0,0,0,0,0,0,0,0,5,1,2019,70+,5,0,0
68,2,1,2,2,2,2,2,1,0,0,0,0,15,2,0,2,2019,56-70,4,1,0
43,2,2,1,1,2,2,0,0,2,1,2,1,30,3,0,1,2019,31-45,2,1,0
31,2,2,2,2,2,1,0,0,0,0,0,0,30,3,0,1,2019,31-45,2,0,1
50,1,1,1,1,1,1,2,1,2,1,2,1,60,4,0,1,2019,46-55,3,1,1
49,1,2,1,1,2,1,0,0,2,1,1,2,5,3,0,1,2019,46-55,3,1,1
24,2,2,2,2,2,2,0,0,0,0,0,0,0,0,3,2,2019,18-30,1,0,0
32,1,1,2,2,2,2,2,1,0,0,0,0,5,2,0,1,2019,31-45,2,1,0
24,1,2,1,2,1,1,0,0,2,1,0,0,30,4,0,1,2019,18-30,1,1,1
36,1,1,2,1,2,1,2,1,0,0,2,1,30,4,0,1,2019,31-45,2,1,1
57,1,1,2,2,2,1,2,1,0,0,0,0,30,3,0,1,2019,56-70,4,1,1
71,1,1,1,2,2,1,2,1,2,1,0,0,60,4,0,1,2019,70+,5,1,1
57,2,2,2,2,2,2,0,0,0,0,0,0,0,0,5,1,2019,56-70,4,0,0
31,2,2,2,2,2,2,0,0,0,0,0,0,0,0,3,1,2019,31-45,2,0,0
27,1,2,2,2,2,2,0,0,0,0,0,0,0,0,3,2,2019,18-30,1,0,0
41,2,2,2,2,2,2,0,0,0,0,0,0,0,0,2,2,2019,31-45,2,0,0
30,1,1,1,1,2,2,2,1,2,1,2,1,120,4,0,1,2019,18-30,1,1,0
58,2,2,2,2,2,2,0,0,0,0,0,0,0,0,3,3,2019,56-70,4,0,0
39,1,1,2,2,2,1,2,1,0,0,0,0,60,3,0,2,2019,31-45,2,1,1
39,2,1,2,2,2,1,2,1,0,0,0,0,20,3,0,1,2019,31-45,2,1,1
30,2,2,2,2,2,2,0,0,0,0,0,0,0,0,3,1,2019,18-30,1,0,0
47,2,2,2,2,2,2,0,0,0,0,0,0,0,0,3,2,2019,46-55,3,0,0
19,2,2,2,2,2,1,0,0,0,0,0,0,15,3,0,1,2019,18-30,1,0,1
51,2,2,2,2,2,2,0,0,0,0,0,0,0,0,5,1,2019,46-55,3,0,0
58,2,2,2,1,2,2,0,0,0,0,2,1,15,2,0,2,2019,56-70,4,1,0
43,2,2,1,2,2,2,0,0,2,1,0,0,20,2,0,2,2019,31-45,2,1,0
43,1,1,2,2,2,1,2,1,0,0,0,0,30,3,0,1,2019,31-45,2,1,1
64,2,1,2,2,2,2,2,1,0,0,0,0,20,2,0,2,2019,56-70,4,1,0
61,2,2,2,1,2,2,0,0,0,0,2,1,30,1,0,2,2019,56-70,4,1,0
44,2,1,2,2,2,2,2,1,0,0,0,0,10,3,0,2,2019,31-45,2,1,0
42,2,1,2,2,2,2,2,1,0,0,0,0,30,3,0,1,2019,31-45,2,1,0
48,2,1,2,2,2,1,2,1,0,0,0,0,30,3,0,1,2019,46-55,3,1,1
25,2,2,2,2,2,2,0,0,0,0,0,0,0,0,3,1,2019,18-30,1,0,0
30,1,2,1,2,2,1,0,0,2,1,0,0,20,3,0,1,2019,18-30,1,1,1
46,2,2,2,2,2,2,0,0,0,0,0,0,0,0,3,1,2019,46-55,3,0,0
45,1,1,2,2,2,1,2,1,0,0,0,0,30,3,0,1,2019,31-45,2,1,1
26,2,2,2,2,2,1,0,0,0,0,0,0,20,3,0,1,2019,18-30,1,0,1
39,1,2,1,2,2,2,0,0,2,1,0,0,20,2,0,1,2019,31-45,2,1,0
37,1,1,2,2,1,2,2,1,0,0,0,0,15,2,0,2,2019,31-45,2,1,0
57,2,2,2,2,2,2,0,0,0,0,0,0,0,0,3,2,2019,56-70,4,0,0
47,2,2,2,2,2,2,0,0,0,0,0,0,0,0,3,2,2019,46-55,3,0,0
45,2,2,2,1,2,2,0,0,0,0,2,1,20,4,0,1,2019,31-45,2,1,0
41,1,2,1,2,2,2,0,0,2,1,0,0,15,2,0,2,2019,31-45,2,1,0
37,2,2,2,2,2,2,0,0,0,0,0,0,0,0,3,1,2019,31-45,2,0,0
22,1,1,1,1,1,1,2,1,2,1,2,1,20,3,0,1,2019,18-30,1,1,1
44,1,2,1,2,2,1,0,0,2,1,0,0,30,2,0,1,2019,31-45,2,1,1
30,1,2,1,2,2,1,0,0,2,1,0,0,15,3,0,1,2019,18-30,1,1,1
27,1,1,2,2,2,1,2,1,0,0,0,0,30,1,0,1,2019,18-30,1,1,1
23,2,2,2,2,2,2,0,0,0,0,0,0,0,0,4,1,2019,18-30,1,0,0
67,2,2,2,2,2,2,0,0,0,0,0,0,0,0,3,2,2019,56-70,4,0,0
31,1,2,2,1,2,2,0,0,0,0,2,1,20,3,0,2,2019,31-45,2,1,0
31,1,1,1,2,2,2,2,1,2,1,0,0,40,3,0,1,2019,31-45,2,1,0
78,2,2,2,2,2,2,0,0,0,0,0,0,0,0,1,2,2019,70+,5,0,0
64,1,1,1,1,2,2,2,1,2,1,2,1,25,3,0,2,2019,56-70,4,1,0
72,2,2,2,2,2,2,0,0,0,0,0,0,0,0,3,2,2019,70+,5,0,0
52,0,0,0,0,0,0,0,0,0,0,0,0,0,0,0,0,2019,46-55,3,0,0
67,1,1,2,2,2,1,2,1,0,0,0,0,40,3,0,2,2019,56-70,4,1,1
35,1,1,2,1,2,2,2,1,0,0,2,1,25,3,0,1,2019,31-45,2,1,0
31,1,1,1,1,2,1,2,1,2,1,2,1,20,2,0,1,2019,31-45,2,1,1
23,1,2,2,1,2,2,0,0,0,0,2,1,10,2,0,2,2019,18-30,1,1,0
26,1,1,1,1,2,1,2,1,2,1,2,1,30,4,0,1,2019,18-30,1,1,1
38,2,2,2,2,2,2,0,0,0,0,0,0,0,0,3,1,2019,31-45,2,0,0
41,2,2,2,2,2,2,0,0,0,0,0,0,0,0,3,2,2019,31-45,2,0,0
40,0,0,0,0,0,0,0,0,0,0,0,0,0,0,0,0,2019,31-45,2,0,0
55,1,1,1,1,2,2,2,1,2,1,2,1,35,3,0,1,2019,46-55,3,1,0
30,1,1,1,2,2,2,2,1,2,1,0,0,90,4,0,1,2019,18-30,1,1,0
53,2,1,2,1,2,2,2,1,0,0,2,1,30,3,0,1,2019,46-55,3,1,0
59,2,2,2,1,2,2,0,0,0,0,2,1,10,2,0,2,2019,56-70,4,1,0
55,2,2,2,2,2,2,0,0,0,0,0,0,0,0,3,2,2019,46-55,3,0,0
73,1,1,2,1,2,2,2,1,0,0,2,1,15,2,0,2,2019,70+,5,1,0
23,1,2,2,1,2,2,0,0,0,0,2,1,10,3,0,1,2019,18-30,1,1,0
68,1,1,1,1,2,2,2,1,2,1,2,1,120,3,0,1,2019,56-70,4,1,0
26,1,1,1,1,2,1,2,1,2,1,1,2,60,4,0,1,2019,18-30,1,1,1
64,1,1,2,1,2,2,2,1,0,0,2,1,20,4,0,1,2019,56-70,4,1,0
33,2,2,2,1,2,2,0,0,0,0,2,1,15,2,0,3,2019,31-45,2,1,0
31,2,2,2,2,2,2,0,0,0,0,0,0,0,0,3,2,2019,31-45,2,0,0
84,1,2,1,1,2,2,0,0,2,1,2,1,20,3,0,1,2019,70+,5,1,0
68,1,1,2,1,2,2,2,1,0,0,2,1,30,3,0,1,2019,56-70,4,1,0
76,0,0,0,0,0,0,0,0,0,0,0,0,0,0,0,0,2019,70+,5,0,0
62,1,1,1,1,1,1,2,1,2,1,2,1,60,3,0,1,2019,56-70,4,1,1
68,2,2,2,1,2,2,0,0,0,0,2,1,15,2,0,2,2019,56-70,4,1,0
39,1,2,1,2,2,1,0,0,2,1,0,0,20,3,0,1,2019,31-45,2,1,1
57,2,2,2,2,2,2,0,0,0,0,0,0,0,0,3,2,2019,56-70,4,0,0
25,2,2,2,2,2,2,0,0,0,0,0,0,0,0,4,2,2019,18-30,1,0,0
20,1,1,1,2,1,1,2,1,2,1,0,0,80,3,0,1,2019,18-30,1,1,1
31,2,2,2,2,2,2,0,0,0,0,0,0,0,0,3,2,2019,31-45,2,0,0
49,2,2,2,2,2,2,0,0,0,0,0,0,0,0,3,1,2019,46-55,3,0,0
34,2,2,2,1,2,2,0,0,0,0,1,2,30,3,0,1,2019,31-45,2,1,0
59,2,2,2,2,2,2,0,0,0,0,0,0,0,0,3,2,2019,56-70,4,0,0
35,2,2,2,2,2,2,0,0,0,0,0,0,0,0,3,1,2019,31-45,2,0,0
69,1,1,2,2,2,2,2,1,0,0,0,0,40,3,0,1,2019,56-70,4,1,0
35,1,1,2,2,2,2,2,1,0,0,0,0,30,2,0,1,2019,31-45,2,1,0
37,2,2,2,2,2,2,0,0,0,0,0,0,0,0,3,1,2019,31-45,2,0,0
19,1,1,2,1,1,1,2,1,0,0,2,1,60,3,0,1,2019,18-30,1,1,1
54,1,1,2,2,2,2,2,1,0,0,0,0,90,3,0,2,2019,46-55,3,1,0
29,1,1,2,2,2,2,2,1,0,0,0,0,10,2,0,1,2019,18-30,1,1,0
29,1,2,1,1,2,1,0,0,2,1,2,1,20,3,0,3,2019,18-30,1,1,1
29,2,2,2,2,2,2,0,0,0,0,0,0,0,0,3,3,2019,18-30,1,0,0
20,1,2,1,1,2,1,0,0,1,2,2,1,20,3,0,1,2019,18-30,1,1,1
24,1,2,1,1,2,1,0,0,2,1,1,2,30,3,0,1,2019,18-30,1,1,1
37,1,1,1,1,1,1,1,2,2,1,2,1,20,3,0,1,2019,31-45,2,1,1
23,1,1,2,2,2,1,2,1,0,0,0,0,30,3,0,1,2019,18-30,1,1,1
59,1,1,1,2,2,1,2,1,2,1,0,0,60,3,0,1,2019,56-70,4,1,1
40,2,2,2,2,2,2,0,0,0,0,0,0,0,0,3,1,2019,31-45,2,0,0
28,1,1,1,2,2,2,1,2,1,2,0,0,60,3,0,3,2019,18-30,1,1,0
47,1,1,1,2,2,2,2,1,2,1,0,0,40,2,0,1,2019,46-55,3,1,0
45,2,2,2,2,2,2,0,0,0,0,0,0,0,0,3,1,2019,31-45,2,0,0
35,1,1,1,2,2,1,2,1,2,1,0,0,30,2,0,1,2019,31-45,2,1,1
26,1,1,1,1,2,1,2,1,2,1,2,1,30,3,0,1,2019,18-30,1,1,1
60,1,2,1,2,2,2,0,0,2,1,0,0,30,3,0,1,2019,56-70,4,1,0
58,2,2,2,1,2,2,0,0,0,0,2,1,20,3,0,1,2019,56-70,4,1,0
30,2,2,2,2,2,1,0,0,0,0,0,0,30,3,0,1,2019,18-30,1,0,1
62,1,1,2,2,2,2,2,1,0,0,0,0,30,3,0,1,2019,56-70,4,1,0
28,2,2,2,1,2,2,0,0,0,0,2,1,20,3,0,2,2019,18-30,1,1,0
52,2,2,2,2,2,2,0,0,0,0,0,0,0,0,1,1,2019,46-55,3,0,0
25,2,2,1,1,2,1,0,0,2,1,2,1,30,3,0,1,2019,18-30,1,1,1
21,1,1,2,2,2,1,1,1,0,0,0,0,60,3,0,1,2019,18-30,1,1,1
65,0,0,0,0,0,0,0,0,0,0,0,0,0,0,0,0,2019,56-70,4,0,0
26,1,1,2,1,2,1,1,2,0,0,1,2,45,3,0,1,2019,18-30,1,1,1
83,2,2,2,2,2,2,0,0,0,0,0,0,0,0,5,2,2019,70+,5,0,0
55,1,1,1,2,2,1,2,1,2,1,0,0,60,3,0,2,2019,46-55,3,1,1
59,2,2,2,2,2,2,0,0,0,0,0,0,0,0,1,2,2019,56-70,4,0,0
36,1,1,2,1,2,1,1,2,0,0,2,1,40,3,0,1,2019,31-45,2,1,1
50,1,1,1,2,2,1,2,1,2,1,0,0,60,3,0,1,2019,46-55,3,1,1
46,1,2,1,1,2,1,0,0,1,2,2,1,20,3,0,1,2019,46-55,3,1,1
27,2,2,2,2,2,2,0,0,0,0,0,0,0,0,3,2,2019,18-30,1,0,0
38,1,2,2,1,2,1,0,0,0,0,2,1,40,3,0,2,2019,31-45,2,1,1
38,1,1,2,2,2,2,2,1,0,0,0,0,30,3,0,2,2019,31-45,2,1,0
52,1,1,2,2,2,1,2,1,0,0,0,0,30,3,0,1,2019,46-55,3,1,1
20,1,1,2,2,2,1,1,2,0,0,0,0,60,3,0,1,2019,18-30,1,1,1
59,1,1,2,1,2,1,1,1,0,0,2,1,60,4,0,1,2019,56-70,4,1,1
36,1,1,1,2,2,1,2,1,2,1,0,0,30,3,0,1,2019,31-45,2,1,1
36,2,2,2,2,2,2,0,0,0,0,0,0,0,0,1,1,2019,31-45,2,0,0
32,1,2,2,1,1,2,0,0,0,0,2,1,25,3,0,1,2019,31-45,2,1,0
27,2,2,2,2,2,2,0,0,0,0,0,0,0,0,1,1,2019,18-30,1,0,0
33,2,2,2,1,2,2,0,0,0,0,2,1,10,2,0,2,2019,31-45,2,1,0
50,1,1,1,1,2,1,2,1,2,1,2,1,30,1,0,1,2019,46-55,3,1,1
67,2,2,2,1,2,2,0,0,0,0,2,1,15,3,0,3,2019,56-70,4,1,0
49,2,2,2,2,2,2,0,0,0,0,0,0,0,0,3,2,2019,46-55,3,0,0
73,1,1,2,2,2,2,2,1,0,0,0,0,20,2,0,2,2019,70+,5,1,0
25,1,2,1,1,2,1,0,0,2,1,2,1,30,3,0,2,2019,18-30,1,1,1
37,2,2,2,2,2,2,0,0,0,0,0,0,0,0,1,2,2019,31-45,2,0,0
27,2,2,2,1,2,1,0,0,0,0,2,1,15,1,0,1,2019,18-30,1,1,1
49,1,1,2,2,2,2,2,1,0,0,0,0,30,4,0,2,2019,46-55,3,1,0
28,1,1,1,2,2,1,2,1,2,1,0,0,45,3,0,1,2019,18-30,1,1,1
25,1,2,1,2,2,1,0,0,1,2,0,0,20,3,0,1,2019,18-30,1,1,1
55,1,1,2,1,2,2,2,1,0,0,2,1,30,3,0,1,2019,46-55,3,1,0
77,0,0,0,0,0,0,0,0,0,0,0,0,0,0,0,0,2019,70+,5,0,0
40,1,1,2,2,2,1,2,1,0,0,0,0,30,3,0,1,2019,31-45,2,1,1
35,2,2,2,2,2,1,0,0,0,0,0,0,25,3,0,2,2019,31-45,2,0,1
30,2,2,2,1,2,2,0,0,0,0,2,1,15,3,0,2,2019,18-30,1,1,0
52,1,1,1,1,2,2,2,1,2,1,2,1,30,3,0,2,2019,46-55,3,1,0
55,2,2,2,2,2,2,0,0,0,0,0,0,0,0,1,2,2019,46-55,3,0,0
57,1,1,2,2,2,2,2,1,0,0,0,0,45,3,0,2,2019,56-70,4,1,0
31,2,2,1,1,2,2,0,0,2,1,2,1,10,3,0,1,2019,31-45,2,1,0
53,1,1,1,2,2,1,2,1,2,1,0,0,30,4,0,1,2019,46-55,3,1,1
65,2,2,2,2,2,2,0,0,0,0,0,0,0,0,2,2,2019,56-70,4,0,0
23,1,1,2,2,2,2,2,1,0,0,0,0,15,4,0,2,2019,18-30,1,1,0
27,1,1,1,1,2,1,2,1,2,1,2,1,240,4,0,1,2019,18-30,1,1,1
20,1,1,1,2,2,1,2,1,2,1,0,0,60,3,0,1,2019,18-30,1,1,1
68,1,2,1,1,2,2,0,0,2,1,2,1,30,3,0,1,2019,56-70,4,1,0
25,1,1,2,2,2,1,2,1,0,0,0,0,30,3,0,2,2019,18-30,1,1,1
24,1,1,2,2,2,1,2,1,0,0,0,0,30,3,0,1,2019,18-30,1,1,1
47,1,2,2,1,2,2,0,0,0,0,2,1,30,3,0,1,2019,46-55,3,1,0
46,1,2,1,1,2,1,0,0,1,1,1,1,60,3,0,1,2019,46-55,3,1,1
51,1,1,2,2,2,1,2,1,0,0,0,0,40,4,0,1,2019,46-55,3,1,1
45,1,1,1,1,2,1,2,1,1,1,2,1,50,3,0,1,2019,31-45,2,1,1
46,1,1,1,2,2,1,2,1,2,1,0,0,60,4,0,2,2019,46-55,3,1,1
38,1,2,1,2,1,1,0,0,2,1,0,0,60,3,0,1,2019,31-45,2,1,1
22,1,1,2,2,1,1,2,1,0,0,0,0,120,4,0,1,2019,18-30,1,1,1
43,2,2,2,2,2,2,0,0,0,0,0,0,0,0,3,1,2019,31-45,2,0,0
33,2,2,2,1,2,1,0,0,0,0,2,1,60,4,0,2,2019,31-45,2,1,1
36,2,2,2,1,2,2,0,0,0,0,2,1,15,3,0,3,2019,31-45,2,1,0
70,1,1,2,1,2,2,2,1,0,0,2,1,30,4,0,2,2019,56-70,4,1,0
39,1,2,2,2,2,1,0,0,0,0,0,0,60,3,0,1,2019,31-45,2,0,1
64,1,1,1,1,2,1,1,1,1,2,1,2,360,4,0,1,2019,56-70,4,1,1
23,1,1,2,2,2,1,2,1,0,0,0,0,60,4,0,1,2019,18-30,1,1,1
36,1,1,1,1,2,1,2,1,2,1,2,1,60,4,0,1,2019,31-45,2,1,1
59,1,1,2,2,2,1,2,1,0,0,0,0,60,4,0,1,2019,56-70,4,1,1
29,1,1,2,2,2,1,2,1,0,0,0,0,30,4,0,2,2019,18-30,1,1,1
57,1,1,1,2,2,2,2,1,2,1,0,0,60,3,0,1,2019,56-70,4,1,0
38,1,1,1,2,2,1,2,1,2,1,0,0,30,3,0,2,2019,31-45,2,1,1
55,1,1,1,1,2,2,2,1,2,1,2,1,30,3,0,2,2019,46-55,3,1,0
62,1,1,1,2,2,1,2,1,2,1,0,0,30,3,0,1,2019,56-70,4,1,1
45,1,1,1,1,2,1,2,1,2,1,1,1,40,3,0,2,2019,31-45,2,1,1
42,1,1,1,1,2,1,2,1,2,1,1,1,30,4,0,1,2019,31-45,2,1,1
46,1,2,1,1,2,2,0,0,2,1,2,1,30,4,0,1,2019,46-55,3,1,0
38,1,1,1,1,2,2,2,1,2,1,2,1,60,3,0,2,2019,31-45,2,1,0
24,1,1,2,2,2,1,2,1,0,0,0,0,30,3,0,2,2019,18-30,1,1,1
23,1,1,2,1,2,1,2,1,0,0,2,1,90,3,0,1,2019,18-30,1,1,1
39,1,2,2,1,2,2,0,0,0,0,2,1,30,3,0,1,2019,31-45,2,1,0
21,1,1,2,2,2,1,2,1,0,0,0,0,60,3,0,1,2019,18-30,1,1,1
35,1,2,2,2,2,2,0,0,0,0,0,0,0,0,2,1,2019,31-45,2,0,0
35,1,1,2,1,2,2,2,1,0,0,2,1,15,4,0,1,2019,31-45,2,1,0
32,2,2,2,2,2,2,0,0,0,0,0,0,0,0,3,2,2019,31-45,2,0,0
49,1,1,1,1,2,1,1,2,1,2,1,2,30,4,0,2,2019,46-55,3,1,1
58,1,1,1,1,2,2,2,1,2,1,2,1,25,3,0,1,2019,56-70,4,1,0
25,1,1,2,2,2,1,1,2,0,0,0,0,120,3,0,1,2019,18-30,1,1,1
60,1,2,1,2,2,2,0,0,2,1,0,0,15,2,0,1,2019,56-70,4,1,0
26,1,1,1,2,2,2,1,2,1,2,0,0,60,3,0,1,2019,18-30,1,1,0
37,1,1,1,1,2,1,1,2,2,1,2,1,45,3,0,1,2019,31-45,2,1,1
53,1,1,1,1,2,2,2,1,2,1,2,1,60,3,0,2,2019,46-55,3,1,0
48,1,2,2,1,2,2,0,0,0,0,2,1,20,4,0,2,2019,46-55,3,1,0
26,1,1,2,2,2,1,2,1,0,0,0,0,30,3,0,2,2019,18-30,1,1,1
26,2,2,2,2,2,2,0,0,0,0,0,0,0,0,1,2,2019,18-30,1,0,0
40,1,1,1,1,2,1,1,2,2,1,1,2,20,4,0,2,2019,31-45,2,1,1
44,1,1,1,2,2,2,2,1,2,1,0,0,25,3,0,2,2019,31-45,2,1,0
64,1,1,2,2,2,2,2,1,0,0,0,0,20,3,0,2,2019,56-70,4,1,0
43,1,2,2,1,2,2,0,0,0,0,2,1,30,3,0,2,2019,31-45,2,1,0
40,1,1,1,1,2,2,2,1,2,1,2,1,40,3,0,2,2019,31-45,2,1,0
42,2,2,2,2,2,2,0,0,0,0,0,0,0,0,1,2,2019,31-45,2,0,0
64,1,1,1,2,2,2,2,1,2,1,0,0,20,2,0,1,2019,56-70,4,1,0
70,2,2,2,2,2,2,0,0,0,0,0,0,0,0,1,1,2019,56-70,4,0,0
26,1,1,1,2,2,2,2,1,2,1,0,0,35,2,0,2,2019,18-30,1,1,0
49,1,1,2,2,2,2,2,1,0,0,0,0,60,1,0,2,2019,46-55,3,1,0
36,1,1,2,2,2,1,2,1,0,0,0,0,30,3,0,1,2019,31-45,2,1,1
29,1,1,1,2,2,1,2,1,2,1,0,0,30,2,0,2,2019,18-30,1,1,1
30,0,0,0,0,0,0,0,0,0,0,0,0,0,0,0,0,2019,18-30,1,0,0
45,1,1,1,2,2,1,1,2,1,2,0,0,40,3,0,1,2019,31-45,2,1,1
62,1,1,2,2,2,1,2,1,0,0,0,0,30,4,0,1,2019,56-70,4,1,1
46,1,1,1,2,2,1,2,1,2,1,0,0,30,2,0,1,2019,46-55,3,1,1
57,2,2,2,2,2,2,0,0,0,0,0,0,0,0,1,2,2019,56-70,4,0,0
25,1,1,1,1,2,2,2,1,2,1,2,1,20,3,0,1,2019,18-30,1,1,0
61,1,1,2,2,2,2,2,1,0,0,0,0,30,3,0,2,2019,56-70,4,1,0
61,1,1,2,2,2,2,2,1,0,0,0,0,60,3,0,1,2019,56-70,4,1,0
32,2,2,2,2,2,1,0,0,0,0,0,0,30,3,0,1,2019,31-45,2,0,1
36,2,2,2,2,2,1,0,0,0,0,0,0,30,4,0,1,2019,31-45,2,0,1
40,1,1,1,2,2,1,2,1,2,1,0,0,20,3,0,1,2019,31-45,2,1,1
46,2,2,2,2,2,2,0,0,0,0,0,0,0,0,1,2,2019,46-55,3,0,0
71,2,2,2,2,2,2,0,0,0,0,0,0,0,0,1,2,2019,70+,5,0,0
52,1,2,1,1,2,1,0,0,2,1,2,1,15,3,0,1,2019,46-55,3,1,1
37,1,1,2,2,2,2,2,1,0,0,0,0,30,3,0,2,2019,31-45,2,1,0
45,1,2,2,1,2,2,0,0,0,0,2,1,30,3,0,2,2019,31-45,2,1,0
62,0,0,0,0,0,0,0,0,0,0,0,0,0,0,0,0,2019,56-70,4,0,0
27,1,1,1,2,2,1,2,1,2,1,0,0,30,3,0,1,2019,18-30,1,1,1
51,1,2,2,2,2,1,0,0,0,0,0,0,30,3,0,3,2019,46-55,3,0,1
76,1,1,1,1,2,2,2,1,2,1,2,1,180,4,0,1,2019,70+,5,1,0
42,0,0,0,0,0,0,0,0,0,0,0,0,0,0,0,0,2019,31-45,2,0,0
46,1,1,2,2,2,1,1,2,0,0,0,0,30,3,0,1,2019,46-55,3,1,1
51,2,2,2,2,2,2,0,0,0,0,0,0,0,0,3,2,2019,46-55,3,0,0
41,2,1,1,1,2,2,2,1,2,1,2,1,15,2,0,1,2019,31-45,2,1,0
46,2,2,1,2,2,2,0,0,2,1,0,0,10,3,0,1,2019,46-55,3,1,0
29,2,1,2,2,2,1,2,1,0,0,0,0,3,3,0,2,2019,18-30,1,1,1
54,1,1,1,2,2,1,1,2,1,2,0,0,30,4,0,1,2019,46-55,3,1,1
47,1,2,1,1,2,1,0,0,2,1,2,1,1,2,0,1,2019,46-55,3,1,1
24,2,2,2,2,2,2,0,0,0,0,0,0,0,0,3,2,2019,18-30,1,0,0
44,1,1,2,2,2,2,2,1,0,0,0,0,20,4,0,2,2019,31-45,2,1,0
35,1,2,1,1,1,1,0,0,2,1,2,1,15,4,0,2,2019,31-45,2,1,1
78,0,0,0,0,0,0,0,0,0,0,0,0,0,0,0,0,2019,70+,5,0,0
32,2,2,2,1,2,1,0,0,0,0,2,1,60,3,0,1,2019,31-45,2,1,1
45,1,2,2,1,2,1,0,0,0,0,2,1,35,3,0,1,2019,31-45,2,1,1
48,2,2,2,1,2,2,0,0,0,0,2,1,10,2,0,2,2019,46-55,3,1,0
53,2,1,2,1,2,2,2,1,0,0,2,1,30,2,0,1,2019,46-55,3,1,0
34,2,1,1,2,2,1,2,1,2,1,0,0,20,3,0,1,2019,31-45,2,1,1
67,2,2,2,2,2,2,0,0,0,0,0,0,0,0,6,1,2019,56-70,4,0,0
22,1,2,2,2,2,1,0,0,0,0,0,0,60,4,0,2,2019,18-30,1,0,1
70,1,2,2,1,2,2,0,0,0,0,2,1,30,4,0,2,2019,56-70,4,1,0
42,1,1,2,1,2,1,2,1,0,0,2,1,120,4,0,3,2019,31-45,2,1,1
45,1,1,1,2,2,1,2,1,2,1,0,0,30,4,0,1,2019,31-45,2,1,1
23,1,1,2,2,2,1,2,1,0,0,0,0,40,3,0,1,2019,18-30,1,1,1
45,2,2,2,2,2,2,0,0,0,0,0,0,0,0,1,2,2019,31-45,2,0,0
56,2,2,2,1,2,2,0,0,0,0,2,1,10,3,0,2,2019,56-70,4,1,0
21,2,2,2,2,2,2,0,0,0,0,0,0,0,0,3,2,2019,18-30,1,0,0
51,1,2,2,1,2,2,0,0,0,0,2,1,20,4,0,1,2019,46-55,3,1,0
20,1,1,1,2,2,1,2,1,2,1,0,0,30,3,0,2,2019,18-30,1,1,1
60,2,2,2,2,2,2,0,0,0,0,0,0,0,0,3,2,2019,56-70,4,0,0
41,1,2,2,2,2,1,0,0,0,0,0,0,15,3,0,1,2019,31-45,2,0,1
25,1,2,1,2,2,1,0,0,2,1,0,0,30,4,0,3,2019,18-30,1,1,1
69,2,2,2,1,2,2,0,0,0,0,2,1,30,1,0,2,2019,56-70,4,1,0
61,1,2,2,1,2,2,0,0,0,0,2,1,20,4,0,2,2019,56-70,4,1,0
50,2,2,2,1,2,2,0,0,0,0,2,1,45,4,0,2,2019,46-55,3,1,0
26,2,2,2,2,2,2,0,0,0,0,0,0,0,0,3,1,2019,18-30,1,0,0
24,2,2,2,2,2,2,0,0,0,0,0,0,0,0,3,2,2019,18-30,1,0,0
48,2,2,2,1,2,2,0,0,0,0,2,1,20,3,0,1,2019,46-55,3,1,0
45,2,2,1,2,2,2,0,0,2,1,0,0,20,3,0,2,2019,31-45,2,1,0
44,1,1,1,2,2,1,2,1,2,1,0,0,180,4,0,1,2019,31-45,2,1,1
51,1,2,2,1,2,1,0,0,0,0,2,1,60,3,0,1,2019,46-55,3,1,1
81,2,2,2,2,2,2,0,0,0,0,0,0,0,0,1,3,2019,70+,5,0,0
52,1,2,2,2,2,2,0,0,0,0,0,0,0,0,4,2,2019,46-55,3,0,0
27,2,2,2,2,2,2,0,0,0,0,0,0,0,0,3,3,2019,18-30,1,0,0
78,0,0,0,0,0,0,0,0,0,0,0,0,0,0,0,0,2019,70+,5,0,0
65,2,2,2,2,2,2,0,0,0,0,0,0,0,0,4,2,2019,56-70,4,0,0
66,1,1,2,2,2,2,2,1,0,0,0,0,20,1,0,2,2019,56-70,4,1,0
45,2,2,2,2,2,2,0,0,0,0,0,0,0,0,3,2,2019,31-45,2,0,0
50,1,1,2,1,2,1,2,1,0,0,2,1,30,2,0,2,2019,46-55,3,1,1
26,1,1,1,2,1,1,1,2,2,1,0,0,30,4,0,1,2019,18-30,1,1,1
42,1,1,1,1,2,1,2,1,1,2,2,1,60,3,0,2,2019,31-45,2,1,1
27,2,2,2,2,1,1,0,0,0,0,0,0,20,3,0,2,2019,18-30,1,1,1
19,1,1,2,2,2,2,2,1,0,0,0,0,30,2,0,1,2019,18-30,1,1,0
30,1,1,1,1,2,1,2,1,2,1,2,1,45,3,0,1,2019,18-30,1,1,1
39,1,1,1,1,2,1,2,1,1,2,1,2,60,3,0,1,2019,31-45,2,1,1
39,1,2,1,2,2,1,0,0,2,1,0,0,30,3,0,2,2019,31-45,2,1,1
62,2,2,2,2,2,1,0,0,0,0,0,0,120,3,0,2,2019,56-70,4,0,1
76,1,1,2,2,2,2,2,1,0,0,0,0,30,4,0,2,2019,70+,5,1,0
57,1,1,2,1,2,2,2,1,0,0,2,1,15,2,0,2,2019,56-70,4,1,0
46,1,1,2,2,2,2,2,1,0,0,0,0,40,3,0,2,2019,46-55,3,1,0
28,2,2,2,2,2,2,0,0,0,0,0,0,0,0,3,2,2019,18-30,1,0,0
44,2,2,2,2,2,2,0,0,0,0,0,0,0,0,3,2,2019,31-45,2,0,0
43,1,2,2,1,2,1,0,0,0,0,2,1,15,3,0,2,2019,31-45,2,1,1
34,1,1,1,2,2,1,2,1,2,1,0,0,10,3,0,2,2019,31-45,2,1,1
80,1,1,2,2,2,2,2,1,0,0,0,0,60,3,0,2,2019,70+,5,1,0
55,1,1,2,2,2,2,2,1,0,0,0,0,10,3,0,2,2019,46-55,3,1,0
43,1,2,2,2,2,1,0,0,0,0,0,0,20,3,0,2,2019,31-45,2,0,1
37,2,2,2,2,2,2,0,0,0,0,0,0,0,0,3,2,2019,31-45,2,0,0
50,1,1,2,2,2,2,2,1,0,0,0,0,30,3,0,2,2019,46-55,3,1,0
52,1,1,1,1,1,2,2,1,2,1,2,1,30,3,0,1,2019,46-55,3,1,0
28,1,1,2,1,2,1,2,1,0,0,1,2,30,3,0,1,2019,18-30,1,1,1
71,0,0,0,0,0,0,0,0,0,0,0,0,0,0,0,0,2019,70+,5,0,0
34,1,1,2,2,2,2,2,1,0,0,0,0,15,2,0,1,2019,31-45,2,1,0
19,2,2,2,2,1,2,0,0,0,0,0,0,60,2,0,1,2019,18-30,1,1,0
65,1,2,2,1,2,2,0,0,0,0,2,1,30,2,0,2,2019,56-70,4,1,0
43,1,2,2,1,2,2,0,0,0,0,2,1,20,3,0,1,2019,31-45,2,1,0
35,1,1,1,1,1,2,2,1,2,1,2,1,30,3,0,1,2019,31-45,2,1,0
53,1,2,2,1,2,2,0,0,0,0,2,1,10,3,0,1,2019,46-55,3,1,0
19,1,1,2,2,2,2,2,1,0,0,0,0,120,4,0,1,2019,18-30,1,1,0
37,1,1,1,2,2,1,1,2,2,1,0,0,30,2,0,1,2019,31-45,2,1,1
45,1,2,1,1,2,1,0,0,1,2,2,1,20,3,0,1,2019,31-45,2,1,1
67,1,1,1,2,2,2,2,1,2,1,0,0,30,3,0,1,2019,56-70,4,1,0
42,2,2,2,2,2,2,0,0,0,0,0,0,0,0,1,1,2019,31-45,2,0,0
46,1,2,1,1,2,2,0,0,2,1,2,1,30,4,0,2,2019,46-55,3,1,0
72,1,1,1,2,2,2,2,1,2,1,0,0,30,4,0,1,2019,70+,5,1,0
40,1,2,2,1,2,1,0,0,0,0,2,1,30,3,0,1,2019,31-45,2,1,1
46,2,2,2,2,2,2,0,0,0,0,0,0,0,0,3,2,2019,46-55,3,0,0
52,1,2,1,1,2,2,0,0,2,1,2,1,10,2,0,1,2019,46-55,3,1,0
18,1,2,1,1,2,1,0,0,2,1,2,1,60,4,0,1,2019,18-30,1,1,1
39,2,2,2,2,2,2,0,0,0,0,0,0,0,0,3,1,2019,31-45,2,0,0
60,1,1,2,1,2,2,2,1,0,0,2,1,15,3,0,1,2019,56-70,4,1,0
38,1,2,2,1,2,2,0,0,0,0,2,1,10,3,0,2,2019,31-45,2,1,0
70,1,1,1,2,2,2,2,1,2,1,0,0,60,3,0,1,2019,56-70,4,1,0
90,1,1,2,1,2,1,1,1,0,0,2,1,20,4,0,2,2019,70+,5,1,1
52,1,1,1,2,2,2,2,1,2,1,0,0,60,3,0,1,2019,46-55,3,1,0
88,1,2,2,1,2,2,0,0,0,0,2,1,60,1,0,2,2019,70+,5,1,0
80,2,2,2,2,2,2,0,0,0,0,0,0,0,0,5,2,2019,70+,5,0,0
35,1,1,2,2,2,2,2,1,0,0,0,0,60,3,0,1,2019,31-45,2,1,0
35,2,2,1,2,2,2,0,0,2,1,0,0,30,3,0,1,2019,31-45,2,1,0
34,1,2,1,2,2,1,0,0,2,1,0,0,30,3,0,1,2019,31-45,2,1,1
35,2,2,2,2,2,2,0,0,0,0,0,0,0,0,3,2,2019,31-45,2,0,0
63,2,2,2,2,2,2,0,0,0,0,0,0,0,0,3,2,2019,56-70,4,0,0
46,1,1,1,2,2,2,2,1,2,1,0,0,15,1,0,1,2019,46-55,3,1,0
51,1,2,2,1,2,2,0,0,0,0,2,1,10,1,0,1,2019,46-55,3,1,0
31,1,1,2,2,2,2,2,1,0,0,0,0,15,4,0,3,2019,31-45,2,1,0
59,0,0,0,0,0,0,0,0,0,0,0,0,0,0,0,0,2019,56-70,4,0,0
35,1,1,2,2,2,2,2,1,0,0,0,0,60,3,0,2,2019,31-45,2,1,0
53,1,2,2,2,2,2,0,0,0,0,0,0,0,0,2,1,2019,46-55,3,0,0
25,1,2,2,2,2,1,0,0,0,0,0,0,20,3,0,1,2019,18-30,1,0,1
65,2,2,2,2,2,2,0,0,0,0,0,0,0,0,1,2,2019,56-70,4,0,0
76,2,2,2,2,2,2,0,0,0,0,0,0,0,0,5,2,2019,70+,5,0,0
29,2,2,2,2,2,2,0,0,0,0,0,0,0,0,3,3,2019,18-30,1,0,0
30,2,2,2,2,2,2,0,0,0,0,0,0,0,0,3,2,2019,18-30,1,0,0
42,1,2,2,1,2,2,0,0,0,0,2,1,10,1,0,3,2019,31-45,2,1,0
52,1,2,2,1,2,2,0,0,0,0,2,1,15,3,0,1,2019,46-55,3,1,0
51,1,2,1,2,1,2,0,0,2,1,0,0,60,1,0,1,2019,46-55,3,1,0
35,2,2,2,2,2,2,0,0,0,0,0,0,0,0,3,2,2019,31-45,2,0,0
31,1,2,1,1,1,1,0,0,2,1,2,1,30,3,0,1,2019,31-45,2,1,1
43,2,2,2,1,2,2,0,0,0,0,2,1,10,2,0,2,2019,31-45,2,1,0
29,1,2,1,1,2,1,0,0,2,1,1,2,35,3,0,1,2019,18-30,1,1,1
42,2,2,1,1,2,1,0,0,2,1,2,1,10,4,0,1,2019,31-45,2,1,1
44,1,2,1,1,2,1,0,0,1,2,1,2,60,4,0,1,2019,31-45,2,1,1
37,2,2,2,1,2,2,0,0,0,0,2,1,15,3,0,2,2019,31-45,2,1,0
31,1,2,2,1,2,2,0,0,0,0,2,1,5,3,0,2,2019,31-45,2,1,0
32,1,1,2,2,2,1,2,1,0,0,0,0,15,2,0,1,2019,31-45,2,1,1
32,1,2,2,1,2,1,0,0,0,0,2,1,15,2,0,1,2019,31-45,2,1,1
43,1,1,2,2,2,1,2,1,0,0,0,0,10,3,0,2,2019,31-45,2,1,1
29,2,2,2,1,2,1,0,0,0,0,2,1,30,3,0,1,2019,18-30,1,1,1
38,1,1,1,2,2,1,2,1,2,1,0,0,20,3,0,1,2019,31-45,2,1,1
35,2,2,1,2,2,2,0,0,2,1,0,0,60,3,0,2,2019,31-45,2,1,0
45,1,2,2,1,2,2,0,0,0,0,2,1,20,3,0,1,2019,31-45,2,1,0
45,2,2,1,2,2,1,0,0,2,1,0,0,10,2,0,1,2019,31-45,2,1,1
46,1,1,1,1,2,2,2,1,2,1,2,1,60,3,0,1,2019,46-55,3,1,0
88,2,2,2,1,2,2,0,0,0,0,2,1,10,2,0,3,2019,70+,5,1,0
77,1,2,1,1,2,2,0,0,2,1,2,1,30,3,0,1,2019,70+,5,1,0
43,1,2,1,1,2,2,0,0,2,1,2,1,60,3,0,1,2019,31-45,2,1,0
28,1,1,2,1,2,2,2,1,0,0,2,1,30,4,0,1,2019,18-30,1,1,0
84,2,2,2,1,2,2,0,0,0,0,2,1,10,1,0,2,2019,70+,5,1,0
29,2,2,2,2,2,1,0,0,0,0,0,0,30,2,0,2,2019,18-30,1,0,1
59,1,1,1,2,1,1,2,1,1,2,0,0,10,2,0,2,2019,56-70,4,1,1
37,1,2,2,1,2,1,0,0,0,0,1,2,30,3,0,3,2019,31-45,2,1,1
55,2,2,2,2,2,2,0,0,0,0,0,0,0,0,1,1,2019,46-55,3,0,0
44,1,1,1,1,2,1,2,1,2,1,2,1,60,4,0,1,2019,31-45,2,1,1
76,1,2,2,1,2,1,0,0,0,0,2,1,20,3,0,1,2019,70+,5,1,1
24,1,1,2,2,2,1,2,1,0,0,0,0,30,3,0,1,2019,18-30,1,1,1
47,1,1,1,2,2,1,2,1,2,1,0,0,20,3,0,1,2019,46-55,3,1,1
23,1,2,1,1,1,1,0,0,1,2,2,1,30,4,0,1,2019,18-30,1,1,1
26,2,2,1,2,2,1,0,0,2,1,0,0,10,3,0,1,2019,18-30,1,1,1
70,2,2,2,1,2,2,0,0,0,0,2,1,10,3,0,2,2019,56-70,4,1,0
52,1,2,1,1,2,1,0,0,1,2,2,1,60,3,0,1,2019,46-55,3,1,1
23,1,1,2,2,2,1,2,1,0,0,0,0,15,3,0,1,2019,18-30,1,1,1
78,1,2,2,1,2,2,0,0,0,0,2,1,10,2,0,2,2019,70+,5,1,0
34,1,1,2,1,2,1,2,1,0,0,2,1,20,4,0,1,2019,31-45,2,1,1
30,2,2,2,1,2,2,0,0,0,0,2,1,30,4,0,1,2019,18-30,1,1,0
32,1,1,2,2,2,1,2,1,0,0,0,0,120,3,0,1,2019,31-45,2,1,1
46,2,2,2,1,2,2,0,0,0,0,2,1,20,2,0,2,2019,46-55,3,1,0
43,1,1,1,1,2,1,2,1,2,1,2,1,15,2,0,1,2019,31-45,2,1,1
60,1,2,2,1,2,2,0,0,0,0,2,1,30,4,0,2,2019,56-70,4,1,0
60,1,1,2,1,2,2,2,1,0,0,2,1,60,3,0,3,2019,56-70,4,1,0
25,1,1,1,2,2,1,1,2,2,1,0,0,240,4,0,1,2019,18-30,1,1,1
20,2,2,2,1,2,1,0,0,0,0,1,2,30,3,0,2,2019,18-30,1,1,1
27,2,1,1,2,2,1,2,1,1,2,0,0,15,3,0,1,2019,18-30,1,1,1
60,1,1,1,1,2,1,2,1,2,1,2,1,20,3,0,1,2019,56-70,4,1,1
25,1,1,2,2,2,1,2,1,0,0,0,0,45,3,0,1,2019,18-30,1,1,1
50,1,1,1,2,2,1,2,1,2,1,0,0,60,3,0,2,2019,46-55,3,1,1
45,2,2,1,1,2,1,0,0,2,1,2,1,120,3,0,2,2019,31-45,2,1,1
44,2,2,2,2,2,2,0,0,0,0,0,0,0,0,3,2,2019,31-45,2,0,0
31,1,1,2,2,2,2,2,1,0,0,0,0,20,3,0,1,2019,31-45,2,1,0
63,1,1,2,2,2,2,2,1,0,0,0,0,60,2,0,1,2019,56-70,4,1,0
60,2,2,2,2,2,2,0,0,0,0,0,0,0,0,3,2,2019,56-70,4,0,0
24,1,1,1,2,2,1,1,2,1,2,0,0,120,3,0,1,2019,18-30,1,1,1
58,2,2,2,1,2,2,0,0,0,0,2,1,10,3,0,2,2019,56-70,4,1,0
22,1,1,1,2,2,2,2,1,2,1,0,0,20,2,0,1,2019,18-30,1,1,0
61,1,1,2,2,2,2,2,1,0,0,0,0,30,3,0,2,2019,56-70,4,1,0
58,1,1,1,1,2,1,2,1,2,1,2,1,15,1,0,1,2019,56-70,4,1,1
46,1,1,1,2,2,2,2,1,2,1,0,0,30,1,0,2,2019,46-55,3,1,0
22,2,2,2,2,1,1,0,0,0,0,0,0,20,3,0,2,2019,18-30,1,1,1
20,1,1,1,2,2,1,1,2,1,2,0,0,30,4,0,1,2019,18-30,1,1,1
50,1,1,2,1,2,1,1,2,0,0,2,1,10,3,0,1,2019,46-55,3,1,1
23,2,1,2,2,2,2,2,1,0,0,0,0,10,1,0,2,2019,18-30,1,1,0
40,1,2,1,2,2,2,0,0,2,1,0,0,20,3,0,1,2019,31-45,2,1,0
21,2,1,2,2,1,2,2,1,0,0,0,0,15,3,0,1,2019,18-30,1,1,0
35,1,1,1,2,2,2,2,1,2,1,0,0,60,3,0,1,2019,31-45,2,1,0
18,1,1,2,2,2,1,2,1,0,0,0,0,120,4,0,1,2019,18-30,1,1,1
24,1,1,2,1,2,1,2,1,0,0,2,1,20,3,0,1,2019,18-30,1,1,1
57,1,1,2,1,2,2,2,1,0,0,2,1,20,1,0,2,2019,56-70,4,1,0
24,1,2,2,2,2,2,0,0,0,0,0,0,0,0,1,2,2019,18-30,1,0,0
31,1,1,1,1,2,2,2,1,2,1,2,1,15,3,0,1,2019,31-45,2,1,0
30,2,2,2,2,2,2,0,0,0,0,0,0,0,0,3,2,2019,18-30,1,0,0
51,1,1,2,2,2,1,2,1,0,0,0,0,120,2,0,2,2019,46-55,3,1,1
32,1,1,1,1,1,2,2,1,2,1,2,1,10,2,0,2,2019,31-45,2,1,0
43,1,2,1,2,2,2,0,0,2,1,0,0,10,3,0,1,2019,31-45,2,1,0
28,1,1,2,2,2,1,2,1,0,0,0,0,180,3,0,1,2019,18-30,1,1,1
70,1,2,2,2,2,2,0,0,0,0,0,0,0,0,3,2,2019,56-70,4,0,0
37,1,1,1,1,1,1,2,1,2,1,2,1,60,3,0,1,2019,31-45,2,1,1
28,1,1,1,2,1,1,2,1,2,1,0,0,20,3,0,1,2019,18-30,1,1,1
21,1,1,2,2,2,1,2,1,0,0,0,0,30,1,0,1,2019,18-30,1,1,1
34,1,1,2,2,2,1,2,1,0,0,0,0,120,4,0,1,2019,31-45,2,1,1
39,1,1,1,2,2,1,2,1,2,1,0,0,60,4,0,1,2019,31-45,2,1,1
48,1,1,1,1,2,1,2,1,2,1,2,1,30,3,0,1,2020,46-55,3,1,1
41,2,2,2,2,2,1,0,0,0,0,0,0,10,3,0,1,2020,31-45,2,0,1
55,2,2,2,2,2,2,0,0,0,0,0,0,0,0,3,1,2020,46-55,3,0,0
55,1,1,2,1,2,1,2,1,0,0,2,1,20,3,0,1,2020,46-55,3,1,1
60,1,1,2,2,2,2,2,1,0,0,0,0,20,3,0,1,2020,56-70,4,1,0
48,1,2,1,2,2,1,0,0,2,1,0,0,30,4,0,1,2020,46-55,3,1,1
67,1,2,2,1,2,2,0,0,0,0,2,1,20,3,0,1,2020,56-70,4,1,0
40,1,2,2,1,2,1,0,0,0,0,2,1,10,4,0,1,2020,31-45,2,1,1
43,2,2,2,2,2,2,0,0,0,0,0,0,0,0,3,1,2020,31-45,2,0,0
68,1,1,2,2,2,2,2,1,0,0,0,0,60,3,0,1,2020,56-70,4,1,0
46,1,2,2,2,2,1,0,0,0,0,0,0,30,4,0,1,2020,46-55,3,0,1
52,1,2,2,1,2,1,0,0,0,0,2,1,10,3,0,1,2020,46-55,3,1,1
51,1,1,1,1,2,1,2,1,2,1,2,1,30,4,0,1,2020,46-55,3,1,1
71,1,1,2,2,2,2,2,1,0,0,0,0,30,3,0,2,2020,70+,5,1,0
54,2,2,2,2,2,2,0,0,0,0,0,0,0,0,3,1,2020,46-55,3,0,0
24,2,2,2,2,2,1,0,0,0,0,0,0,15,3,0,1,2020,18-30,1,0,1
31,2,2,2,2,2,1,0,0,0,0,0,0,15,3,0,1,2020,31-45,2,0,1
57,2,2,2,2,2,2,0,0,0,0,0,0,0,0,3,1,2020,56-70,4,0,0
28,2,2,2,2,2,1,0,0,0,0,0,0,15,3,0,1,2020,18-30,1,0,1
32,2,2,2,2,2,2,0,0,0,0,0,0,0,0,3,1,2020,31-45,2,0,0
38,2,2,2,2,2,2,0,0,0,0,0,0,0,0,2,1,2020,31-45,2,0,0
42,1,1,1,1,2,1,2,1,2,1,2,1,30,3,0,1,2020,31-45,2,1,1
70,2,2,2,2,2,2,0,0,0,0,0,0,0,0,3,2,2020,56-70,4,0,0
46,2,2,2,2,2,1,0,0,0,0,0,0,10,3,0,1,2020,46-55,3,0,1
46,2,2,2,2,2,2,0,0,0,0,0,0,0,0,2,1,2020,46-55,3,0,0
19,1,1,2,2,2,1,2,1,0,0,0,0,30,3,0,1,2020,18-30,1,1,1
41,2,2,2,2,2,1,0,0,0,0,0,0,15,3,0,1,2020,31-45,2,0,1
22,1,1,2,2,2,1,2,1,0,0,0,0,30,3,0,1,2020,18-30,1,1,1
30,2,2,2,2,2,2,0,0,0,0,0,0,0,0,2,1,2020,18-30,1,0,0
50,2,2,2,2,2,2,0,0,0,0,0,0,0,0,3,1,2020,46-55,3,0,0
67,1,1,2,2,2,1,2,1,0,0,0,0,30,1,0,2,2020,56-70,4,1,1
18,2,2,2,2,2,2,0,0,0,0,0,0,0,0,3,1,2020,18-30,1,0,0
52,1,1,1,2,2,2,2,1,2,1,0,0,60,3,0,1,2020,46-55,3,1,0
42,2,2,2,2,2,1,0,0,0,0,0,0,10,3,0,1,2020,31-45,2,0,1
39,2,2,2,2,2,2,0,0,0,0,0,0,0,0,3,1,2020,31-45,2,0,0
36,2,2,2,2,2,1,0,0,0,0,0,0,10,3,0,1,2020,31-45,2,0,1
20,1,2,1,2,2,1,0,0,1,2,0,0,15,3,0,1,2020,18-30,1,1,1
47,2,2,2,2,2,2,0,0,0,0,0,0,0,0,3,1,2020,46-55,3,0,0
35,2,2,2,2,2,1,0,0,0,0,0,0,10,3,0,1,2020,31-45,2,0,1
46,2,2,2,1,2,2,0,0,0,0,2,1,10,3,0,1,2020,46-55,3,1,0
18,1,1,2,2,2,1,2,1,0,0,0,0,30,3,0,1,2020,18-30,1,1,1
44,1,2,2,1,2,1,0,0,0,0,2,1,20,3,0,1,2020,31-45,2,1,1
35,2,2,2,2,2,2,0,0,0,0,0,0,0,0,3,1,2020,31-45,2,0,0
24,2,2,2,2,2,1,0,0,0,0,0,0,15,3,0,1,2020,18-30,1,0,1
38,2,2,2,2,2,2,0,0,0,0,0,0,0,0,1,1,2020,31-45,2,0,0
19,1,1,2,2,2,1,2,1,0,0,0,0,30,3,0,1,2020,18-30,1,1,1
39,2,2,2,2,2,2,0,0,0,0,0,0,0,0,3,2,2020,31-45,2,0,0
49,1,1,2,2,2,1,2,1,0,0,0,0,60,2,0,1,2020,46-55,3,1,1
28,2,2,2,2,2,2,0,0,0,0,0,0,0,0,3,2,2020,18-30,1,0,0
40,1,2,2,2,1,2,0,0,0,0,0,0,30,3,0,2,2020,31-45,2,1,0
43,1,2,1,2,2,1,0,0,2,1,0,0,10,3,0,1,2020,31-45,2,1,1
43,2,2,2,2,1,1,0,0,0,0,0,0,20,4,0,2,2020,31-45,2,1,1
91,2,2,2,2,2,2,0,0,0,0,0,0,0,0,2,2,2020,70+,5,0,0
31,2,2,1,2,2,1,0,0,1,2,0,0,15,4,0,1,2020,31-45,2,1,1
34,2,2,2,2,2,2,0,0,0,0,0,0,0,0,1,2,2020,31-45,2,0,0
42,1,2,1,2,2,1,0,0,2,1,0,0,30,2,0,3,2020,31-45,2,1,1
44,1,1,2,2,2,1,2,1,0,0,0,0,20,3,0,1,2020,31-45,2,1,1
37,2,2,2,2,2,2,0,0,0,0,0,0,0,0,1,1,2020,31-45,2,0,0
36,2,1,2,2,2,2,2,1,0,0,0,0,30,3,0,1,2020,31-45,2,1,0
52,2,2,2,2,2,2,0,0,0,0,0,0,0,0,1,3,2020,46-55,3,0,0
57,1,2,1,1,2,1,0,0,1,2,1,2,30,3,0,1,2020,56-70,4,1,1
61,1,1,2,1,2,1,2,1,0,0,2,1,60,3,0,1,2020,56-70,4,1,1
40,2,2,2,2,2,1,0,0,0,0,0,0,60,4,0,1,2020,31-45,2,0,1
49,2,2,2,2,2,1,0,0,0,0,0,0,30,3,0,3,2020,46-55,3,0,1
33,2,2,2,2,2,1,0,0,0,0,0,0,20,3,0,2,2020,31-45,2,0,1
72,1,1,1,1,2,1,2,1,2,1,1,2,60,4,0,1,2020,70+,5,1,1
68,1,1,1,1,2,2,2,1,2,1,2,1,20,2,0,1,2020,56-70,4,1,0
63,1,1,2,2,2,1,1,2,0,0,0,0,60,3,0,1,2020,56-70,4,1,1
37,2,2,2,2,2,1,0,0,0,0,0,0,15,3,0,2,2020,31-45,2,0,1
28,2,1,2,2,2,1,2,1,0,0,0,0,25,3,0,1,2020,18-30,1,1,1
78,2,2,2,2,2,2,0,0,0,0,0,0,0,0,5,2,2020,70+,5,0,0
59,1,1,1,1,2,1,2,1,2,1,2,1,60,3,0,2,2020,56-70,4,1,1
64,2,2,2,1,2,2,0,0,0,0,2,1,30,2,0,3,2020,56-70,4,1,0
21,1,1,2,2,2,1,2,1,0,0,0,0,60,2,0,1,2020,18-30,1,1,1
23,2,2,2,2,2,2,0,0,0,0,0,0,0,0,4,3,2020,18-30,1,0,0
30,2,2,2,2,2,1,0,0,0,0,0,0,25,4,0,1,2020,18-30,1,0,1
66,1,2,1,2,2,2,0,0,2,1,0,0,30,4,0,1,2020,56-70,4,1,0
44,2,1,2,2,2,1,2,1,0,0,0,0,20,3,0,1,2020,31-45,2,1,1
40,2,2,2,2,2,2,0,0,0,0,0,0,0,0,3,2,2020,31-45,2,0,0
60,1,2,2,2,2,2,0,0,0,0,0,0,0,0,2,2,2020,56-70,4,0,0
74,2,2,2,2,2,2,0,0,0,0,0,0,0,0,1,2,2020,70+,5,0,0
66,1,1,1,2,2,1,1,2,2,1,0,0,180,3,0,1,2020,56-70,4,1,1
44,1,2,1,2,2,2,0,0,2,1,0,0,15,4,0,1,2020,31-45,2,1,0
65,1,1,1,1,2,2,2,1,2,1,1,2,30,4,0,1,2020,56-70,4,1,0
46,2,2,2,2,2,2,0,0,0,0,0,0,0,0,1,2,2020,46-55,3,0,0
56,1,1,1,2,2,2,2,1,2,1,0,0,25,4,0,1,2020,56-70,4,1,0
30,2,2,2,2,2,2,0,0,0,0,0,0,0,0,3,1,2020,18-30,1,0,0
39,1,1,1,1,2,1,1,2,1,2,2,1,120,3,0,1,2020,31-45,2,1,1
50,1,2,2,1,2,2,0,0,0,0,2,1,20,3,0,1,2020,46-55,3,1,0
31,1,1,1,2,2,1,2,1,2,1,0,0,30,4,0,1,2020,31-45,2,1,1
65,2,2,2,2,2,2,0,0,0,0,0,0,0,0,5,2,2020,56-70,4,0,0
41,1,1,2,2,2,1,2,1,0,0,0,0,40,3,0,1,2020,31-45,2,1,1
47,1,1,2,2,2,1,2,1,0,0,0,0,30,4,0,2,2020,46-55,3,1,1
28,1,2,1,2,2,2,0,0,2,1,0,0,30,3,0,2,2020,18-30,1,1,0
72,2,2,2,2,2,2,0,0,0,0,0,0,0,0,5,2,2020,70+,5,0,0
74,2,2,2,2,2,2,0,0,0,0,0,0,0,0,5,2,2020,70+,5,0,0
25,2,2,1,2,2,2,0,0,2,1,0,0,25,3,0,2,2020,18-30,1,1,0
64,2,2,2,2,2,2,0,0,0,0,0,0,0,0,5,1,2020,56-70,4,0,0
71,2,2,2,2,2,2,0,0,0,0,0,0,0,0,5,2,2020,70+,5,0,0
50,2,2,2,2,2,2,0,0,0,0,0,0,0,0,2,2,2020,46-55,3,0,0
28,1,2,1,2,2,1,0,0,1,2,0,0,60,4,0,1,2020,18-30,1,1,1
32,1,2,2,2,2,1,0,0,0,0,0,0,40,3,0,1,2020,31-45,2,0,1
66,2,2,2,2,2,2,0,0,0,0,0,0,0,0,5,2,2020,56-70,4,0,0
73,1,2,1,2,2,2,0,0,2,1,0,0,40,3,0,2,2020,70+,5,1,0
80,2,2,2,2,2,2,0,0,0,0,0,0,0,0,5,2,2020,70+,5,0,0
27,1,2,2,2,2,1,0,0,0,0,0,0,15,3,0,1,2020,18-30,1,0,1
32,1,1,2,2,2,1,2,1,0,0,0,0,40,4,0,1,2020,31-45,2,1,1
66,2,2,2,2,2,2,0,0,0,0,0,0,0,0,5,2,2020,56-70,4,0,0
60,1,1,1,2,2,1,1,1,2,1,0,0,60,3,0,1,2020,56-70,4,1,1
46,1,1,2,2,2,2,2,1,0,0,0,0,40,3,0,1,2020,46-55,3,1,0
39,1,1,2,2,2,2,2,1,0,0,0,0,120,4,0,1,2020,31-45,2,1,0
33,2,2,2,2,2,2,0,0,0,0,0,0,0,0,3,2,2020,31-45,2,0,0
51,2,2,2,2,2,2,0,0,0,0,0,0,0,0,3,2,2020,46-55,3,0,0
48,1,1,2,1,2,1,2,1,0,0,2,1,20,3,0,2,2020,46-55,3,1,1
21,1,1,1,2,2,1,1,2,1,2,0,0,60,3,0,2,2020,18-30,1,1,1
21,1,1,2,1,2,1,1,2,0,0,1,2,40,3,0,1,2020,18-30,1,1,1
78,2,2,2,2,2,2,0,0,0,0,0,0,0,0,1,2,2020,70+,5,0,0
32,2,2,2,2,2,2,0,0,0,0,0,0,0,0,3,1,2020,31-45,2,0,0
40,1,2,1,2,2,1,0,0,2,1,0,0,26,4,0,1,2020,31-45,2,1,1
26,1,1,2,2,2,2,2,1,0,0,0,0,20,4,0,1,2020,18-30,1,1,0
71,1,1,2,1,2,2,2,1,0,0,2,1,30,3,0,2,2020,70+,5,1,0
40,2,2,2,1,2,2,0,0,0,0,2,1,15,2,0,2,2020,31-45,2,1,0
32,2,1,2,2,2,1,2,1,0,0,0,0,15,3,0,2,2020,31-45,2,1,1
76,2,2,2,2,2,2,0,0,0,0,0,0,0,0,5,2,2020,70+,5,0,0
73,0,0,0,0,0,0,0,0,0,0,0,0,0,0,0,0,2020,70+,5,0,0
61,1,2,2,1,2,1,0,0,0,0,2,1,60,2,0,2,2020,56-70,4,1,1
27,1,1,2,1,2,1,2,1,0,0,2,1,60,4,0,1,2020,18-30,1,1,1
37,1,1,2,2,2,1,2,1,0,0,0,0,20,3,0,2,2020,31-45,2,1,1
35,2,1,2,2,2,2,2,1,0,0,0,0,30,2,0,2,2020,31-45,2,1,0
35,2,2,2,2,2,1,0,0,0,0,0,0,15,2,0,2,2020,31-45,2,0,1
37,1,2,1,2,2,1,0,0,1,2,0,0,15,3,0,2,2020,31-45,2,1,1
25,1,1,2,2,2,1,2,1,0,0,0,0,30,4,0,1,2020,18-30,1,1,1
47,1,2,1,1,2,1,0,0,2,1,2,1,90,3,0,1,2020,46-55,3,1,1
25,2,2,1,2,2,2,0,0,1,2,0,0,30,3,0,1,2020,18-30,1,1,0
57,1,1,1,1,2,1,2,1,2,1,2,1,60,4,0,1,2020,56-70,4,1,1
75,1,1,2,1,2,2,2,1,0,0,2,1,60,2,0,1,2020,70+,5,1,0
25,1,1,2,2,2,1,2,1,0,0,0,0,60,3,0,1,2020,18-30,1,1,1
20,1,2,1,1,2,1,0,0,2,1,2,1,60,3,0,1,2020,18-30,1,1,1
38,2,2,2,2,2,2,0,0,0,0,0,0,0,0,4,1,2020,31-45,2,0,0
27,2,1,1,2,2,1,2,1,2,1,0,0,20,3,0,1,2020,18-30,1,1,1
63,1,1,2,2,2,2,2,1,0,0,0,0,30,2,0,2,2020,56-70,4,1,0
28,1,2,2,1,2,1,0,0,0,0,2,1,60,3,0,2,2020,18-30,1,1,1
34,1,1,2,2,2,1,2,1,0,0,0,0,30,4,0,1,2020,31-45,2,1,1
37,1,1,1,2,2,1,2,1,2,1,0,0,60,4,0,1,2020,31-45,2,1,1
45,2,2,2,1,2,2,0,0,0,0,2,1,5,4,0,1,2020,31-45,2,1,0
26,1,1,2,1,2,1,2,1,0,0,2,1,60,3,0,1,2020,18-30,1,1,1
23,1,1,1,2,2,1,2,1,2,1,0,0,10,4,0,1,2020,18-30,1,1,1
39,2,2,1,2,2,1,0,0,1,2,0,0,10,3,0,1,2020,31-45,2,1,1
70,1,1,2,1,2,2,2,1,0,0,2,1,60,3,0,2,2020,56-70,4,1,0
70,1,1,1,1,2,2,2,1,2,1,2,1,20,4,0,2,2020,56-70,4,1,0
81,1,1,1,1,2,2,2,1,2,1,2,1,60,3,0,1,2020,70+,5,1,0
39,2,2,2,1,2,1,0,0,0,0,2,1,10,2,0,1,2020,31-45,2,1,1
44,1,1,2,2,2,2,2,1,0,0,0,0,20,2,0,2,2020,31-45,2,1,0
64,0,0,0,0,0,0,0,0,0,0,0,0,0,0,0,0,2020,56-70,4,0,0
53,1,2,2,1,2,2,0,0,0,0,2,1,20,2,0,1,2020,46-55,3,1,0
24,2,2,1,2,2,2,0,0,2,1,0,0,5,3,0,1,2020,18-30,1,1,0
44,2,2,2,2,2,2,0,0,0,0,0,0,0,0,1,2,2020,31-45,2,0,0
66,1,2,1,1,2,2,0,0,2,1,2,1,30,3,0,2,2020,56-70,4,1,0
54,1,1,1,1,2,2,2,1,2,1,2,1,60,2,0,1,2020,46-55,3,1,0
50,2,2,2,1,2,1,0,0,0,0,2,1,60,3,0,2,2020,46-55,3,1,1
57,2,2,1,2,2,2,0,0,2,1,0,0,30,3,0,1,2020,56-70,4,1,0
40,1,1,2,2,2,1,2,1,0,0,0,0,20,3,0,1,2020,31-45,2,1,1
43,1,1,2,1,2,1,2,1,0,0,2,1,30,3,0,2,2020,31-45,2,1,1
33,1,1,2,2,2,1,1,2,0,0,0,0,30,3,0,1,2020,31-45,2,1,1
25,1,2,1,2,2,1,0,0,2,1,0,0,20,3,0,1,2020,18-30,1,1,1
44,2,2,2,2,2,2,0,0,0,0,0,0,0,0,3,2,2020,31-45,2,0,0
84,1,1,2,2,2,2,2,1,0,0,0,0,180,2,0,2,2020,70+,5,1,0
52,1,1,2,1,2,2,2,1,0,0,2,1,15,3,0,1,2020,46-55,3,1,0
19,1,1,2,1,2,1,2,1,0,0,2,1,15,2,0,2,2020,18-30,1,1,1
48,1,1,1,1,2,2,2,1,2,1,2,1,15,3,0,1,2020,46-55,3,1,0
18,1,1,2,1,2,2,2,1,0,0,2,1,30,2,0,2,2020,18-30,1,1,0
28,1,2,1,2,2,1,0,0,2,1,0,0,30,3,0,1,2020,18-30,1,1,1
19,2,1,2,2,2,1,2,1,0,0,0,0,20,3,0,2,2020,18-30,1,1,1
40,1,2,1,2,2,2,0,0,2,1,0,0,30,3,0,2,2020,31-45,2,1,0
58,1,2,1,2,2,1,0,0,2,1,0,0,60,3,0,1,2020,56-70,4,1,1
21,1,1,2,2,2,1,2,1,0,0,0,0,10,3,0,1,2020,18-30,1,1,1
64,1,1,2,2,2,1,2,1,0,0,0,0,60,4,0,1,2020,56-70,4,1,1
60,1,1,2,2,2,1,2,1,0,0,0,0,120,3,0,1,2020,56-70,4,1,1
22,1,2,1,2,2,2,0,0,2,1,0,0,10,4,0,1,2020,18-30,1,1,0
28,1,1,2,2,2,2,1,2,0,0,0,0,5,4,0,1,2020,18-30,1,1,0
38,1,1,1,1,2,1,2,1,2,1,2,1,30,4,0,2,2020,31-45,2,1,1
66,1,2,2,1,2,2,0,0,0,0,2,1,30,3,0,1,2020,56-70,4,1,0
50,2,2,2,2,2,2,0,0,0,0,0,0,0,0,5,1,2020,46-55,3,0,0
37,1,2,2,1,2,2,0,0,0,0,2,1,10,1,0,1,2020,31-45,2,1,0
86,1,2,2,1,2,2,0,0,0,0,2,1,40,3,0,2,2020,70+,5,1,0
45,2,2,2,2,2,1,0,0,0,0,0,0,3,4,0,2,2020,31-45,2,0,1
68,2,2,2,2,2,2,0,0,0,0,0,0,0,0,3,2,2020,56-70,4,0,0
41,2,2,2,2,2,1,0,0,0,0,0,0,10,4,0,2,2020,31-45,2,0,1
34,1,2,1,2,1,1,0,0,2,1,0,0,30,4,0,1,2020,31-45,2,1,1
62,1,1,1,1,2,1,2,1,2,1,1,1,30,3,0,1,2020,56-70,4,1,1
31,1,1,1,1,2,1,1,2,1,2,2,1,80,3,0,1,2020,31-45,2,1,1
43,1,1,2,2,2,2,2,1,0,0,0,0,20,2,0,1,2020,31-45,2,1,0
63,1,2,2,1,2,2,0,0,0,0,2,1,10,1,0,1,2020,56-70,4,1,0
29,1,1,2,2,2,1,2,1,0,0,0,0,45,3,0,2,2020,18-30,1,1,1
72,0,0,0,0,0,0,0,0,0,0,0,0,0,0,0,0,2020,70+,5,0,0
27,1,1,1,1,1,1,2,1,2,1,2,1,60,4,0,1,2020,18-30,1,1,1
29,2,2,2,2,2,1,0,0,0,0,0,0,20,4,0,1,2020,18-30,1,0,1
34,1,2,1,1,2,1,0,0,2,1,2,1,30,4,0,2,2020,31-45,2,1,1
59,2,2,2,2,2,2,0,0,0,0,0,0,0,0,3,1,2020,56-70,4,0,0
27,1,2,2,2,2,1,0,0,0,0,0,0,15,3,0,2,2020,18-30,1,0,1
56,1,2,2,1,2,2,0,0,0,0,2,1,30,3,0,1,2020,56-70,4,1,0
47,1,2,1,1,2,1,0,0,2,1,2,1,30,4,0,1,2020,46-55,3,1,1
44,1,1,1,1,2,1,1,2,2,1,1,2,40,3,0,1,2020,31-45,2,1,1
54,1,2,1,1,2,1,0,0,2,1,2,1,45,4,0,1,2020,46-55,3,1,1
23,1,1,1,2,2,1,1,1,1,2,0,0,25,4,0,1,2020,18-30,1,1,1
44,1,1,2,2,2,2,2,1,0,0,0,0,120,4,0,1,2020,31-45,2,1,0
71,2,2,2,2,2,2,0,0,0,0,0,0,0,0,5,1,2020,70+,5,0,0
72,0,0,0,0,0,0,0,0,0,0,0,0,0,0,0,0,2020,70+,5,0,0
27,2,2,2,2,2,2,0,0,0,0,0,0,0,0,2,1,2020,18-30,1,0,0
60,2,2,2,2,2,2,0,0,0,0,0,0,0,0,5,2,2020,56-70,4,0,0
28,1,1,2,1,2,1,1,1,0,0,2,1,90,3,0,2,2020,18-30,1,1,1
23,2,2,2,2,2,2,0,0,0,0,0,0,0,0,1,2,2020,18-30,1,0,0
57,2,2,2,2,2,2,0,0,0,0,0,0,0,0,1,2,2020,56-70,4,0,0
33,1,1,2,2,2,2,2,1,0,0,0,0,30,4,0,2,2020,31-45,2,1,0
23,1,1,1,2,2,1,2,1,1,1,0,0,45,3,0,1,2020,18-30,1,1,1
19,1,1,2,2,2,1,2,1,0,0,0,0,60,3,0,1,2020,18-30,1,1,1
22,1,1,1,2,2,1,1,2,2,1,0,0,120,3,0,1,2020,18-30,1,1,1
56,1,1,2,1,2,2,2,1,0,0,1,2,45,4,0,1,2020,56-70,4,1,0
39,2,2,2,2,2,2,0,0,0,0,0,0,0,0,1,2,2020,31-45,2,0,0
27,1,1,2,2,2,1,1,2,0,0,0,0,120,4,0,1,2020,18-30,1,1,1
39,1,1,1,2,1,2,1,2,1,2,0,0,40,4,0,1,2020,31-45,2,1,0
30,2,2,2,2,2,1,0,0,0,0,0,0,20,3,0,2,2020,18-30,1,0,1
81,2,2,2,2,2,2,0,0,0,0,0,0,0,0,5,1,2020,70+,5,0,0
59,2,1,2,2,2,2,2,1,0,0,0,0,180,3,0,2,2020,56-70,4,1,0
40,1,2,2,1,2,2,0,0,0,0,2,1,45,2,0,2,2020,31-45,2,1,0
51,1,1,2,2,2,2,2,1,0,0,0,0,25,2,0,2,2020,46-55,3,1,0
60,2,2,2,2,2,2,0,0,0,0,0,0,0,0,5,1,2020,56-70,4,0,0
61,1,2,2,1,2,2,0,0,0,0,2,1,60,3,0,2,2020,56-70,4,1,0
74,0,0,0,0,0,0,0,0,0,0,0,0,0,0,0,0,2020,70+,5,0,0
44,1,1,1,1,2,1,1,2,2,1,2,1,45,4,0,1,2020,31-45,2,1,1
82,1,2,2,2,2,2,0,0,0,0,0,0,0,0,5,1,2020,70+,5,0,0
19,1,1,2,2,2,1,1,2,0,0,0,0,200,3,0,1,2020,18-30,1,1,1
77,2,1,2,2,2,2,2,1,0,0,0,0,120,4,0,1,2020,70+,5,1,0
68,1,1,2,2,2,2,2,1,0,0,0,0,120,4,0,1,2020,56-70,4,1,0
75,1,1,2,1,2,2,2,1,0,0,2,1,90,3,0,1,2020,70+,5,1,0
69,1,1,2,1,2,2,2,1,0,0,2,1,120,3,0,1,2020,56-70,4,1,0
50,1,1,1,1,2,2,2,1,2,1,2,1,45,4,0,1,2020,46-55,3,1,0
21,2,2,2,2,2,2,0,0,0,0,0,0,0,0,1,2,2020,18-30,1,0,0
69,1,1,2,2,2,2,2,1,0,0,0,0,20,2,0,2,2020,56-70,4,1,0
48,1,2,1,2,2,2,0,0,2,1,0,0,30,4,0,1,2020,46-55,3,1,0
38,2,2,2,2,2,2,0,0,0,0,0,0,0,0,1,2,2020,31-45,2,0,0
27,2,2,2,2,2,2,0,0,0,0,0,0,0,0,1,2,2020,18-30,1,0,0
63,1,1,2,2,2,2,2,1,0,0,0,0,120,2,0,2,2020,56-70,4,1,0
33,2,2,2,2,2,2,0,0,0,0,0,0,0,0,1,1,2020,31-45,2,0,0
19,1,1,2,2,2,1,1,2,0,0,0,0,180,3,0,1,2020,18-30,1,1,1
24,2,2,2,2,2,1,0,0,0,0,0,0,30,3,0,1,2020,18-30,1,0,1
61,1,1,2,1,2,2,1,2,0,0,2,1,120,4,0,2,2020,56-70,4,1,0
48,1,2,2,1,2,1,0,0,0,0,2,1,45,4,0,1,2020,46-55,3,1,1
44,1,1,2,1,2,1,2,1,0,0,2,1,25,3,0,1,2020,31-45,2,1,1
48,1,1,2,1,2,1,2,1,0,0,2,1,60,4,0,1,2020,46-55,3,1,1
24,1,1,2,1,2,1,2,1,0,0,2,1,25,3,0,1,2020,18-30,1,1,1
67,1,2,2,2,2,2,0,0,0,0,0,0,0,0,3,2,2020,56-70,4,0,0
72,2,1,2,2,2,2,2,1,0,0,0,0,30,3,0,2,2020,70+,5,1,0
79,1,2,1,1,2,2,0,0,2,1,2,1,40,3,0,1,2020,70+,5,1,0
26,1,1,2,1,2,1,2,1,0,0,2,1,30,1,0,1,2020,18-30,1,1,1
35,1,1,2,1,2,2,2,1,0,0,2,1,20,2,0,2,2020,31-45,2,1,0
25,1,2,2,2,2,2,0,0,0,0,0,0,0,0,3,2,2020,18-30,1,0,0
24,1,1,1,1,2,2,2,1,2,1,2,1,10,2,0,1,2020,18-30,1,1,0
35,1,1,2,2,2,2,2,1,0,0,0,0,30,3,0,2,2020,31-45,2,1,0
79,1,1,2,2,2,2,2,1,0,0,0,0,30,1,0,2,2020,70+,5,1,0
21,1,1,2,2,2,2,2,1,0,0,0,0,20,2,0,2,2020,18-30,1,1,0
27,2,2,2,2,2,2,0,0,0,0,0,0,0,0,6,2,2020,18-30,1,0,0
59,1,1,1,2,2,1,2,1,2,1,0,0,20,3,0,1,2020,56-70,4,1,1
59,2,2,2,2,2,1,0,0,0,0,0,0,60,3,0,2,2020,56-70,4,0,1
60,1,1,2,2,2,1,2,1,0,0,0,0,120,4,0,1,2020,56-70,4,1,1
60,1,1,1,1,1,1,2,1,2,1,1,2,30,3,0,1,2020,56-70,4,1,1
59,1,1,2,2,2,2,2,1,0,0,0,0,20,3,0,3,2020,56-70,4,1,0
48,1,1,2,1,2,1,1,2,0,0,1,2,10,3,0,2,2020,46-55,3,1,1
29,1,2,2,2,2,2,0,0,0,0,0,0,0,0,3,2,2020,18-30,1,0,0
48,2,2,2,2,2,2,0,0,0,0,0,0,0,0,3,2,2020,46-55,3,0,0
38,2,1,2,2,2,2,2,1,0,0,0,0,10,2,0,2,2020,31-45,2,1,0
25,1,1,2,2,2,2,2,1,0,0,0,0,30,3,0,1,2020,18-30,1,1,0
32,1,2,1,2,2,2,0,0,2,1,0,0,10,4,0,1,2020,31-45,2,1,0
38,1,2,2,1,2,2,0,0,0,0,2,1,15,3,0,2,2020,31-45,2,1,0
26,1,1,1,1,1,1,2,1,2,1,2,1,15,3,0,1,2020,18-30,1,1,1
30,1,2,1,2,2,2,0,0,2,1,0,0,30,1,0,1,2020,18-30,1,1,0
65,1,1,1,1,2,2,2,1,2,1,2,1,20,2,0,2,2020,56-70,4,1,0
42,2,1,2,2,2,2,2,1,0,0,0,0,20,1,0,1,2020,31-45,2,1,0
34,2,2,2,2,2,1,0,0,0,0,0,0,120,4,0,1,2020,31-45,2,0,1
43,1,1,2,2,2,1,2,1,0,0,0,0,20,3,0,1,2020,31-45,2,1,1
42,1,1,2,1,2,1,2,1,0,0,1,2,40,3,0,1,2020,31-45,2,1,1
31,2,2,2,2,2,1,0,0,0,0,0,0,30,2,0,1,2020,31-45,2,0,1
35,1,1,1,2,2,1,2,1,2,1,0,0,60,4,0,1,2020,31-45,2,1,1
26,2,2,2,2,2,1,0,0,0,0,0,0,60,3,0,1,2020,18-30,1,0,1
29,2,2,1,2,2,2,0,0,2,1,0,0,30,1,0,2,2020,18-30,1,1,0
50,2,2,2,2,2,2,0,0,0,0,0,0,0,0,1,2,2020,46-55,3,0,0
25,1,1,2,2,2,1,2,1,0,0,0,0,120,4,0,2,2020,18-30,1,1,1
20,1,1,2,2,2,1,2,1,0,0,0,0,60,3,0,1,2020,18-30,1,1,1
60,2,2,1,2,2,2,0,0,2,1,0,0,5,1,0,2,2020,56-70,4,1,0
75,1,1,2,2,2,2,2,1,0,0,0,0,120,3,0,2,2020,70+,5,1,0
35,2,2,2,2,2,2,0,0,0,0,0,0,0,0,3,1,2020,31-45,2,0,0
18,1,2,1,2,1,2,0,0,1,2,0,0,30,4,0,1,2020,18-30,1,1,0
62,1,2,2,1,2,2,0,0,0,0,2,1,30,2,0,2,2020,56-70,4,1,0
32,1,1,2,2,2,2,2,1,0,0,0,0,30,4,0,1,2020,31-45,2,1,0
33,2,2,2,2,2,2,0,0,0,0,0,0,0,0,3,1,2020,31-45,2,0,0
56,1,2,2,1,2,2,0,0,0,0,2,1,20,2,0,2,2020,56-70,4,1,0
66,2,2,2,2,2,2,0,0,0,0,0,0,0,0,1,1,2020,56-70,4,0,0
34,1,1,1,1,2,1,2,1,2,1,2,1,60,3,0,1,2020,31-45,2,1,1
59,1,1,2,2,2,2,2,1,0,0,0,0,60,3,0,1,2020,56-70,4,1,0
27,1,1,2,2,2,2,2,1,0,0,0,0,90,3,0,1,2020,18-30,1,1,0
47,1,1,1,2,2,2,2,1,2,1,0,0,60,3,0,1,2020,46-55,3,1,0
25,1,2,1,1,2,2,0,0,2,1,2,1,30,4,0,1,2020,18-30,1,1,0
77,1,1,2,2,2,2,2,1,0,0,0,0,180,4,0,1,2020,70+,5,1,0
31,1,1,1,1,2,2,1,2,1,2,1,2,120,3,0,1,2020,31-45,2,1,0
70,1,1,1,1,2,2,2,1,2,1,2,1,20,1,0,2,2020,56-70,4,1,0
57,1,1,2,2,2,2,2,1,0,0,0,0,20,2,0,2,2020,56-70,4,1,0
39,2,2,2,1,2,2,0,0,0,0,2,1,30,3,0,1,2020,31-45,2,1,0
63,1,2,1,1,2,2,0,0,2,1,2,1,120,3,0,2,2020,56-70,4,1,0
68,1,2,1,2,2,2,0,0,2,1,0,0,30,2,0,2,2020,56-70,4,1,0
59,2,2,2,2,2,2,0,0,0,0,0,0,0,0,3,2,2020,56-70,4,0,0
51,1,1,2,2,2,2,2,1,0,0,0,0,30,2,0,2,2020,46-55,3,1,0
41,1,1,2,2,2,2,2,1,0,0,0,0,15,2,0,2,2020,31-45,2,1,0
51,1,1,2,2,2,2,2,1,0,0,0,0,15,3,0,1,2020,46-55,3,1,0
28,2,2,2,2,2,2,0,0,0,0,0,0,0,0,1,1,2020,18-30,1,0,0
21,2,2,2,2,2,2,0,0,0,0,0,0,0,0,1,1,2020,18-30,1,0,0
30,1,1,1,2,2,2,2,1,2,1,0,0,40,3,0,1,2020,18-30,1,1,0
24,1,2,2,2,1,1,0,0,0,0,0,0,50,3,0,1,2020,18-30,1,1,1
50,2,2,2,2,2,2,0,0,0,0,0,0,0,0,3,2,2020,46-55,3,0,0
25,2,2,1,2,2,2,0,0,1,2,0,0,15,4,0,1,2020,18-30,1,1,0
28,2,1,2,2,2,2,2,1,0,0,0,0,30,2,0,2,2020,18-30,1,1,0
44,2,2,2,2,2,2,0,0,0,0,0,0,0,0,4,2,2020,31-45,2,0,0
41,1,1,2,2,2,2,2,1,0,0,0,0,10,4,0,2,2020,31-45,2,1,0
25,1,2,1,2,2,2,0,0,2,1,0,0,30,3,0,1,2020,18-30,1,1,0
64,0,0,0,0,0,0,0,0,0,0,0,0,0,0,0,0,2020,56-70,4,0,0
65,2,2,2,2,2,2,0,0,0,0,0,0,0,0,5,2,2020,56-70,4,0,0
25,2,2,2,2,2,2,0,0,0,0,0,0,0,0,3,1,2020,18-30,1,0,0
30,1,1,1,2,1,2,2,1,2,1,0,0,25,3,0,1,2020,18-30,1,1,0
47,1,2,2,2,2,2,0,0,0,0,0,0,0,0,3,3,2020,46-55,3,0,0
20,2,2,2,2,2,2,0,0,0,0,0,0,0,0,3,2,2020,18-30,1,0,0
58,2,2,2,2,2,2,0,0,0,0,0,0,0,0,1,3,2020,56-70,4,0,0
30,1,1,1,2,2,1,1,2,2,1,0,0,90,4,0,1,2020,18-30,1,1,1
33,1,2,1,1,2,1,0,0,2,1,2,1,25,3,0,1,2020,31-45,2,1,1
68,2,2,2,2,2,2,0,0,0,0,0,0,0,0,1,2,2020,56-70,4,0,0
57,2,2,2,2,2,2,0,0,0,0,0,0,0,0,1,2,2020,56-70,4,0,0
61,2,2,2,2,2,1,0,0,0,0,0,0,3,3,0,1,2020,56-70,4,0,1
49,2,2,2,2,2,2,0,0,0,0,0,0,0,0,3,2,2020,46-55,3,0,0
44,1,1,1,2,2,1,2,1,2,1,0,0,30,3,0,1,2020,31-45,2,1,1
46,2,2,2,2,2,1,0,0,0,0,0,0,15,2,0,2,2020,46-55,3,0,1
31,1,1,1,1,2,2,2,1,2,1,2,1,30,3,0,1,2020,31-45,2,1,0
43,1,1,2,1,2,2,2,1,0,0,2,1,25,3,0,1,2020,31-45,2,1,0
50,2,2,2,1,2,2,0,0,0,0,2,1,20,2,0,1,2020,46-55,3,1,0
64,2,2,2,1,2,2,0,0,0,0,2,1,20,2,0,1,2020,56-70,4,1,0
86,2,2,2,2,2,2,0,0,0,0,0,0,0,0,5,1,2020,70+,5,0,0
69,2,2,2,2,2,2,0,0,0,0,0,0,0,0,3,2,2020,56-70,4,0,0
45,2,2,2,1,2,2,0,0,0,0,2,1,20,3,0,2,2020,31-45,2,1,0
35,0,0,0,0,0,0,0,0,0,0,0,0,0,0,0,0,2020,31-45,2,0,0
36,2,2,2,2,2,2,0,0,0,0,0,0,0,0,1,1,2020,31-45,2,0,0
30,2,2,1,1,2,2,0,0,2,1,2,1,20,3,0,1,2020,18-30,1,1,0
33,2,2,2,2,2,2,0,0,0,0,0,0,0,0,3,1,2020,31-45,2,0,0
55,2,2,1,2,2,1,0,0,2,1,0,0,30,3,0,1,2020,46-55,3,1,1
58,2,2,1,2,2,1,0,0,2,1,0,0,20,3,0,2,2020,56-70,4,1,1
46,2,2,1,1,2,1,0,0,2,1,2,1,20,2,0,1,2020,46-55,3,1,1
30,1,2,1,1,2,1,0,0,2,1,2,1,30,3,0,1,2020,18-30,1,1,1
30,1,1,2,1,2,1,2,1,0,0,2,1,45,3,0,1,2020,18-30,1,1,1
62,2,2,2,2,2,2,0,0,0,0,0,0,0,0,3,3,2020,56-70,4,0,0
54,2,2,2,1,2,2,0,0,0,0,2,1,25,3,0,1,2020,46-55,3,1,0
38,1,2,2,1,2,2,0,0,0,0,2,1,25,3,0,1,2020,31-45,2,1,0
64,2,2,2,2,2,2,0,0,0,0,0,0,0,0,2,1,2020,56-70,4,0,0
39,1,1,1,1,2,2,2,1,2,1,2,1,20,3,0,1,2020,31-45,2,1,0
19,1,1,1,1,2,1,2,1,2,1,2,1,60,3,0,1,2020,18-30,1,1,1
50,1,1,2,1,2,2,2,1,0,0,2,1,35,3,0,1,2020,46-55,3,1,0
29,2,2,2,2,2,2,0,0,0,0,0,0,0,0,3,1,2020,18-30,1,0,0
41,2,2,2,2,2,2,0,0,0,0,0,0,0,0,3,3,2020,31-45,2,0,0
54,1,1,1,1,2,2,2,1,2,1,2,1,120,3,0,1,2020,46-55,3,1,0
45,2,2,2,1,2,2,0,0,0,0,2,1,25,3,0,1,2020,31-45,2,1,0
36,2,2,2,2,2,2,0,0,0,0,0,0,0,0,2,1,2020,31-45,2,0,0
45,2,2,2,1,2,2,0,0,0,0,2,1,10,3,0,1,2020,31-45,2,1,0
76,2,2,2,2,2,2,0,0,0,0,0,0,0,0,5,1,2020,70+,5,0,0
59,2,2,2,2,2,2,0,0,0,0,0,0,0,0,3,3,2020,56-70,4,0,0
42,2,2,2,2,2,2,0,0,0,0,0,0,0,0,3,2,2020,31-45,2,0,0
22,1,1,1,2,2,1,1,2,2,1,0,0,120,3,0,2,2020,18-30,1,1,1
76,2,2,2,2,2,2,0,0,0,0,0,0,0,0,5,3,2020,70+,5,0,0
75,2,2,2,2,2,2,0,0,0,0,0,0,0,0,1,2,2020,70+,5,0,0
29,1,1,1,1,2,1,2,1,2,1,2,1,60,4,0,1,2020,18-30,1,1,1
47,1,2,1,1,2,1,0,0,2,1,2,1,35,4,0,1,2020,46-55,3,1,1
46,1,1,1,2,2,2,2,1,2,1,0,0,30,3,0,1,2020,46-55,3,1,0
61,2,2,2,2,2,2,0,0,0,0,0,0,0,0,2,1,2020,56-70,4,0,0
44,1,1,1,1,2,2,2,1,2,1,2,1,35,3,0,1,2020,31-45,2,1,0
42,1,2,2,1,2,2,0,0,0,0,2,1,15,3,0,1,2020,31-45,2,1,0
78,2,2,2,2,2,2,0,0,0,0,0,0,0,0,5,1,2020,70+,5,0,0
41,1,1,1,2,2,2,2,1,2,1,0,0,30,3,0,1,2020,31-45,2,1,0
39,2,2,2,1,2,2,0,0,0,0,2,1,20,3,0,1,2020,31-45,2,1,0
22,1,1,1,2,2,2,2,1,2,1,0,0,35,3,0,1,2020,18-30,1,1,0
28,1,1,2,2,2,1,2,1,0,0,0,0,60,3,0,1,2020,18-30,1,1,1
51,2,2,2,2,2,2,0,0,0,0,0,0,0,0,3,2,2020,46-55,3,0,0
47,1,1,2,1,2,1,2,1,0,0,2,1,60,3,0,1,2020,46-55,3,1,1
61,1,1,2,1,2,1,2,1,0,0,1,2,60,3,0,1,2020,56-70,4,1,1
55,1,1,2,1,2,2,2,1,0,0,2,1,60,4,0,1,2020,46-55,3,1,0
71,1,2,1,2,2,2,0,0,2,1,0,0,20,2,0,2,2020,70+,5,1,0
74,1,1,1,1,2,2,2,1,2,1,2,1,60,4,0,1,2020,70+,5,1,0
47,1,1,1,1,2,1,2,1,2,1,2,1,90,4,0,1,2020,46-55,3,1,1
19,1,1,1,2,2,1,1,2,2,1,0,0,90,4,0,1,2020,18-30,1,1,1
29,1,2,1,2,2,1,0,0,2,1,0,0,20,4,0,1,2020,18-30,1,1,1
22,1,2,1,2,2,1,0,0,2,1,0,0,20,3,0,1,2020,18-30,1,1,1
55,2,2,2,2,2,2,0,0,0,0,0,0,0,0,3,2,2020,46-55,3,0,0
87,2,2,2,2,2,2,0,0,0,0,0,0,0,0,5,2,2020,70+,5,0,0
77,2,2,1,1,2,2,0,0,2,1,2,1,40,3,0,2,2020,70+,5,1,0
50,2,2,2,2,2,1,0,0,0,0,0,0,30,3,0,2,2020,46-55,3,0,1
36,2,2,2,2,2,2,0,0,0,0,0,0,0,0,3,1,2020,31-45,2,0,0
67,1,2,2,1,2,2,0,0,0,0,2,1,30,2,0,2,2020,56-70,4,1,0
25,1,1,2,2,2,2,2,1,0,0,0,0,35,3,0,1,2020,18-30,1,1,0
52,2,2,2,2,2,2,0,0,0,0,0,0,0,0,3,1,2020,46-55,3,0,0
66,2,2,2,2,2,2,0,0,0,0,0,0,0,0,1,2,2020,56-70,4,0,0
33,2,2,2,2,2,2,0,0,0,0,0,0,0,0,2,3,2020,31-45,2,0,0
27,1,1,1,2,2,1,2,1,2,1,0,0,40,3,0,1,2020,18-30,1,1,1
25,1,2,1,2,2,1,0,0,2,1,0,0,35,3,0,1,2020,18-30,1,1,1
70,2,2,1,1,2,2,0,0,2,1,2,1,20,2,0,2,2020,56-70,4,1,0
70,2,2,1,2,2,2,0,0,2,1,0,0,20,2,0,2,2020,56-70,4,1,0
73,2,2,2,1,2,2,0,0,0,0,2,1,20,2,0,2,2020,70+,5,1,0
30,1,2,2,2,2,2,0,0,0,0,0,0,0,0,3,2,2020,18-30,1,0,0
21,2,2,2,1,2,2,0,0,0,0,2,1,10,3,0,1,2020,18-30,1,1,0
28,1,1,2,1,2,2,2,1,0,0,2,1,30,3,0,1,2020,18-30,1,1,0
51,2,2,2,2,2,2,0,0,0,0,0,0,0,0,3,1,2020,46-55,3,0,0
38,2,2,2,1,2,2,0,0,0,0,2,1,15,3,0,1,2020,31-45,2,1,0
45,2,2,2,2,2,2,0,0,0,0,0,0,0,0,3,1,2020,31-45,2,0,0
37,1,1,2,1,2,1,2,1,0,0,2,1,60,3,0,1,2020,31-45,2,1,1
46,1,1,2,1,2,1,2,1,0,0,2,1,20,4,0,1,2020,46-55,3,1,1
39,1,2,2,2,2,2,0,0,0,0,0,0,0,0,3,2,2020,31-45,2,0,0
61,2,2,2,2,2,2,0,0,0,0,0,0,0,0,3,2,2020,56-70,4,0,0
41,2,2,2,2,2,2,0,0,0,0,0,0,0,0,3,2,2020,31-45,2,0,0
47,2,2,2,2,2,2,0,0,0,0,0,0,0,0,3,2,2020,46-55,3,0,0
57,2,2,2,2,2,2,0,0,0,0,0,0,0,0,1,2,2020,56-70,4,0,0
40,2,2,2,2,2,2,0,0,0,0,0,0,0,0,3,2,2020,31-45,2,0,0
66,2,2,2,2,2,2,0,0,0,0,0,0,0,0,1,2,2020,56-70,4,0,0
55,2,2,2,2,2,2,0,0,0,0,0,0,0,0,3,2,2020,46-55,3,0,0
22,1,1,1,2,2,1,1,2,2,1,0,0,60,4,0,2,2020,18-30,1,1,1
29,1,2,2,1,2,2,0,0,0,0,1,2,30,3,0,1,2020,18-30,1,1,0
48,2,2,2,2,2,2,0,0,0,0,0,0,0,0,3,2,2020,46-55,3,0,0
36,2,2,1,2,2,1,0,0,2,1,0,0,20,2,0,2,2020,31-45,2,1,1
71,2,2,1,1,2,2,0,0,2,1,2,1,20,2,0,2,2020,70+,5,1,0
65,2,2,2,2,2,2,0,0,0,0,0,0,0,0,2,2,2020,56-70,4,0,0
64,2,2,2,2,2,2,0,0,0,0,0,0,0,0,3,2,2020,56-70,4,0,0
41,2,2,2,2,2,2,0,0,0,0,0,0,0,0,3,2,2020,31-45,2,0,0
60,1,2,1,2,2,2,0,0,2,1,0,0,20,3,0,2,2020,56-70,4,1,0
89,2,2,2,2,2,2,0,0,0,0,0,0,0,0,5,1,2020,70+,5,0,0
36,2,2,2,2,2,2,0,0,0,0,0,0,0,0,3,1,2020,31-45,2,0,0
59,2,2,2,2,2,2,0,0,0,0,0,0,0,0,3,3,2020,56-70,4,0,0
19,2,2,2,2,2,2,0,0,0,0,0,0,0,0,2,1,2020,18-30,1,0,0
61,2,2,2,2,2,2,0,0,0,0,0,0,0,0,2,2,2020,56-70,4,0,0
56,2,2,1,1,2,1,0,0,2,1,2,1,20,2,0,2,2020,56-70,4,1,1
49,2,2,2,2,2,2,0,0,0,0,0,0,0,0,3,2,2020,46-55,3,0,0
64,2,2,2,2,2,2,0,0,0,0,0,0,0,0,2,1,2020,56-70,4,0,0
45,2,2,2,1,2,2,0,0,0,0,2,1,10,3,0,1,2020,31-45,2,1,0
56,2,2,2,2,2,2,0,0,0,0,0,0,0,0,3,1,2020,56-70,4,0,0
68,2,2,2,1,2,2,0,0,0,0,2,1,15,2,0,1,2020,56-70,4,1,0
52,1,1,1,1,2,1,1,2,2,1,1,2,60,3,0,1,2020,46-55,3,1,1
81,2,2,2,2,2,2,0,0,0,0,0,0,0,0,5,2,2020,70+,5,0,0
24,1,1,1,2,2,1,2,1,2,1,0,0,40,3,0,1,2020,18-30,1,1,1
45,1,2,1,2,2,2,0,0,2,1,0,0,20,3,0,2,2020,31-45,2,1,0
58,1,1,1,1,2,2,2,1,2,1,2,1,90,4,0,1,2020,56-70,4,1,0
40,1,2,1,1,2,1,0,0,2,1,2,1,35,3,0,1,2020,31-45,2,1,1
50,2,2,2,2,2,2,0,0,0,0,0,0,0,0,3,2,2020,46-55,3,0,0
50,1,2,2,2,2,2,0,0,0,0,0,0,0,0,3,1,2020,46-55,3,0,0
20,1,1,2,2,2,2,2,1,0,0,0,0,40,3,0,1,2020,18-30,1,1,0
73,2,2,2,2,2,2,0,0,0,0,0,0,0,0,1,3,2020,70+,5,0,0
22,1,1,1,1,2,1,2,1,2,1,2,1,60,3,0,1,2020,18-30,1,1,1
53,1,2,2,2,2,2,0,0,0,0,0,0,0,0,3,2,2020,46-55,3,0,0
72,1,2,2,2,2,2,0,0,0,0,0,0,0,0,5,3,2020,70+,5,0,0
40,1,1,2,1,2,1,2,1,0,0,2,1,60,4,0,2,2020,31-45,2,1,1
50,1,2,2,2,2,2,0,0,0,0,0,0,0,0,3,2,2020,46-55,3,0,0
40,1,2,1,1,2,1,0,0,2,1,2,1,40,3,0,1,2020,31-45,2,1,1
83,2,2,2,2,2,2,0,0,0,0,0,0,0,0,5,3,2020,70+,5,0,0
47,1,2,2,1,2,2,0,0,0,0,2,1,35,3,0,1,2020,46-55,3,1,0
28,2,2,2,2,2,2,0,0,0,0,0,0,0,0,3,1,2020,18-30,1,0,0
46,2,2,2,2,2,2,0,0,0,0,0,0,0,0,1,1,2020,46-55,3,0,0
53,2,2,2,2,2,2,0,0,0,0,0,0,0,0,3,1,2020,46-55,3,0,0
46,1,2,2,2,2,2,0,0,0,0,0,0,0,0,3,1,2020,46-55,3,0,0
47,2,2,2,2,2,2,0,0,0,0,0,0,0,0,3,1,2020,46-55,3,0,0
63,2,2,2,2,2,2,0,0,0,0,0,0,0,0,3,1,2020,56-70,4,0,0
25,1,2,1,1,2,1,0,0,2,1,2,1,20,3,0,1,2020,18-30,1,1,1
45,1,2,2,1,2,2,0,0,0,0,2,1,30,3,0,2,2020,31-45,2,1,0
22,1,2,1,2,2,1,0,0,2,1,0,0,30,4,0,1,2020,18-30,1,1,1
58,2,2,2,2,2,2,0,0,0,0,0,0,0,0,2,1,2020,56-70,4,0,0
40,2,2,2,2,2,2,0,0,0,0,0,0,0,0,3,1,2020,31-45,2,0,0
24,1,1,1,1,2,2,2,1,2,1,2,1,60,3,0,1,2020,18-30,1,1,0
20,2,2,1,1,2,1,0,0,2,1,2,1,40,3,0,1,2020,18-30,1,1,1
49,2,2,1,2,2,2,0,0,2,1,0,0,20,3,0,1,2020,46-55,3,1,0
74,2,2,1,2,2,2,0,0,2,1,0,0,30,2,0,1,2020,70+,5,1,0
24,1,1,2,1,2,2,2,1,0,0,2,1,30,3,0,1,2020,18-30,1,1,0
55,2,2,2,1,2,2,0,0,0,0,2,1,15,3,0,1,2020,46-55,3,1,0
42,1,1,2,1,2,1,2,1,0,0,2,1,30,4,0,1,2020,31-45,2,1,1
42,1,2,2,1,2,2,0,0,0,0,2,1,20,4,0,3,2020,31-45,2,1,0
26,2,2,2,2,2,2,0,0,0,0,0,0,0,0,3,1,2020,18-30,1,0,0
72,2,2,2,2,2,2,0,0,0,0,0,0,0,0,5,3,2020,70+,5,0,0
46,1,1,1,1,2,1,2,1,2,1,2,1,60,3,0,1,2020,46-55,3,1,1
50,1,1,2,2,2,1,2,1,0,0,0,0,120,3,0,1,2020,46-55,3,1,1
45,1,1,1,1,2,1,2,1,2,1,2,1,30,3,0,1,2020,31-45,2,1,1
23,2,2,1,1,2,1,0,0,2,1,2,1,30,2,0,1,2020,18-30,1,1,1
63,2,2,2,2,2,2,0,0,0,0,0,0,0,0,1,1,2020,56-70,4,0,0
57,2,2,2,2,2,2,0,0,0,0,0,0,0,0,3,1,2020,56-70,4,0,0
36,1,1,1,2,2,2,2,1,2,1,0,0,40,3,0,1,2020,31-45,2,1,0
64,2,2,2,2,2,2,0,0,0,0,0,0,0,0,2,1,2020,56-70,4,0,0
68,2,2,1,1,2,1,0,0,2,1,2,1,30,3,0,1,2020,56-70,4,1,1
49,1,1,1,2,2,1,1,2,2,1,0,0,40,3,0,1,2020,46-55,3,1,1
42,1,2,1,2,2,1,0,0,2,1,0,0,30,3,0,1,2020,31-45,2,1,1
58,1,1,1,1,2,1,2,1,2,1,2,1,40,3,0,1,2020,56-70,4,1,1
46,1,2,2,1,2,2,0,0,0,0,2,1,20,3,0,1,2020,46-55,3,1,0
75,1,2,1,1,2,2,0,0,2,1,2,1,30,3,0,1,2020,70+,5,1,0
59,1,2,1,1,2,2,0,0,2,1,2,1,30,3,0,1,2020,56-70,4,1,0
38,1,2,1,1,2,2,0,0,2,1,2,1,25,3,0,2,2020,31-45,2,1,0
19,1,1,2,2,2,1,2,1,0,0,0,0,30,3,0,1,2020,18-30,1,1,1
19,2,2,2,2,2,2,0,0,0,0,0,0,0,0,2,1,2020,18-30,1,0,0
44,2,2,2,2,2,2,0,0,0,0,0,0,0,0,2,3,2020,31-45,2,0,0
30,2,2,2,2,2,2,0,0,0,0,0,0,0,0,3,1,2020,18-30,1,0,0
24,1,1,1,2,2,2,2,1,2,1,0,0,45,3,0,1,2020,18-30,1,1,0
52,2,2,2,2,2,2,0,0,0,0,0,0,0,0,3,1,2020,46-55,3,0,0
20,1,1,2,1,2,1,2,1,0,0,2,1,60,3,0,1,2020,18-30,1,1,1
64,2,2,2,2,2,2,0,0,0,0,0,0,0,0,5,3,2020,56-70,4,0,0
50,2,2,2,2,2,2,0,0,0,0,0,0,0,0,3,1,2020,46-55,3,0,0
64,2,2,2,2,2,2,0,0,0,0,0,0,0,0,1,3,2020,56-70,4,0,0
55,1,1,2,2,2,2,2,1,0,0,0,0,30,3,0,2,2020,46-55,3,1,0
18,2,2,2,2,2,2,0,0,0,0,0,0,0,0,2,1,2020,18-30,1,0,0
60,1,1,1,1,2,2,2,1,2,1,2,1,60,3,0,1,2020,56-70,4,1,0
76,2,2,2,2,2,2,0,0,0,0,0,0,0,0,2,1,2020,70+,5,0,0
68,2,2,2,2,2,2,0,0,0,0,0,0,0,0,3,1,2020,56-70,4,0,0
53,2,2,2,2,2,2,0,0,0,0,0,0,0,0,3,1,2020,46-55,3,0,0
55,2,2,2,1,2,2,0,0,0,0,2,1,15,3,0,1,2020,46-55,3,1,0
48,2,2,2,1,2,2,0,0,0,0,2,1,10,3,0,1,2020,46-55,3,1,0
69,2,2,2,2,2,2,0,0,0,0,0,0,0,0,2,1,2020,56-70,4,0,0
74,1,1,2,1,2,2,2,1,0,0,2,1,60,4,0,3,2020,70+,5,1,0
38,1,1,2,1,2,1,1,2,0,0,2,1,60,4,0,1,2020,31-45,2,1,1
50,1,2,2,2,2,2,0,0,0,0,0,0,0,0,3,1,2020,46-55,3,0,0
48,1,1,2,1,2,1,2,1,0,0,2,1,60,4,0,3,2020,46-55,3,1,1
76,1,1,1,2,2,1,2,1,2,1,0,0,30,3,0,1,2020,70+,5,1,1
67,1,1,1,2,2,1,2,1,2,1,0,0,120,3,0,1,2020,56-70,4,1,1
43,1,1,1,1,2,1,1,2,2,1,2,1,60,3,0,1,2020,31-45,2,1,1
38,2,2,2,2,2,2,0,0,0,0,0,0,0,0,3,2,2020,31-45,2,0,0
51,2,2,2,1,2,2,0,0,0,0,2,1,30,3,0,2,2020,46-55,3,1,0
74,2,2,2,1,2,2,0,0,0,0,2,1,20,4,0,3,2020,70+,5,1,0
38,2,2,2,2,2,2,0,0,0,0,0,0,0,0,1,2,2020,31-45,2,0,0
60,1,2,1,1,2,2,0,0,2,1,2,1,30,3,0,1,2020,56-70,4,1,0
73,1,2,2,1,2,2,0,0,0,0,2,1,30,4,0,1,2020,70+,5,1,0
39,1,1,1,2,2,1,2,1,2,1,0,0,60,3,0,1,2020,31-45,2,1,1
33,1,1,2,2,2,1,2,1,0,0,0,0,30,3,0,1,2020,31-45,2,1,1
44,1,1,1,2,2,1,2,1,2,1,0,0,30,3,0,2,2020,31-45,2,1,1
42,2,2,2,2,2,2,0,0,0,0,0,0,0,0,3,2,2020,31-45,2,0,0
40,0,0,0,0,0,0,0,0,0,0,0,0,0,0,0,0,2020,31-45,2,0,0
39,2,2,2,2,2,2,0,0,0,0,0,0,0,0,3,3,2020,31-45,2,0,0
81,1,1,2,1,2,2,2,1,0,0,2,1,60,3,0,1,2020,70+,5,1,0
59,1,2,1,2,2,2,0,0,2,1,0,0,20,3,0,1,2020,56-70,4,1,0
37,1,2,1,2,2,1,0,0,2,1,0,0,25,3,0,1,2020,31-45,2,1,1
21,1,1,1,2,2,1,1,2,2,1,0,0,120,4,0,1,2020,18-30,1,1,1
75,2,2,2,2,2,2,0,0,0,0,0,0,0,0,1,2,2020,70+,5,0,0
74,1,2,1,2,2,2,0,0,2,1,0,0,20,3,0,1,2020,70+,5,1,0
54,2,2,2,2,2,2,0,0,0,0,0,0,0,0,3,2,2020,46-55,3,0,0
21,1,1,2,1,2,1,2,1,0,0,2,1,90,4,0,1,2020,18-30,1,1,1
29,1,2,1,2,2,1,0,0,2,1,0,0,30,3,0,1,2020,18-30,1,1,1
64,2,2,2,1,2,2,0,0,0,0,2,1,10,1,0,1,2020,56-70,4,1,0
58,1,1,2,1,2,2,2,1,0,0,2,1,120,3,0,1,2020,56-70,4,1,0
35,1,1,2,2,2,2,2,1,0,0,0,0,40,3,0,1,2020,31-45,2,1,0
79,1,2,1,1,2,2,0,0,2,1,1,1,30,1,0,2,2020,70+,5,1,0
44,1,2,1,1,2,2,0,0,2,1,2,1,30,3,0,1,2020,31-45,2,1,0
39,1,1,1,2,2,1,1,2,2,1,0,0,60,4,0,1,2020,31-45,2,1,1
82,2,2,2,2,2,2,0,0,0,0,0,0,0,0,5,2,2020,70+,5,0,0
75,1,2,1,2,2,2,0,0,2,1,0,0,20,3,0,2,2020,70+,5,1,0
68,1,1,1,1,2,1,2,1,2,1,2,1,60,3,0,1,2020,56-70,4,1,1
68,2,2,2,2,2,2,0,0,0,0,0,0,0,0,5,2,2020,56-70,4,0,0
71,1,1,1,2,2,1,2,1,2,1,0,0,30,3,0,1,2020,70+,5,1,1
74,1,1,1,1,2,1,2,1,2,1,2,1,50,3,0,1,2020,70+,5,1,1
56,2,2,2,2,2,2,0,0,0,0,0,0,0,0,3,1,2020,56-70,4,0,0
57,2,2,2,2,2,2,0,0,0,0,0,0,0,0,2,2,2020,56-70,4,0,0
49,2,2,2,1,2,2,0,0,0,0,2,1,10,2,0,1,2020,46-55,3,1,0
27,2,2,2,1,2,2,0,0,0,0,2,1,10,3,0,1,2020,18-30,1,1,0
18,1,1,2,2,2,1,2,1,0,0,0,0,120,3,0,1,2020,18-30,1,1,1
24,2,1,1,2,2,1,2,1,2,1,0,0,20,4,0,1,2020,18-30,1,1,1
25,2,1,1,1,2,1,2,1,2,1,2,1,30,2,0,2,2020,18-30,1,1,1
49,1,1,2,2,2,2,2,1,0,0,0,0,30,4,0,1,2020,46-55,3,1,0
30,2,2,2,2,2,2,0,0,0,0,0,0,0,0,5,2,2020,18-30,1,0,0
31,2,2,2,2,2,2,0,0,0,0,0,0,0,0,3,2,2020,31-45,2,0,0
76,1,1,1,2,2,2,2,1,2,1,0,0,40,2,0,2,2020,70+,5,1,0
29,2,2,2,2,2,1,0,0,0,0,0,0,10,2,0,1,2020,18-30,1,0,1
89,2,2,2,2,2,2,0,0,0,0,0,0,0,0,5,2,2020,70+,5,0,0
18,2,2,2,1,2,2,0,0,0,0,2,1,20,2,0,2,2020,18-30,1,1,0
51,1,2,1,1,2,1,0,0,2,1,2,1,40,3,0,2,2020,46-55,3,1,1
22,1,1,2,2,2,1,2,1,0,0,0,0,30,2,0,1,2020,18-30,1,1,1
34,1,1,1,1,2,1,2,1,2,1,2,1,20,3,0,1,2020,31-45,2,1,1
58,1,1,1,1,1,2,2,1,2,1,2,1,30,3,0,1,2020,56-70,4,1,0
66,1,2,1,1,2,2,0,0,2,1,2,1,6,3,0,1,2020,56-70,4,1,0
86,1,2,2,1,2,2,0,0,0,0,2,1,10,2,0,2,2020,70+,5,1,0
44,1,1,1,2,2,1,2,1,2,1,0,0,40,3,0,1,2020,31-45,2,1,1
83,1,2,1,2,2,2,0,0,2,1,0,0,30,4,0,1,2020,70+,5,1,0
52,2,2,2,2,2,2,0,0,0,0,0,0,0,0,3,1,2020,46-55,3,0,0
37,2,2,2,1,2,2,0,0,0,0,2,1,30,2,0,2,2020,31-45,2,1,0
42,2,2,2,2,2,1,0,0,0,0,0,0,5,3,0,1,2020,31-45,2,0,1
58,1,2,2,1,2,2,0,0,0,0,2,1,30,3,0,2,2020,56-70,4,1,0
76,2,2,2,2,2,2,0,0,0,0,0,0,0,0,5,2,2020,70+,5,0,0
45,1,1,2,1,2,1,2,1,0,0,2,1,40,3,0,1,2020,31-45,2,1,1
40,2,2,1,1,2,2,0,0,2,1,2,1,20,2,0,2,2020,31-45,2,1,0
33,1,1,1,2,2,1,2,1,2,1,0,0,60,3,0,1,2020,31-45,2,1,1
68,2,2,2,2,2,2,0,0,0,0,0,0,0,0,5,1,2020,56-70,4,0,0
65,2,2,2,2,2,2,0,0,0,0,0,0,0,0,5,2,2020,56-70,4,0,0
24,2,2,1,1,2,1,0,0,2,1,2,1,45,4,0,1,2020,18-30,1,1,1
44,2,2,1,2,2,2,0,0,2,1,0,0,20,3,0,1,2020,31-45,2,1,0
30,2,2,2,2,2,1,0,0,0,0,0,0,25,3,0,1,2020,18-30,1,0,1
24,1,1,1,2,2,1,2,1,2,1,0,0,35,3,0,1,2020,18-30,1,1,1
32,1,1,2,2,2,2,2,1,0,0,0,0,30,4,0,1,2020,31-45,2,1,0
43,1,1,2,2,2,1,2,1,0,0,0,0,30,4,0,1,2020,31-45,2,1,1
58,1,2,2,1,2,2,0,0,0,0,2,1,20,4,0,1,2020,56-70,4,1,0
79,2,2,1,2,2,2,0,0,2,1,0,0,20,2,0,1,2020,70+,5,1,0
61,2,2,2,2,2,2,0,0,0,0,0,0,0,0,5,2,2020,56-70,4,0,0
25,2,2,1,2,2,1,0,0,2,1,0,0,30,3,0,1,2020,18-30,1,1,1
48,2,2,2,2,2,2,0,0,0,0,0,0,0,0,3,2,2020,46-55,3,0,0
34,1,2,1,1,2,2,0,0,2,1,2,1,25,2,0,1,2020,31-45,2,1,0
38,2,2,2,2,2,2,0,0,0,0,0,0,0,0,3,2,2020,31-45,2,0,0
51,2,2,2,1,2,2,0,0,0,0,2,1,20,2,0,2,2020,46-55,3,1,0
43,2,2,2,2,2,2,0,0,0,0,0,0,0,0,2,1,2020,31-45,2,0,0
46,2,2,2,1,2,2,0,0,0,0,2,1,20,2,0,2,2020,46-55,3,1,0
40,1,2,2,2,2,2,0,0,0,0,0,0,0,0,3,2,2020,31-45,2,0,0
51,2,2,2,2,2,2,0,0,0,0,0,0,0,0,3,2,2020,46-55,3,0,0
62,1,2,2,2,2,2,0,0,0,0,0,0,0,0,5,2,2020,56-70,4,0,0
51,1,2,2,1,2,2,0,0,0,0,2,1,10,2,0,2,2020,46-55,3,1,0
54,1,2,2,1,2,2,0,0,0,0,2,1,30,4,0,2,2020,46-55,3,1,0
21,1,1,2,2,2,2,2,1,0,0,0,0,30,2,0,1,2020,18-30,1,1,0
29,1,1,1,2,2,2,2,1,2,1,0,0,10,2,0,2,2020,18-30,1,1,0
42,1,2,2,1,2,1,0,0,0,0,2,1,60,4,0,1,2020,31-45,2,1,1
24,2,2,2,2,2,2,0,0,0,0,0,0,0,0,3,1,2020,18-30,1,0,0
48,1,2,2,2,2,2,0,0,0,0,0,0,0,0,3,1,2020,46-55,3,0,0
75,0,0,0,0,0,0,0,0,0,0,0,0,0,0,0,0,2020,70+,5,0,0
39,1,1,2,2,2,1,2,1,0,0,0,0,15,4,0,1,2020,31-45,2,1,1
46,2,2,2,2,2,2,0,0,0,0,0,0,0,0,3,2,2020,46-55,3,0,0
19,1,2,1,1,2,2,0,0,2,1,2,1,30,3,0,2,2020,18-30,1,1,0
45,1,2,2,2,2,2,0,0,0,0,0,0,0,0,3,2,2020,31-45,2,0,0
37,1,2,1,1,2,2,0,0,2,1,2,1,20,4,0,2,2020,31-45,2,1,0
60,1,1,2,1,2,2,2,1,0,0,2,1,60,3,0,2,2020,56-70,4,1,0
23,2,2,2,2,2,2,0,0,0,0,0,0,0,0,1,2,2020,18-30,1,0,0
63,1,2,2,2,2,2,0,0,0,0,0,0,0,0,5,2,2020,56-70,4,0,0
31,1,2,2,2,2,1,0,0,0,0,0,0,30,3,0,1,2020,31-45,2,0,1
29,2,2,2,2,2,2,0,0,0,0,0,0,0,0,3,2,2020,18-30,1,0,0
55,1,2,2,2,2,2,0,0,0,0,0,0,0,0,6,3,2020,46-55,3,0,0
22,2,2,2,2,2,2,0,0,0,0,0,0,0,0,3,1,2020,18-30,1,0,0
32,2,2,2,2,2,2,0,0,0,0,0,0,0,0,3,1,2020,31-45,2,0,0
37,1,2,2,1,2,2,0,0,0,0,2,1,30,3,0,2,2020,31-45,2,1,0
42,2,2,2,2,2,2,0,0,0,0,0,0,0,0,2,2,2020,31-45,2,0,0
63,2,2,2,2,2,2,0,0,0,0,0,0,0,0,1,1,2020,56-70,4,0,0
69,2,2,2,2,2,2,0,0,0,0,0,0,0,0,5,2,2020,56-70,4,0,0
71,0,0,0,0,0,0,0,0,0,0,0,0,0,0,0,0,2020,70+,5,0,0
30,2,2,2,2,2,2,0,0,0,0,0,0,0,0,1,2,2020,18-30,1,0,0
22,2,2,2,2,2,2,0,0,0,0,0,0,0,0,3,1,2020,18-30,1,0,0
66,2,2,2,1,2,2,0,0,0,0,2,1,15,3,0,1,2020,56-70,4,1,0
32,1,2,2,2,2,2,0,0,0,0,0,0,0,0,5,1,2020,31-45,2,0,0
35,2,2,2,2,2,2,0,0,0,0,0,0,0,0,1,1,2020,31-45,2,0,0
47,2,2,2,1,2,2,0,0,0,0,2,1,20,3,0,1,2020,46-55,3,1,0
57,1,2,2,2,2,2,0,0,0,0,0,0,0,0,1,2,2020,56-70,4,0,0
62,1,1,2,2,2,2,2,1,0,0,0,0,30,3,0,2,2020,56-70,4,1,0
33,2,2,2,2,2,2,0,0,0,0,0,0,0,0,3,1,2020,31-45,2,0,0
58,1,1,2,1,2,2,2,1,0,0,1,2,45,4,0,1,2020,56-70,4,1,0
54,2,2,2,1,2,2,0,0,0,0,2,1,30,4,0,1,2020,46-55,3,1,0
43,1,2,1,2,2,2,0,0,2,1,0,0,30,4,0,1,2020,31-45,2,1,0
54,2,2,2,2,2,2,0,0,0,0,0,0,0,0,1,2,2020,46-55,3,0,0
63,1,2,2,2,2,2,0,0,0,0,0,0,0,0,1,2,2020,56-70,4,0,0
49,2,2,2,2,2,2,0,0,0,0,0,0,0,0,1,2,2020,46-55,3,0,0
22,2,2,2,1,2,2,0,0,0,0,2,1,15,3,0,2,2020,18-30,1,1,0
31,2,2,2,2,2,2,0,0,0,0,0,0,0,0,1,1,2020,31-45,2,0,0
60,2,2,2,2,2,2,0,0,0,0,0,0,0,0,2,2,2020,56-70,4,0,0
67,1,2,2,2,2,2,0,0,0,0,0,0,0,0,5,1,2020,56-70,4,0,0
26,1,2,2,2,2,2,0,0,0,0,0,0,0,0,3,2,2020,18-30,1,0,0
40,1,2,2,2,2,2,0,0,0,0,0,0,0,0,1,2,2020,31-45,2,0,0
19,1,1,1,1,2,1,1,2,1,2,2,1,120,3,0,1,2020,18-30,1,1,1
25,1,1,1,1,1,1,2,1,2,1,2,1,60,3,0,1,2020,18-30,1,1,1
45,2,2,2,2,2,2,0,0,0,0,0,0,0,0,1,2,2020,31-45,2,0,0
27,1,2,2,1,2,2,0,0,0,0,2,1,15,4,0,1,2020,18-30,1,1,0
23,2,2,2,2,2,2,0,0,0,0,0,0,0,0,3,2,2020,18-30,1,0,0
34,1,1,1,2,2,1,2,1,2,1,0,0,30,3,0,2,2020,31-45,2,1,1
61,1,2,2,2,2,1,0,0,0,0,0,0,20,4,0,1,2020,56-70,4,0,1
48,1,1,2,2,2,2,2,1,0,0,0,0,25,3,0,2,2020,46-55,3,1,0
31,2,2,2,2,2,1,0,0,0,0,0,0,45,3,0,1,2020,31-45,2,0,1
27,1,1,2,2,2,2,2,1,0,0,0,0,60,3,0,1,2020,18-30,1,1,0
53,1,2,2,1,2,2,0,0,0,0,2,1,30,3,0,2,2020,46-55,3,1,0
32,2,2,2,1,2,2,0,0,0,0,2,1,20,3,0,2,2020,31-45,2,1,0
45,2,2,2,2,2,2,0,0,0,0,0,0,0,0,3,2,2020,31-45,2,0,0
40,1,1,1,1,2,2,2,1,2,1,2,1,45,4,0,1,2020,31-45,2,1,0
34,1,1,1,1,1,1,2,1,2,1,2,1,20,3,0,1,2020,31-45,2,1,1
21,2,2,2,2,2,2,0,0,0,0,0,0,0,0,3,1,2020,18-30,1,0,0
43,2,2,1,2,2,2,0,0,2,1,0,0,20,4,0,2,2020,31-45,2,1,0
66,2,2,2,2,2,2,0,0,0,0,0,0,0,0,2,2,2020,56-70,4,0,0
31,2,2,2,2,2,2,0,0,0,0,0,0,0,0,3,2,2020,31-45,2,0,0
23,1,1,1,2,2,2,2,1,2,1,0,0,20,3,0,1,2020,18-30,1,1,0
44,1,2,2,2,2,2,0,0,0,0,0,0,0,0,3,2,2020,31-45,2,0,0
51,1,1,2,1,2,2,2,1,0,0,2,1,30,3,0,2,2020,46-55,3,1,0
59,2,1,2,2,2,2,2,1,0,0,0,0,30,3,0,1,2020,56-70,4,1,0
51,2,2,2,1,2,2,0,0,0,0,2,1,30,3,0,2,2020,46-55,3,1,0
62,2,2,2,2,2,2,0,0,0,0,0,0,0,0,1,2,2020,56-70,4,0,0
51,2,2,1,2,2,2,0,0,2,1,0,0,30,3,0,2,2020,46-55,3,1,0
19,2,2,2,2,2,2,0,0,0,0,0,0,0,0,1,2,2020,18-30,1,0,0
27,2,2,2,2,2,2,0,0,0,0,0,0,0,0,3,2,2020,18-30,1,0,0
71,2,2,2,1,2,2,0,0,0,0,2,1,35,4,0,2,2020,70+,5,1,0
41,2,2,1,2,2,2,0,0,2,1,0,0,25,4,0,1,2020,31-45,2,1,0
42,2,2,2,1,2,2,0,0,0,0,2,1,10,4,0,2,2020,31-45,2,1,0
44,1,2,1,1,2,2,0,0,2,1,2,1,30,4,0,2,2020,31-45,2,1,0
30,2,2,2,2,2,2,0,0,0,0,0,0,0,0,3,1,2020,18-30,1,0,0
66,2,2,2,1,2,2,0,0,0,0,2,1,15,3,0,2,2020,56-70,4,1,0
59,2,2,2,2,2,2,0,0,0,0,0,0,0,0,1,2,2020,56-70,4,0,0
56,1,1,1,2,2,2,2,1,2,1,0,0,40,3,0,1,2020,56-70,4,1,0
30,2,2,1,2,2,2,0,0,2,1,0,0,30,4,0,1,2020,18-30,1,1,0
49,1,1,2,1,2,2,2,1,0,0,2,1,30,3,0,1,2020,46-55,3,1,0
56,1,1,1,2,2,2,2,1,2,1,0,0,40,3,0,1,2020,56-70,4,1,0
58,2,2,2,1,2,2,0,0,0,0,2,1,20,4,0,2,2020,56-70,4,1,0
60,2,2,2,2,2,2,0,0,0,0,0,0,0,0,3,2,2020,56-70,4,0,0
73,2,2,2,2,2,2,0,0,0,0,0,0,0,0,5,2,2020,70+,5,0,0
48,2,2,1,2,2,2,0,0,2,1,0,0,20,4,0,1,2020,46-55,3,1,0
78,0,0,0,0,0,0,0,0,0,0,0,0,0,0,0,0,2020,70+,5,0,0
42,2,2,1,2,2,2,0,0,2,1,0,0,45,4,0,2,2020,31-45,2,1,0
38,1,1,1,2,2,2,2,1,2,1,0,0,60,3,0,2,2020,31-45,2,1,0
25,1,1,1,2,2,2,2,1,2,1,0,0,60,4,0,2,2020,18-30,1,1,0
42,2,2,1,2,2,2,0,0,2,1,0,0,25,4,0,2,2020,31-45,2,1,0
54,0,0,0,0,0,0,0,0,0,0,0,0,0,0,0,0,2020,46-55,3,0,0
64,2,2,1,2,2,2,0,0,2,1,0,0,15,3,0,2,2020,56-70,4,1,0
66,1,1,1,2,2,2,2,1,2,1,0,0,45,3,0,2,2020,56-70,4,1,0
79,0,0,0,0,0,0,0,0,0,0,0,0,0,0,0,0,2020,70+,5,0,0
43,2,2,1,2,2,2,0,0,2,1,0,0,40,4,0,2,2020,31-45,2,1,0
28,2,2,2,2,2,2,0,0,0,0,0,0,0,0,3,2,2020,18-30,1,0,0
29,2,2,1,2,2,2,0,0,2,1,0,0,15,4,0,2,2020,18-30,1,1,0
27,2,2,1,2,2,2,0,0,2,1,0,0,30,4,0,2,2020,18-30,1,1,0
61,2,2,2,2,2,2,0,0,0,0,0,0,0,0,2,2,2020,56-70,4,0,0
18,1,1,2,2,2,2,2,1,0,0,0,0,30,3,0,2,2020,18-30,1,1,0
63,1,1,2,2,2,2,2,1,0,0,0,0,40,3,0,2,2020,56-70,4,1,0
25,0,0,0,0,0,0,0,0,0,0,0,0,0,0,0,0,2020,18-30,1,0,0
51,2,2,2,1,2,2,0,0,0,0,2,1,15,4,0,2,2020,46-55,3,1,0
71,0,0,0,0,0,0,0,0,0,0,0,0,0,0,0,0,2020,70+,5,0,0
32,2,2,1,1,2,2,0,0,2,1,2,1,35,4,0,2,2020,31-45,2,1,0
46,2,2,2,2,2,2,0,0,0,0,0,0,0,0,1,2,2020,46-55,3,0,0
55,2,2,2,1,2,2,0,0,0,0,2,1,15,3,0,2,2020,46-55,3,1,0
74,0,0,0,0,0,0,0,0,0,0,0,0,0,0,0,0,2020,70+,5,0,0
32,2,2,1,1,2,2,0,0,2,1,2,1,20,4,0,2,2020,31-45,2,1,0
71,1,1,2,2,2,2,2,1,0,0,0,0,60,3,0,2,2020,70+,5,1,0
29,2,2,2,2,2,2,0,0,0,0,0,0,0,0,2,1,2020,18-30,1,0,0
48,2,2,2,2,2,2,0,0,0,0,0,0,0,0,3,1,2020,46-55,3,0,0
31,2,2,2,2,2,2,0,0,0,0,0,0,0,0,2,1,2020,31-45,2,0,0
21,1,1,1,1,2,1,1,1,2,1,2,1,60,3,0,1,2020,18-30,1,1,1
42,1,1,2,2,2,1,1,1,0,0,0,0,60,3,0,1,2020,31-45,2,1,1
65,2,1,1,1,2,2,2,1,2,1,2,1,30,3,0,1,2020,56-70,4,1,0
22,1,1,1,2,2,1,1,1,2,1,0,0,120,3,0,1,2020,18-30,1,1,1
66,1,1,1,2,2,2,2,1,2,1,0,0,45,2,0,1,2020,56-70,4,1,0
25,1,1,2,2,2,1,1,2,0,0,0,0,45,3,0,1,2020,18-30,1,1,1
67,1,1,1,1,2,2,2,1,2,1,1,2,60,4,0,1,2020,56-70,4,1,0
71,2,2,2,1,2,2,0,0,0,0,2,1,30,3,0,1,2020,70+,5,1,0
68,2,1,2,2,2,2,2,1,0,0,0,0,45,3,0,1,2020,56-70,4,1,0
62,2,2,2,2,2,2,0,0,0,0,0,0,0,0,5,1,2020,56-70,4,0,0
67,1,1,1,1,2,2,1,1,2,1,1,2,90,3,0,1,2020,56-70,4,1,0
50,2,2,2,2,2,2,0,0,0,0,0,0,0,0,5,1,2020,46-55,3,0,0
31,2,1,2,2,2,2,1,2,0,0,0,0,25,3,0,1,2020,31-45,2,1,0
53,1,1,1,1,2,2,2,1,2,1,2,1,45,4,0,1,2020,46-55,3,1,0
31,1,1,1,1,2,1,1,1,2,1,2,1,90,3,0,1,2020,31-45,2,1,1
37,1,1,1,2,2,2,1,2,2,1,0,0,45,3,0,1,2020,31-45,2,1,0
22,2,2,1,2,2,2,0,0,2,1,0,0,20,3,0,1,2020,18-30,1,1,0
31,1,1,1,1,2,2,1,2,2,1,2,1,40,3,0,1,2020,31-45,2,1,0
75,1,1,1,2,2,2,2,1,2,1,0,0,90,3,0,1,2020,70+,5,1,0
22,1,1,1,2,2,1,1,1,2,1,0,0,90,3,0,1,2020,18-30,1,1,1
60,2,2,1,2,2,2,0,0,2,1,0,0,20,3,0,1,2020,56-70,4,1,0
32,1,1,2,1,2,2,2,1,0,0,2,1,40,3,0,1,2020,31-45,2,1,0
19,1,1,2,2,2,1,2,1,0,0,0,0,45,3,0,1,2020,18-30,1,1,1
37,1,1,1,2,2,1,2,1,2,1,0,0,120,3,0,1,2020,31-45,2,1,1
28,1,1,1,2,2,1,2,1,2,1,0,0,200,4,0,1,2020,18-30,1,1,1
24,1,1,1,2,2,2,1,1,2,1,0,0,120,4,0,1,2020,18-30,1,1,0
32,2,2,2,2,2,2,0,0,0,0,0,0,0,0,2,1,2020,31-45,2,0,0
19,1,1,2,2,2,2,2,1,0,0,0,0,60,3,0,1,2020,18-30,1,1,0
73,2,1,1,2,2,2,2,1,2,1,0,0,30,3,0,1,2020,70+,5,1,0
52,1,1,2,1,2,2,2,1,0,0,2,1,45,3,0,1,2020,46-55,3,1,0
57,2,2,2,1,2,2,0,0,0,0,2,1,20,3,0,1,2020,56-70,4,1,0
62,2,2,2,2,2,2,0,0,0,0,0,0,0,0,2,1,2020,56-70,4,0,0
49,1,1,1,1,2,1,2,1,2,1,2,1,90,3,0,1,2020,46-55,3,1,1
40,2,2,2,2,2,2,0,0,0,0,0,0,0,0,2,1,2020,31-45,2,0,0
61,2,2,2,2,2,2,0,0,0,0,0,0,0,0,2,1,2020,56-70,4,0,0
24,2,2,2,1,2,2,0,0,0,0,2,1,20,3,0,1,2020,18-30,1,1,0
72,2,2,2,2,2,2,0,0,0,0,0,0,0,0,5,1,2020,70+,5,0,0
45,2,2,2,1,2,2,0,0,0,0,2,1,20,4,0,1,2020,31-45,2,1,0
34,1,1,1,2,2,2,2,1,2,1,0,0,30,3,0,1,2020,31-45,2,1,0
26,2,2,2,2,2,2,0,0,0,0,0,0,0,0,2,1,2020,18-30,1,0,0
46,2,2,2,2,2,1,0,0,0,0,0,0,20,3,0,1,2020,46-55,3,0,1
30,1,1,1,2,2,1,2,1,2,1,0,0,20,3,0,1,2020,18-30,1,1,1
71,1,1,2,2,2,1,2,1,0,0,0,0,90,1,0,1,2020,70+,5,1,1
41,1,2,2,2,2,2,0,0,0,0,0,0,0,0,3,1,2020,31-45,2,0,0
33,1,2,1,2,2,2,0,0,2,1,0,0,15,2,0,1,2020,31-45,2,1,0
27,2,1,2,1,2,2,2,1,0,0,2,1,25,3,0,1,2020,18-30,1,1,0
54,2,2,2,2,2,2,0,0,0,0,0,0,0,0,4,2,2020,46-55,3,0,0
33,1,1,1,2,2,2,2,1,2,1,0,0,20,4,0,1,2020,31-45,2,1,0
63,1,2,1,1,2,2,0,0,2,1,2,1,10,1,0,3,2020,56-70,4,1,0
55,2,2,2,2,2,2,0,0,0,0,0,0,0,0,1,2,2020,46-55,3,0,0
93,2,2,2,2,2,2,0,0,0,0,0,0,0,0,5,2,2020,70+,5,0,0
41,2,2,2,2,2,2,0,0,0,0,0,0,0,0,3,1,2020,31-45,2,0,0
25,2,2,1,1,2,1,0,0,2,1,2,1,30,4,0,1,2020,18-30,1,1,1
28,2,2,2,2,2,2,0,0,0,0,0,0,0,0,1,2,2020,18-30,1,0,0
55,2,2,2,2,2,2,0,0,0,0,0,0,0,0,3,2,2020,46-55,3,0,0
56,2,2,2,2,2,2,0,0,0,0,0,0,0,0,1,2,2020,56-70,4,0,0
34,1,2,2,2,2,1,0,0,0,0,0,0,30,3,0,1,2020,31-45,2,0,1
62,2,2,2,2,2,2,0,0,0,0,0,0,0,0,3,2,2020,56-70,4,0,0
63,0,0,0,0,0,0,0,0,0,0,0,0,0,0,0,0,2020,56-70,4,0,0
19,1,1,2,2,2,1,2,1,0,0,0,0,60,3,0,2,2020,18-30,1,1,1
46,1,1,1,1,2,1,2,1,2,1,2,1,60,2,0,1,2020,46-55,3,1,1
76,2,1,2,2,2,2,2,1,0,0,0,0,25,3,0,2,2020,70+,5,1,0
59,2,2,2,1,2,1,0,0,0,0,2,1,30,4,0,1,2020,56-70,4,1,1
26,1,1,1,2,2,1,2,1,2,1,0,0,20,4,0,1,2020,18-30,1,1,1
28,2,2,2,2,2,2,0,0,0,0,0,0,0,0,3,2,2020,18-30,1,0,0
37,2,2,2,2,2,2,0,0,0,0,0,0,0,0,2,2,2020,31-45,2,0,0
41,1,2,1,2,2,1,0,0,2,1,0,0,60,3,0,2,2020,31-45,2,1,1
55,2,2,2,2,2,2,0,0,0,0,0,0,0,0,1,1,2020,46-55,3,0,0
57,2,2,1,2,2,2,0,0,2,1,0,0,15,3,0,3,2020,56-70,4,1,0
28,2,2,2,1,2,1,0,0,0,0,2,1,15,3,0,1,2020,18-30,1,1,1
30,2,2,2,2,2,2,0,0,0,0,0,0,0,0,3,3,2020,18-30,1,0,0
61,1,2,1,2,2,2,0,0,2,1,0,0,20,4,0,1,2020,56-70,4,1,0
53,1,2,1,2,2,2,0,0,2,1,0,0,30,3,0,1,2020,46-55,3,1,0
31,2,2,2,2,2,2,0,0,0,0,0,0,0,0,3,1,2020,31-45,2,0,0
47,1,1,2,2,2,1,2,1,0,0,0,0,30,4,0,1,2020,46-55,3,1,1
24,1,1,2,2,2,1,2,1,0,0,0,0,120,4,0,1,2020,18-30,1,1,1
29,1,2,2,2,2,1,0,0,0,0,0,0,30,4,0,1,2020,18-30,1,0,1
58,2,2,2,2,2,1,0,0,0,0,0,0,20,4,0,2,2020,56-70,4,0,1
18,2,2,2,2,2,2,0,0,0,0,0,0,0,0,3,2,2020,18-30,1,0,0
54,2,2,2,2,2,2,0,0,0,0,0,0,0,0,5,2,2020,46-55,3,0,0
30,1,1,2,2,2,1,2,1,0,0,0,0,30,2,0,1,2020,18-30,1,1,1
22,1,1,2,1,2,1,2,1,0,0,2,1,90,3,0,1,2020,18-30,1,1,1
39,2,2,2,1,2,2,0,0,0,0,2,1,15,1,0,2,2020,31-45,2,1,0
21,1,1,1,2,2,1,2,1,2,1,0,0,30,2,0,1,2020,18-30,1,1,1
30,2,2,2,2,2,2,0,0,0,0,0,0,0,0,1,2,2020,18-30,1,0,0
36,1,2,1,1,2,2,0,0,2,1,2,1,20,2,0,2,2020,31-45,2,1,0
57,1,1,2,1,2,1,2,1,0,0,2,1,25,2,0,2,2020,56-70,4,1,1
21,1,1,2,1,2,1,2,1,0,0,2,1,35,3,0,1,2020,18-30,1,1,1
23,1,1,2,2,2,1,2,1,0,0,0,0,60,3,0,1,2020,18-30,1,1,1
39,1,1,1,2,1,1,2,1,2,1,0,0,40,3,0,1,2020,31-45,2,1,1
37,2,2,2,2,2,2,0,0,0,0,0,0,0,0,2,2,2020,31-45,2,0,0
45,2,2,2,2,2,2,0,0,0,0,0,0,0,0,3,1,2020,31-45,2,0,0
54,1,1,1,1,2,2,2,1,2,1,2,1,30,4,0,1,2020,46-55,3,1,0
58,2,2,2,2,2,2,0,0,0,0,0,0,0,0,2,1,2020,56-70,4,0,0
50,2,2,2,2,2,2,0,0,0,0,0,0,0,0,3,2,2020,46-55,3,0,0
26,1,2,2,2,2,2,0,0,0,0,0,0,0,0,1,2,2020,18-30,1,0,0
55,1,1,2,2,2,1,2,1,0,0,0,0,30,4,0,1,2020,46-55,3,1,1
43,2,2,2,2,2,1,0,0,0,0,0,0,25,4,0,1,2020,31-45,2,0,1
54,1,1,2,1,2,1,2,1,0,0,2,1,240,4,0,1,2020,46-55,3,1,1
62,1,1,2,2,2,2,2,1,0,0,0,0,30,4,0,1,2020,56-70,4,1,0
76,2,2,2,2,2,2,0,0,0,0,0,0,0,0,1,2,2020,70+,5,0,0
55,2,2,2,2,2,2,0,0,0,0,0,0,0,0,1,3,2020,46-55,3,0,0
19,1,1,2,2,2,2,1,2,0,0,0,0,30,3,0,1,2020,18-30,1,1,0
31,2,2,2,2,2,2,0,0,0,0,0,0,0,0,3,1,2020,31-45,2,0,0
27,2,2,2,2,2,1,0,0,0,0,0,0,20,3,0,2,2020,18-30,1,0,1
34,1,1,2,1,2,1,2,1,0,0,2,1,30,4,0,1,2020,31-45,2,1,1
51,1,1,2,2,2,1,2,1,0,0,0,0,40,4,0,1,2020,46-55,3,1,1
29,1,1,2,2,2,2,2,1,0,0,0,0,30,3,0,1,2020,18-30,1,1,0
46,1,2,1,2,2,2,0,0,2,1,0,0,20,3,0,1,2020,46-55,3,1,0
44,1,1,2,2,2,2,2,1,0,0,0,0,30,3,0,1,2020,31-45,2,1,0
46,1,1,1,2,2,2,2,1,2,1,0,0,50,4,0,1,2020,46-55,3,1,0
42,2,2,2,2,2,2,0,0,0,0,0,0,0,0,2,2,2020,31-45,2,0,0
59,2,2,2,2,2,2,0,0,0,0,0,0,0,0,1,2,2020,56-70,4,0,0
43,2,2,2,2,2,2,0,0,0,0,0,0,0,0,2,2,2020,31-45,2,0,0
49,1,2,2,1,2,2,0,0,0,0,2,1,45,3,0,2,2020,46-55,3,1,0
54,1,1,2,2,2,2,2,1,0,0,0,0,20,3,0,1,2020,46-55,3,1,0
28,1,2,2,2,2,2,0,0,0,0,0,0,0,0,3,1,2020,18-30,1,0,0
36,2,2,1,2,2,2,0,0,2,1,0,0,20,3,0,1,2020,31-45,2,1,0
63,1,1,1,2,2,2,2,1,2,1,0,0,30,3,0,1,2020,56-70,4,1,0
56,2,2,2,2,2,2,0,0,0,0,0,0,0,0,1,2,2020,56-70,4,0,0
33,1,1,2,2,2,2,2,1,0,0,0,0,60,3,0,1,2020,31-45,2,1,0
25,2,2,2,2,2,2,0,0,0,0,0,0,0,0,1,2,2020,18-30,1,0,0
32,1,1,1,2,2,2,2,1,2,1,0,0,20,4,0,1,2020,31-45,2,1,0
20,1,2,2,2,2,1,0,0,0,0,0,0,20,3,0,2,2020,18-30,1,0,1
43,2,2,1,2,2,1,0,0,2,1,0,0,15,3,0,2,2020,31-45,2,1,1
33,2,2,2,2,2,2,0,0,0,0,0,0,0,0,3,2,2020,31-45,2,0,0
60,2,2,2,2,2,2,0,0,0,0,0,0,0,0,2,2,2020,56-70,4,0,0
26,2,2,2,2,2,2,0,0,0,0,0,0,0,0,1,2,2020,18-30,1,0,0
63,2,2,2,2,2,2,0,0,0,0,0,0,0,0,1,2,2020,56-70,4,0,0
78,2,2,2,2,2,2,0,0,0,0,0,0,0,0,5,2,2020,70+,5,0,0
58,1,2,1,2,2,1,0,0,2,1,0,0,60,3,0,2,2020,56-70,4,1,1
69,2,2,2,2,2,2,0,0,0,0,0,0,0,0,2,2,2020,56-70,4,0,0
45,2,2,2,2,2,1,0,0,0,0,0,0,30,4,0,1,2020,31-45,2,0,1
20,2,2,2,2,2,2,0,0,0,0,0,0,0,0,1,2,2020,18-30,1,0,0
22,2,2,2,2,2,2,0,0,0,0,0,0,0,0,5,2,2020,18-30,1,0,0
53,1,2,1,2,2,2,0,0,2,1,0,0,20,3,0,1,2020,46-55,3,1,0
32,2,2,2,2,2,2,0,0,0,0,0,0,0,0,2,2,2020,31-45,2,0,0
43,1,2,1,1,2,1,0,0,2,1,2,1,25,4,0,3,2020,31-45,2,1,1
54,2,2,1,2,2,1,0,0,2,1,0,0,20,4,0,2,2020,46-55,3,1,1
56,2,2,2,1,2,2,0,0,0,0,2,1,3,3,0,2,2020,56-70,4,1,0
41,2,2,2,1,2,1,0,0,0,0,2,1,15,4,0,1,2020,31-45,2,1,1
56,2,2,2,2,2,2,0,0,0,0,0,0,0,0,3,2,2020,56-70,4,0,0
27,2,2,2,2,2,1,0,0,0,0,0,0,30,3,0,1,2020,18-30,1,0,1
38,1,1,2,2,2,2,2,1,0,0,0,0,30,4,0,1,2020,31-45,2,1,0
72,2,2,2,2,2,2,0,0,0,0,0,0,0,0,5,3,2020,70+,5,0,0
36,2,2,2,2,2,2,0,0,0,0,0,0,0,0,3,2,2020,31-45,2,0,0
36,2,2,2,2,2,2,0,0,0,0,0,0,0,0,3,2,2020,31-45,2,0,0
46,2,2,2,2,2,2,0,0,0,0,0,0,0,0,3,2,2020,46-55,3,0,0
72,2,2,2,2,2,2,0,0,0,0,0,0,0,0,5,2,2020,70+,5,0,0
31,1,1,2,2,2,1,2,1,0,0,0,0,30,4,0,1,2020,31-45,2,1,1
33,1,1,2,2,2,1,2,1,0,0,0,0,30,2,0,2,2020,31-45,2,1,1
42,2,2,2,2,2,2,0,0,0,0,0,0,0,0,1,2,2020,31-45,2,0,0
44,1,1,1,2,2,1,2,1,2,1,0,0,60,3,0,1,2020,31-45,2,1,1
37,1,1,1,2,2,1,2,1,1,2,0,0,120,3,0,1,2020,31-45,2,1,1
38,1,2,1,1,2,2,0,0,2,1,2,1,20,3,0,2,2020,31-45,2,1,0
32,1,1,2,2,2,1,2,1,0,0,0,0,60,3,0,1,2020,31-45,2,1,1
65,1,2,2,2,2,2,0,0,0,0,0,0,0,0,3,2,2020,56-70,4,0,0
23,1,1,1,2,2,1,2,1,2,1,0,0,30,4,0,1,2020,18-30,1,1,1
47,1,1,1,1,2,1,2,1,2,1,2,1,15,3,0,1,2020,46-55,3,1,1
22,1,1,1,2,2,1,2,1,2,1,0,0,40,4,0,1,2020,18-30,1,1,1
25,2,2,2,2,2,1,0,0,0,0,0,0,15,3,0,3,2020,18-30,1,0,1
21,1,1,1,1,1,1,2,1,2,1,2,1,40,4,0,1,2020,18-30,1,1,1
24,2,2,2,2,2,1,0,0,0,0,0,0,30,4,0,2,2020,18-30,1,0,1
56,2,2,2,2,2,2,0,0,0,0,0,0,0,0,3,2,2020,56-70,4,0,0
29,1,1,1,1,2,1,2,1,2,1,2,1,60,4,0,1,2020,18-30,1,1,1
60,2,2,2,2,2,2,0,0,0,0,0,0,0,0,2,1,2020,56-70,4,0,0
59,1,1,2,1,2,2,2,1,0,0,2,1,60,3,0,1,2020,56-70,4,1,0
61,1,1,2,2,2,2,2,1,0,0,0,0,40,1,0,2,2020,56-70,4,1,0
53,1,1,1,2,2,1,2,1,2,1,0,0,45,3,0,1,2020,46-55,3,1,1
77,2,2,2,2,2,2,0,0,0,0,0,0,0,0,5,2,2020,70+,5,0,0
33,1,2,2,2,2,1,0,0,0,0,0,0,30,3,0,1,2020,31-45,2,0,1
25,2,2,2,2,2,2,0,0,0,0,0,0,0,0,3,2,2020,18-30,1,0,0
57,1,1,1,2,2,2,2,1,2,1,0,0,30,3,0,1,2020,56-70,4,1,0
77,1,2,2,1,2,2,0,0,0,0,2,1,30,4,0,1,2020,70+,5,1,0
41,1,1,2,2,2,2,2,1,0,0,0,0,60,4,0,1,2020,31-45,2,1,0
59,2,2,2,2,2,2,0,0,0,0,0,0,0,0,2,2,2020,56-70,4,0,0
44,2,2,2,2,2,1,0,0,0,0,0,0,15,4,0,1,2020,31-45,2,0,1
50,2,2,2,2,2,2,0,0,0,0,0,0,0,0,1,2,2020,46-55,3,0,0
43,2,2,2,2,2,1,0,0,0,0,0,0,20,4,0,2,2020,31-45,2,0,1
32,2,2,2,2,2,2,0,0,0,0,0,0,0,0,3,2,2020,31-45,2,0,0
71,2,2,2,2,2,2,0,0,0,0,0,0,0,0,5,2,2020,70+,5,0,0
37,2,2,2,2,2,2,0,0,0,0,0,0,0,0,3,2,2020,31-45,2,0,0
34,2,2,2,2,2,2,0,0,0,0,0,0,0,0,1,2,2020,31-45,2,0,0
56,2,2,1,1,2,2,0,0,2,1,2,1,20,1,0,1,2020,56-70,4,1,0
79,2,2,2,1,2,2,0,0,0,0,2,1,30,4,0,2,2020,70+,5,1,0
79,2,2,2,1,2,2,0,0,0,0,2,1,15,1,0,2,2020,70+,5,1,0
63,1,1,1,2,2,1,2,1,1,2,0,0,90,3,0,1,2020,56-70,4,1,1
74,1,1,1,2,2,2,2,1,2,1,0,0,30,3,0,1,2020,70+,5,1,0
52,1,1,2,1,2,1,2,1,0,0,1,2,120,4,0,1,2020,46-55,3,1,1
36,1,1,2,2,2,1,2,1,0,0,0,0,50,4,0,1,2020,31-45,2,1,1
43,2,2,2,2,2,2,0,0,0,0,0,0,0,0,3,2,2020,31-45,2,0,0
18,2,2,2,2,2,2,0,0,0,0,0,0,0,0,1,2,2020,18-30,1,0,0
25,2,2,2,2,2,2,0,0,0,0,0,0,0,0,3,2,2020,18-30,1,0,0
53,2,2,2,2,2,2,0,0,0,0,0,0,0,0,1,2,2020,46-55,3,0,0
18,1,2,2,2,2,1,0,0,0,0,0,0,20,4,0,1,2020,18-30,1,0,1
46,2,2,2,2,2,1,0,0,0,0,0,0,30,3,0,2,2020,46-55,3,0,1
42,2,2,2,2,2,2,0,0,0,0,0,0,0,0,3,2,2020,31-45,2,0,0
55,1,1,1,1,2,1,2,1,2,1,2,1,25,4,0,1,2020,46-55,3,1,1
56,1,1,1,2,2,2,2,1,2,1,0,0,15,3,0,1,2020,56-70,4,1,0
20,1,1,1,2,2,1,2,1,2,1,0,0,20,4,0,1,2020,18-30,1,1,1
46,2,2,2,2,2,2,0,0,0,0,0,0,0,0,2,1,2020,46-55,3,0,0
23,2,2,1,2,2,2,0,0,2,1,0,0,30,1,0,2,2020,18-30,1,1,0
73,2,2,2,2,2,2,0,0,0,0,0,0,0,0,5,2,2020,70+,5,0,0
42,2,2,1,1,2,2,0,0,2,1,2,1,20,2,0,1,2020,31-45,2,1,0
80,2,2,2,2,2,2,0,0,0,0,0,0,0,0,5,2,2020,70+,5,0,0
55,2,1,1,2,2,1,2,1,2,1,0,0,30,2,0,1,2020,46-55,3,1,1
18,2,2,2,1,2,1,0,0,0,0,2,1,30,2,0,1,2020,18-30,1,1,1
33,1,1,2,2,2,2,2,1,0,0,0,0,30,2,0,1,2020,31-45,2,1,0
39,1,2,2,1,1,2,0,0,0,0,2,1,20,3,0,1,2020,31-45,2,1,0
20,1,1,1,1,2,1,2,1,2,1,2,1,30,4,0,1,2020,18-30,1,1,1
43,2,2,2,2,2,2,0,0,0,0,0,0,0,0,1,3,2020,31-45,2,0,0
45,2,2,1,2,2,2,0,0,2,1,0,0,5,1,0,2,2020,31-45,2,1,0
47,1,1,2,2,2,2,2,1,0,0,0,0,40,3,0,1,2020,46-55,3,1,0
27,2,2,2,2,2,1,0,0,0,0,0,0,60,3,0,1,2020,18-30,1,0,1
50,2,2,2,2,2,2,0,0,0,0,0,0,0,0,3,2,2020,46-55,3,0,0
26,1,2,1,2,2,1,0,0,2,1,0,0,30,4,0,1,2020,18-30,1,1,1
45,1,1,2,2,2,1,2,1,0,0,0,0,45,4,0,1,2020,31-45,2,1,1
24,1,1,2,2,2,1,2,1,0,0,0,0,60,3,0,1,2020,18-30,1,1,1
20,1,1,1,2,2,1,2,1,1,2,0,0,90,3,0,1,2020,18-30,1,1,1
21,2,2,2,2,2,2,0,0,0,0,0,0,0,0,3,1,2020,18-30,1,0,0
48,2,2,2,2,2,2,0,0,0,0,0,0,0,0,3,1,2020,46-55,3,0,0
39,1,2,2,2,2,1,0,0,0,0,0,0,30,4,0,1,2020,31-45,2,0,1
65,2,2,1,2,2,2,0,0,2,1,0,0,10,3,0,2,2020,56-70,4,1,0
54,1,2,2,1,2,1,0,0,0,0,2,1,20,3,0,2,2020,46-55,3,1,1
37,2,2,2,2,2,2,0,0,0,0,0,0,0,0,1,2,2020,31-45,2,0,0
29,1,1,2,2,2,1,2,1,0,0,0,0,45,4,0,1,2020,18-30,1,1,1
39,1,1,2,2,2,1,2,1,0,0,0,0,120,4,0,1,2020,31-45,2,1,1
44,1,1,2,2,2,2,2,1,0,0,0,0,60,4,0,2,2020,31-45,2,1,0
41,2,2,1,2,2,2,0,0,2,1,0,0,10,3,0,1,2020,31-45,2,1,0
27,2,2,2,2,2,2,0,0,0,0,0,0,0,0,1,2,2020,18-30,1,0,0
66,1,2,1,2,2,2,0,0,2,1,0,0,20,3,0,1,2020,56-70,4,1,0
57,2,2,1,2,2,2,0,0,2,1,0,0,5,1,0,2,2020,56-70,4,1,0
27,1,1,1,1,2,1,2,1,2,1,2,1,25,2,0,1,2020,18-30,1,1,1
56,2,2,2,2,2,2,0,0,0,0,0,0,0,0,3,2,2020,56-70,4,0,0
74,1,1,1,2,2,2,2,1,2,1,0,0,20,2,0,2,2020,70+,5,1,0
43,2,2,2,2,2,2,0,0,0,0,0,0,0,0,1,2,2020,31-45,2,0,0
53,2,2,2,2,2,2,0,0,0,0,0,0,0,0,1,2,2020,46-55,3,0,0
39,2,2,2,2,2,1,0,0,0,0,0,0,45,4,0,2,2020,31-45,2,0,1
28,1,1,2,2,2,1,2,1,0,0,0,0,30,4,0,1,2020,18-30,1,1,1
29,2,2,2,2,2,1,0,0,0,0,0,0,30,4,0,1,2020,18-30,1,0,1
44,1,1,2,2,2,2,2,1,0,0,0,0,20,3,0,2,2020,31-45,2,1,0
61,2,2,1,2,2,2,0,0,2,1,0,0,10,3,0,1,2020,56-70,4,1,0
75,2,2,2,2,2,2,0,0,0,0,0,0,0,0,5,1,2020,70+,5,0,0
52,1,1,2,2,2,1,2,1,0,0,0,0,25,3,0,1,2020,46-55,3,1,1
51,1,1,2,2,2,1,2,1,0,0,0,0,60,4,0,2,2020,46-55,3,1,1
23,1,2,2,2,2,1,0,0,0,0,0,0,10,4,0,1,2020,18-30,1,0,1
23,2,1,2,2,2,2,2,1,0,0,0,0,20,3,0,1,2020,18-30,1,1,0
80,1,1,1,2,2,2,2,1,2,1,0,0,240,4,0,2,2020,70+,5,1,0
60,2,2,2,2,2,2,0,0,0,0,0,0,0,0,2,2,2020,56-70,4,0,0
35,2,2,2,2,2,2,0,0,0,0,0,0,0,0,3,2,2020,31-45,2,0,0
24,2,2,2,2,2,2,0,0,0,0,0,0,0,0,3,2,2020,18-30,1,0,0
49,2,2,2,2,2,2,0,0,0,0,0,0,0,0,1,2,2020,46-55,3,0,0
61,2,2,1,1,2,1,0,0,2,1,2,1,30,3,0,1,2020,56-70,4,1,1
23,1,1,1,1,2,1,2,1,2,1,2,1,90,3,0,1,2020,18-30,1,1,1
18,1,2,2,2,2,1,0,0,0,0,0,0,30,2,0,1,2020,18-30,1,0,1
48,1,1,2,1,2,1,1,2,0,0,2,1,40,3,0,1,2020,46-55,3,1,1
23,2,2,2,2,2,2,0,0,0,0,0,0,0,0,2,1,2020,18-30,1,0,0
84,2,2,2,2,2,2,0,0,0,0,0,0,0,0,5,3,2020,70+,5,0,0
33,1,1,2,2,2,1,2,1,0,0,0,0,30,4,0,1,2020,31-45,2,1,1
71,1,2,1,2,2,2,0,0,2,1,0,0,30,1,0,2,2020,70+,5,1,0
44,1,1,2,2,2,2,2,1,0,0,0,0,15,3,0,1,2020,31-45,2,1,0
54,1,1,2,2,2,2,2,1,0,0,0,0,30,3,0,2,2020,46-55,3,1,0
62,2,2,2,2,2,2,0,0,0,0,0,0,0,0,5,2,2020,56-70,4,0,0
72,1,1,2,2,2,2,2,1,0,0,0,0,90,3,0,2,2020,70+,5,1,0
49,1,1,1,2,2,2,2,1,2,1,0,0,60,3,0,1,2020,46-55,3,1,0
30,1,1,2,2,2,2,2,1,0,0,0,0,60,4,0,1,2020,18-30,1,1,0
62,2,2,2,1,2,2,0,0,0,0,2,1,20,1,0,2,2020,56-70,4,1,0
65,1,1,1,1,2,2,2,1,2,1,2,1,60,3,0,2,2020,56-70,4,1,0
67,1,2,2,1,2,2,0,0,0,0,2,1,20,2,0,2,2020,56-70,4,1,0
38,1,1,1,2,2,1,2,1,2,1,0,0,30,3,0,3,2020,31-45,2,1,1
38,1,1,2,2,2,1,2,1,0,0,0,0,60,4,0,1,2020,31-45,2,1,1
32,1,2,1,2,1,1,0,0,2,1,0,0,30,3,0,1,2020,31-45,2,1,1
64,1,1,2,2,2,1,2,1,0,0,0,0,60,1,0,2,2020,56-70,4,1,1
54,0,0,0,0,0,0,0,0,0,0,0,0,0,0,0,0,2020,46-55,3,0,0
35,2,2,2,2,2,2,0,0,0,0,0,0,0,0,3,2,2020,31-45,2,0,0
50,1,1,2,2,2,2,1,1,0,0,0,0,60,3,0,1,2020,46-55,3,1,0
61,1,2,2,1,2,2,0,0,0,0,2,1,60,4,0,2,2020,56-70,4,1,0
41,1,1,2,2,2,1,1,1,0,0,0,0,90,3,0,1,2020,31-45,2,1,1
26,1,2,2,1,2,1,0,0,0,0,2,1,30,3,0,1,2020,18-30,1,1,1
18,1,1,1,1,2,2,2,1,2,1,2,1,15,1,0,1,2020,18-30,1,1,0
28,1,2,1,2,2,1,0,0,2,1,0,0,30,2,0,2,2020,18-30,1,1,1
19,1,2,1,2,2,2,0,0,2,1,0,0,20,2,0,2,2020,18-30,1,1,0
43,1,1,2,2,2,1,2,1,0,0,0,0,30,2,0,2,2020,31-45,2,1,1
77,1,2,2,1,2,2,0,0,0,0,2,1,30,1,0,2,2020,70+,5,1,0
34,1,2,1,2,2,2,0,0,2,1,0,0,15,4,0,2,2020,31-45,2,1,0
45,1,1,2,2,2,2,2,1,0,0,0,0,15,1,0,2,2020,31-45,2,1,0
33,1,1,1,2,1,1,2,1,2,1,0,0,40,4,0,2,2020,31-45,2,1,1
53,2,2,2,2,2,2,0,0,0,0,0,0,0,0,4,1,2020,46-55,3,0,0
52,1,1,2,1,2,2,2,1,0,0,2,1,30,3,0,2,2020,46-55,3,1,0
43,1,1,2,1,2,2,2,1,0,0,2,1,180,2,0,1,2020,31-45,2,1,0
78,1,1,2,1,2,2,2,1,0,0,2,1,60,1,0,2,2020,70+,5,1,0
42,1,1,2,2,2,1,2,1,0,0,0,0,60,4,0,1,2020,31-45,2,1,1
41,1,1,2,2,2,2,2,1,0,0,0,0,30,3,0,1,2020,31-45,2,1,0
45,1,1,2,1,2,1,2,1,0,0,2,1,60,4,0,1,2020,31-45,2,1,1
21,1,1,2,2,2,1,1,2,0,0,0,0,60,4,0,1,2020,18-30,1,1,1
44,1,1,2,2,2,2,2,1,0,0,0,0,120,4,0,1,2020,31-45,2,1,0
61,1,2,1,2,2,2,0,0,2,1,0,0,10,4,0,1,2020,56-70,4,1,0
58,1,1,2,2,2,1,2,1,0,0,0,0,30,3,0,2,2020,56-70,4,1,1
33,1,1,1,1,1,1,2,1,2,1,2,1,30,3,0,1,2020,31-45,2,1,1
76,1,2,1,2,2,2,0,0,2,1,0,0,30,4,0,2,2020,70+,5,1,0
21,2,2,1,1,2,1,0,0,2,1,2,1,60,3,0,2,2020,18-30,1,1,1
33,2,1,2,2,2,2,1,2,0,0,0,0,120,3,0,2,2020,31-45,2,1,0
18,1,2,1,2,1,2,0,0,2,1,0,0,45,3,0,1,2020,18-30,1,1,0
48,2,2,2,2,2,2,0,0,0,0,0,0,0,0,3,2,2020,46-55,3,0,0
34,2,2,2,2,2,2,0,0,0,0,0,0,0,0,2,2,2020,31-45,2,0,0
54,2,1,2,2,2,1,1,1,0,0,0,0,60,3,0,1,2020,46-55,3,1,1
44,1,1,1,1,2,1,2,1,1,1,1,2,20,3,0,2,2020,31-45,2,1,1
34,1,2,1,2,2,2,0,0,2,1,0,0,30,3,0,1,2020,31-45,2,1,0
27,1,2,1,2,2,1,0,0,2,1,0,0,20,3,0,1,2020,18-30,1,1,1
44,1,2,1,2,2,2,0,0,2,1,0,0,20,4,0,1,2020,31-45,2,1,0
28,1,1,1,2,2,2,2,1,2,1,0,0,40,4,0,1,2020,18-30,1,1,0
45,1,1,2,2,2,2,2,1,0,0,0,0,60,4,0,1,2020,31-45,2,1,0
20,2,2,2,2,2,2,0,0,0,0,0,0,0,0,1,1,2020,18-30,1,0,0
49,2,2,2,2,2,2,0,0,0,0,0,0,0,0,3,1,2020,46-55,3,0,0
51,1,2,2,1,2,2,0,0,0,0,2,1,30,3,0,2,2020,46-55,3,1,0
55,1,1,2,2,2,1,1,2,0,0,0,0,120,3,0,1,2020,46-55,3,1,1
22,1,2,1,1,2,1,0,0,2,1,2,1,45,3,0,1,2020,18-30,1,1,1
36,1,2,2,1,2,2,0,0,0,0,2,1,50,3,0,2,2020,31-45,2,1,0
31,2,2,2,1,2,2,0,0,0,0,2,1,15,3,0,1,2020,31-45,2,1,0
32,1,1,2,2,2,1,1,2,0,0,0,0,40,3,0,1,2020,31-45,2,1,1
26,1,1,1,2,2,1,2,1,2,1,0,0,60,3,0,1,2020,18-30,1,1,1
42,1,2,1,1,2,2,0,0,2,1,2,1,20,2,0,1,2020,31-45,2,1,0
33,1,1,2,1,2,2,2,1,0,0,2,1,30,2,0,2,2020,31-45,2,1,0
75,1,1,2,2,2,2,2,1,0,0,0,0,180,3,0,2,2020,70+,5,1,0
41,1,2,2,2,2,1,0,0,0,0,0,0,60,3,0,1,2020,31-45,2,0,1
31,2,2,2,2,2,2,0,0,0,0,0,0,0,0,3,2,2020,31-45,2,0,0
43,1,2,2,1,2,1,0,0,0,0,2,1,10,4,0,1,2020,31-45,2,1,1
70,1,2,1,1,2,2,0,0,2,1,2,1,30,4,0,1,2020,56-70,4,1,0
43,1,1,2,2,2,2,2,1,0,0,0,0,35,3,0,1,2020,31-45,2,1,0
45,1,1,2,2,2,2,2,1,0,0,0,0,20,4,0,1,2020,31-45,2,1,0
51,1,1,1,1,2,1,1,1,1,1,1,1,30,3,0,1,2020,46-55,3,1,1
30,1,2,2,1,2,2,0,0,0,0,2,1,15,3,0,2,2020,18-30,1,1,0
25,1,1,2,2,2,1,2,1,0,0,0,0,30,3,0,1,2020,18-30,1,1,1
64,2,2,2,2,2,2,0,0,0,0,0,0,0,0,3,2,2020,56-70,4,0,0
48,1,2,1,2,2,2,0,0,2,1,0,0,20,1,0,2,2020,46-55,3,1,0
68,1,1,2,2,2,1,2,1,0,0,0,0,120,3,0,1,2020,56-70,4,1,1
42,2,2,2,2,2,2,0,0,0,0,0,0,0,0,1,2,2020,31-45,2,0,0
35,1,1,2,1,2,2,2,1,0,0,2,1,45,3,0,2,2020,31-45,2,1,0
71,2,2,2,2,2,2,0,0,0,0,0,0,0,0,3,2,2020,70+,5,0,0
49,2,1,2,2,2,2,2,1,0,0,0,0,45,3,0,1,2020,46-55,3,1,0
52,1,1,1,1,2,2,2,1,2,1,2,1,60,3,0,1,2020,46-55,3,1,0
39,1,1,2,1,2,2,2,1,0,0,2,1,30,3,0,1,2020,31-45,2,1,0
80,0,0,0,0,0,0,0,0,0,0,0,0,0,0,0,0,2020,70+,5,0,0
61,1,1,2,2,2,2,2,1,0,0,0,0,20,1,0,2,2020,56-70,4,1,0
24,1,1,1,2,2,2,2,1,2,1,0,0,20,2,0,2,2020,18-30,1,1,0
34,1,1,2,2,2,1,2,1,0,0,0,0,20,2,0,2,2020,31-45,2,1,1
54,1,1,2,1,2,2,2,1,0,0,2,1,20,1,0,2,2020,46-55,3,1,0
55,1,2,2,1,2,2,0,0,0,0,2,1,20,2,0,2,2020,46-55,3,1,0
68,1,2,1,1,2,1,0,0,2,1,2,1,30,3,0,1,2020,56-70,4,1,1
49,1,1,2,2,2,1,2,1,0,0,0,0,40,3,0,2,2020,46-55,3,1,1
58,1,2,2,2,2,1,0,0,0,0,0,0,60,2,0,2,2020,56-70,4,0,1
23,1,1,2,2,1,1,2,1,0,0,0,0,20,3,0,1,2020,18-30,1,1,1
74,1,1,2,2,2,1,2,1,0,0,0,0,60,4,0,1,2020,70+,5,1,1
39,1,1,1,2,1,1,2,1,1,1,0,0,60,3,0,1,2020,31-45,2,1,1
52,2,2,2,2,2,2,0,0,0,0,0,0,0,0,1,2,2020,46-55,3,0,0
40,1,2,1,2,2,1,0,0,1,1,0,0,30,3,0,2,2020,31-45,2,1,1
55,2,2,2,2,2,2,0,0,0,0,0,0,0,0,3,2,2020,46-55,3,0,0
46,1,1,2,2,2,2,2,1,0,0,0,0,60,2,0,1,2020,46-55,3,1,0
73,2,2,2,2,2,2,0,0,0,0,0,0,0,0,5,2,2020,70+,5,0,0
38,2,2,2,2,2,2,0,0,0,0,0,0,0,0,3,1,2020,31-45,2,0,0
26,2,2,2,2,2,2,0,0,0,0,0,0,0,0,3,1,2020,18-30,1,0,0
68,2,2,2,2,2,2,0,0,0,0,0,0,0,0,5,2,2020,56-70,4,0,0
21,1,1,2,2,2,2,2,1,0,0,0,0,45,3,0,1,2020,18-30,1,1,0
40,2,2,2,2,2,2,0,0,0,0,0,0,0,0,1,2,2020,31-45,2,0,0
65,0,0,0,0,0,0,0,0,0,0,0,0,0,0,0,0,2020,56-70,4,0,0
47,1,1,2,2,2,2,2,1,0,0,0,0,60,3,0,2,2020,46-55,3,1,0
29,2,2,2,2,2,2,0,0,0,0,0,0,0,0,3,2,2020,18-30,1,0,0
34,2,2,2,2,2,2,0,0,0,0,0,0,0,0,1,2,2020,31-45,2,0,0
94,0,0,0,0,0,0,0,0,0,0,0,0,0,0,0,0,2020,70+,5,0,0
48,1,2,1,2,2,2,0,0,2,1,0,0,30,2,0,2,2020,46-55,3,1,0
46,1,1,1,2,2,2,2,1,2,1,0,0,60,3,0,2,2020,46-55,3,1,0
35,1,1,2,2,2,2,2,1,0,0,0,0,45,3,0,2,2020,31-45,2,1,0
60,2,2,2,2,2,2,0,0,0,0,0,0,0,0,5,3,2020,56-70,4,0,0
35,2,2,2,2,2,2,0,0,0,0,0,0,0,0,3,2,2020,31-45,2,0,0
72,0,0,0,0,0,0,0,0,0,0,0,0,0,0,0,0,2020,70+,5,0,0
55,1,2,2,1,2,2,0,0,0,0,2,1,60,4,0,1,2020,46-55,3,1,0
53,1,1,1,2,2,1,2,1,2,1,0,0,45,3,0,2,2020,46-55,3,1,1
38,1,1,2,2,2,2,2,1,0,0,0,0,120,3,0,1,2020,31-45,2,1,0
45,2,2,2,2,2,2,0,0,0,0,0,0,0,0,2,1,2020,31-45,2,0,0
60,1,1,2,1,2,2,2,1,0,0,2,1,25,2,0,2,2020,56-70,4,1,0
34,2,2,2,2,2,2,0,0,0,0,0,0,0,0,1,2,2020,31-45,2,0,0
41,2,2,2,2,2,2,0,0,0,0,0,0,0,0,3,2,2020,31-45,2,0,0
46,2,2,2,2,2,2,0,0,0,0,0,0,0,0,3,2,2020,46-55,3,0,0
60,1,2,2,1,2,2,0,0,0,0,2,1,20,3,0,2,2020,56-70,4,1,0
36,1,2,2,1,2,2,0,0,0,0,2,1,20,3,0,2,2020,31-45,2,1,0
37,2,2,2,2,2,2,0,0,0,0,0,0,0,0,3,1,2020,31-45,2,0,0
29,2,2,2,2,2,2,0,0,0,0,0,0,0,0,1,1,2020,18-30,1,0,0
25,2,2,2,2,2,2,0,0,0,0,0,0,0,0,3,1,2020,18-30,1,0,0
23,1,1,2,1,2,1,2,1,0,0,2,1,120,4,0,1,2020,18-30,1,1,1
75,1,1,2,2,2,2,2,1,0,0,0,0,30,4,0,1,2020,70+,5,1,0
40,1,1,2,2,2,1,2,1,0,0,0,0,60,4,0,1,2020,31-45,2,1,1
19,1,1,1,2,1,1,2,1,2,1,0,0,30,3,0,1,2020,18-30,1,1,1
34,1,1,1,2,2,2,2,1,2,1,0,0,120,3,0,1,2020,31-45,2,1,0
81,1,2,2,1,2,2,0,0,0,0,2,1,30,3,0,2,2020,70+,5,1,0
44,1,2,1,1,2,2,0,0,2,1,2,1,25,4,0,1,2020,31-45,2,1,0
70,1,1,1,2,2,2,2,1,2,1,0,0,30,2,0,1,2020,56-70,4,1,0
21,1,1,1,2,2,1,1,2,1,2,0,0,120,3,0,1,2020,18-30,1,1,1
31,1,1,1,2,2,1,2,1,2,1,0,0,60,3,0,1,2020,31-45,2,1,1
38,1,1,1,1,2,1,2,1,2,1,2,1,60,4,0,1,2020,31-45,2,1,1
38,1,1,1,2,1,2,2,1,2,1,0,0,20,4,0,1,2020,31-45,2,1,0
70,1,1,1,1,2,1,2,1,2,1,2,1,120,2,0,1,2020,56-70,4,1,1
20,1,1,2,1,2,1,2,1,0,0,2,1,60,3,0,1,2020,18-30,1,1,1
59,1,2,2,2,2,2,0,0,0,0,0,0,0,0,3,2,2020,56-70,4,0,0
29,1,1,1,2,2,1,2,1,2,1,0,0,30,4,0,1,2020,18-30,1,1,1
61,2,2,2,2,2,2,0,0,0,0,0,0,0,0,5,2,2020,56-70,4,0,0
46,1,1,2,2,2,2,2,1,0,0,0,0,30,3,0,1,2020,46-55,3,1,0
19,1,2,1,2,2,1,0,0,1,2,0,0,60,1,0,1,2020,18-30,1,1,1
20,1,1,1,1,2,2,1,2,2,1,2,1,30,3,0,1,2020,18-30,1,1,0
26,2,2,2,2,2,2,0,0,0,0,0,0,0,0,2,1,2020,18-30,1,0,0
21,1,1,2,2,2,1,2,1,0,0,0,0,60,3,0,1,2020,18-30,1,1,1
34,2,2,2,2,2,2,0,0,0,0,0,0,0,0,1,2,2020,31-45,2,0,0
64,1,2,2,2,2,2,0,0,0,0,0,0,0,0,3,1,2020,56-70,4,0,0
72,2,2,2,2,2,2,0,0,0,0,0,0,0,0,1,2,2020,70+,5,0,0
43,1,1,2,2,2,1,2,1,0,0,0,0,90,3,0,1,2020,31-45,2,1,1
44,1,2,2,1,2,2,0,0,0,0,2,1,30,2,0,1,2020,31-45,2,1,0
31,1,1,1,2,2,1,2,1,2,1,0,0,30,4,0,1,2020,31-45,2,1,1
34,1,1,2,2,2,1,2,1,0,0,0,0,60,3,0,1,2020,31-45,2,1,1
70,1,1,1,1,2,2,2,1,2,1,2,1,90,3,0,1,2020,56-70,4,1,0
26,1,1,2,2,2,1,2,1,0,0,0,0,30,4,0,1,2020,18-30,1,1,1
69,2,2,2,2,2,2,0,0,0,0,0,0,0,0,3,2,2020,56-70,4,0,0
51,1,1,2,2,2,1,2,1,0,0,0,0,30,4,0,1,2020,46-55,3,1,1
19,1,1,2,2,2,1,2,1,0,0,0,0,30,4,0,1,2020,18-30,1,1,1
21,1,1,2,2,2,1,2,1,0,0,0,0,60,3,0,1,2020,18-30,1,1,1
84,1,2,2,2,2,2,0,0,0,0,0,0,0,0,1,2,2020,70+,5,0,0
53,2,2,2,2,2,2,0,0,0,0,0,0,0,0,3,1,2020,46-55,3,0,0
92,0,0,0,0,0,0,0,0,0,0,0,0,0,0,0,0,2020,70+,5,0,0
59,1,1,2,1,2,2,2,1,0,0,2,1,15,3,0,2,2020,56-70,4,1,0
27,2,1,2,2,2,1,2,1,0,0,0,0,20,3,0,1,2020,18-30,1,1,1
54,2,2,2,2,2,2,0,0,0,0,0,0,0,0,1,2,2020,46-55,3,0,0
55,2,2,2,2,2,2,0,0,0,0,0,0,0,0,3,1,2020,46-55,3,0,0
19,2,2,1,2,2,1,0,0,1,2,0,0,30,1,0,1,2020,18-30,1,1,1
58,1,1,2,1,2,2,2,1,0,0,2,1,30,2,0,2,2020,56-70,4,1,0
45,1,1,2,2,2,2,2,1,0,0,0,0,15,1,0,2,2020,31-45,2,1,0
19,2,1,2,2,1,2,2,1,0,0,0,0,30,2,0,1,2020,18-30,1,1,0
66,0,0,0,0,0,0,0,0,0,0,0,0,0,0,0,0,2020,56-70,4,0,0
21,1,2,2,1,2,2,0,0,0,0,2,1,30,4,0,2,2020,18-30,1,1,0
62,1,1,2,2,2,2,2,1,0,0,0,0,30,2,0,2,2020,56-70,4,1,0
29,1,2,2,2,2,1,0,0,0,0,0,0,30,2,0,2,2020,18-30,1,0,1
32,1,1,1,1,2,1,1,2,2,1,2,1,20,4,0,2,2020,31-45,2,1,1
19,2,2,2,1,2,2,0,0,0,0,2,1,30,1,0,1,2020,18-30,1,1,0
22,1,1,2,2,2,1,2,1,0,0,0,0,60,3,0,1,2020,18-30,1,1,1
60,1,1,2,2,2,2,2,1,0,0,0,0,60,2,0,2,2020,56-70,4,1,0
25,2,2,2,1,2,2,0,0,0,0,2,1,15,3,0,1,2020,18-30,1,1,0
51,1,1,2,1,1,2,2,1,0,0,2,1,30,3,0,2,2020,46-55,3,1,0
59,1,1,2,1,2,1,2,1,0,0,2,1,30,2,0,1,2020,56-70,4,1,1
80,1,1,1,2,2,2,2,1,2,1,0,0,10,2,0,2,2020,70+,5,1,0
67,1,1,2,1,2,2,2,1,0,0,2,1,30,1,0,2,2020,56-70,4,1,0
78,1,1,2,1,2,1,1,2,0,0,1,2,60,4,0,1,2020,70+,5,1,1
44,1,1,1,1,2,1,2,1,1,2,1,2,60,3,0,1,2020,31-45,2,1,1
20,2,2,1,2,2,1,0,0,2,1,0,0,20,2,0,1,2020,18-30,1,1,1
28,1,1,2,1,2,1,2,1,0,0,1,2,180,3,0,1,2020,18-30,1,1,1
57,1,1,2,2,2,1,2,1,0,0,0,0,30,4,0,1,2020,56-70,4,1,1
64,0,0,0,0,0,0,0,0,0,0,0,0,0,0,0,0,2020,56-70,4,0,0
21,1,1,2,1,2,1,2,1,0,0,1,2,20,4,0,1,2020,18-30,1,1,1
40,0,0,0,0,0,0,0,0,0,0,0,0,0,0,0,0,2020,31-45,2,0,0
30,2,2,1,1,2,2,0,0,2,1,2,1,20,2,0,2,2020,18-30,1,1,0
40,1,1,2,1,1,2,2,1,0,0,2,1,30,3,0,2,2020,31-45,2,1,0
29,1,2,1,2,2,1,0,0,2,1,0,0,20,3,0,1,2020,18-30,1,1,1
25,1,2,1,2,1,1,0,0,1,2,0,0,50,3,0,1,2020,18-30,1,1,1
55,1,1,1,1,1,1,2,1,2,1,2,1,20,3,0,1,2020,46-55,3,1,1
77,1,1,1,2,2,2,1,2,1,2,0,0,60,3,0,2,2020,70+,5,1,0
49,1,1,2,2,2,2,2,1,0,0,0,0,30,3,0,2,2020,46-55,3,1,0
31,1,1,2,2,2,2,1,2,0,0,0,0,40,3,0,1,2020,31-45,2,1,0
43,1,1,2,2,2,1,2,1,0,0,0,0,20,2,0,1,2020,31-45,2,1,1
76,1,1,2,2,2,2,2,1,0,0,0,0,60,2,0,2,2020,70+,5,1,0
30,1,1,1,2,2,1,2,1,2,1,0,0,60,3,0,1,2020,18-30,1,1,1
31,1,2,1,2,2,2,0,0,2,1,0,0,20,3,0,1,2020,31-45,2,1,0
70,1,1,2,2,2,2,2,1,0,0,0,0,45,4,0,1,2020,56-70,4,1,0
27,1,1,2,2,2,1,2,1,0,0,0,0,30,4,0,1,2020,18-30,1,1,1
52,1,1,2,2,2,1,2,1,0,0,0,0,40,3,0,2,2020,46-55,3,1,1
74,1,1,2,2,2,2,2,1,0,0,0,0,30,4,0,1,2020,70+,5,1,0
34,1,1,1,1,1,2,1,2,2,1,2,1,30,3,0,1,2020,31-45,2,1,0
83,1,1,1,1,2,2,2,1,2,1,2,1,120,3,0,1,2020,70+,5,1,0
40,1,2,1,2,2,1,0,0,2,1,0,0,15,3,0,1,2020,31-45,2,1,1
19,1,1,1,2,2,1,2,1,2,1,0,0,40,3,0,1,2020,18-30,1,1,1
70,1,2,2,2,2,2,0,0,0,0,0,0,0,0,2,2,2020,56-70,4,0,0
29,2,2,2,2,2,1,0,0,0,0,0,0,10,3,0,1,2020,18-30,1,0,1
31,1,1,1,2,2,1,2,1,2,1,0,0,10,3,0,2,2020,31-45,2,1,1
54,1,2,1,1,2,1,0,0,1,2,2,1,25,3,0,1,2020,46-55,3,1,1
59,2,2,2,2,2,2,0,0,0,0,0,0,0,0,3,1,2020,56-70,4,0,0
38,1,1,2,2,2,1,1,2,0,0,0,0,30,3,0,1,2020,31-45,2,1,1
25,1,1,2,2,2,1,2,1,0,0,0,0,40,3,0,1,2020,18-30,1,1,1
19,1,1,2,2,2,1,2,1,0,0,0,0,30,3,0,1,2020,18-30,1,1,1
64,1,2,2,2,2,2,0,0,0,0,0,0,0,0,3,2,2020,56-70,4,0,0
25,1,1,1,1,2,1,2,1,2,1,2,1,120,3,0,1,2020,18-30,1,1,1
22,2,1,2,2,2,1,2,1,0,0,0,0,25,4,0,1,2020,18-30,1,1,1
79,1,1,1,1,2,2,2,1,2,1,2,1,60,2,0,1,2020,70+,5,1,0
55,2,2,2,2,2,2,0,0,0,0,0,0,0,0,5,1,2020,46-55,3,0,0
72,2,2,2,2,2,2,0,0,0,0,0,0,0,0,2,2,2020,70+,5,0,0
30,1,1,2,2,2,1,2,1,0,0,0,0,90,4,0,2,2020,18-30,1,1,1
28,1,2,2,2,2,2,0,0,0,0,0,0,0,0,3,2,2020,18-30,1,0,0
46,1,1,1,2,2,1,2,1,2,1,0,0,20,3,0,2,2020,46-55,3,1,1
52,1,1,2,2,2,2,2,1,0,0,0,0,60,2,0,2,2020,46-55,3,1,0
24,1,2,1,2,2,1,0,0,1,2,0,0,10,3,0,2,2020,18-30,1,1,1
26,2,2,2,2,2,2,0,0,0,0,0,0,0,0,2,1,2020,18-30,1,0,0
38,1,2,2,1,2,2,0,0,0,0,2,1,5,3,0,1,2020,31-45,2,1,0
21,1,1,2,2,1,1,2,1,0,0,0,0,60,4,0,1,2020,18-30,1,1,1
40,1,1,2,1,2,1,2,1,0,0,1,2,15,3,0,2,2020,31-45,2,1,1
61,1,1,2,1,2,1,2,1,0,0,2,1,30,2,0,2,2020,56-70,4,1,1
55,1,1,2,2,2,1,2,1,0,0,0,0,40,1,0,2,2020,46-55,3,1,1
79,2,2,2,2,2,2,0,0,0,0,0,0,0,0,5,2,2020,70+,5,0,0
55,0,0,0,0,0,0,0,0,0,0,0,0,0,0,0,0,2020,46-55,3,0,0
22,1,1,2,2,2,1,2,1,0,0,0,0,60,4,0,1,2020,18-30,1,1,1
34,1,1,2,2,1,1,2,1,0,0,0,0,20,3,0,2,2020,31-45,2,1,1
30,2,1,1,2,2,1,2,1,2,1,0,0,120,4,0,1,2020,18-30,1,1,1
40,2,2,2,2,2,2,0,0,0,0,0,0,0,0,3,2,2020,31-45,2,0,0
24,1,1,2,2,2,1,2,1,0,0,0,0,10,2,0,1,2020,18-30,1,1,1
22,1,1,2,2,2,1,2,1,0,0,0,0,60,3,0,1,2020,18-30,1,1,1
20,1,1,1,2,2,1,2,1,1,2,0,0,30,3,0,1,2020,18-30,1,1,1
45,1,1,2,1,2,1,2,1,0,0,2,1,20,4,0,1,2020,31-45,2,1,1
48,2,2,1,2,1,2,0,0,2,1,0,0,10,4,0,1,2020,46-55,3,1,0
62,2,2,2,2,2,2,0,0,0,0,0,0,0,0,2,2,2020,56-70,4,0,0
61,2,2,2,2,2,2,0,0,0,0,0,0,0,0,5,2,2020,56-70,4,0,0
65,1,2,2,1,2,2,0,0,0,0,2,1,20,4,0,1,2020,56-70,4,1,0
41,1,2,2,1,2,2,0,0,0,0,2,1,20,3,0,1,2020,31-45,2,1,0
55,1,1,2,1,2,1,2,1,0,0,2,1,30,4,0,1,2020,46-55,3,1,1
55,1,2,2,2,2,2,0,0,0,0,0,0,0,0,1,2,2020,46-55,3,0,0
63,2,2,2,2,2,2,0,0,0,0,0,0,0,0,2,2,2020,56-70,4,0,0
73,0,0,0,0,0,0,0,0,0,0,0,0,0,0,0,0,2020,70+,5,0,0
48,1,1,1,1,2,1,2,1,2,1,2,1,20,3,0,1,2020,46-55,3,1,1
49,1,1,1,2,2,2,2,1,2,1,0,0,30,1,0,2,2020,46-55,3,1,0
49,1,2,2,1,2,2,0,0,0,0,2,1,30,3,0,2,2020,46-55,3,1,0
39,1,1,2,2,2,1,2,1,0,0,0,0,40,3,0,1,2020,31-45,2,1,1
19,1,1,1,2,2,2,2,1,2,1,0,0,20,2,0,2,2020,18-30,1,1,0
56,1,1,1,2,2,1,2,1,2,1,0,0,60,3,0,2,2020,56-70,4,1,1
49,2,2,2,2,2,2,0,0,0,0,0,0,0,0,5,2,2020,46-55,3,0,0
57,1,2,2,2,2,2,0,0,0,0,0,0,0,0,4,1,2020,56-70,4,0,0
19,1,1,2,1,2,1,2,1,0,0,2,1,20,4,0,2,2020,18-30,1,1,1
30,1,1,2,2,2,2,2,1,0,0,0,0,15,3,0,1,2020,18-30,1,1,0
37,2,2,2,2,2,1,0,0,0,0,0,0,5,3,0,1,2020,31-45,2,0,1
54,1,2,1,1,2,2,0,0,1,2,2,1,90,4,0,2,2020,46-55,3,1,0
32,1,2,2,2,2,1,0,0,0,0,0,0,30,3,0,1,2020,31-45,2,0,1
44,1,1,1,1,2,1,2,1,2,1,1,2,60,3,0,1,2020,31-45,2,1,1
54,2,2,1,2,2,1,0,0,2,1,0,0,20,3,0,1,2020,46-55,3,1,1
39,1,1,2,1,2,2,2,1,0,0,2,1,25,3,0,2,2020,31-45,2,1,0
44,1,1,2,2,2,2,2,1,0,0,0,0,60,3,0,1,2020,31-45,2,1,0
51,1,2,1,1,2,2,0,0,2,1,2,1,20,3,0,2,2020,46-55,3,1,0
20,1,1,1,2,2,2,1,2,2,1,0,0,30,4,0,2,2020,18-30,1,1,0
19,1,1,2,2,2,1,2,1,0,0,0,0,90,3,0,1,2020,18-30,1,1,1
58,2,2,2,2,2,2,0,0,0,0,0,0,0,0,5,2,2020,56-70,4,0,0
41,1,1,1,1,1,1,2,1,2,1,2,1,15,3,0,1,2020,31-45,2,1,1
49,1,2,2,2,2,2,0,0,0,0,0,0,0,0,2,1,2020,46-55,3,0,0
41,2,2,2,2,2,2,0,0,0,0,0,0,0,0,1,2,2020,31-45,2,0,0
45,0,0,0,0,0,0,0,0,0,0,0,0,0,0,0,0,2020,31-45,2,0,0
58,1,1,2,2,2,2,2,1,0,0,0,0,60,3,0,2,2020,56-70,4,1,0
90,0,0,0,0,0,0,0,0,0,0,0,0,0,0,0,0,2020,70+,5,0,0
77,1,1,2,2,2,2,2,1,0,0,0,0,30,2,0,2,2020,70+,5,1,0
30,1,2,2,1,2,2,0,0,0,0,2,1,30,2,0,1,2020,18-30,1,1,0
40,1,2,1,2,2,2,0,0,2,1,0,0,30,3,0,1,2020,31-45,2,1,0
71,1,1,1,2,2,2,2,1,2,1,0,0,60,2,0,2,2020,70+,5,1,0
59,1,1,1,1,2,1,1,2,1,1,1,1,180,3,0,1,2020,56-70,4,1,1
48,1,2,2,2,2,2,0,0,0,0,0,0,0,0,1,2,2020,46-55,3,0,0
31,1,2,2,2,2,2,0,0,0,0,0,0,0,0,1,2,2020,31-45,2,0,0
40,1,2,1,2,2,1,0,0,2,1,0,0,20,3,0,1,2020,31-45,2,1,1
23,1,1,1,1,2,1,2,1,2,1,2,1,60,3,0,1,2020,18-30,1,1,1
77,1,2,1,2,2,2,0,0,2,1,0,0,10,2,0,2,2020,70+,5,1,0
27,1,2,1,2,2,2,0,0,2,1,0,0,15,3,0,1,2020,18-30,1,1,0
20,1,1,1,2,2,1,2,1,1,2,0,0,60,4,0,1,2020,18-30,1,1,1
56,1,2,2,1,2,2,0,0,0,0,2,1,15,2,0,2,2020,56-70,4,1,0
43,1,2,1,2,2,2,0,0,2,1,0,0,30,2,0,2,2020,31-45,2,1,0
52,1,2,1,2,2,2,0,0,2,1,0,0,60,2,0,1,2020,46-55,3,1,0
44,1,1,1,1,2,1,1,1,2,1,2,1,20,4,0,1,2020,31-45,2,1,1
52,2,2,2,2,2,2,0,0,0,0,0,0,0,0,3,1,2020,46-55,3,0,0
51,1,2,2,2,2,2,0,0,0,0,0,0,0,0,3,2,2020,46-55,3,0,0
72,1,2,2,1,2,2,0,0,0,0,2,1,30,3,0,2,2020,70+,5,1,0
55,1,1,1,2,2,1,2,1,2,1,0,0,30,3,0,1,2020,46-55,3,1,1
38,1,2,1,2,2,2,0,0,2,1,0,0,15,2,0,2,2020,31-45,2,1,0
72,1,1,1,2,2,1,2,1,2,1,0,0,60,3,0,1,2020,70+,5,1,1
65,1,1,2,2,2,1,2,1,0,0,0,0,60,3,0,2,2020,56-70,4,1,1
27,2,2,2,2,2,2,0,0,0,0,0,0,0,0,3,2,2020,18-30,1,0,0
49,1,1,1,1,1,1,2,1,2,1,2,1,30,3,0,1,2020,46-55,3,1,1
22,2,2,1,1,2,2,0,0,2,1,2,1,5,2,0,2,2020,18-30,1,1,0
45,1,1,1,2,2,2,2,1,2,1,0,0,20,3,0,2,2020,31-45,2,1,0
82,1,2,2,1,2,2,0,0,0,0,2,1,10,1,0,2,2020,70+,5,1,0
53,1,2,1,1,2,2,0,0,2,1,2,1,30,4,0,1,2020,46-55,3,1,0
57,1,2,1,1,2,1,0,0,2,1,2,1,20,3,0,2,2020,56-70,4,1,1
48,1,1,2,2,2,1,2,1,0,0,0,0,60,2,0,1,2020,46-55,3,1,1
68,1,1,2,2,2,2,2,1,0,0,0,0,60,2,0,2,2020,56-70,4,1,0
37,1,1,1,1,2,1,1,2,1,2,1,2,20,2,0,2,2020,31-45,2,1,1
64,2,2,2,2,2,2,0,0,0,0,0,0,0,0,1,2,2020,56-70,4,0,0
33,1,1,1,2,2,1,1,2,1,2,0,0,60,2,0,1,2020,31-45,2,1,1
45,1,2,2,1,2,2,0,0,0,0,2,1,15,4,0,1,2020,31-45,2,1,0
30,1,2,1,1,1,1,0,0,1,2,1,2,20,3,0,1,2020,18-30,1,1,1
35,1,2,1,2,2,2,0,0,2,1,0,0,10,3,0,1,2020,31-45,2,1,0
34,2,2,2,2,2,2,0,0,0,0,0,0,0,0,1,1,2020,31-45,2,0,0
44,1,1,1,2,2,1,2,1,2,1,0,0,20,2,0,1,2020,31-45,2,1,1
21,1,2,2,1,2,2,0,0,0,0,2,1,20,3,0,2,2020,18-30,1,1,0
30,2,2,2,2,2,2,0,0,0,0,0,0,0,0,3,2,2020,18-30,1,0,0
69,2,2,2,2,2,2,0,0,0,0,0,0,0,0,5,2,2020,56-70,4,0,0
31,2,2,2,2,2,2,0,0,0,0,0,0,0,0,1,2,2020,31-45,2,0,0
29,1,1,2,2,2,1,2,1,0,0,0,0,30,3,0,1,2020,18-30,1,1,1
51,1,1,1,1,2,1,2,1,2,1,1,2,120,4,0,1,2020,46-55,3,1,1
63,1,1,2,1,2,2,2,1,0,0,2,1,30,3,0,2,2020,56-70,4,1,0
27,1,2,2,1,2,1,0,0,0,0,2,1,20,3,0,1,2020,18-30,1,1,1
57,1,2,2,1,2,2,0,0,0,0,2,1,60,3,0,1,2020,56-70,4,1,0
47,1,1,1,2,2,2,2,1,2,1,0,0,40,3,0,1,2020,46-55,3,1,0
60,1,2,2,2,2,1,0,0,0,0,0,0,20,4,0,1,2020,56-70,4,0,1
53,2,2,2,2,2,2,0,0,0,0,0,0,0,0,5,1,2020,46-55,3,0,0
64,2,2,2,2,2,2,0,0,0,0,0,0,0,0,2,2,2020,56-70,4,0,0
28,1,1,2,2,2,1,2,1,0,0,0,0,60,3,0,1,2020,18-30,1,1,1
48,1,2,2,2,2,2,0,0,0,0,0,0,0,0,1,2,2020,46-55,3,0,0
57,1,2,2,2,2,2,0,0,0,0,0,0,0,0,2,2,2020,56-70,4,0,0
66,2,2,2,2,2,2,0,0,0,0,0,0,0,0,1,2,2020,56-70,4,0,0
44,2,2,2,2,2,2,0,0,0,0,0,0,0,0,1,2,2020,31-45,2,0,0
58,2,2,2,2,2,2,0,0,0,0,0,0,0,0,3,2,2020,56-70,4,0,0
20,1,1,1,1,2,1,2,1,1,2,2,1,30,3,0,1,2020,18-30,1,1,1
25,1,1,2,1,2,2,2,1,0,0,2,1,40,4,0,1,2020,18-30,1,1,0
40,1,2,2,2,1,2,0,0,0,0,0,0,10,2,0,1,2020,31-45,2,1,0
60,1,1,2,2,2,1,2,1,0,0,0,0,60,4,0,1,2020,56-70,4,1,1
49,1,2,1,2,2,2,0,0,2,1,0,0,30,3,0,1,2020,46-55,3,1,0
46,1,2,2,2,2,1,0,0,0,0,0,0,60,3,0,1,2020,46-55,3,0,1
41,2,2,2,2,2,2,0,0,0,0,0,0,0,0,1,2,2020,31-45,2,0,0
35,1,1,2,1,2,1,1,2,0,0,2,1,60,3,0,1,2020,31-45,2,1,1
45,2,2,2,2,2,2,0,0,0,0,0,0,0,0,3,2,2020,31-45,2,0,0
40,1,2,2,1,2,2,0,0,0,0,2,1,30,2,0,2,2020,31-45,2,1,0
78,0,0,0,0,0,0,0,0,0,0,0,0,0,0,0,0,2020,70+,5,0,0
72,2,2,2,1,2,2,0,0,0,0,2,1,30,2,0,2,2020,70+,5,1,0
27,2,2,2,1,2,2,0,0,0,0,2,1,20,2,0,2,2020,18-30,1,1,0
59,1,1,1,1,1,1,2,1,2,1,2,1,60,4,0,1,2020,56-70,4,1,1
51,1,2,1,1,2,2,0,0,2,1,2,1,30,4,0,1,2020,46-55,3,1,0
69,1,1,2,1,2,2,2,1,0,0,2,1,30,4,0,1,2020,56-70,4,1,0
56,1,1,1,1,2,2,2,1,2,1,2,1,30,3,0,2,2020,56-70,4,1,0
27,1,1,1,1,2,1,2,1,2,1,2,1,30,4,0,1,2020,18-30,1,1,1
43,2,2,2,2,2,1,0,0,0,0,0,0,20,3,0,2,2020,31-45,2,0,1
56,2,2,2,2,2,2,0,0,0,0,0,0,0,0,3,2,2020,56-70,4,0,0
89,2,2,2,2,2,2,0,0,0,0,0,0,0,0,5,2,2020,70+,5,0,0
26,2,2,2,2,1,2,0,0,0,0,0,0,20,3,0,1,2020,18-30,1,1,0
32,1,2,1,2,2,1,0,0,2,1,0,0,30,3,0,1,2020,31-45,2,1,1
42,1,1,1,2,2,2,2,1,2,1,0,0,30,2,0,1,2020,31-45,2,1,0
48,2,2,1,1,2,2,0,0,2,1,2,1,30,4,0,1,2020,46-55,3,1,0
20,1,1,1,2,2,1,2,1,2,1,0,0,90,3,0,1,2020,18-30,1,1,1
47,1,2,1,1,2,1,0,0,2,1,2,1,40,3,0,1,2020,46-55,3,1,1
40,1,1,2,2,2,1,2,1,0,0,0,0,30,3,0,1,2020,31-45,2,1,1
52,1,2,1,1,2,2,0,0,2,1,2,1,30,3,0,1,2020,46-55,3,1,0
33,1,1,2,2,2,1,2,1,0,0,0,0,40,4,0,2,2020,31-45,2,1,1
42,1,1,1,2,2,1,2,1,2,1,0,0,30,3,0,1,2020,31-45,2,1,1
40,1,2,1,1,2,1,0,0,1,2,1,2,20,3,0,1,2020,31-45,2,1,1
30,1,2,1,2,2,1,0,0,1,2,0,0,10,4,0,1,2020,18-30,1,1,1
27,1,1,1,2,1,1,1,2,2,1,0,0,60,3,0,1,2020,18-30,1,1,1
30,1,2,1,1,1,1,0,0,2,1,2,1,30,3,0,1,2020,18-30,1,1,1
44,1,1,2,2,2,1,1,2,0,0,0,0,240,4,0,1,2020,31-45,2,1,1
48,1,1,2,2,2,1,2,1,0,0,0,0,120,4,0,1,2020,46-55,3,1,1
45,2,2,2,2,2,1,0,0,0,0,0,0,20,4,0,1,2020,31-45,2,0,1
28,1,1,2,2,1,1,2,1,0,0,0,0,20,2,0,2,2020,18-30,1,1,1
49,1,1,2,2,2,1,2,1,0,0,0,0,30,3,0,1,2020,46-55,3,1,1
77,1,1,1,1,2,1,2,1,2,1,2,1,60,3,0,1,2020,70+,5,1,1
27,1,1,1,1,2,1,2,1,2,1,2,1,30,3,0,1,2020,18-30,1,1,1
69,0,0,0,0,0,0,0,0,0,0,0,0,0,0,0,0,2020,56-70,4,0,0
72,1,2,1,1,1,2,0,0,2,1,2,1,40,4,0,2,2020,70+,5,1,0
28,1,1,2,2,2,1,2,1,0,0,0,0,30,3,0,1,2020,18-30,1,1,1
77,1,1,2,2,2,2,2,1,0,0,0,0,30,4,0,1,2020,70+,5,1,0
74,1,1,2,1,2,2,2,1,0,0,2,1,60,3,0,1,2020,70+,5,1,0
72,1,2,1,1,2,2,0,0,2,1,2,1,60,4,0,1,2020,70+,5,1,0
31,1,1,1,2,2,1,2,1,2,1,0,0,60,3,0,2,2020,31-45,2,1,1
62,1,1,2,2,2,2,2,1,0,0,0,0,60,2,0,2,2020,56-70,4,1,0
45,0,0,0,0,0,0,0,0,0,0,0,0,0,0,0,0,2020,31-45,2,0,0
61,1,2,2,1,2,2,0,0,0,0,2,1,15,3,0,2,2020,56-70,4,1,0
42,2,2,2,2,2,2,0,0,0,0,0,0,0,0,2,1,2020,31-45,2,0,0
20,2,2,2,2,2,2,0,0,0,0,0,0,0,0,3,2,2020,18-30,1,0,0
21,1,1,2,1,2,2,2,1,0,0,2,1,40,3,0,1,2020,18-30,1,1,0
25,2,2,2,2,2,2,0,0,0,0,0,0,0,0,1,2,2020,18-30,1,0,0
38,0,0,0,0,0,0,0,0,0,0,0,0,0,0,0,0,2020,31-45,2,0,0
64,1,1,1,2,1,1,2,1,2,1,0,0,60,4,0,1,2020,56-70,4,1,1
23,1,1,2,2,2,1,2,1,0,0,0,0,40,2,0,1,2020,18-30,1,1,1
43,2,2,2,2,2,2,0,0,0,0,0,0,0,0,5,2,2020,31-45,2,0,0
80,0,0,0,0,0,0,0,0,0,0,0,0,0,0,0,0,2020,70+,5,0,0
61,2,2,2,2,2,2,0,0,0,0,0,0,0,0,5,2,2020,56-70,4,0,0
47,1,2,2,2,2,2,0,0,0,0,0,0,0,0,5,2,2020,46-55,3,0,0
39,1,1,1,1,2,1,2,1,2,1,2,1,30,4,0,1,2020,31-45,2,1,1
64,1,1,1,1,2,2,2,1,2,1,2,1,45,4,0,1,2020,56-70,4,1,0
19,1,1,2,2,1,1,1,2,0,0,0,0,120,3,0,1,2020,18-30,1,1,1
49,1,2,2,2,2,2,0,0,0,0,0,0,0,0,2,2,2020,46-55,3,0,0
47,1,2,2,2,2,1,0,0,0,0,0,0,15,2,0,2,2020,46-55,3,0,1
44,1,2,2,1,1,2,0,0,0,0,2,1,30,3,0,1,2020,31-45,2,1,0
25,1,1,2,2,2,1,2,1,0,0,0,0,30,3,0,1,2020,18-30,1,1,1
27,1,2,2,1,2,1,0,0,0,0,2,1,20,4,0,1,2020,18-30,1,1,1
46,2,2,2,2,2,2,0,0,0,0,0,0,0,0,2,2,2020,46-55,3,0,0
25,1,1,2,1,2,2,2,1,0,0,1,2,30,3,0,1,2020,18-30,1,1,0
42,2,2,1,2,2,2,0,0,2,1,0,0,30,3,0,1,2020,31-45,2,1,0
40,2,2,2,2,2,2,0,0,0,0,0,0,0,0,2,2,2020,31-45,2,0,0
34,1,1,2,2,2,2,1,2,0,0,0,0,30,3,0,2,2020,31-45,2,1,0
56,2,2,2,2,2,2,0,0,0,0,0,0,0,0,3,2,2020,56-70,4,0,0
37,2,2,2,1,2,2,0,0,0,0,2,1,20,3,0,2,2020,31-45,2,1,0
60,1,1,1,1,2,1,2,1,2,1,2,1,40,4,0,1,2020,56-70,4,1,1
57,1,1,1,1,2,2,2,1,2,1,2,1,30,3,0,1,2020,56-70,4,1,0
42,1,1,1,2,2,2,2,1,2,1,0,0,45,4,0,1,2020,31-45,2,1,0
42,1,2,1,1,2,1,0,0,2,1,2,1,45,4,0,1,2020,31-45,2,1,1
53,1,1,2,1,2,2,2,1,0,0,2,1,45,3,0,1,2020,46-55,3,1,0
61,1,1,2,1,2,2,2,1,0,0,2,1,20,3,0,2,2020,56-70,4,1,0
41,1,2,2,1,2,2,0,0,0,0,2,1,20,3,0,1,2020,31-45,2,1,0
32,2,2,2,2,2,2,0,0,0,0,0,0,0,0,3,3,2020,31-45,2,0,0
21,1,2,1,2,2,2,0,0,2,1,0,0,20,3,0,2,2020,18-30,1,1,0
28,1,1,2,2,2,1,2,1,0,0,0,0,45,3,0,1,2020,18-30,1,1,1
54,1,1,2,1,2,1,2,1,0,0,2,1,40,3,0,1,2020,46-55,3,1,1
57,1,2,1,1,2,2,0,0,2,1,2,1,30,3,0,1,2020,56-70,4,1,0
61,2,2,2,2,2,2,0,0,0,0,0,0,0,0,1,2,2020,56-70,4,0,0
38,1,1,1,2,2,2,2,1,2,1,0,0,120,2,0,1,2020,31-45,2,1,0
65,1,2,2,2,2,1,0,0,0,0,0,0,30,3,0,2,2020,56-70,4,0,1
55,1,1,1,1,2,1,2,1,2,1,2,1,20,3,0,1,2020,46-55,3,1,1
52,1,2,1,1,2,2,0,0,2,1,2,1,30,3,0,1,2020,46-55,3,1,0
36,1,2,1,1,2,1,0,0,1,1,2,1,60,3,0,2,2020,31-45,2,1,1
61,2,2,2,2,2,2,0,0,0,0,0,0,0,0,3,2,2020,56-70,4,0,0
52,1,1,2,2,2,2,2,1,0,0,0,0,60,3,0,1,2020,46-55,3,1,0
37,2,2,2,1,2,2,0,0,0,0,2,1,30,3,0,1,2020,31-45,2,1,0
69,1,1,2,2,2,1,2,1,0,0,0,0,60,3,0,2,2020,56-70,4,1,1
56,1,1,2,2,2,1,2,1,0,0,0,0,60,3,0,2,2020,56-70,4,1,1
66,1,2,1,2,2,2,0,0,2,1,0,0,15,3,0,2,2020,56-70,4,1,0
34,1,2,1,2,2,2,0,0,2,1,0,0,30,3,0,1,2020,31-45,2,1,0
51,1,2,1,1,2,2,0,0,2,1,2,1,15,2,0,2,2020,46-55,3,1,0
36,2,2,2,2,2,2,0,0,0,0,0,0,0,0,3,2,2020,31-45,2,0,0
22,1,2,2,1,1,1,0,0,0,0,2,1,20,3,0,1,2020,18-30,1,1,1
38,1,1,1,1,2,2,2,1,2,1,2,1,15,4,0,2,2020,31-45,2,1,0
49,1,2,2,2,2,2,0,0,0,0,0,0,0,0,1,2,2020,46-55,3,0,0
62,2,2,2,2,2,2,0,0,0,0,0,0,0,0,4,2,2020,56-70,4,0,0
59,1,2,2,1,2,2,0,0,0,0,2,1,30,4,0,2,2020,56-70,4,1,0
62,1,2,1,2,2,2,0,0,2,1,0,0,20,3,0,2,2020,56-70,4,1,0
30,1,2,1,2,2,2,0,0,2,1,0,0,20,3,0,2,2020,18-30,1,1,0
26,1,1,1,2,2,2,2,1,2,1,0,0,30,3,0,1,2020,18-30,1,1,0
61,1,1,2,2,2,1,2,1,0,0,0,0,60,3,0,1,2020,56-70,4,1,1
38,1,1,2,2,2,1,2,1,0,0,0,0,20,4,0,1,2020,31-45,2,1,1
31,1,1,2,2,1,1,2,1,0,0,0,0,60,3,0,1,2020,31-45,2,1,1
54,2,2,2,2,2,2,0,0,0,0,0,0,0,0,3,2,2020,46-55,3,0,0
46,2,2,2,1,2,2,0,0,0,0,2,1,30,3,0,2,2020,46-55,3,1,0
59,2,2,2,1,2,2,0,0,0,0,2,1,15,2,0,2,2020,56-70,4,1,0
57,1,2,2,2,2,2,0,0,0,0,0,0,0,0,3,2,2020,56-70,4,0,0
23,1,1,1,1,2,1,1,1,1,2,2,1,60,3,0,1,2020,18-30,1,1,1
19,1,1,2,2,1,2,2,1,0,0,0,0,30,3,0,1,2020,18-30,1,1,0
32,1,1,2,2,2,1,2,1,0,0,0,0,60,3,0,1,2020,31-45,2,1,1
41,1,2,2,1,2,2,0,0,0,0,2,1,30,3,0,1,2020,31-45,2,1,0
52,1,2,1,2,2,2,0,0,2,1,0,0,60,2,0,2,2020,46-55,3,1,0
49,1,2,2,2,1,2,0,0,0,0,0,0,30,1,0,2,2020,46-55,3,1,0
23,1,2,1,2,2,2,0,0,2,1,0,0,30,3,0,1,2020,18-30,1,1,0
78,1,1,2,2,2,2,2,1,0,0,0,0,60,2,0,1,2020,70+,5,1,0
55,1,2,1,2,2,2,0,0,2,1,0,0,20,3,0,2,2020,46-55,3,1,0
59,1,2,2,1,2,2,0,0,0,0,2,1,30,2,0,2,2020,56-70,4,1,0
60,1,2,1,2,2,2,0,0,2,1,0,0,30,3,0,2,2020,56-70,4,1,0
28,1,1,2,2,2,1,2,1,0,0,0,0,35,3,0,2,2020,18-30,1,1,1
19,1,1,2,1,2,1,1,2,0,0,2,1,60,3,0,1,2020,18-30,1,1,1
59,0,0,0,0,0,0,0,0,0,0,0,0,0,0,0,0,2020,56-70,4,0,0
48,1,1,1,2,2,1,1,1,1,1,0,0,20,3,0,2,2020,46-55,3,1,1
54,2,2,2,2,2,2,0,0,0,0,0,0,0,0,1,1,2020,46-55,3,0,0
26,1,1,2,2,2,2,2,1,0,0,0,0,25,4,0,1,2020,18-30,1,1,0
74,1,1,1,1,2,1,1,1,2,1,1,1,90,4,0,1,2020,70+,5,1,1
32,1,2,2,1,2,2,0,0,0,0,1,2,5,2,0,2,2020,31-45,2,1,0
40,1,1,1,2,2,1,2,1,2,1,0,0,30,3,0,1,2020,31-45,2,1,1
60,2,2,1,2,2,2,0,0,2,1,0,0,60,3,0,2,2020,56-70,4,1,0
43,2,2,2,2,2,1,0,0,0,0,0,0,30,2,0,2,2020,31-45,2,0,1
19,1,1,1,2,1,1,1,1,2,1,0,0,120,4,0,1,2020,18-30,1,1,1
65,1,2,1,1,2,1,0,0,2,1,1,1,90,3,0,1,2020,56-70,4,1,1
47,1,1,2,2,2,1,2,1,0,0,0,0,40,4,0,1,2020,46-55,3,1,1
32,1,1,2,2,2,1,2,1,0,0,0,0,20,3,0,1,2020,31-45,2,1,1
34,1,2,1,2,2,1,0,0,2,1,0,0,30,3,0,1,2020,31-45,2,1,1
30,2,2,2,2,2,1,0,0,0,0,0,0,20,2,0,1,2020,18-30,1,0,1
51,1,2,2,1,2,2,0,0,0,0,2,1,15,1,0,2,2020,46-55,3,1,0
43,2,2,2,2,2,1,0,0,0,0,0,0,15,3,0,1,2020,31-45,2,0,1
58,1,1,2,2,2,2,2,1,0,0,0,0,60,4,0,2,2020,56-70,4,1,0
21,2,2,2,2,2,2,0,0,0,0,0,0,0,0,3,3,2020,18-30,1,0,0
64,0,0,0,0,0,0,0,0,0,0,0,0,0,0,0,0,2020,56-70,4,0,0
46,1,2,2,2,2,1,0,0,0,0,0,0,30,2,0,2,2020,46-55,3,0,1
70,1,2,1,2,2,2,0,0,2,1,0,0,15,3,0,1,2020,56-70,4,1,0
61,1,2,1,1,2,2,0,0,2,1,2,1,60,4,0,1,2020,56-70,4,1,0
45,2,2,2,2,2,1,0,0,0,0,0,0,15,4,0,1,2020,31-45,2,0,1
54,1,1,2,2,2,1,2,1,0,0,0,0,120,3,0,2,2020,46-55,3,1,1
90,1,2,2,2,2,2,0,0,0,0,0,0,0,0,5,1,2020,70+,5,0,0
23,1,1,1,2,2,1,1,1,2,1,0,0,60,3,0,1,2020,18-30,1,1,1
52,1,2,2,1,2,1,0,0,0,0,2,1,30,3,0,1,2020,46-55,3,1,1
66,1,1,2,1,2,1,1,1,0,0,1,2,120,4,0,1,2020,56-70,4,1,1
18,1,2,2,2,2,2,0,0,0,0,0,0,0,0,3,1,2020,18-30,1,0,0
52,2,2,2,2,2,2,0,0,0,0,0,0,0,0,3,1,2020,46-55,3,0,0
35,2,2,1,1,1,1,0,0,1,2,2,1,15,3,0,1,2020,31-45,2,1,1
52,1,2,1,2,2,2,0,0,2,1,0,0,20,3,0,2,2020,46-55,3,1,0
30,2,2,2,2,2,2,0,0,0,0,0,0,0,0,3,1,2020,18-30,1,0,0
38,1,1,2,2,2,2,2,1,0,0,0,0,15,2,0,1,2020,31-45,2,1,0
47,1,1,2,1,2,1,1,1,0,0,1,1,60,3,0,1,2020,46-55,3,1,1
65,0,0,0,0,0,0,0,0,0,0,0,0,0,0,0,0,2020,56-70,4,0,0
44,2,2,2,2,2,1,0,0,0,0,0,0,10,2,0,2,2020,31-45,2,0,1
24,1,2,1,2,1,1,0,0,2,1,0,0,30,3,0,1,2020,18-30,1,1,1
56,1,1,2,2,2,1,2,1,0,0,0,0,60,3,0,1,2020,56-70,4,1,1
71,1,1,2,2,2,2,2,1,0,0,0,0,30,1,0,2,2020,70+,5,1,0
19,2,1,1,2,2,1,1,2,2,1,0,0,60,4,0,1,2020,18-30,1,1,1
69,1,1,2,2,2,2,2,1,0,0,0,0,25,2,0,1,2020,56-70,4,1,0
27,1,1,2,2,2,1,2,1,0,0,0,0,30,4,0,1,2020,18-30,1,1,1
45,1,1,2,2,2,1,1,2,0,0,0,0,20,3,0,2,2020,31-45,2,1,1
70,0,0,0,0,0,0,0,0,0,0,0,0,0,0,0,0,2020,56-70,4,0,0
60,1,2,2,2,2,1,0,0,0,0,0,0,30,3,0,1,2020,56-70,4,0,1
22,1,1,1,2,2,1,2,1,2,1,0,0,60,4,0,1,2020,18-30,1,1,1
24,1,1,2,2,2,2,2,1,0,0,0,0,20,3,0,2,2020,18-30,1,1,0
26,2,2,2,2,2,2,0,0,0,0,0,0,0,0,3,2,2020,18-30,1,0,0
26,1,2,2,2,2,1,0,0,0,0,0,0,20,3,0,1,2020,18-30,1,0,1
83,1,1,2,2,2,2,2,1,0,0,0,0,120,2,0,2,2020,70+,5,1,0
23,2,2,2,2,2,2,0,0,0,0,0,0,0,0,1,2,2020,18-30,1,0,0
59,2,2,2,2,2,2,0,0,0,0,0,0,0,0,3,2,2020,56-70,4,0,0
34,2,2,2,2,2,1,0,0,0,0,0,0,60,3,0,2,2020,31-45,2,0,1
49,1,1,2,2,2,1,1,1,0,0,0,0,20,3,0,1,2020,46-55,3,1,1
29,1,2,2,2,2,1,0,0,0,0,0,0,30,4,0,1,2020,18-30,1,0,1
53,2,2,2,2,2,2,0,0,0,0,0,0,0,0,3,2,2020,46-55,3,0,0
31,2,2,2,2,2,2,0,0,0,0,0,0,0,0,3,2,2020,31-45,2,0,0
51,2,1,2,1,2,2,2,1,0,0,2,1,15,3,0,1,2020,46-55,3,1,0
27,2,2,2,2,2,1,0,0,0,0,0,0,30,3,0,3,2020,18-30,1,0,1
76,1,1,1,1,2,2,2,1,2,1,2,1,60,3,0,2,2020,70+,5,1,0
47,2,2,2,2,2,2,0,0,0,0,0,0,0,0,1,3,2020,46-55,3,0,0
19,1,1,1,1,2,1,2,1,2,1,2,1,45,3,0,1,2020,18-30,1,1,1
51,2,2,1,2,2,2,0,0,2,1,0,0,30,3,0,1,2020,46-55,3,1,0
80,1,1,2,1,2,2,2,1,0,0,2,1,60,3,0,1,2020,70+,5,1,0
37,1,1,2,2,2,1,2,1,0,0,0,0,40,3,0,1,2020,31-45,2,1,1
74,1,1,1,2,2,2,2,1,2,1,0,0,30,3,0,1,2020,70+,5,1,0
80,0,0,0,0,0,0,0,0,0,0,0,0,0,0,0,0,2020,70+,5,0,0
52,2,2,2,2,2,2,0,0,0,0,0,0,0,0,3,2,2020,46-55,3,0,0
45,2,2,2,2,2,2,0,0,0,0,0,0,0,0,3,2,2020,31-45,2,0,0
19,1,1,1,2,2,1,1,2,2,1,0,0,60,3,0,1,2020,18-30,1,1,1
73,1,1,1,1,2,2,2,1,2,1,2,1,40,3,0,2,2020,70+,5,1,0
42,1,1,2,2,2,2,2,1,0,0,0,0,60,3,0,1,2020,31-45,2,1,0
43,2,2,2,2,2,2,0,0,0,0,0,0,0,0,3,1,2020,31-45,2,0,0
55,2,1,2,2,2,2,2,1,0,0,0,0,20,4,0,1,2020,46-55,3,1,0
38,2,2,2,2,2,2,0,0,0,0,0,0,0,0,1,2,2020,31-45,2,0,0
54,2,2,2,2,2,2,0,0,0,0,0,0,0,0,1,2,2020,46-55,3,0,0
33,2,2,2,2,2,2,0,0,0,0,0,0,0,0,3,2,2020,31-45,2,0,0
37,1,2,1,1,2,2,0,0,2,1,1,2,45,4,0,1,2020,31-45,2,1,0
43,1,2,2,2,2,1,0,0,0,0,0,0,60,3,0,1,2020,31-45,2,0,1
43,1,2,2,1,2,2,0,0,0,0,2,1,15,3,0,1,2020,31-45,2,1,0
65,2,2,1,1,2,2,0,0,2,1,2,1,20,3,0,1,2020,56-70,4,1,0
35,1,2,1,2,2,2,0,0,2,1,0,0,30,3,0,1,2020,31-45,2,1,0
21,1,1,2,2,2,2,2,1,0,0,0,0,20,3,0,2,2020,18-30,1,1,0
34,1,1,2,2,2,2,2,1,0,0,0,0,30,3,0,1,2020,31-45,2,1,0
62,1,1,1,2,2,2,2,1,2,1,0,0,120,3,0,1,2020,56-70,4,1,0
26,2,2,2,2,2,1,0,0,0,0,0,0,30,1,0,1,2020,18-30,1,0,1
30,2,2,2,2,2,2,0,0,0,0,0,0,0,0,1,2,2020,18-30,1,0,0
37,2,2,2,2,2,2,0,0,0,0,0,0,0,0,3,2,2020,31-45,2,0,0
20,1,1,2,1,2,2,2,1,0,0,2,1,40,3,0,1,2020,18-30,1,1,0
52,1,2,1,2,2,2,0,0,2,1,0,0,45,3,0,1,2020,46-55,3,1,0
60,2,2,2,2,2,2,0,0,0,0,0,0,0,0,1,2,2020,56-70,4,0,0
55,1,1,2,1,1,1,2,1,0,0,1,2,50,3,0,1,2020,46-55,3,1,1
41,2,2,1,2,2,2,0,0,2,1,0,0,20,3,0,2,2020,31-45,2,1,0
51,1,1,2,2,2,2,2,1,0,0,0,0,30,3,0,1,2020,46-55,3,1,0
64,2,2,2,2,2,2,0,0,0,0,0,0,0,0,5,1,2020,56-70,4,0,0
43,2,2,2,2,2,2,0,0,0,0,0,0,0,0,3,2,2020,31-45,2,0,0
78,2,2,2,2,2,2,0,0,0,0,0,0,0,0,5,1,2020,70+,5,0,0
65,2,1,2,2,2,2,2,1,0,0,0,0,20,1,0,1,2020,56-70,4,1,0
69,2,2,2,2,2,2,0,0,0,0,0,0,0,0,1,2,2020,56-70,4,0,0
25,1,1,1,2,2,1,1,2,2,1,0,0,30,3,0,1,2020,18-30,1,1,1
59,1,1,1,1,2,1,2,1,1,2,2,1,60,3,0,1,2020,56-70,4,1,1
25,1,1,2,2,2,1,2,1,0,0,0,0,20,3,0,1,2020,18-30,1,1,1
46,1,1,1,1,2,2,2,1,2,1,1,2,30,3,0,1,2020,46-55,3,1,0
50,2,2,2,2,2,1,0,0,0,0,0,0,15,3,0,1,2020,46-55,3,0,1
44,1,1,1,2,2,1,2,1,2,1,0,0,20,3,0,1,2020,31-45,2,1,1
51,1,1,1,1,2,2,2,1,2,1,2,1,60,4,0,1,2020,46-55,3,1,0
58,1,1,2,2,2,1,2,1,0,0,0,0,15,3,0,1,2020,56-70,4,1,1
45,2,2,2,2,2,2,0,0,0,0,0,0,0,0,3,1,2020,31-45,2,0,0
42,2,2,2,2,2,1,0,0,0,0,0,0,15,2,0,1,2020,31-45,2,0,1
35,1,1,2,2,1,2,2,1,0,0,0,0,30,2,0,2,2020,31-45,2,1,0
51,2,2,2,2,2,2,0,0,0,0,0,0,0,0,3,1,2020,46-55,3,0,0
27,2,2,2,2,2,2,0,0,0,0,0,0,0,0,2,2,2020,18-30,1,0,0
39,2,2,2,2,2,1,0,0,0,0,0,0,15,3,0,1,2020,31-45,2,0,1
51,1,1,2,2,2,1,2,1,0,0,0,0,20,3,0,1,2020,46-55,3,1,1
32,2,2,2,2,2,2,0,0,0,0,0,0,0,0,3,1,2020,31-45,2,0,0
72,2,2,2,2,2,2,0,0,0,0,0,0,0,0,3,1,2020,70+,5,0,0
58,2,2,2,2,2,2,0,0,0,0,0,0,0,0,3,1,2020,56-70,4,0,0
58,2,2,2,2,2,2,0,0,0,0,0,0,0,0,1,1,2020,56-70,4,0,0
71,1,1,1,2,2,1,2,1,2,1,0,0,120,3,0,1,2020,70+,5,1,1
20,2,2,2,2,2,2,0,0,0,0,0,0,0,0,1,2,2020,18-30,1,0,0
64,2,2,2,1,2,2,0,0,0,0,2,1,60,4,0,1,2020,56-70,4,1,0
48,2,2,2,1,2,2,0,0,0,0,2,1,30,4,0,1,2020,46-55,3,1,0
48,2,2,2,2,2,2,0,0,0,0,0,0,0,0,2,1,2020,46-55,3,0,0
40,2,2,2,2,2,2,0,0,0,0,0,0,0,0,3,1,2020,31-45,2,0,0
31,2,2,1,2,2,2,0,0,2,1,0,0,20,3,0,1,2020,31-45,2,1,0
40,1,1,2,2,2,1,2,1,0,0,0,0,30,3,0,1,2020,31-45,2,1,1
34,2,1,2,2,2,2,2,1,0,0,0,0,30,3,0,1,2020,31-45,2,1,0
34,2,2,2,2,2,1,0,0,0,0,0,0,15,3,0,1,2020,31-45,2,0,1
43,2,1,2,2,1,2,2,1,0,0,0,0,15,3,0,2,2020,31-45,2,1,0
37,2,1,2,2,2,2,2,1,0,0,0,0,20,2,0,1,2020,31-45,2,1,0
44,2,2,2,2,2,2,0,0,0,0,0,0,0,0,2,1,2020,31-45,2,0,0
67,2,2,2,2,2,2,0,0,0,0,0,0,0,0,5,2,2020,56-70,4,0,0
31,1,1,2,2,2,1,2,1,0,0,0,0,30,3,0,1,2020,31-45,2,1,1
43,2,2,2,2,2,2,0,0,0,0,0,0,0,0,2,1,2020,31-45,2,0,0
27,2,2,1,2,2,1,0,0,2,1,0,0,60,4,0,1,2020,18-30,1,1,1
49,1,1,1,1,2,1,2,1,2,1,1,2,30,3,0,1,2020,46-55,3,1,1
46,2,2,2,2,2,2,0,0,0,0,0,0,0,0,3,1,2020,46-55,3,0,0
27,2,2,1,2,2,1,0,0,2,1,0,0,30,3,0,1,2020,18-30,1,1,1
47,2,2,2,2,2,2,0,0,0,0,0,0,0,0,3,1,2020,46-55,3,0,0
40,1,2,1,2,2,1,0,0,1,2,0,0,20,1,0,2,2020,31-45,2,1,1
32,2,2,2,2,2,2,0,0,0,0,0,0,0,0,3,1,2020,31-45,2,0,0
25,2,2,2,2,2,2,0,0,0,0,0,0,0,0,3,2,2020,18-30,1,0,0
42,2,2,1,2,2,2,0,0,2,1,0,0,30,2,0,2,2020,31-45,2,1,0
39,1,1,1,1,2,1,2,1,2,1,2,1,30,3,0,1,2020,31-45,2,1,1
51,2,1,2,2,2,2,2,1,0,0,0,0,30,2,0,2,2020,46-55,3,1,0
29,2,2,2,2,2,2,0,0,0,0,0,0,0,0,3,1,2020,18-30,1,0,0
23,2,2,2,2,2,2,0,0,0,0,0,0,0,0,1,1,2020,18-30,1,0,0
19,2,1,2,2,2,1,1,2,0,0,0,0,60,4,0,1,2020,18-30,1,1,1
46,1,1,1,1,2,1,2,1,2,1,2,1,60,4,0,1,2020,46-55,3,1,1
38,2,2,1,2,2,2,0,0,2,1,0,0,10,3,0,2,2020,31-45,2,1,0
23,2,2,1,2,2,2,0,0,2,1,0,0,20,4,0,1,2020,18-30,1,1,0
45,1,2,1,2,2,1,0,0,2,1,0,0,30,2,0,2,2020,31-45,2,1,1
41,1,2,2,1,2,2,0,0,0,0,2,1,60,4,0,1,2020,31-45,2,1,0
43,1,1,2,2,2,1,2,1,0,0,0,0,30,1,0,1,2020,31-45,2,1,1
52,1,1,1,1,1,1,2,1,2,1,2,1,60,2,0,1,2020,46-55,3,1,1
32,1,1,2,2,2,2,2,1,0,0,0,0,120,4,0,1,2020,31-45,2,1,0
68,2,2,2,2,2,2,0,0,0,0,0,0,0,0,3,3,2020,56-70,4,0,0
79,1,2,2,1,2,2,0,0,0,0,2,1,60,3,0,2,2020,70+,5,1,0
32,1,1,1,1,2,2,2,1,2,1,2,1,45,4,0,1,2020,31-45,2,1,0
65,1,2,1,1,2,2,0,0,2,1,2,1,40,3,0,2,2020,56-70,4,1,0
73,2,2,2,2,2,2,0,0,0,0,0,0,0,0,3,2,2020,70+,5,0,0
53,2,1,2,2,2,2,2,1,0,0,0,0,20,1,0,2,2020,46-55,3,1,0
38,1,1,2,1,2,1,2,1,0,0,2,1,30,4,0,1,2020,31-45,2,1,1
75,1,2,1,1,2,2,0,0,2,1,2,1,30,2,0,2,2020,70+,5,1,0
21,1,1,1,1,1,1,2,1,2,1,2,1,30,3,0,1,2020,18-30,1,1,1
39,2,2,2,2,2,1,0,0,0,0,0,0,30,2,0,1,2020,31-45,2,0,1
24,1,1,1,2,2,1,2,1,2,1,0,0,10,2,0,1,2020,18-30,1,1,1
46,2,2,2,2,2,2,0,0,0,0,0,0,0,0,3,1,2020,46-55,3,0,0
40,2,2,2,1,2,2,0,0,0,0,2,1,15,2,0,1,2020,31-45,2,1,0
24,1,2,2,1,2,2,0,0,0,0,2,1,10,2,0,1,2020,18-30,1,1,0
50,2,2,2,1,2,2,0,0,0,0,2,1,30,2,0,1,2020,46-55,3,1,0
56,1,1,2,1,2,2,2,1,0,0,2,1,20,2,0,2,2020,56-70,4,1,0
34,0,0,0,0,0,0,0,0,0,0,0,0,0,0,0,0,2020,31-45,2,0,0
36,1,1,1,2,2,1,2,1,1,2,0,0,180,3,0,1,2020,31-45,2,1,1
28,1,1,1,2,2,1,2,1,2,1,0,0,40,4,0,1,2020,18-30,1,1,1
20,1,1,1,1,1,1,2,1,2,1,2,1,90,4,0,1,2020,18-30,1,1,1
49,2,2,2,1,2,2,0,0,0,0,2,1,10,2,0,2,2020,46-55,3,1,0
41,2,2,2,2,2,2,0,0,0,0,0,0,0,0,3,2,2020,31-45,2,0,0
69,1,1,1,2,2,2,2,1,2,1,0,0,35,3,0,1,2020,56-70,4,1,0
27,1,1,2,2,2,1,1,2,0,0,0,0,60,4,0,1,2020,18-30,1,1,1
65,1,2,1,2,2,2,0,0,2,1,0,0,35,4,0,1,2020,56-70,4,1,0
49,2,2,2,2,2,2,0,0,0,0,0,0,0,0,3,2,2020,46-55,3,0,0
26,1,2,2,1,2,1,0,0,0,0,1,2,20,2,0,1,2020,18-30,1,1,1
43,1,1,2,2,2,2,2,1,0,0,0,0,30,2,0,1,2020,31-45,2,1,0
33,1,2,2,2,2,2,0,0,0,0,0,0,0,0,3,1,2020,31-45,2,0,0
65,1,1,1,2,2,2,2,1,2,1,0,0,20,4,0,1,2020,56-70,4,1,0
80,1,1,1,1,2,2,2,1,2,1,2,1,60,3,0,1,2020,70+,5,1,0
52,1,1,1,2,2,1,2,1,2,1,0,0,60,3,0,1,2020,46-55,3,1,1
85,1,1,2,2,2,2,2,1,0,0,0,0,120,3,0,1,2020,70+,5,1,0
69,1,2,1,1,2,1,0,0,1,2,2,1,45,3,0,1,2020,56-70,4,1,1
77,0,0,0,0,0,0,0,0,0,0,0,0,0,0,0,0,2020,70+,5,0,0
29,1,1,1,1,1,1,2,1,2,1,2,1,45,2,0,1,2020,18-30,1,1,1
63,1,1,1,1,2,2,2,1,2,1,2,1,60,2,0,1,2020,56-70,4,1,0
40,1,2,2,2,1,1,0,0,0,0,0,0,20,2,0,2,2020,31-45,2,1,1
58,1,1,2,2,2,2,2,1,0,0,0,0,30,2,0,3,2020,56-70,4,1,0
21,1,1,1,2,1,1,2,1,2,1,0,0,60,3,0,1,2020,18-30,1,1,1
26,1,2,1,1,2,1,0,0,2,1,1,2,30,4,0,1,2020,18-30,1,1,1
32,1,2,1,2,2,1,0,0,2,1,0,0,20,3,0,1,2020,31-45,2,1,1
36,2,2,2,1,2,2,0,0,0,0,2,1,30,3,0,2,2020,31-45,2,1,0
20,1,1,1,2,2,1,2,1,2,1,0,0,60,3,0,3,2020,18-30,1,1,1
55,1,1,1,1,2,2,2,1,2,1,2,1,25,3,0,3,2020,46-55,3,1,0
30,1,1,2,2,2,1,2,1,0,0,0,0,35,2,0,3,2020,18-30,1,1,1
59,1,1,1,1,1,1,2,1,2,1,2,1,15,4,0,1,2020,56-70,4,1,1
34,2,2,1,1,2,1,0,0,2,1,2,1,20,2,0,3,2020,31-45,2,1,1
66,2,2,2,2,2,2,0,0,0,0,0,0,0,0,5,1,2020,56-70,4,0,0
67,2,2,2,2,2,2,0,0,0,0,0,0,0,0,5,2,2020,56-70,4,0,0
21,1,1,2,2,2,1,1,2,0,0,0,0,90,3,0,1,2020,18-30,1,1,1
25,1,1,1,1,1,1,1,2,2,1,2,1,60,4,0,1,2020,18-30,1,1,1
43,1,1,2,2,2,2,2,1,0,0,0,0,120,3,0,1,2020,31-45,2,1,0
60,1,1,2,2,2,2,2,1,0,0,0,0,30,4,0,1,2020,56-70,4,1,0
57,2,2,2,2,2,2,0,0,0,0,0,0,0,0,6,1,2020,56-70,4,0,0
36,1,1,1,2,2,2,1,2,2,1,0,0,60,4,0,1,2020,31-45,2,1,0
57,1,1,1,2,2,1,2,1,2,1,0,0,45,4,0,1,2020,56-70,4,1,1
25,1,1,1,2,2,2,2,1,2,1,0,0,60,4,0,1,2020,18-30,1,1,0
61,2,2,1,2,2,1,0,0,2,1,0,0,30,2,0,2,2020,56-70,4,1,1
68,1,2,1,2,2,1,0,0,2,1,0,0,30,2,0,3,2020,56-70,4,1,1
18,1,1,1,1,1,1,2,1,2,1,2,1,30,3,0,1,2020,18-30,1,1,1
19,2,2,2,2,2,2,0,0,0,0,0,0,0,0,3,1,2020,18-30,1,0,0
36,1,1,1,2,2,1,2,1,2,1,0,0,60,4,0,1,2020,31-45,2,1,1
61,2,2,1,2,2,2,0,0,2,1,0,0,30,3,0,1,2020,56-70,4,1,0
33,1,1,2,1,2,1,1,2,0,0,1,2,45,3,0,1,2020,31-45,2,1,1
27,2,2,2,2,2,2,0,0,0,0,0,0,0,0,1,2,2020,18-30,1,0,0
28,2,2,1,1,2,2,0,0,1,2,1,2,10,3,0,1,2020,18-30,1,1,0
20,1,1,2,2,2,1,1,2,0,0,0,0,20,3,0,1,2020,18-30,1,1,1
84,0,0,0,0,0,0,0,0,0,0,0,0,0,0,0,0,2020,70+,5,0,0
60,2,2,1,1,2,2,0,0,2,1,2,1,20,3,0,3,2020,56-70,4,1,0
56,2,2,2,2,2,2,0,0,0,0,0,0,0,0,1,1,2020,56-70,4,0,0
27,1,1,2,2,2,1,1,1,0,0,0,0,90,3,0,1,2020,18-30,1,1,1
37,1,2,2,2,2,1,0,0,0,0,0,0,30,3,0,1,2020,31-45,2,0,1
47,2,2,2,1,2,1,0,0,0,0,2,1,30,3,0,1,2020,46-55,3,1,1
51,1,1,2,2,2,2,2,1,0,0,0,0,60,3,0,1,2020,46-55,3,1,0
30,1,1,1,2,2,1,1,2,2,1,0,0,90,4,0,1,2020,18-30,1,1,1
57,1,1,2,2,2,2,2,1,0,0,0,0,30,3,0,2,2020,56-70,4,1,0
22,1,1,2,2,2,1,1,2,0,0,0,0,90,3,0,1,2020,18-30,1,1,1
33,2,2,2,2,2,2,0,0,0,0,0,0,0,0,3,1,2020,31-45,2,0,0
37,2,2,2,1,2,2,0,0,0,0,2,1,20,3,0,1,2020,31-45,2,1,0
21,1,1,1,2,2,1,1,2,2,1,0,0,90,3,0,1,2020,18-30,1,1,1
37,1,1,1,2,2,1,1,1,2,1,0,0,60,3,0,1,2020,31-45,2,1,1
60,1,1,1,1,2,1,1,1,2,1,2,1,90,3,0,1,2020,56-70,4,1,1
28,2,2,2,2,2,1,0,0,0,0,0,0,30,3,0,1,2020,18-30,1,0,1
31,2,2,2,2,2,2,0,0,0,0,0,0,0,0,1,2,2020,31-45,2,0,0
65,2,2,2,2,2,2,0,0,0,0,0,0,0,0,1,2,2020,56-70,4,0,0
34,2,2,2,1,2,1,0,0,0,0,2,1,20,3,0,1,2020,31-45,2,1,1
50,1,2,2,1,2,2,0,0,0,0,2,1,45,3,0,2,2020,46-55,3,1,0
68,2,2,2,2,2,2,0,0,0,0,0,0,0,0,1,2,2020,56-70,4,0,0
51,2,2,2,1,2,2,0,0,0,0,2,1,15,3,0,2,2020,46-55,3,1,0
74,1,1,2,2,2,2,2,1,0,0,0,0,60,2,0,2,2020,70+,5,1,0
73,0,0,0,0,0,0,0,0,0,0,0,0,0,0,0,0,2020,70+,5,0,0
59,1,2,1,2,2,2,0,0,2,1,0,0,20,3,0,1,2020,56-70,4,1,0
21,1,1,2,1,2,1,1,2,0,0,1,2,90,2,0,1,2020,18-30,1,1,1
28,2,2,2,1,2,1,0,0,0,0,2,1,30,3,0,1,2020,18-30,1,1,1
38,1,2,1,1,2,2,0,0,2,1,2,1,20,3,0,2,2020,31-45,2,1,0
25,1,1,2,1,2,1,1,1,0,0,2,1,60,3,0,2,2020,18-30,1,1,1
50,1,1,2,2,2,1,2,1,0,0,0,0,60,3,0,2,2020,46-55,3,1,1
26,2,2,1,2,2,2,0,0,2,1,0,0,30,3,0,2,2020,18-30,1,1,0
31,2,2,2,2,2,2,0,0,0,0,0,0,0,0,1,2,2020,31-45,2,0,0
29,2,2,2,1,2,2,0,0,0,0,2,1,15,3,0,2,2020,18-30,1,1,0
24,2,2,1,1,2,2,0,0,2,1,2,1,20,3,0,2,2020,18-30,1,1,0
50,2,2,2,2,2,2,0,0,0,0,0,0,0,0,1,2,2020,46-55,3,0,0
57,1,1,2,1,2,1,2,1,0,0,2,1,60,3,0,1,2020,56-70,4,1,1
54,2,2,1,1,2,1,0,0,2,1,1,2,30,4,0,1,2020,46-55,3,1,1
32,2,2,2,2,2,2,0,0,0,0,0,0,0,0,3,1,2020,31-45,2,0,0
65,1,1,2,2,2,2,2,1,0,0,0,0,60,3,0,2,2020,56-70,4,1,0
46,2,1,1,1,2,2,2,1,2,1,2,1,30,3,0,1,2020,46-55,3,1,0
60,2,2,2,1,2,2,0,0,0,0,2,1,20,3,0,1,2020,56-70,4,1,0
33,2,2,2,2,2,2,0,0,0,0,0,0,0,0,1,2,2020,31-45,2,0,0
46,1,1,1,2,2,1,2,1,2,1,0,0,60,4,0,1,2020,46-55,3,1,1
52,1,1,2,1,2,2,2,1,0,0,1,2,20,3,0,1,2020,46-55,3,1,0
48,1,1,2,2,2,2,2,1,0,0,0,0,30,3,0,1,2020,46-55,3,1,0
47,1,2,1,1,2,1,0,0,2,1,1,2,30,4,0,1,2020,46-55,3,1,1
44,2,2,2,1,2,2,0,0,0,0,2,1,6,1,0,2,2020,31-45,2,1,0
39,1,1,2,1,2,1,2,1,0,0,1,2,60,3,0,1,2020,31-45,2,1,1
23,1,1,2,2,1,1,2,1,0,0,0,0,180,3,0,1,2020,18-30,1,1,1
42,2,2,2,2,2,2,0,0,0,0,0,0,0,0,1,1,2020,31-45,2,0,0
37,1,2,2,2,2,2,0,0,0,0,0,0,0,0,1,2,2020,31-45,2,0,0
33,2,2,2,2,2,2,0,0,0,0,0,0,0,0,1,2,2020,31-45,2,0,0
71,1,1,2,1,2,2,2,1,0,0,2,1,20,4,0,1,2020,70+,5,1,0
56,1,1,2,2,2,2,2,1,0,0,0,0,15,4,0,2,2020,56-70,4,1,0
29,1,1,2,2,2,1,2,1,0,0,0,0,10,3,0,1,2020,18-30,1,1,1
80,1,1,2,2,2,2,2,1,0,0,0,0,180,2,0,2,2020,70+,5,1,0
38,1,2,2,1,2,2,0,0,0,0,1,1,10,2,0,1,2020,31-45,2,1,0
76,1,2,1,1,2,2,0,0,2,1,2,1,30,4,0,1,2020,70+,5,1,0
72,1,1,1,1,1,1,2,1,2,1,1,1,30,4,0,1,2020,70+,5,1,1
56,1,2,1,1,2,2,0,0,1,1,1,1,60,4,0,1,2020,56-70,4,1,0
30,1,1,1,1,2,2,2,1,1,2,1,2,20,4,0,1,2020,18-30,1,1,0
34,1,2,1,1,2,2,0,0,2,1,1,2,20,3,0,1,2020,31-45,2,1,0
24,1,1,1,1,1,1,1,1,1,2,1,1,30,4,0,1,2020,18-30,1,1,1
58,1,2,1,2,2,2,0,0,2,1,0,0,5,4,0,1,2020,56-70,4,1,0
63,1,1,2,2,2,2,2,1,0,0,0,0,60,2,0,2,2020,56-70,4,1,0
56,2,2,2,1,2,2,0,0,0,0,2,1,15,4,0,1,2020,56-70,4,1,0
52,2,2,2,2,2,2,0,0,0,0,0,0,0,0,1,1,2020,46-55,3,0,0
73,1,1,2,2,2,2,2,1,0,0,0,0,60,1,0,2,2020,70+,5,1,0
25,1,1,2,2,2,1,2,1,0,0,0,0,15,3,0,1,2020,18-30,1,1,1
24,1,1,1,2,2,1,2,1,2,1,0,0,60,4,0,1,2020,18-30,1,1,1
43,2,2,2,2,2,2,0,0,0,0,0,0,0,0,3,1,2020,31-45,2,0,0
24,2,2,2,2,2,2,0,0,0,0,0,0,0,0,3,1,2020,18-30,1,0,0
25,2,2,2,2,2,2,0,0,0,0,0,0,0,0,3,1,2020,18-30,1,0,0
39,2,2,2,2,2,2,0,0,0,0,0,0,0,0,1,2,2020,31-45,2,0,0
40,1,2,2,1,2,2,0,0,0,0,2,1,40,3,0,1,2020,31-45,2,1,0
33,2,2,2,2,2,2,0,0,0,0,0,0,0,0,1,1,2020,31-45,2,0,0
29,2,2,2,2,2,2,0,0,0,0,0,0,0,0,3,1,2020,18-30,1,0,0
38,1,1,1,1,2,1,1,2,1,2,2,1,60,3,0,1,2020,31-45,2,1,1
27,1,1,2,2,2,1,2,1,0,0,0,0,120,3,0,1,2020,18-30,1,1,1
54,2,2,2,2,2,2,0,0,0,0,0,0,0,0,1,2,2020,46-55,3,0,0
59,1,1,2,2,2,1,2,1,0,0,0,0,30,2,0,1,2020,56-70,4,1,1
29,1,1,1,2,2,1,2,1,2,1,0,0,45,3,0,1,2020,18-30,1,1,1
38,1,2,2,1,2,2,0,0,0,0,2,1,20,3,0,2,2020,31-45,2,1,0
64,1,1,1,2,2,2,2,1,2,1,0,0,40,3,0,3,2020,56-70,4,1,0
37,1,1,1,1,2,1,2,1,2,1,2,1,25,3,0,1,2020,31-45,2,1,1
60,1,1,2,2,2,2,2,1,0,0,0,0,60,3,0,1,2020,56-70,4,1,0
44,1,1,2,2,2,2,2,1,0,0,0,0,30,2,0,1,2020,31-45,2,1,0
30,1,2,1,2,2,1,0,0,1,2,0,0,20,3,0,1,2020,18-30,1,1,1
26,1,2,2,1,2,2,0,0,0,0,2,1,15,3,0,2,2020,18-30,1,1,0
44,1,1,2,1,2,2,2,1,0,0,2,1,20,3,0,2,2020,31-45,2,1,0
65,1,1,2,2,2,2,2,1,0,0,0,0,45,2,0,2,2020,56-70,4,1,0
37,1,2,1,2,2,1,0,0,2,1,0,0,20,3,0,1,2020,31-45,2,1,1
31,1,2,2,1,2,2,0,0,0,0,2,1,20,3,0,2,2020,31-45,2,1,0
50,0,0,0,0,0,0,0,0,0,0,0,0,0,0,0,0,2020,46-55,3,0,0
20,1,1,1,2,2,1,1,2,1,2,0,0,60,3,0,2,2020,18-30,1,1,1
27,1,2,2,2,2,1,0,0,0,0,0,0,30,3,0,2,2020,18-30,1,0,1
59,1,1,2,2,2,2,2,1,0,0,0,0,18,3,0,1,2020,56-70,4,1,0
48,1,2,2,1,2,2,0,0,0,0,2,1,20,3,0,2,2020,46-55,3,1,0
37,1,1,2,2,2,1,1,2,0,0,0,0,60,3,0,1,2020,31-45,2,1,1
29,1,1,1,2,2,1,1,2,2,1,0,0,30,3,0,1,2020,18-30,1,1,1
47,1,2,2,1,2,1,0,0,0,0,2,1,5,4,0,2,2020,46-55,3,1,1
82,2,2,2,2,2,2,0,0,0,0,0,0,0,0,1,2,2020,70+,5,0,0
25,1,1,1,2,2,1,2,1,2,1,0,0,30,4,0,1,2020,18-30,1,1,1
61,1,1,2,2,2,2,2,1,0,0,0,0,40,2,0,1,2020,56-70,4,1,0
24,1,1,1,2,2,1,1,2,1,2,0,0,40,4,0,1,2020,18-30,1,1,1
35,1,1,2,2,2,1,2,1,0,0,0,0,30,3,0,1,2020,31-45,2,1,1
63,1,1,2,1,2,2,2,1,0,0,2,1,40,3,0,2,2020,56-70,4,1,0
47,1,2,1,1,2,1,0,0,1,2,2,1,60,4,0,2,2020,46-55,3,1,1
46,1,2,1,1,2,1,0,0,1,2,2,1,30,4,0,1,2020,46-55,3,1,1
46,1,2,2,1,2,1,0,0,0,0,2,1,40,4,0,1,2020,46-55,3,1,1
72,1,1,2,1,2,2,2,1,0,0,2,1,30,3,0,3,2020,70+,5,1,0
38,1,2,2,2,2,1,0,0,0,0,0,0,60,3,0,1,2020,31-45,2,0,1
53,1,1,1,2,2,1,2,1,2,1,0,0,25,3,0,1,2020,46-55,3,1,1
34,2,2,1,2,2,2,0,0,2,1,0,0,30,3,0,2,2020,31-45,2,1,0
53,1,1,2,1,2,1,2,1,0,0,2,1,40,3,0,1,2020,46-55,3,1,1
61,1,1,2,2,2,1,2,1,0,0,0,0,120,3,0,2,2020,56-70,4,1,1
43,1,2,2,1,2,2,0,0,0,0,2,1,45,4,0,2,2020,31-45,2,1,0
47,1,1,1,1,2,1,2,1,2,1,2,1,50,3,0,1,2020,46-55,3,1,1
77,2,2,2,2,2,2,0,0,0,0,0,0,0,0,5,3,2020,70+,5,0,0
55,1,1,1,2,2,1,2,1,1,2,0,0,50,3,0,1,2020,46-55,3,1,1
25,2,2,2,2,2,2,0,0,0,0,0,0,0,0,3,2,2020,18-30,1,0,0
48,2,2,2,2,2,1,0,0,0,0,0,0,15,3,0,2,2020,46-55,3,0,1
30,2,2,2,2,2,1,0,0,0,0,0,0,20,3,0,2,2020,18-30,1,0,1
61,2,2,2,1,2,2,0,0,0,0,2,1,10,3,0,2,2020,56-70,4,1,0
63,2,2,2,2,2,2,0,0,0,0,0,0,0,0,1,2,2020,56-70,4,0,0
30,1,2,1,2,2,1,0,0,2,1,0,0,30,3,0,1,2020,18-30,1,1,1
40,2,2,2,1,2,2,0,0,0,0,2,1,15,3,0,2,2020,31-45,2,1,0
59,1,1,2,1,2,2,2,1,0,0,2,1,20,2,0,2,2020,56-70,4,1,0
28,1,2,2,2,2,1,0,0,0,0,0,0,20,3,0,3,2020,18-30,1,0,1
41,1,1,2,2,2,1,2,1,0,0,0,0,20,4,0,1,2020,31-45,2,1,1
35,2,2,2,2,2,2,0,0,0,0,0,0,0,0,3,2,2020,31-45,2,0,0
68,1,2,2,1,2,2,0,0,0,0,2,1,30,4,0,1,2020,56-70,4,1,0
70,2,2,2,2,2,2,0,0,0,0,0,0,0,0,1,2,2020,56-70,4,0,0
49,2,2,2,2,2,2,0,0,0,0,0,0,0,0,1,2,2020,46-55,3,0,0
47,1,2,1,1,1,2,0,0,2,1,2,1,15,3,0,2,2020,46-55,3,1,0
54,1,2,2,2,2,1,0,0,0,0,0,0,45,3,0,2,2020,46-55,3,0,1
23,2,2,2,2,2,1,0,0,0,0,0,0,35,4,0,2,2020,18-30,1,0,1
71,1,2,2,1,2,2,0,0,0,0,2,1,30,3,0,3,2020,70+,5,1,0
43,2,2,2,2,2,1,0,0,0,0,0,0,50,4,0,1,2020,31-45,2,0,1
26,2,1,2,2,2,1,2,1,0,0,0,0,30,4,0,1,2020,18-30,1,1,1
71,2,2,2,2,2,2,0,0,0,0,0,0,0,0,1,2,2020,70+,5,0,0
66,2,2,2,2,2,2,0,0,0,0,0,0,0,0,1,2,2020,56-70,4,0,0
26,2,2,2,2,2,2,0,0,0,0,0,0,0,0,1,2,2020,18-30,1,0,0
37,1,2,1,2,2,1,0,0,2,1,0,0,50,4,0,2,2020,31-45,2,1,1
58,1,1,2,1,2,1,2,1,0,0,2,1,45,4,0,1,2020,56-70,4,1,1
21,1,2,1,2,2,1,0,0,2,1,0,0,60,4,0,1,2020,18-30,1,1,1
42,1,2,1,2,2,1,0,0,2,1,0,0,45,3,0,1,2020,31-45,2,1,1
61,1,2,2,1,2,1,0,0,0,0,2,1,30,4,0,1,2020,56-70,4,1,1
70,1,2,2,1,2,2,0,0,0,0,2,1,30,3,0,1,2020,56-70,4,1,0
51,2,2,2,2,2,2,0,0,0,0,0,0,0,0,3,2,2020,46-55,3,0,0
62,2,2,2,2,2,2,0,0,0,0,0,0,0,0,1,2,2020,56-70,4,0,0
26,2,2,2,2,2,2,0,0,0,0,0,0,0,0,1,2,2020,18-30,1,0,0
27,2,2,2,2,2,1,0,0,0,0,0,0,40,4,0,2,2020,18-30,1,0,1
51,1,1,2,2,2,2,2,1,0,0,0,0,45,2,0,2,2020,46-55,3,1,0
34,1,2,1,1,2,1,0,0,2,1,2,1,60,4,0,1,2020,31-45,2,1,1
26,2,2,2,2,2,2,0,0,0,0,0,0,0,0,1,1,2020,18-30,1,0,0
52,1,2,2,1,2,1,0,0,0,0,2,1,30,3,0,3,2020,46-55,3,1,1
45,1,1,1,2,2,1,2,1,2,1,0,0,120,4,0,1,2020,31-45,2,1,1
52,1,2,2,1,2,1,0,0,0,0,2,1,60,3,0,1,2020,46-55,3,1,1
30,1,1,1,1,2,2,2,1,1,2,2,1,15,4,0,1,2020,18-30,1,1,0
46,1,2,1,1,2,1,0,0,1,2,2,1,30,2,0,2,2020,46-55,3,1,1
44,1,1,1,2,2,1,2,1,2,1,0,0,30,3,0,2,2020,31-45,2,1,1
19,1,1,1,2,2,2,1,2,2,1,0,0,15,2,0,2,2020,18-30,1,1,0
66,2,2,2,2,2,2,0,0,0,0,0,0,0,0,1,2,2020,56-70,4,0,0
46,2,2,2,2,2,2,0,0,0,0,0,0,0,0,3,2,2020,46-55,3,0,0
67,2,2,2,2,2,2,0,0,0,0,0,0,0,0,5,2,2020,56-70,4,0,0
43,1,1,1,2,2,1,2,1,2,1,0,0,30,3,0,2,2020,31-45,2,1,1
27,1,1,1,2,2,2,2,1,2,1,0,0,20,4,0,2,2020,18-30,1,1,0
28,1,2,2,1,2,1,0,0,0,0,2,1,30,3,0,2,2020,18-30,1,1,1
51,1,2,1,1,2,2,0,0,2,1,2,1,30,3,0,1,2020,46-55,3,1,0
57,1,2,2,1,2,2,0,0,0,0,2,1,20,3,0,1,2020,56-70,4,1,0
33,1,2,1,2,2,2,0,0,2,1,0,0,15,2,0,1,2020,31-45,2,1,0
72,2,2,2,2,2,2,0,0,0,0,0,0,0,0,5,2,2020,70+,5,0,0
57,2,2,2,1,2,2,0,0,0,0,2,1,15,4,0,2,2020,56-70,4,1,0
36,1,2,1,2,2,2,0,0,2,1,0,0,30,3,0,1,2020,31-45,2,1,0
85,0,0,0,0,0,0,0,0,0,0,0,0,0,0,0,0,2020,70+,5,0,0
29,2,2,2,2,1,2,0,0,0,0,0,0,60,1,0,2,2020,18-30,1,1,0
58,1,2,2,2,1,2,0,0,0,0,0,0,30,2,0,2,2020,56-70,4,1,0
47,1,1,2,2,2,2,2,1,0,0,0,0,60,2,0,2,2020,46-55,3,1,0
45,1,1,2,1,2,2,2,1,0,0,2,1,20,4,0,1,2020,31-45,2,1,0
52,1,1,2,2,2,2,2,1,0,0,0,0,30,2,0,2,2020,46-55,3,1,0
59,1,2,2,1,2,1,0,0,0,0,2,1,30,3,0,1,2020,56-70,4,1,1
46,1,1,1,1,2,2,2,1,2,1,2,1,30,3,0,2,2020,46-55,3,1,0
23,2,2,1,2,1,2,0,0,2,1,0,0,10,2,0,1,2020,18-30,1,1,0
71,2,2,2,2,2,2,0,0,0,0,0,0,0,0,1,2,2020,70+,5,0,0
55,1,2,2,2,2,2,0,0,0,0,0,0,0,0,3,2,2020,46-55,3,0,0
48,0,0,0,0,0,0,0,0,0,0,0,0,0,0,0,0,2020,46-55,3,0,0
42,1,1,1,1,1,1,1,2,2,1,2,1,30,3,0,1,2020,31-45,2,1,1
53,1,1,1,1,1,2,2,1,2,1,2,1,20,2,0,2,2020,46-55,3,1,0
29,1,1,1,1,2,1,1,1,1,2,1,2,30,3,0,2,2020,18-30,1,1,1
35,1,1,2,2,2,2,2,1,0,0,0,0,20,3,0,1,2020,31-45,2,1,0
69,0,0,0,0,0,0,0,0,0,0,0,0,0,0,0,0,2020,56-70,4,0,0
66,1,2,2,1,2,2,0,0,0,0,2,1,30,2,0,1,2020,56-70,4,1,0
20,2,2,2,2,2,1,0,0,0,0,0,0,30,3,0,1,2020,18-30,1,0,1
60,1,2,2,2,2,2,0,0,0,0,0,0,0,0,3,1,2020,56-70,4,0,0
26,1,1,1,2,2,1,2,1,2,1,0,0,40,4,0,1,2020,18-30,1,1,1
71,0,0,0,0,0,0,0,0,0,0,0,0,0,0,0,0,2020,70+,5,0,0
68,1,1,2,1,2,2,2,1,0,0,2,1,60,2,0,1,2020,56-70,4,1,0
70,1,1,2,1,2,2,2,1,0,0,2,1,50,1,0,1,2020,56-70,4,1,0
43,1,1,2,2,2,1,1,2,0,0,0,0,40,3,0,1,2020,31-45,2,1,1
37,1,1,1,2,2,1,2,1,1,2,0,0,120,4,0,1,2020,31-45,2,1,1
47,1,1,2,2,2,1,2,1,0,0,0,0,60,4,0,1,2020,46-55,3,1,1
32,1,1,1,2,2,1,2,1,2,1,0,0,60,4,0,1,2020,31-45,2,1,1
52,2,2,2,2,2,2,0,0,0,0,0,0,0,0,1,2,2020,46-55,3,0,0
45,1,1,1,2,2,1,2,1,2,1,0,0,30,3,0,1,2020,31-45,2,1,1
54,1,1,2,1,2,1,1,2,0,0,2,1,45,3,0,1,2020,46-55,3,1,1
73,1,1,2,1,2,2,2,1,0,0,2,1,60,2,0,1,2020,70+,5,1,0
41,1,1,1,1,2,1,2,1,2,1,2,1,120,3,0,1,2020,31-45,2,1,1
19,1,1,2,2,2,1,2,1,0,0,0,0,60,3,0,1,2020,18-30,1,1,1
48,2,2,2,2,2,2,0,0,0,0,0,0,0,0,1,2,2020,46-55,3,0,0
40,2,2,2,2,2,2,0,0,0,0,0,0,0,0,3,2,2020,31-45,2,0,0
53,2,2,2,2,2,2,0,0,0,0,0,0,0,0,3,1,2020,46-55,3,0,0
47,2,2,2,2,2,2,0,0,0,0,0,0,0,0,3,2,2020,46-55,3,0,0
28,1,1,1,1,1,1,1,2,2,1,2,1,60,3,0,1,2020,18-30,1,1,1
45,1,1,2,1,2,1,1,2,0,0,1,2,480,3,0,1,2020,31-45,2,1,1
56,0,0,0,0,0,0,0,0,0,0,0,0,0,0,0,0,2020,56-70,4,0,0
81,2,2,2,2,2,2,0,0,0,0,0,0,0,0,5,1,2020,70+,5,0,0
28,1,1,1,1,2,2,1,2,2,1,2,1,30,3,0,1,2020,18-30,1,1,0
59,2,2,2,2,2,2,0,0,0,0,0,0,0,0,3,2,2020,56-70,4,0,0
36,1,1,2,2,2,1,2,1,0,0,0,0,30,3,0,1,2020,31-45,2,1,1
47,1,1,1,1,1,2,2,1,2,1,2,1,30,2,0,1,2020,46-55,3,1,0
52,2,2,2,2,2,2,0,0,0,0,0,0,0,0,1,2,2020,46-55,3,0,0
32,2,2,2,2,2,2,0,0,0,0,0,0,0,0,1,2,2020,31-45,2,0,0
60,0,0,0,0,0,0,0,0,0,0,0,0,0,0,0,0,2020,56-70,4,0,0
54,1,1,2,2,2,1,2,1,0,0,0,0,60,3,0,1,2020,46-55,3,1,1
36,2,2,2,2,2,2,0,0,0,0,0,0,0,0,1,2,2020,31-45,2,0,0
26,1,2,2,1,2,1,0,0,0,0,2,1,30,3,0,1,2020,18-30,1,1,1
68,1,2,1,2,2,2,0,0,2,1,0,0,60,4,0,2,2020,56-70,4,1,0
62,1,2,2,1,2,1,0,0,0,0,2,1,30,3,0,2,2020,56-70,4,1,1
38,1,2,2,2,2,1,0,0,0,0,0,0,30,3,0,2,2020,31-45,2,0,1
68,2,2,1,2,2,2,0,0,2,1,0,0,30,3,0,2,2020,56-70,4,1,0
45,2,2,2,2,2,2,0,0,0,0,0,0,0,0,3,2,2020,31-45,2,0,0
29,1,1,2,1,1,1,2,1,0,0,2,1,40,3,0,1,2020,18-30,1,1,1
55,2,2,2,2,2,2,0,0,0,0,0,0,0,0,1,2,2020,46-55,3,0,0
33,2,2,2,2,2,1,0,0,0,0,0,0,10,4,0,1,2020,31-45,2,0,1
21,1,1,2,2,2,1,2,1,0,0,0,0,60,3,0,1,2020,18-30,1,1,1
44,2,2,2,2,2,2,0,0,0,0,0,0,0,0,3,2,2020,31-45,2,0,0
80,1,2,2,2,2,2,0,0,0,0,0,0,0,0,3,2,2020,70+,5,0,0
36,1,1,1,1,2,2,2,1,2,1,2,1,60,2,0,2,2020,31-45,2,1,0
44,2,2,2,2,2,2,0,0,0,0,0,0,0,0,1,2,2020,31-45,2,0,0
52,1,1,2,2,1,1,2,1,0,0,0,0,60,4,0,1,2020,46-55,3,1,1
38,1,1,1,2,2,1,2,1,2,1,0,0,20,3,0,1,2020,31-45,2,1,1
73,1,2,2,1,2,2,0,0,0,0,2,1,30,3,0,2,2020,70+,5,1,0
28,2,1,1,2,2,1,2,1,2,1,0,0,15,3,0,1,2020,18-30,1,1,1
44,1,1,2,2,2,1,2,1,0,0,0,0,20,3,0,2,2020,31-45,2,1,1
39,1,2,1,2,2,1,0,0,2,1,0,0,30,3,0,2,2020,31-45,2,1,1
33,1,1,1,1,2,1,1,1,1,2,1,2,30,4,0,1,2020,31-45,2,1,1
30,1,2,1,1,2,1,0,0,2,1,2,1,60,4,0,1,2020,18-30,1,1,1
18,2,2,1,2,2,1,0,0,2,1,0,0,30,3,0,2,2020,18-30,1,1,1
23,1,1,2,2,2,1,1,1,0,0,0,0,60,3,0,1,2020,18-30,1,1,1
42,1,2,1,1,1,1,0,0,2,1,2,1,60,2,0,1,2020,31-45,2,1,1
40,1,2,2,1,2,1,0,0,0,0,2,1,30,4,0,3,2020,31-45,2,1,1
39,1,2,1,2,1,2,0,0,2,1,0,0,20,3,0,1,2020,31-45,2,1,0
18,2,2,1,1,2,1,0,0,2,1,2,1,30,3,0,1,2020,18-30,1,1,1
70,1,2,2,1,2,1,0,0,0,0,2,1,15,2,0,2,2020,56-70,4,1,1
89,1,2,2,2,2,2,0,0,0,0,0,0,0,0,3,2,2020,70+,5,0,0
78,1,2,1,1,2,2,0,0,2,1,2,1,15,4,0,1,2020,70+,5,1,0
44,1,2,2,1,2,1,0,0,0,0,2,1,30,3,0,1,2020,31-45,2,1,1
29,1,1,2,2,2,2,2,1,0,0,0,0,25,4,0,1,2020,18-30,1,1,0
30,1,2,2,2,2,1,0,0,0,0,0,0,15,4,0,2,2020,18-30,1,0,1
85,1,2,2,2,2,2,0,0,0,0,0,0,0,0,6,2,2020,70+,5,0,0
60,1,2,1,2,1,1,0,0,2,1,0,0,15,3,0,2,2020,56-70,4,1,1
23,1,1,2,2,2,1,2,1,0,0,0,0,30,2,0,2,2020,18-30,1,1,1
58,1,1,2,1,2,1,2,1,0,0,1,2,30,4,0,1,2020,56-70,4,1,1
18,1,1,2,2,2,1,2,1,0,0,0,0,15,4,0,1,2020,18-30,1,1,1
77,2,2,1,2,2,1,0,0,2,1,0,0,60,4,0,1,2020,70+,5,1,1
45,1,1,1,1,2,1,1,1,1,2,2,1,30,3,0,1,2020,31-45,2,1,1
48,1,2,2,2,2,2,0,0,0,0,0,0,0,0,3,1,2020,46-55,3,0,0
56,1,1,2,1,2,2,2,1,0,0,2,1,20,3,0,2,2020,56-70,4,1,0
56,0,0,0,0,0,0,0,0,0,0,0,0,0,0,0,0,2020,56-70,4,0,0
37,1,1,2,1,1,1,2,1,0,0,2,1,20,3,0,2,2020,31-45,2,1,1
56,1,1,2,1,2,2,2,1,0,0,2,1,30,3,0,1,2020,56-70,4,1,0
38,2,2,2,2,2,2,0,0,0,0,0,0,0,0,2,2,2020,31-45,2,0,0
45,1,2,2,1,2,2,0,0,0,0,2,1,20,3,0,2,2020,31-45,2,1,0
40,1,1,2,2,1,2,2,1,0,0,0,0,20,3,0,1,2020,31-45,2,1,0
39,2,2,2,1,2,2,0,0,0,0,2,1,5,2,0,2,2020,31-45,2,1,0
31,2,2,1,1,2,1,0,0,2,1,2,1,60,3,0,1,2020,31-45,2,1,1
44,1,1,1,1,1,1,2,1,2,1,2,1,5,2,0,1,2020,31-45,2,1,1
21,1,1,1,2,2,1,2,1,1,2,0,0,20,3,0,1,2020,18-30,1,1,1
61,1,1,1,1,2,2,2,1,2,1,2,1,60,3,0,2,2020,56-70,4,1,0
61,2,2,2,1,1,2,0,0,0,0,2,1,15,3,0,2,2020,56-70,4,1,0
26,1,1,1,2,1,1,2,1,1,2,0,0,60,4,0,1,2020,18-30,1,1,1
31,1,2,2,2,2,2,0,0,0,0,0,0,0,0,1,2,2020,31-45,2,0,0
53,2,2,2,2,2,2,0,0,0,0,0,0,0,0,2,2,2020,46-55,3,0,0
54,1,2,2,2,2,1,0,0,0,0,0,0,10,3,0,2,2020,46-55,3,0,1
25,2,2,2,2,2,1,0,0,0,0,0,0,15,4,0,1,2020,18-30,1,0,1
25,1,1,1,2,2,1,1,2,1,2,0,0,60,3,0,1,2020,18-30,1,1,1
61,2,2,2,2,2,2,0,0,0,0,0,0,0,0,3,2,2020,56-70,4,0,0
60,1,1,1,2,2,2,2,1,2,1,0,0,30,2,0,1,2020,56-70,4,1,0
31,1,1,1,1,1,1,2,1,2,1,2,1,120,3,0,1,2020,31-45,2,1,1
37,1,1,2,2,2,1,2,1,0,0,0,0,20,3,0,2,2020,31-45,2,1,1
52,2,2,2,2,2,2,0,0,0,0,0,0,0,0,1,2,2020,46-55,3,0,0
39,1,2,1,1,2,2,0,0,2,1,2,1,30,3,0,1,2020,31-45,2,1,0
47,2,2,2,2,2,2,0,0,0,0,0,0,0,0,5,1,2020,46-55,3,0,0
62,1,1,1,2,2,2,1,1,2,1,0,0,60,3,0,2,2020,56-70,4,1,0
70,1,1,2,2,2,2,2,1,0,0,0,0,15,2,0,2,2020,56-70,4,1,0
51,1,1,1,2,2,1,2,1,1,2,0,0,30,3,0,2,2020,46-55,3,1,1
23,2,2,1,2,1,1,0,0,1,2,0,0,15,3,0,2,2020,18-30,1,1,1
52,2,2,2,2,2,2,0,0,0,0,0,0,0,0,3,2,2020,46-55,3,0,0
21,1,1,1,2,2,1,1,2,1,2,0,0,50,3,0,1,2020,18-30,1,1,1
24,1,2,2,2,2,1,0,0,0,0,0,0,1,2,0,1,2020,18-30,1,0,1
36,1,1,1,2,2,1,2,1,2,1,0,0,20,3,0,2,2020,31-45,2,1,1
22,1,1,1,2,2,1,1,2,1,2,0,0,30,3,0,1,2020,18-30,1,1,1
41,2,1,1,2,2,2,2,1,2,1,0,0,15,2,0,1,2020,31-45,2,1,0
33,2,1,2,2,2,2,2,1,0,0,0,0,15,1,0,2,2020,31-45,2,1,0
30,2,2,2,2,2,1,0,0,0,0,0,0,60,3,0,2,2020,18-30,1,0,1
34,1,1,2,2,2,1,2,1,0,0,0,0,60,3,0,1,2020,31-45,2,1,1
31,2,2,2,2,2,2,0,0,0,0,0,0,0,0,3,2,2020,31-45,2,0,0
52,1,1,2,2,2,1,2,1,0,0,0,0,30,2,0,1,2020,46-55,3,1,1
33,2,2,2,2,2,2,0,0,0,0,0,0,0,0,3,2,2020,31-45,2,0,0
32,1,1,2,2,2,2,2,1,0,0,0,0,20,4,0,2,2020,31-45,2,1,0
44,2,2,2,2,2,2,0,0,0,0,0,0,0,0,3,1,2020,31-45,2,0,0
38,1,1,1,1,1,1,2,1,2,1,2,1,60,3,0,1,2020,31-45,2,1,1
71,2,2,2,2,2,2,0,0,0,0,0,0,0,0,3,2,2020,70+,5,0,0
43,2,2,2,1,2,1,0,0,0,0,2,1,5,1,0,2,2020,31-45,2,1,1
55,2,2,2,2,2,2,0,0,0,0,0,0,0,0,1,2,2020,46-55,3,0,0
28,1,1,2,1,2,1,2,1,0,0,2,1,30,3,0,1,2020,18-30,1,1,1
26,2,2,2,1,2,2,0,0,0,0,2,1,25,3,0,1,2020,18-30,1,1,0
40,2,2,2,2,2,1,0,0,0,0,0,0,15,3,0,1,2021,31-45,2,0,1
43,2,2,2,2,2,2,0,0,0,0,0,0,0,0,2,1,2021,31-45,2,0,0
27,2,2,2,2,2,1,0,0,0,0,0,0,20,3,0,1,2021,18-30,1,0,1
68,1,2,2,1,2,2,0,0,0,0,1,1,20,1,0,1,2021,56-70,4,1,0
56,2,2,2,2,2,2,0,0,0,0,0,0,0,0,3,1,2021,56-70,4,0,0
44,2,2,2,2,2,2,0,0,0,0,0,0,0,0,2,1,2021,31-45,2,0,0
46,2,2,2,2,2,2,0,0,0,0,0,0,0,0,3,1,2021,46-55,3,0,0
49,2,2,2,2,2,2,0,0,0,0,0,0,0,0,3,1,2021,46-55,3,0,0
22,1,1,1,2,2,1,2,1,2,1,0,0,60,4,0,1,2021,18-30,1,1,1
19,1,1,1,2,2,1,2,1,2,1,0,0,120,4,0,1,2021,18-30,1,1,1
46,1,1,2,2,2,1,2,1,0,0,0,0,30,4,0,1,2021,46-55,3,1,1
44,1,1,2,1,2,1,2,1,0,0,2,1,45,4,0,1,2021,31-45,2,1,1
69,1,1,1,1,2,1,2,1,2,1,2,1,90,4,0,1,2021,56-70,4,1,1
41,2,2,2,2,2,1,0,0,0,0,0,0,60,4,0,1,2021,31-45,2,0,1
38,1,2,2,1,2,1,0,0,0,0,2,1,15,4,0,1,2021,31-45,2,1,1
39,1,2,1,2,2,1,0,0,2,1,0,0,60,3,0,1,2021,31-45,2,1,1
61,2,2,2,2,2,2,0,0,0,0,0,0,0,0,3,1,2021,56-70,4,0,0
56,1,1,2,2,2,1,1,1,0,0,0,0,30,3,0,1,2021,56-70,4,1,1
62,2,2,2,2,2,2,0,0,0,0,0,0,0,0,2,2,2021,56-70,4,0,0
55,2,2,2,2,2,2,0,0,0,0,0,0,0,0,3,1,2021,46-55,3,0,0
25,2,2,1,2,2,1,0,0,1,2,0,0,15,3,0,1,2021,18-30,1,1,1
32,2,2,2,2,2,1,0,0,0,0,0,0,20,3,0,1,2021,31-45,2,0,1
20,1,1,2,2,2,1,1,2,0,0,0,0,40,3,0,1,2021,18-30,1,1,1
39,1,1,2,2,2,1,1,2,0,0,0,0,60,3,0,1,2021,31-45,2,1,1
50,1,1,1,2,2,1,2,1,2,1,0,0,30,3,0,1,2021,46-55,3,1,1
41,2,2,2,2,2,1,0,0,0,0,0,0,20,3,0,1,2021,31-45,2,0,1
31,1,2,1,2,2,1,0,0,1,2,0,0,30,3,0,1,2021,31-45,2,1,1
48,2,2,2,2,2,2,0,0,0,0,0,0,0,0,3,1,2021,46-55,3,0,0
31,2,2,2,1,2,2,0,0,0,0,1,2,10,3,0,1,2021,31-45,2,1,0
46,2,2,2,2,2,2,0,0,0,0,0,0,0,0,3,1,2021,46-55,3,0,0
43,1,1,2,2,2,1,1,2,0,0,0,0,40,3,0,1,2021,31-45,2,1,1
71,2,2,2,2,2,2,0,0,0,0,0,0,0,0,5,1,2021,70+,5,0,0
47,2,2,2,2,2,2,0,0,0,0,0,0,0,0,3,1,2021,46-55,3,0,0
42,2,2,2,2,2,2,0,0,0,0,0,0,0,0,3,1,2021,31-45,2,0,0
20,1,1,2,2,2,1,2,1,0,0,0,0,30,3,0,1,2021,18-30,1,1,1
31,2,2,2,2,2,2,0,0,0,0,0,0,0,0,2,1,2021,31-45,2,0,0
23,1,1,2,2,2,1,2,1,0,0,0,0,30,3,0,1,2021,18-30,1,1,1
51,2,2,2,1,2,2,0,0,0,0,2,1,15,3,0,1,2021,46-55,3,1,0
50,1,1,2,2,2,2,1,2,0,0,0,0,20,2,0,1,2021,46-55,3,1,0
34,2,2,2,2,2,1,0,0,0,0,0,0,15,3,0,1,2021,31-45,2,0,1
54,2,2,2,2,2,2,0,0,0,0,0,0,0,0,3,1,2021,46-55,3,0,0
36,2,2,2,2,2,2,0,0,0,0,0,0,0,0,3,1,2021,31-45,2,0,0
47,2,2,2,2,2,2,0,0,0,0,0,0,0,0,3,1,2021,46-55,3,0,0
19,1,1,2,2,2,1,1,2,0,0,0,0,40,3,0,1,2021,18-30,1,1,1
28,2,2,2,2,2,2,0,0,0,0,0,0,0,0,2,1,2021,18-30,1,0,0
50,1,2,2,1,2,2,0,0,0,0,2,1,30,3,0,2,2021,46-55,3,1,0
40,2,2,2,2,2,2,0,0,0,0,0,0,0,0,3,2,2021,31-45,2,0,0
26,1,2,2,2,2,1,0,0,0,0,0,0,30,4,0,2,2021,18-30,1,0,1
43,2,2,2,2,2,2,0,0,0,0,0,0,0,0,1,2,2021,31-45,2,0,0
25,1,2,1,1,2,1,0,0,2,1,2,1,30,3,0,2,2021,18-30,1,1,1
31,1,1,2,2,2,2,2,1,0,0,0,0,60,4,0,1,2021,31-45,2,1,0
45,1,1,2,2,2,2,2,1,0,0,0,0,30,3,0,1,2021,31-45,2,1,0
44,2,2,2,2,2,2,0,0,0,0,0,0,0,0,3,1,2021,31-45,2,0,0
34,2,2,1,2,2,2,0,0,2,1,0,0,15,3,0,1,2021,31-45,2,1,0
41,1,1,1,2,2,2,1,2,1,2,0,0,20,3,0,1,2021,31-45,2,1,0
26,2,2,1,2,2,2,0,0,2,1,0,0,20,3,0,1,2021,18-30,1,1,0
40,2,2,2,2,2,2,0,0,0,0,0,0,0,0,3,1,2021,31-45,2,0,0
36,2,2,2,2,2,2,0,0,0,0,0,0,0,0,1,1,2021,31-45,2,0,0
92,1,1,2,2,2,2,2,1,0,0,0,0,60,3,0,1,2021,70+,5,1,0
44,2,2,2,2,1,2,0,0,0,0,0,0,20,3,0,2,2021,31-45,2,1,0
32,2,2,2,2,2,2,0,0,0,0,0,0,0,0,5,1,2021,31-45,2,0,0
45,2,2,2,2,2,2,0,0,0,0,0,0,0,0,3,1,2021,31-45,2,0,0
20,1,1,2,2,2,2,2,1,0,0,0,0,60,3,0,2,2021,18-30,1,1,0
24,2,2,2,2,2,2,0,0,0,0,0,0,0,0,3,1,2021,18-30,1,0,0
67,1,2,2,2,2,2,0,0,0,0,0,0,0,0,2,1,2021,56-70,4,0,0
41,1,2,1,1,2,2,0,0,2,1,2,1,60,3,0,1,2021,31-45,2,1,0
50,0,0,0,0,0,0,0,0,0,0,0,0,0,0,0,0,2021,46-55,3,0,0
52,1,2,2,1,2,2,0,0,0,0,2,1,30,4,0,3,2021,46-55,3,1,0
64,2,2,2,1,2,1,0,0,0,0,1,2,60,4,0,1,2021,56-70,4,1,1
69,1,2,1,1,2,2,0,0,2,1,1,1,30,4,0,1,2021,56-70,4,1,0
73,1,1,1,1,2,1,2,1,1,2,1,2,180,3,0,1,2021,70+,5,1,1
33,1,1,2,2,2,2,2,1,0,0,0,0,40,4,0,1,2021,31-45,2,1,0
22,1,1,2,2,2,1,1,2,0,0,0,0,25,3,0,1,2021,18-30,1,1,1
36,0,0,0,0,0,0,0,0,0,0,0,0,0,0,0,0,2021,31-45,2,0,0
59,1,1,2,2,2,2,2,1,0,0,0,0,15,4,0,1,2021,56-70,4,1,0
59,2,2,2,2,2,2,0,0,0,0,0,0,0,0,1,2,2021,56-70,4,0,0
50,2,2,2,1,2,2,0,0,0,0,2,1,5,4,0,1,2021,46-55,3,1,0
35,1,1,2,2,1,2,2,1,0,0,0,0,20,3,0,1,2021,31-45,2,1,0
35,2,1,1,2,2,2,2,1,2,1,0,0,20,3,0,1,2021,31-45,2,1,0
27,1,2,2,2,2,2,0,0,0,0,0,0,0,0,3,1,2021,18-30,1,0,0
31,2,2,2,2,2,2,0,0,0,0,0,0,0,0,3,1,2021,31-45,2,0,0
25,2,2,2,2,2,2,0,0,0,0,0,0,0,0,3,1,2021,18-30,1,0,0
33,1,1,1,1,2,2,2,1,2,1,2,1,20,4,0,1,2021,31-45,2,1,0
67,1,2,2,1,2,2,0,0,0,0,2,1,10,2,0,1,2021,56-70,4,1,0
39,1,1,1,2,2,1,1,2,1,2,0,0,30,3,0,1,2021,31-45,2,1,1
70,2,2,2,2,2,2,0,0,0,0,0,0,0,0,5,2,2021,56-70,4,0,0
68,1,1,1,2,2,2,2,1,2,1,0,0,30,3,0,2,2021,56-70,4,1,0
31,2,2,2,2,2,2,0,0,0,0,0,0,0,0,1,2,2021,31-45,2,0,0
40,1,1,1,2,2,1,1,2,1,2,0,0,30,3,0,1,2021,31-45,2,1,1
51,1,2,2,1,2,2,0,0,0,0,2,1,25,3,0,2,2021,46-55,3,1,0
31,1,2,2,2,2,1,0,0,0,0,0,0,30,3,0,1,2021,31-45,2,0,1
29,1,2,2,2,2,1,0,0,0,0,0,0,30,3,0,2,2021,18-30,1,0,1
32,1,2,2,2,2,1,0,0,0,0,0,0,30,3,0,2,2021,31-45,2,0,1
52,1,2,1,2,2,1,0,0,2,1,0,0,25,3,0,2,2021,46-55,3,1,1
75,2,2,2,2,2,2,0,0,0,0,0,0,0,0,5,3,2021,70+,5,0,0
29,2,2,2,2,2,2,0,0,0,0,0,0,0,0,1,1,2021,18-30,1,0,0
73,0,0,0,0,0,0,0,0,0,0,0,0,0,0,0,0,2021,70+,5,0,0
26,1,2,2,2,2,1,0,0,0,0,0,0,30,3,0,2,2021,18-30,1,0,1
24,1,1,2,2,2,1,1,2,0,0,0,0,60,3,0,1,2021,18-30,1,1,1
36,1,2,2,2,2,1,0,0,0,0,0,0,40,3,0,2,2021,31-45,2,0,1
73,1,1,2,2,2,2,2,1,0,0,0,0,30,3,0,2,2021,70+,5,1,0
24,1,2,1,2,2,1,0,0,1,2,0,0,30,3,0,1,2021,18-30,1,1,1
72,1,2,2,1,2,2,0,0,0,0,2,1,25,3,0,2,2021,70+,5,1,0
29,1,1,1,2,2,1,1,2,1,2,0,0,30,3,0,1,2021,18-30,1,1,1
51,2,2,2,2,2,2,0,0,0,0,0,0,0,0,3,2,2021,46-55,3,0,0
65,2,2,2,2,2,2,0,0,0,0,0,0,0,0,5,2,2021,56-70,4,0,0
51,1,1,2,2,2,2,1,2,0,0,0,0,40,3,0,2,2021,46-55,3,1,0
35,2,2,2,2,2,2,0,0,0,0,0,0,0,0,1,2,2021,31-45,2,0,0
52,1,1,2,2,2,2,2,1,0,0,0,0,30,3,0,1,2021,46-55,3,1,0
45,1,2,2,2,2,1,0,0,0,0,0,0,25,3,0,2,2021,31-45,2,0,1
28,1,2,2,2,2,1,0,0,0,0,0,0,25,2,0,2,2021,18-30,1,0,1
33,1,1,1,2,2,1,2,1,2,1,0,0,40,3,0,1,2021,31-45,2,1,1
61,1,1,1,2,2,1,2,1,1,1,0,0,60,3,0,1,2021,56-70,4,1,1
67,2,2,2,2,2,2,0,0,0,0,0,0,0,0,5,2,2021,56-70,4,0,0
47,1,1,1,2,2,1,2,1,1,2,0,0,45,3,0,1,2021,46-55,3,1,1
24,1,1,2,2,2,1,1,2,0,0,0,0,30,3,0,1,2021,18-30,1,1,1
40,1,2,1,2,2,1,0,0,1,2,0,0,20,3,0,1,2021,31-45,2,1,1
70,1,2,1,1,2,2,0,0,2,1,2,1,15,3,0,1,2021,56-70,4,1,0
28,1,2,2,2,2,1,0,0,0,0,0,0,20,3,0,1,2021,18-30,1,0,1
35,1,2,2,2,2,1,0,0,0,0,0,0,40,3,0,2,2021,31-45,2,0,1
37,1,2,1,2,2,1,0,0,2,1,0,0,10,3,0,2,2021,31-45,2,1,1
30,2,2,2,1,2,2,0,0,0,0,2,1,30,4,0,1,2021,18-30,1,1,0
51,2,2,2,2,2,1,0,0,0,0,0,0,20,3,0,1,2021,46-55,3,0,1
31,1,2,1,1,2,1,0,0,1,2,2,1,60,4,0,1,2021,31-45,2,1,1
78,1,1,1,1,2,2,2,1,2,1,2,1,30,3,0,1,2021,70+,5,1,0
61,1,2,2,1,2,1,0,0,0,0,2,1,10,1,0,1,2021,56-70,4,1,1
45,2,2,2,2,2,2,0,0,0,0,0,0,0,0,1,2,2021,31-45,2,0,0
69,1,1,1,1,1,1,2,1,2,1,2,1,60,2,0,1,2021,56-70,4,1,1
68,1,2,1,1,2,1,0,0,2,1,2,1,60,2,0,2,2021,56-70,4,1,1
36,1,1,1,2,1,2,2,1,2,1,0,0,60,2,0,1,2021,31-45,2,1,0
38,1,2,2,1,2,1,0,0,0,0,1,2,15,3,0,2,2021,31-45,2,1,1
36,1,1,2,2,2,2,2,1,0,0,0,0,60,1,0,2,2021,31-45,2,1,0
41,1,2,1,1,2,1,0,0,2,1,2,1,90,3,0,1,2021,31-45,2,1,1
26,1,1,1,2,2,1,2,1,1,2,0,0,120,3,0,2,2021,18-30,1,1,1
32,2,1,2,2,2,2,2,1,0,0,0,0,10,2,0,2,2021,31-45,2,1,0
26,1,1,2,2,1,1,2,1,0,0,0,0,10,3,0,1,2021,18-30,1,1,1
48,1,2,1,2,2,1,0,0,1,2,0,0,30,4,0,1,2021,46-55,3,1,1
35,1,1,2,2,2,1,1,2,0,0,0,0,30,4,0,1,2021,31-45,2,1,1
87,0,0,0,0,0,0,0,0,0,0,0,0,0,0,0,0,2021,70+,5,0,0
22,1,1,1,2,1,1,2,1,2,1,0,0,90,4,0,1,2021,18-30,1,1,1
60,1,1,2,1,2,2,2,1,0,0,2,1,40,3,0,2,2021,56-70,4,1,0
64,1,1,2,2,2,1,2,1,0,0,0,0,60,1,0,2,2021,56-70,4,1,1
39,1,1,2,2,2,1,1,2,0,0,0,0,60,3,0,2,2021,31-45,2,1,1
18,1,1,2,1,2,1,2,1,0,0,2,1,30,3,0,1,2021,18-30,1,1,1
31,2,2,2,2,2,1,0,0,0,0,0,0,60,3,0,2,2021,31-45,2,0,1
48,1,1,2,2,2,2,2,1,0,0,0,0,45,3,0,1,2021,46-55,3,1,0
21,1,1,2,2,2,1,1,2,0,0,0,0,60,3,0,1,2021,18-30,1,1,1
55,0,0,0,0,0,0,0,0,0,0,0,0,0,0,0,0,2021,46-55,3,0,0
37,1,1,2,1,2,2,2,1,0,0,2,1,30,1,0,2,2021,31-45,2,1,0
24,1,1,1,1,2,1,2,1,1,2,1,2,15,3,0,1,2021,18-30,1,1,1
40,1,2,1,2,2,1,0,0,1,1,0,0,30,3,0,1,2021,31-45,2,1,1
27,1,1,1,1,1,1,1,2,2,1,2,1,60,3,0,1,2021,18-30,1,1,1
24,0,0,0,0,0,0,0,0,0,0,0,0,0,0,0,0,2021,18-30,1,0,0
54,2,2,2,1,2,2,0,0,0,0,2,1,15,2,0,2,2021,46-55,3,1,0
22,1,1,2,1,2,2,2,1,0,0,1,2,15,4,0,1,2021,18-30,1,1,0
59,1,2,2,1,2,2,0,0,0,0,2,1,30,3,0,2,2021,56-70,4,1,0
25,1,2,2,2,2,1,0,0,0,0,0,0,20,3,0,1,2021,18-30,1,0,1
53,1,1,2,1,2,2,2,1,0,0,2,1,10,2,0,2,2021,46-55,3,1,0
64,0,0,0,0,0,0,0,0,0,0,0,0,0,0,0,0,2021,56-70,4,0,0
45,1,1,2,2,2,2,2,1,0,0,0,0,20,1,0,2,2021,31-45,2,1,0
19,1,1,2,2,1,2,2,1,0,0,0,0,30,1,0,1,2021,18-30,1,1,0
20,1,2,2,2,2,2,0,0,0,0,0,0,0,0,3,1,2021,18-30,1,0,0
47,1,1,1,1,1,1,2,1,2,1,2,1,15,3,0,1,2021,46-55,3,1,1
35,1,2,1,1,2,2,0,0,2,1,2,1,20,4,0,2,2021,31-45,2,1,0
44,2,2,2,2,2,2,0,0,0,0,0,0,0,0,3,2,2021,31-45,2,0,0
24,2,2,2,2,2,1,0,0,0,0,0,0,15,2,0,1,2021,18-30,1,0,1
27,1,1,2,2,2,1,2,1,0,0,0,0,40,2,0,1,2021,18-30,1,1,1
55,1,1,1,1,2,2,2,1,2,1,2,1,30,1,0,1,2021,46-55,3,1,0
22,1,1,2,2,2,1,2,1,0,0,0,0,30,3,0,2,2021,18-30,1,1,1
45,2,2,2,2,2,1,0,0,0,0,0,0,20,4,0,2,2021,31-45,2,0,1
67,1,2,2,1,2,2,0,0,0,0,2,1,15,3,0,2,2021,56-70,4,1,0
42,2,2,2,2,2,1,0,0,0,0,0,0,30,4,0,1,2021,31-45,2,0,1
36,1,2,1,1,2,1,0,0,1,2,1,2,5,4,0,1,2021,31-45,2,1,1
46,1,1,1,1,2,1,1,2,2,1,2,1,60,4,0,1,2021,46-55,3,1,1
20,2,1,2,2,2,1,2,1,0,0,0,0,30,2,0,1,2021,18-30,1,1,1
53,1,1,2,2,2,1,1,1,0,0,0,0,5,4,0,1,2021,46-55,3,1,1
85,2,1,2,2,2,2,2,1,0,0,0,0,120,3,0,2,2021,70+,5,1,0
29,1,1,2,2,1,1,2,1,0,0,0,0,30,3,0,1,2021,18-30,1,1,1
20,2,2,2,2,2,1,0,0,0,0,0,0,120,3,0,2,2021,18-30,1,0,1
49,1,2,1,1,2,2,0,0,2,1,2,1,30,4,0,2,2021,46-55,3,1,0
32,1,2,2,1,2,1,0,0,0,0,2,1,60,2,0,1,2021,31-45,2,1,1
58,2,1,2,1,2,2,2,1,0,0,2,1,60,2,0,2,2021,56-70,4,1,0
20,1,2,1,1,2,1,0,0,2,1,2,1,10,3,0,1,2021,18-30,1,1,1
37,1,1,2,2,2,2,2,1,0,0,0,0,30,4,0,2,2021,31-45,2,1,0
37,2,2,2,2,2,2,0,0,0,0,0,0,0,0,3,1,2021,31-45,2,0,0
48,1,1,2,1,2,1,1,2,0,0,1,2,60,3,0,1,2021,46-55,3,1,1
28,1,1,2,2,1,1,2,1,0,0,0,0,120,4,0,1,2021,18-30,1,1,1
45,1,1,2,1,2,1,2,1,0,0,1,2,20,3,0,1,2021,31-45,2,1,1
44,1,1,2,2,2,1,2,1,0,0,0,0,15,2,0,1,2021,31-45,2,1,1
32,1,1,2,1,2,1,1,2,0,0,1,2,120,3,0,1,2021,31-45,2,1,1
63,1,1,1,1,2,1,2,1,2,1,2,1,30,3,0,1,2021,56-70,4,1,1
52,1,1,1,1,2,1,2,1,2,1,2,1,60,1,0,1,2021,46-55,3,1,1
30,1,1,2,2,2,1,2,1,0,0,0,0,120,2,0,1,2021,18-30,1,1,1
73,0,0,0,0,0,0,0,0,0,0,0,0,0,0,0,0,2021,70+,5,0,0
60,0,0,0,0,0,0,0,0,0,0,0,0,0,0,0,0,2021,56-70,4,0,0
28,1,1,2,1,1,1,1,2,0,0,2,1,40,4,0,1,2021,18-30,1,1,1
35,1,2,2,1,2,1,0,0,0,0,1,2,30,4,0,2,2021,31-45,2,1,1
25,1,1,2,2,1,1,2,1,0,0,0,0,10,3,0,1,2021,18-30,1,1,1
38,2,2,2,2,2,2,0,0,0,0,0,0,0,0,5,1,2021,31-45,2,0,0
45,1,2,2,1,2,2,0,0,0,0,2,1,15,2,0,1,2021,31-45,2,1,0
26,2,2,2,2,2,2,0,0,0,0,0,0,0,0,2,2,2021,18-30,1,0,0
39,2,2,2,2,2,1,0,0,0,0,0,0,40,3,0,2,2021,31-45,2,0,1
25,1,1,1,2,2,1,1,1,1,2,0,0,120,4,0,1,2021,18-30,1,1,1
55,1,2,2,2,2,2,0,0,0,0,0,0,0,0,5,1,2021,46-55,3,0,0
45,1,1,2,2,2,2,2,1,0,0,0,0,40,2,0,1,2021,31-45,2,1,0
24,1,1,1,2,2,1,1,1,2,1,0,0,120,4,0,1,2021,18-30,1,1,1
58,1,1,2,2,2,2,2,1,0,0,0,0,35,4,0,1,2021,56-70,4,1,0
52,0,0,0,0,0,0,0,0,0,0,0,0,0,0,0,0,2021,46-55,3,0,0
56,2,2,2,2,2,2,0,0,0,0,0,0,0,0,1,2,2021,56-70,4,0,0
62,2,2,2,1,2,2,0,0,0,0,2,1,120,2,0,2,2021,56-70,4,1,0
55,2,2,2,2,2,2,0,0,0,0,0,0,0,0,1,2,2021,46-55,3,0,0
20,1,1,2,2,2,2,2,1,0,0,0,0,180,3,0,2,2021,18-30,1,1,0
72,2,2,2,2,2,2,0,0,0,0,0,0,0,0,5,1,2021,70+,5,0,0
73,2,2,2,2,2,2,0,0,0,0,0,0,0,0,5,1,2021,70+,5,0,0
51,1,1,1,2,2,2,2,1,2,1,0,0,60,2,0,2,2021,46-55,3,1,0
61,0,0,0,0,0,0,0,0,0,0,0,0,0,0,0,0,2021,56-70,4,0,0
40,1,1,2,1,2,1,1,1,0,0,1,2,60,3,0,1,2021,31-45,2,1,1
40,2,2,2,2,2,2,0,0,0,0,0,0,0,0,1,2,2021,31-45,2,0,0
31,2,2,2,2,2,2,0,0,0,0,0,0,0,0,2,2,2021,31-45,2,0,0
28,1,2,2,2,2,1,0,0,0,0,0,0,45,3,0,2,2021,18-30,1,0,1
70,2,2,2,2,2,2,0,0,0,0,0,0,0,0,5,2,2021,56-70,4,0,0
66,1,1,2,2,2,2,2,1,0,0,0,0,60,2,0,1,2021,56-70,4,1,0
64,1,1,2,2,2,1,2,1,0,0,0,0,120,4,0,1,2021,56-70,4,1,1
34,1,2,1,2,2,1,0,0,2,1,0,0,60,3,0,1,2021,31-45,2,1,1
58,2,2,2,2,2,2,0,0,0,0,0,0,0,0,1,2,2021,56-70,4,0,0
60,1,1,2,2,2,2,2,1,0,0,0,0,180,3,0,1,2021,56-70,4,1,0
53,2,2,2,2,2,2,0,0,0,0,0,0,0,0,2,3,2021,46-55,3,0,0
51,2,2,2,2,2,2,0,0,0,0,0,0,0,0,1,2,2021,46-55,3,0,0
45,1,1,2,2,2,1,2,1,0,0,0,0,30,4,0,1,2021,31-45,2,1,1
61,0,0,0,0,0,0,0,0,0,0,0,0,0,0,0,0,2021,56-70,4,0,0
62,1,2,2,1,2,2,0,0,0,0,2,1,60,3,0,1,2021,56-70,4,1,0
75,2,2,2,2,2,2,0,0,0,0,0,0,0,0,5,2,2021,70+,5,0,0
83,2,2,2,2,2,2,0,0,0,0,0,0,0,0,5,1,2021,70+,5,0,0
69,2,2,2,2,2,2,0,0,0,0,0,0,0,0,1,2,2021,56-70,4,0,0
20,1,1,1,2,2,1,1,1,1,2,0,0,120,4,0,1,2021,18-30,1,1,1
78,1,1,2,2,2,2,2,1,0,0,0,0,120,4,0,1,2021,70+,5,1,0
36,2,2,2,2,2,2,0,0,0,0,0,0,0,0,1,2,2021,31-45,2,0,0
33,1,2,1,2,2,1,0,0,2,1,0,0,45,3,0,1,2021,31-45,2,1,1
49,1,1,2,2,2,1,1,1,0,0,0,0,60,4,0,1,2021,46-55,3,1,1
35,1,1,2,2,2,1,1,1,0,0,0,0,45,4,0,1,2021,31-45,2,1,1
64,2,2,2,2,2,2,0,0,0,0,0,0,0,0,5,2,2021,56-70,4,0,0
34,2,2,2,2,2,2,0,0,0,0,0,0,0,0,2,2,2021,31-45,2,0,0
28,2,2,2,2,1,1,0,0,0,0,0,0,45,3,0,1,2021,18-30,1,1,1
20,2,2,2,2,2,2,0,0,0,0,0,0,0,0,1,2,2021,18-30,1,0,0
51,2,2,1,1,2,2,0,0,2,1,2,1,15,2,0,1,2021,46-55,3,1,0
43,1,2,2,1,2,2,0,0,0,0,2,1,60,2,0,1,2021,31-45,2,1,0
61,1,1,2,1,2,1,1,1,0,0,1,2,45,4,0,1,2021,56-70,4,1,1
45,0,0,0,0,0,0,0,0,0,0,0,0,0,0,0,0,2021,31-45,2,0,0
35,2,2,1,1,2,2,0,0,2,1,2,1,20,1,0,2,2021,31-45,2,1,0
52,2,2,2,1,2,2,0,0,0,0,2,1,5,3,0,2,2021,46-55,3,1,0
56,1,2,2,2,2,2,0,0,0,0,0,0,0,0,1,2,2021,56-70,4,0,0
33,1,1,1,1,2,1,2,1,1,2,1,2,15,2,0,1,2021,31-45,2,1,1
41,1,1,2,2,2,2,2,1,0,0,0,0,5,4,0,1,2021,31-45,2,1,0
49,1,2,2,2,2,2,0,0,0,0,0,0,0,0,3,2,2021,46-55,3,0,0
49,1,1,2,2,2,2,2,1,0,0,0,0,90,3,0,2,2021,46-55,3,1,0
73,1,1,2,2,2,2,2,1,0,0,0,0,5,1,0,2,2021,70+,5,1,0
25,1,1,2,2,1,1,1,2,0,0,0,0,30,3,0,1,2021,18-30,1,1,1
36,1,1,2,2,2,2,2,1,0,0,0,0,15,3,0,2,2021,31-45,2,1,0
25,2,1,2,2,2,1,1,2,0,0,0,0,15,4,0,1,2021,18-30,1,1,1
36,2,2,1,2,2,1,0,0,1,2,0,0,5,3,0,1,2021,31-45,2,1,1
43,2,2,2,2,2,2,0,0,0,0,0,0,0,0,1,2,2021,31-45,2,0,0
80,1,1,2,2,2,2,2,1,0,0,0,0,20,3,0,2,2021,70+,5,1,0
33,1,1,2,2,2,2,2,1,0,0,0,0,15,3,0,1,2021,31-45,2,1,0
49,1,1,1,2,2,1,2,1,2,1,0,0,60,4,0,1,2021,46-55,3,1,1
26,1,1,1,2,2,1,2,1,2,1,0,0,15,4,0,1,2021,18-30,1,1,1
39,1,2,2,2,2,2,0,0,0,0,0,0,0,0,1,2,2021,31-45,2,0,0
82,1,1,2,2,2,2,2,1,0,0,0,0,10,1,0,2,2021,70+,5,1,0
31,2,2,1,1,2,1,0,0,2,1,2,1,30,4,0,2,2021,31-45,2,1,1
31,2,2,2,2,2,1,0,0,0,0,0,0,10,2,0,2,2021,31-45,2,0,1
44,2,2,2,1,2,2,0,0,0,0,2,1,10,3,0,2,2021,31-45,2,1,0
43,1,1,2,2,2,1,2,1,0,0,0,0,60,3,0,1,2021,31-45,2,1,1
32,2,2,2,2,2,1,0,0,0,0,0,0,60,2,0,1,2021,31-45,2,0,1
36,1,1,1,2,1,1,1,1,1,1,0,0,30,4,0,1,2021,31-45,2,1,1
59,1,1,2,2,2,1,2,1,0,0,0,0,20,4,0,1,2021,56-70,4,1,1
33,1,1,1,2,2,1,2,1,1,1,0,0,60,3,0,1,2021,31-45,2,1,1
23,1,1,1,2,1,1,1,2,1,2,0,0,30,3,0,1,2021,18-30,1,1,1
31,1,1,1,1,2,1,1,1,2,1,2,1,60,4,0,1,2021,31-45,2,1,1
23,1,1,1,2,2,1,1,2,1,2,0,0,60,2,0,1,2021,18-30,1,1,1
35,1,2,2,2,2,1,0,0,0,0,0,0,10,4,0,1,2021,31-45,2,0,1
29,1,2,1,1,1,1,0,0,1,2,1,2,30,3,0,1,2021,18-30,1,1,1
51,2,2,2,2,2,2,0,0,0,0,0,0,0,0,1,2,2021,46-55,3,0,0
30,2,2,2,2,2,2,0,0,0,0,0,0,0,0,4,2,2021,18-30,1,0,0
27,1,1,1,1,2,2,2,1,2,1,1,2,20,4,0,1,2021,18-30,1,1,0
50,1,2,2,1,2,2,0,0,0,0,1,2,15,4,0,1,2021,46-55,3,1,0
35,1,1,2,2,2,2,1,2,0,0,0,0,60,4,0,1,2021,31-45,2,1,0
59,1,1,2,2,2,2,2,1,0,0,0,0,10,1,0,2,2021,56-70,4,1,0
61,2,2,2,1,2,2,0,0,0,0,2,1,10,3,0,1,2021,56-70,4,1,0
30,1,1,2,2,2,2,2,1,0,0,0,0,30,3,0,1,2021,18-30,1,1,0
64,1,1,2,2,2,2,2,1,0,0,0,0,5,4,0,1,2021,56-70,4,1,0
76,1,1,2,2,2,2,2,1,0,0,0,0,30,3,0,1,2021,70+,5,1,0
19,1,2,1,2,2,2,0,0,2,1,0,0,60,4,0,1,2021,18-30,1,1,0
63,1,2,2,1,2,2,0,0,0,0,2,1,20,2,0,2,2021,56-70,4,1,0
36,1,1,2,2,2,2,2,1,0,0,0,0,20,3,0,1,2021,31-45,2,1,0
78,1,1,2,2,2,2,2,1,0,0,0,0,120,4,0,1,2021,70+,5,1,0
32,1,1,2,1,2,2,1,2,0,0,1,2,60,3,0,1,2021,31-45,2,1,0
58,1,1,2,2,2,2,2,1,0,0,0,0,10,2,0,2,2021,56-70,4,1,0
71,1,2,2,1,2,2,0,0,0,0,2,1,30,3,0,2,2021,70+,5,1,0
52,1,2,2,2,2,2,0,0,0,0,0,0,0,0,3,2,2021,46-55,3,0,0
64,1,1,1,1,2,2,2,1,2,1,2,1,60,3,0,2,2021,56-70,4,1,0
69,1,1,2,2,2,2,2,1,0,0,0,0,15,1,0,2,2021,56-70,4,1,0
60,2,2,2,2,2,2,0,0,0,0,0,0,0,0,5,1,2021,56-70,4,0,0
51,2,1,2,2,2,2,2,1,0,0,0,0,30,1,0,2,2021,46-55,3,1,0
57,1,2,1,2,2,2,0,0,2,1,0,0,60,4,0,1,2021,56-70,4,1,0
69,2,2,2,2,2,2,0,0,0,0,0,0,0,0,5,2,2021,56-70,4,0,0
22,2,2,1,2,2,2,0,0,2,1,0,0,20,2,0,1,2021,18-30,1,1,0
42,2,2,2,2,2,2,0,0,0,0,0,0,0,0,3,1,2021,31-45,2,0,0
48,1,2,2,2,2,2,0,0,0,0,0,0,0,0,3,1,2021,46-55,3,0,0
29,1,1,2,2,2,2,2,1,0,0,0,0,60,3,0,1,2021,18-30,1,1,0
22,2,2,2,2,2,2,0,0,0,0,0,0,0,0,1,1,2021,18-30,1,0,0
42,1,2,1,2,2,2,0,0,2,1,0,0,20,1,0,2,2021,31-45,2,1,0
52,2,2,2,1,2,2,0,0,0,0,2,1,5,3,0,1,2021,46-55,3,1,0
63,1,1,2,2,2,2,2,1,0,0,0,0,60,2,0,1,2021,56-70,4,1,0
24,1,1,1,2,2,2,2,1,2,1,0,0,30,4,0,1,2021,18-30,1,1,0
29,2,2,2,2,2,2,0,0,0,0,0,0,0,0,3,2,2021,18-30,1,0,0
42,2,2,2,2,2,2,0,0,0,0,0,0,0,0,3,2,2021,31-45,2,0,0
45,2,2,2,2,2,2,0,0,0,0,0,0,0,0,3,2,2021,31-45,2,0,0
26,2,2,1,1,2,2,0,0,2,1,2,1,60,4,0,1,2021,18-30,1,1,0
26,2,2,2,2,2,2,0,0,0,0,0,0,0,0,3,1,2021,18-30,1,0,0
39,2,2,2,2,2,2,0,0,0,0,0,0,0,0,3,1,2021,31-45,2,0,0
49,2,2,2,2,2,2,0,0,0,0,0,0,0,0,3,1,2021,46-55,3,0,0
55,1,1,1,1,2,1,2,1,2,1,2,1,90,4,0,1,2021,46-55,3,1,1
32,2,2,2,2,2,2,0,0,0,0,0,0,0,0,3,2,2021,31-45,2,0,0
30,1,2,1,1,2,2,0,0,2,1,2,1,40,4,0,1,2021,18-30,1,1,0
42,1,1,1,2,2,1,1,2,2,1,0,0,60,4,0,1,2021,31-45,2,1,1
40,1,1,1,1,2,1,1,2,2,1,2,1,30,3,0,1,2021,31-45,2,1,1
46,2,2,2,2,2,1,0,0,0,0,0,0,20,3,0,1,2021,46-55,3,0,1
50,2,2,2,2,2,1,0,0,0,0,0,0,20,3,0,2,2021,46-55,3,0,1
19,1,1,2,2,2,1,2,1,0,0,0,0,60,3,0,1,2021,18-30,1,1,1
33,2,2,1,2,2,2,0,0,1,2,0,0,5,3,0,1,2021,31-45,2,1,0
26,1,2,2,2,2,2,0,0,0,0,0,0,0,0,3,2,2021,18-30,1,0,0
38,2,2,2,2,2,2,0,0,0,0,0,0,0,0,1,2,2021,31-45,2,0,0
21,2,2,2,2,2,1,0,0,0,0,0,0,30,2,0,2,2021,18-30,1,0,1
59,2,2,2,2,2,2,0,0,0,0,0,0,0,0,1,2,2021,56-70,4,0,0
48,1,1,2,2,2,1,2,1,0,0,0,0,40,3,0,1,2021,46-55,3,1,1
68,2,2,2,2,2,2,0,0,0,0,0,0,0,0,5,1,2021,56-70,4,0,0
50,2,2,2,2,2,2,0,0,0,0,0,0,0,0,1,1,2021,46-55,3,0,0
38,2,1,2,2,2,2,2,1,0,0,0,0,30,3,0,1,2021,31-45,2,1,0
40,2,2,2,2,2,2,0,0,0,0,0,0,0,0,1,1,2021,31-45,2,0,0
55,2,2,2,2,2,2,0,0,0,0,0,0,0,0,3,1,2021,46-55,3,0,0
67,2,2,2,2,2,2,0,0,0,0,0,0,0,0,1,1,2021,56-70,4,0,0
55,1,1,2,1,2,2,2,1,0,0,2,1,25,3,0,1,2021,46-55,3,1,0
41,2,2,2,1,2,2,0,0,0,0,2,1,15,1,0,1,2021,31-45,2,1,0
35,2,2,2,2,2,2,0,0,0,0,0,0,0,0,2,2,2021,31-45,2,0,0
23,1,2,1,2,2,1,0,0,2,1,0,0,30,4,0,1,2021,18-30,1,1,1
70,2,2,2,2,2,2,0,0,0,0,0,0,0,0,1,2,2021,56-70,4,0,0
72,2,2,2,2,2,2,0,0,0,0,0,0,0,0,1,2,2021,70+,5,0,0
71,0,0,0,0,0,0,0,0,0,0,0,0,0,0,0,0,2021,70+,5,0,0
30,1,2,1,1,2,1,0,0,2,1,2,1,60,4,0,1,2021,18-30,1,1,1
54,1,2,1,2,2,1,0,0,2,1,0,0,30,4,0,2,2021,46-55,3,1,1
35,2,2,2,1,2,1,0,0,0,0,2,1,20,2,0,2,2021,31-45,2,1,1
30,1,1,1,1,2,1,2,1,2,1,2,1,20,3,0,1,2021,18-30,1,1,1
26,1,1,1,1,2,1,2,1,2,1,2,1,60,3,0,1,2021,18-30,1,1,1
28,2,2,2,1,2,1,0,0,0,0,2,1,30,3,0,2,2021,18-30,1,1,1
25,1,1,1,2,2,2,2,1,2,1,0,0,50,4,0,1,2021,18-30,1,1,0
67,1,1,2,1,2,2,1,1,0,0,1,2,40,4,0,1,2021,56-70,4,1,0
43,1,1,2,1,2,2,1,2,0,0,1,2,60,4,0,1,2021,31-45,2,1,0
61,1,1,2,1,2,2,2,1,0,0,1,2,50,4,0,2,2021,56-70,4,1,0
29,2,2,2,2,2,2,0,0,0,0,0,0,0,0,3,1,2021,18-30,1,0,0
43,1,1,1,1,2,2,2,1,2,1,2,1,35,3,0,1,2021,31-45,2,1,0
53,2,2,2,1,2,2,0,0,0,0,2,1,25,3,0,1,2021,46-55,3,1,0
75,2,2,2,2,2,2,0,0,0,0,0,0,0,0,1,1,2021,70+,5,0,0
31,1,1,1,1,1,1,1,2,1,2,1,2,60,3,0,1,2021,31-45,2,1,1
69,1,1,1,2,2,2,2,1,2,1,0,0,60,2,0,2,2021,56-70,4,1,0
34,1,1,2,2,2,1,2,1,0,0,0,0,120,3,0,1,2021,31-45,2,1,1
58,2,2,2,2,2,2,0,0,0,0,0,0,0,0,3,1,2021,56-70,4,0,0
55,1,1,2,2,2,1,2,1,0,0,0,0,30,3,0,1,2021,46-55,3,1,1
20,1,1,2,2,2,1,2,1,0,0,0,0,30,2,0,2,2021,18-30,1,1,1
28,2,2,1,2,2,1,0,0,2,1,0,0,30,3,0,1,2021,18-30,1,1,1
33,2,2,2,2,2,1,0,0,0,0,0,0,20,2,0,2,2021,31-45,2,0,1
65,1,2,2,1,2,2,0,0,0,0,2,1,20,3,0,2,2021,56-70,4,1,0
51,1,2,1,1,2,2,0,0,2,1,2,1,30,3,0,1,2021,46-55,3,1,0
44,1,2,2,1,2,1,0,0,0,0,2,1,30,4,0,1,2021,31-45,2,1,1
32,1,2,1,1,2,1,0,0,2,1,2,1,40,4,0,1,2021,31-45,2,1,1
70,1,2,2,1,2,2,0,0,0,0,2,1,30,3,0,2,2021,56-70,4,1,0
71,2,2,2,2,2,2,0,0,0,0,0,0,0,0,1,2,2021,70+,5,0,0
36,2,2,2,1,2,2,0,0,0,0,2,1,30,3,0,2,2021,31-45,2,1,0
70,1,1,2,2,2,2,2,1,0,0,0,0,60,3,0,1,2021,56-70,4,1,0
87,2,2,2,2,2,2,0,0,0,0,0,0,0,0,5,3,2021,70+,5,0,0
46,2,2,2,1,2,2,0,0,0,0,2,1,20,3,0,1,2021,46-55,3,1,0
68,2,2,2,2,2,2,0,0,0,0,0,0,0,0,2,1,2021,56-70,4,0,0
31,1,1,1,1,2,1,2,1,2,1,1,2,30,4,0,1,2021,31-45,2,1,1
20,1,1,1,2,2,2,2,1,2,1,0,0,120,4,0,1,2021,18-30,1,1,0
63,2,2,2,2,2,2,0,0,0,0,0,0,0,0,1,1,2021,56-70,4,0,0
80,2,2,2,2,2,2,0,0,0,0,0,0,0,0,5,2,2021,70+,5,0,0
34,1,2,2,1,2,2,0,0,0,0,2,1,25,3,0,2,2021,31-45,2,1,0
52,1,2,2,1,2,2,0,0,0,0,2,1,20,4,0,1,2021,46-55,3,1,0
18,1,1,1,2,2,1,2,1,2,1,0,0,120,4,0,1,2021,18-30,1,1,1
51,2,2,2,2,2,2,0,0,0,0,0,0,0,0,3,2,2021,46-55,3,0,0
78,1,2,2,1,2,2,0,0,0,0,2,1,20,3,0,2,2021,70+,5,1,0
51,1,2,2,1,2,2,0,0,0,0,2,1,10,3,0,2,2021,46-55,3,1,0
48,2,2,2,2,2,2,0,0,0,0,0,0,0,0,1,2,2021,46-55,3,0,0
53,2,2,1,2,2,1,0,0,2,1,0,0,20,3,0,1,2021,46-55,3,1,1
59,2,2,2,2,2,2,0,0,0,0,0,0,0,0,3,1,2021,56-70,4,0,0
68,2,2,2,2,2,2,0,0,0,0,0,0,0,0,1,2,2021,56-70,4,0,0
37,2,2,2,2,2,2,0,0,0,0,0,0,0,0,1,1,2021,31-45,2,0,0
34,1,2,2,1,2,1,0,0,0,0,2,1,40,3,0,1,2021,31-45,2,1,1
28,1,2,2,1,2,1,0,0,0,0,2,1,30,3,0,1,2021,18-30,1,1,1
26,2,2,2,2,2,1,0,0,0,0,0,0,25,3,0,1,2021,18-30,1,0,1
67,2,2,2,1,2,2,0,0,0,0,2,1,15,3,0,3,2021,56-70,4,1,0
71,1,1,2,1,2,2,2,1,0,0,2,1,30,3,0,2,2021,70+,5,1,0
71,1,2,1,1,2,2,0,0,2,1,2,1,30,3,0,2,2021,70+,5,1,0
74,2,2,2,1,2,2,0,0,0,0,2,1,20,3,0,2,2021,70+,5,1,0
31,2,2,2,2,2,2,0,0,0,0,0,0,0,0,1,2,2021,31-45,2,0,0
52,1,1,1,2,2,1,1,2,2,1,0,0,90,4,0,1,2021,46-55,3,1,1
39,1,1,1,1,2,1,2,1,2,1,2,1,90,4,0,1,2021,31-45,2,1,1
22,1,1,1,2,2,1,1,2,2,1,0,0,90,4,0,1,2021,18-30,1,1,1
29,1,1,1,1,2,1,1,2,2,1,2,1,120,4,0,1,2021,18-30,1,1,1
36,1,1,2,1,2,2,1,2,0,0,1,2,30,3,0,1,2021,31-45,2,1,0
46,1,1,2,1,2,2,1,1,0,0,1,2,60,3,0,2,2021,46-55,3,1,0
38,1,1,2,1,2,2,1,2,0,0,1,2,40,3,0,1,2021,31-45,2,1,0
62,2,2,2,2,2,1,0,0,0,0,0,0,30,2,0,2,2021,56-70,4,0,1
42,2,2,2,2,2,1,0,0,0,0,0,0,30,2,0,2,2021,31-45,2,0,1
48,2,2,2,2,2,2,0,0,0,0,0,0,0,0,3,2,2021,46-55,3,0,0
40,2,2,2,2,2,1,0,0,0,0,0,0,20,2,0,2,2021,31-45,2,0,1
67,2,2,1,2,2,2,0,0,2,1,0,0,20,2,0,2,2021,56-70,4,1,0
41,2,2,2,2,2,1,0,0,0,0,0,0,15,2,0,2,2021,31-45,2,0,1
56,2,2,1,2,2,1,0,0,2,1,0,0,30,3,0,2,2021,56-70,4,1,1
58,2,1,2,2,2,1,2,1,0,0,0,0,60,2,0,2,2021,56-70,4,1,1
23,1,1,1,2,2,1,2,1,2,1,0,0,30,3,0,1,2021,18-30,1,1,1
49,2,2,2,2,2,1,0,0,0,0,0,0,20,3,0,1,2021,46-55,3,0,1
30,2,1,2,2,2,1,2,1,0,0,0,0,30,3,0,1,2021,18-30,1,1,1
70,1,1,2,2,2,2,2,1,0,0,0,0,35,3,0,1,2021,56-70,4,1,0
89,2,2,2,2,2,2,0,0,0,0,0,0,0,0,5,1,2021,70+,5,0,0
37,1,2,2,2,2,2,0,0,0,0,0,0,0,0,3,1,2021,31-45,2,0,0
20,2,2,2,2,2,2,0,0,0,0,0,0,0,0,1,1,2021,18-30,1,0,0
53,1,1,1,1,2,1,2,1,2,1,2,1,60,3,0,1,2021,46-55,3,1,1
25,1,1,1,2,2,1,2,1,2,1,0,0,60,3,0,1,2021,18-30,1,1,1
82,2,2,2,2,2,2,0,0,0,0,0,0,0,0,5,2,2021,70+,5,0,0
51,2,2,2,1,2,2,0,0,0,0,2,1,15,3,0,1,2021,46-55,3,1,0
33,2,2,2,2,2,2,0,0,0,0,0,0,0,0,3,1,2021,31-45,2,0,0
84,2,2,2,2,2,2,0,0,0,0,0,0,0,0,5,1,2021,70+,5,0,0
30,2,2,2,2,2,2,0,0,0,0,0,0,0,0,3,1,2021,18-30,1,0,0
32,2,2,1,2,2,2,0,0,2,1,0,0,20,3,0,1,2021,31-45,2,1,0
38,2,2,2,2,2,2,0,0,0,0,0,0,0,0,3,1,2021,31-45,2,0,0
70,1,2,2,1,2,2,0,0,0,0,2,1,40,3,0,1,2021,56-70,4,1,0
64,1,2,2,1,2,2,0,0,0,0,2,1,15,3,0,2,2021,56-70,4,1,0
44,2,2,2,2,2,2,0,0,0,0,0,0,0,0,3,2,2021,31-45,2,0,0
72,2,2,2,2,2,2,0,0,0,0,0,0,0,0,1,2,2021,70+,5,0,0
54,2,2,2,2,2,2,0,0,0,0,0,0,0,0,5,3,2021,46-55,3,0,0
32,2,2,2,1,2,1,0,0,0,0,2,1,20,3,0,1,2021,31-45,2,1,1
45,2,2,2,2,2,2,0,0,0,0,0,0,0,0,3,1,2021,31-45,2,0,0
53,2,2,2,2,2,2,0,0,0,0,0,0,0,0,3,1,2021,46-55,3,0,0
24,1,1,2,1,2,1,2,1,0,0,2,1,35,3,0,1,2021,18-30,1,1,1
76,2,1,2,2,2,2,2,1,0,0,0,0,30,3,0,1,2021,70+,5,1,0
58,2,2,1,2,2,2,0,0,2,1,0,0,20,3,0,1,2021,56-70,4,1,0
52,2,2,2,2,2,1,0,0,0,0,0,0,20,3,0,2,2021,46-55,3,0,1
65,1,1,2,2,2,1,2,1,0,0,0,0,40,3,0,1,2021,56-70,4,1,1
52,2,2,2,2,2,1,0,0,0,0,0,0,20,2,0,1,2021,46-55,3,0,1
51,2,2,2,2,2,2,0,0,0,0,0,0,0,0,3,1,2021,46-55,3,0,0
74,2,2,2,2,2,2,0,0,0,0,0,0,0,0,5,2,2021,70+,5,0,0
21,2,2,2,2,2,1,0,0,0,0,0,0,40,3,0,1,2021,18-30,1,0,1
23,1,1,2,1,2,1,2,1,0,0,1,2,45,3,0,1,2021,18-30,1,1,1
54,1,1,2,1,2,2,2,1,0,0,1,2,30,3,0,1,2021,46-55,3,1,0
73,2,2,2,2,2,2,0,0,0,0,0,0,0,0,5,2,2021,70+,5,0,0
41,1,1,2,1,2,1,2,1,0,0,1,2,60,3,0,2,2021,31-45,2,1,1
51,1,1,2,1,2,2,1,1,0,0,1,2,40,3,0,2,2021,46-55,3,1,0
45,1,1,1,2,2,1,2,1,2,1,0,0,40,3,0,1,2021,31-45,2,1,1
27,2,2,2,2,2,2,0,0,0,0,0,0,0,0,3,1,2021,18-30,1,0,0
38,1,1,2,1,2,1,2,1,0,0,2,1,50,3,0,1,2021,31-45,2,1,1
60,2,2,2,1,2,2,0,0,0,0,2,1,20,2,0,1,2021,56-70,4,1,0
49,1,1,1,2,2,1,2,1,2,1,0,0,40,3,0,1,2021,46-55,3,1,1
68,2,2,2,2,2,2,0,0,0,0,0,0,0,0,1,1,2021,56-70,4,0,0
44,2,2,1,1,2,2,0,0,2,1,2,1,15,2,0,1,2021,31-45,2,1,0
73,2,2,2,2,2,2,0,0,0,0,0,0,0,0,5,2,2021,70+,5,0,0
49,2,2,2,1,2,2,0,0,0,0,2,1,25,3,0,1,2021,46-55,3,1,0
26,2,2,2,1,2,2,0,0,0,0,2,1,20,3,0,1,2021,18-30,1,1,0
46,2,2,2,1,2,2,0,0,0,0,2,1,15,3,0,1,2021,46-55,3,1,0
23,2,2,2,2,2,2,0,0,0,0,0,0,0,0,3,1,2021,18-30,1,0,0
59,2,2,2,2,2,2,0,0,0,0,0,0,0,0,3,1,2021,56-70,4,0,0
41,1,2,2,1,2,2,0,0,0,0,2,1,40,3,0,1,2021,31-45,2,1,0
25,2,2,1,2,2,1,0,0,2,1,0,0,30,3,0,1,2021,18-30,1,1,1
21,2,2,2,2,2,2,0,0,0,0,0,0,0,0,3,1,2021,18-30,1,0,0
25,1,2,2,2,2,1,0,0,0,0,0,0,20,4,0,1,2021,18-30,1,0,1
75,2,2,2,2,2,2,0,0,0,0,0,0,0,0,5,2,2021,70+,5,0,0
56,1,2,2,1,2,2,0,0,0,0,2,1,20,4,0,1,2021,56-70,4,1,0
27,1,1,2,1,2,2,1,2,0,0,1,2,60,3,0,1,2021,18-30,1,1,0
43,1,2,2,2,2,2,0,0,0,0,0,0,0,0,3,1,2021,31-45,2,0,0
73,2,2,2,2,2,2,0,0,0,0,0,0,0,0,5,2,2021,70+,5,0,0
43,1,1,2,1,2,2,1,2,0,0,1,2,30,4,0,1,2021,31-45,2,1,0
46,2,2,2,2,2,2,0,0,0,0,0,0,0,0,2,2,2021,46-55,3,0,0
24,2,2,2,2,2,2,0,0,0,0,0,0,0,0,2,2,2021,18-30,1,0,0
47,2,2,2,2,2,2,0,0,0,0,0,0,0,0,1,2,2021,46-55,3,0,0
51,2,2,2,2,2,2,0,0,0,0,0,0,0,0,1,2,2021,46-55,3,0,0
64,2,2,2,2,2,2,0,0,0,0,0,0,0,0,1,2,2021,56-70,4,0,0
58,1,2,1,2,2,2,0,0,2,1,0,0,20,4,0,1,2021,56-70,4,1,0
37,2,2,2,2,2,2,0,0,0,0,0,0,0,0,3,2,2021,31-45,2,0,0
65,1,1,1,2,2,2,2,1,2,1,0,0,30,4,0,1,2021,56-70,4,1,0
24,1,1,2,1,1,2,1,2,0,0,2,1,30,3,0,1,2021,18-30,1,1,0
44,1,1,2,2,2,2,2,1,0,0,0,0,30,3,0,2,2021,31-45,2,1,0
34,2,2,2,2,2,2,0,0,0,0,0,0,0,0,2,2,2021,31-45,2,0,0
56,1,2,2,2,2,1,0,0,0,0,0,0,40,2,0,1,2021,56-70,4,0,1
65,2,2,2,2,2,2,0,0,0,0,0,0,0,0,5,1,2021,56-70,4,0,0
51,2,2,2,2,2,2,0,0,0,0,0,0,0,0,3,3,2021,46-55,3,0,0
65,1,2,1,2,2,2,0,0,2,1,0,0,30,3,0,3,2021,56-70,4,1,0
37,2,2,2,2,2,2,0,0,0,0,0,0,0,0,2,1,2021,31-45,2,0,0
73,2,2,2,2,2,2,0,0,0,0,0,0,0,0,5,1,2021,70+,5,0,0
66,2,2,2,2,2,2,0,0,0,0,0,0,0,0,1,2,2021,56-70,4,0,0
28,1,1,1,2,2,1,2,1,2,1,0,0,35,3,0,1,2021,18-30,1,1,1
48,2,2,2,1,2,2,0,0,0,0,2,1,20,3,0,1,2021,46-55,3,1,0
19,1,1,2,2,2,2,2,1,0,0,0,0,30,3,0,1,2021,18-30,1,1,0
69,1,1,2,1,2,2,2,1,0,0,2,1,25,3,0,3,2021,56-70,4,1,0
77,2,2,2,2,2,2,0,0,0,0,0,0,0,0,5,2,2021,70+,5,0,0
61,2,2,2,2,2,2,0,0,0,0,0,0,0,0,3,3,2021,56-70,4,0,0
55,1,2,2,1,2,2,0,0,0,0,2,1,20,4,0,1,2021,46-55,3,1,0
54,1,2,1,2,2,2,0,0,2,1,0,0,25,3,0,2,2021,46-55,3,1,0
70,2,2,2,2,2,2,0,0,0,0,0,0,0,0,1,2,2021,56-70,4,0,0
49,1,2,2,1,2,2,0,0,0,0,2,1,20,4,0,2,2021,46-55,3,1,0
52,1,1,2,1,2,1,1,2,0,0,2,1,40,3,0,1,2021,46-55,3,1,1
39,1,1,1,2,2,1,2,1,2,1,0,0,30,3,0,1,2021,31-45,2,1,1
51,1,1,2,2,2,1,2,1,0,0,0,0,30,3,0,1,2021,46-55,3,1,1
75,1,1,2,1,2,1,2,1,0,0,2,1,40,3,0,1,2021,70+,5,1,1
61,2,1,2,2,2,2,2,1,0,0,0,0,30,2,0,1,2021,56-70,4,1,0
21,1,1,2,1,2,1,2,1,0,0,2,1,35,3,0,1,2021,18-30,1,1,1
68,1,1,1,2,2,2,2,1,2,1,0,0,60,3,0,1,2021,56-70,4,1,0
77,1,1,1,2,2,2,2,1,2,1,0,0,30,3,0,2,2021,70+,5,1,0
44,1,1,1,2,2,1,2,1,2,1,0,0,60,3,0,1,2021,31-45,2,1,1
39,2,2,2,2,2,1,0,0,0,0,0,0,20,2,0,2,2021,31-45,2,0,1
75,1,1,2,2,2,1,2,1,0,0,0,0,30,3,0,1,2021,70+,5,1,1
52,1,1,1,2,2,1,2,1,2,1,0,0,30,3,0,2,2021,46-55,3,1,1
39,2,2,2,2,2,1,0,0,0,0,0,0,20,2,0,2,2021,31-45,2,0,1
57,2,2,2,1,2,2,0,0,0,0,2,1,20,3,0,1,2021,56-70,4,1,0
51,2,2,2,2,2,2,0,0,0,0,0,0,0,0,1,1,2021,46-55,3,0,0
53,2,2,2,1,2,2,0,0,0,0,2,1,10,2,0,1,2021,46-55,3,1,0
60,2,2,2,2,2,2,0,0,0,0,0,0,0,0,3,1,2021,56-70,4,0,0
51,2,2,2,1,2,2,0,0,0,0,2,1,20,3,0,1,2021,46-55,3,1,0
35,1,1,2,1,2,1,2,1,0,0,2,1,30,3,0,1,2021,31-45,2,1,1
59,2,2,2,2,2,2,0,0,0,0,0,0,0,0,1,1,2021,56-70,4,0,0
59,1,2,1,2,2,2,0,0,2,1,0,0,25,4,0,1,2021,56-70,4,1,0
31,1,1,1,2,2,1,2,1,2,1,0,0,90,4,0,1,2021,31-45,2,1,1
48,1,2,1,2,2,2,0,0,2,1,0,0,25,4,0,2,2021,46-55,3,1,0
75,2,2,2,2,2,2,0,0,0,0,0,0,0,0,1,2,2021,70+,5,0,0
47,1,1,1,2,2,1,2,1,2,1,0,0,90,4,0,1,2021,46-55,3,1,1
40,1,2,1,2,2,1,0,0,2,1,0,0,45,4,0,2,2021,31-45,2,1,1
46,1,2,1,1,2,1,0,0,2,1,2,1,20,3,0,1,2021,46-55,3,1,1
53,2,2,2,2,2,1,0,0,0,0,0,0,30,3,0,2,2021,46-55,3,0,1
40,1,2,1,2,2,1,0,0,2,1,0,0,30,2,0,2,2021,31-45,2,1,1
55,2,2,2,2,2,1,0,0,0,0,0,0,20,3,0,2,2021,46-55,3,0,1
30,2,2,2,2,2,1,0,0,0,0,0,0,30,2,0,2,2021,18-30,1,0,1
82,2,2,2,2,2,2,0,0,0,0,0,0,0,0,5,2,2021,70+,5,0,0
41,1,2,1,2,2,1,0,0,2,1,0,0,30,4,0,1,2021,31-45,2,1,1
43,2,2,2,2,2,2,0,0,0,0,0,0,0,0,3,2,2021,31-45,2,0,0
40,1,2,1,2,2,1,0,0,2,1,0,0,30,3,0,1,2021,31-45,2,1,1
53,2,2,2,2,2,2,0,0,0,0,0,0,0,0,5,1,2021,46-55,3,0,0
40,2,2,2,2,2,2,0,0,0,0,0,0,0,0,2,2,2021,31-45,2,0,0
27,1,1,2,2,2,1,2,1,0,0,0,0,45,3,0,1,2021,18-30,1,1,1
50,1,2,2,2,2,1,0,0,0,0,0,0,20,2,0,1,2021,46-55,3,0,1
26,1,1,2,2,2,1,2,1,0,0,0,0,40,3,0,1,2021,18-30,1,1,1
26,2,2,2,2,2,2,0,0,0,0,0,0,0,0,3,2,2021,18-30,1,0,0
25,2,2,2,1,2,2,0,0,0,0,2,1,25,3,0,1,2021,18-30,1,1,0
42,2,2,2,2,2,1,0,0,0,0,0,0,20,3,0,1,2021,31-45,2,0,1
76,1,2,1,2,2,2,0,0,2,1,0,0,20,2,0,2,2021,70+,5,1,0
56,2,2,2,2,2,2,0,0,0,0,0,0,0,0,3,1,2021,56-70,4,0,0
22,1,2,2,2,2,1,0,0,0,0,0,0,60,3,0,1,2021,18-30,1,0,1
20,1,2,2,1,2,2,0,0,0,0,2,1,15,3,0,1,2021,18-30,1,1,0
26,2,2,1,1,2,1,0,0,2,1,2,1,15,4,0,1,2021,18-30,1,1,1
65,1,2,2,1,2,2,0,0,0,0,2,1,20,3,0,2,2021,56-70,4,1,0
19,2,2,2,2,2,2,0,0,0,0,0,0,0,0,3,2,2021,18-30,1,0,0
52,2,2,2,2,2,2,0,0,0,0,0,0,0,0,3,1,2021,46-55,3,0,0
90,2,2,2,2,2,2,0,0,0,0,0,0,0,0,5,1,2021,70+,5,0,0
59,1,2,1,1,2,2,0,0,2,1,2,1,30,2,0,1,2021,56-70,4,1,0
30,2,2,2,2,2,1,0,0,0,0,0,0,20,3,0,1,2021,18-30,1,0,1
67,2,2,2,1,2,2,0,0,0,0,2,1,25,3,0,2,2021,56-70,4,1,0
35,2,2,2,2,2,1,0,0,0,0,0,0,35,3,0,1,2021,31-45,2,0,1
21,2,2,2,1,2,2,0,0,0,0,2,1,25,3,0,1,2021,18-30,1,1,0
32,2,2,2,2,2,2,0,0,0,0,0,0,0,0,3,1,2021,31-45,2,0,0
73,1,1,1,2,2,2,2,1,2,1,0,0,20,2,0,1,2021,70+,5,1,0
40,1,1,2,2,2,2,2,1,0,0,0,0,40,3,0,1,2021,31-45,2,1,0
41,1,2,1,1,2,2,0,0,2,1,2,1,20,3,0,1,2021,31-45,2,1,0
48,2,2,2,2,2,2,0,0,0,0,0,0,0,0,2,1,2021,46-55,3,0,0
46,1,2,1,1,2,1,0,0,2,1,2,1,30,2,0,1,2021,46-55,3,1,1
18,2,2,2,1,2,2,0,0,0,0,2,1,15,2,0,2,2021,18-30,1,1,0
59,1,2,1,1,2,2,0,0,2,1,2,1,20,1,0,2,2021,56-70,4,1,0
32,2,2,2,2,2,2,0,0,0,0,0,0,0,0,3,1,2021,31-45,2,0,0
62,2,2,2,2,2,2,0,0,0,0,0,0,0,0,5,2,2021,56-70,4,0,0
40,1,2,1,1,2,1,0,0,2,1,2,1,30,3,0,1,2021,31-45,2,1,1
39,1,2,2,2,2,1,0,0,0,0,0,0,20,2,0,1,2021,31-45,2,0,1
41,1,2,2,2,2,2,0,0,0,0,0,0,0,0,3,1,2021,31-45,2,0,0
25,1,2,2,1,2,2,0,0,0,0,1,2,10,2,0,1,2021,18-30,1,1,0
33,1,2,2,2,2,1,0,0,0,0,0,0,35,3,0,1,2021,31-45,2,0,1
45,1,2,1,2,2,2,0,0,2,1,0,0,30,2,0,1,2021,31-45,2,1,0
31,2,2,2,1,2,2,0,0,0,0,2,1,25,3,0,1,2021,31-45,2,1,0
25,1,1,1,1,2,2,2,1,2,1,2,1,35,3,0,1,2021,18-30,1,1,0
62,2,2,2,2,2,2,0,0,0,0,0,0,0,0,3,2,2021,56-70,4,0,0
52,1,2,2,2,2,2,0,0,0,0,0,0,0,0,3,2,2021,46-55,3,0,0
44,1,1,2,2,2,1,1,2,0,0,0,0,30,3,0,1,2021,31-45,2,1,1
53,1,1,2,1,2,1,2,1,0,0,1,2,60,4,0,1,2021,46-55,3,1,1
58,1,2,2,1,2,2,0,0,0,0,2,1,30,4,0,2,2021,56-70,4,1,0
43,1,1,2,2,2,1,2,1,0,0,0,0,40,3,0,1,2021,31-45,2,1,1
42,2,1,1,1,2,2,2,1,2,1,2,1,20,4,0,2,2021,31-45,2,1,0
48,1,1,2,2,2,2,2,1,0,0,0,0,30,2,0,2,2021,46-55,3,1,0
44,1,2,2,1,2,2,0,0,0,0,2,1,15,4,0,2,2021,31-45,2,1,0
32,1,2,1,2,2,2,0,0,2,1,0,0,30,4,0,2,2021,31-45,2,1,0
59,1,1,2,2,2,1,2,1,0,0,0,0,60,2,0,2,2021,56-70,4,1,1
52,1,1,1,2,2,2,2,1,2,1,0,0,20,3,0,1,2021,46-55,3,1,0
57,1,2,1,1,2,1,0,0,2,1,2,1,60,3,0,1,2021,56-70,4,1,1
48,1,2,2,2,2,1,0,0,0,0,0,0,30,4,0,2,2021,46-55,3,0,1
30,1,1,1,2,2,2,2,1,2,1,0,0,60,4,0,1,2021,18-30,1,1,0
22,1,2,1,2,2,1,0,0,2,1,0,0,240,4,0,1,2021,18-30,1,1,1
43,1,1,2,2,2,2,2,1,0,0,0,0,40,3,0,1,2021,31-45,2,1,0
38,2,2,2,2,2,2,0,0,0,0,0,0,0,0,1,1,2021,31-45,2,0,0
30,2,2,1,1,2,2,0,0,2,1,2,1,20,2,0,1,2021,18-30,1,1,0
55,1,2,2,1,2,2,0,0,0,0,2,1,60,4,0,2,2021,46-55,3,1,0
27,1,1,2,2,1,2,2,1,0,0,0,0,90,4,0,1,2021,18-30,1,1,0
21,2,2,2,1,2,2,0,0,0,0,2,1,10,4,0,2,2021,18-30,1,1,0
63,1,2,2,1,2,2,0,0,0,0,2,1,15,3,0,2,2021,56-70,4,1,0
47,2,2,2,2,2,2,0,0,0,0,0,0,0,0,3,1,2021,46-55,3,0,0
51,1,1,2,1,2,2,2,1,0,0,2,1,60,2,0,1,2021,46-55,3,1,0
47,0,0,0,0,0,0,0,0,0,0,0,0,0,0,0,0,2021,46-55,3,0,0
46,2,2,2,2,2,2,0,0,0,0,0,0,0,0,2,2,2021,46-55,3,0,0
61,1,1,2,2,2,2,2,1,0,0,0,0,20,3,0,2,2021,56-70,4,1,0
21,0,0,0,0,0,0,0,0,0,0,0,0,0,0,0,0,2021,18-30,1,0,0
38,1,1,2,2,2,1,2,1,0,0,0,0,30,2,0,2,2021,31-45,2,1,1
56,1,2,2,1,2,2,0,0,0,0,2,1,20,4,0,1,2021,56-70,4,1,0
32,1,1,1,2,2,1,1,1,1,2,0,0,120,4,0,1,2021,31-45,2,1,1
64,2,2,2,2,2,2,0,0,0,0,0,0,0,0,5,1,2021,56-70,4,0,0
43,2,2,2,2,2,2,0,0,0,0,0,0,0,0,3,2,2021,31-45,2,0,0
38,1,1,1,2,2,2,2,1,2,1,0,0,30,4,0,2,2021,31-45,2,1,0
23,2,2,2,1,2,2,0,0,0,0,2,1,30,3,0,1,2021,18-30,1,1,0
33,2,2,2,1,2,2,0,0,0,0,2,1,20,3,0,1,2021,31-45,2,1,0
67,1,2,2,2,2,2,0,0,0,0,0,0,0,0,5,2,2021,56-70,4,0,0
23,2,2,2,2,2,2,0,0,0,0,0,0,0,0,1,2,2021,18-30,1,0,0
56,1,1,2,2,2,1,2,1,0,0,0,0,60,3,0,1,2021,56-70,4,1,1
33,2,2,2,2,2,2,0,0,0,0,0,0,0,0,5,1,2021,31-45,2,0,0
41,1,2,1,1,1,1,0,0,1,2,1,2,45,4,0,1,2021,31-45,2,1,1
39,2,2,2,1,2,1,0,0,0,0,1,2,40,4,0,1,2021,31-45,2,1,1
36,1,1,1,2,2,1,2,1,2,1,0,0,60,4,0,1,2021,31-45,2,1,1
34,1,1,2,1,2,2,2,1,0,0,2,1,20,3,0,1,2021,31-45,2,1,0
59,1,1,1,1,2,1,1,2,2,1,2,1,120,4,0,1,2021,56-70,4,1,1
27,1,1,1,1,1,1,2,1,2,1,1,2,120,3,0,1,2021,18-30,1,1,1
60,2,2,2,2,2,2,0,0,0,0,0,0,0,0,3,2,2021,56-70,4,0,0
42,2,2,2,2,2,2,0,0,0,0,0,0,0,0,3,2,2021,31-45,2,0,0
54,1,2,2,2,2,2,0,0,0,0,0,0,0,0,2,1,2021,46-55,3,0,0
29,1,1,1,1,2,1,2,1,2,1,1,2,20,2,0,1,2021,18-30,1,1,1
20,1,1,1,2,2,1,1,2,1,2,0,0,40,4,0,1,2021,18-30,1,1,1
26,2,2,2,2,2,1,0,0,0,0,0,0,20,3,0,2,2021,18-30,1,0,1
41,1,2,2,1,2,2,0,0,0,0,2,1,20,3,0,2,2021,31-45,2,1,0
51,2,1,2,2,2,1,2,1,0,0,0,0,60,4,0,1,2021,46-55,3,1,1
32,1,1,2,1,2,2,1,2,0,0,2,1,30,4,0,2,2021,31-45,2,1,0
70,1,2,1,1,2,2,0,0,2,1,2,1,15,2,0,1,2021,56-70,4,1,0
33,2,2,2,2,2,2,0,0,0,0,0,0,0,0,3,1,2021,31-45,2,0,0
46,1,2,2,1,2,2,0,0,0,0,2,1,30,4,0,1,2021,46-55,3,1,0
40,1,2,1,1,1,1,0,0,2,1,2,1,45,4,0,1,2021,31-45,2,1,1
21,2,1,2,2,2,2,1,2,0,0,0,0,20,3,0,1,2021,18-30,1,1,0
28,1,2,2,1,2,2,0,0,0,0,2,1,20,2,0,1,2021,18-30,1,1,0
46,2,2,2,2,2,2,0,0,0,0,0,0,0,0,5,2,2021,46-55,3,0,0
73,1,2,2,2,2,2,0,0,0,0,0,0,0,0,2,2,2021,70+,5,0,0
45,2,2,2,2,2,2,0,0,0,0,0,0,0,0,3,1,2021,31-45,2,0,0
80,2,2,2,2,2,2,0,0,0,0,0,0,0,0,5,2,2021,70+,5,0,0
35,2,2,2,2,2,2,0,0,0,0,0,0,0,0,2,1,2021,31-45,2,0,0
32,1,2,2,1,2,1,0,0,0,0,1,2,180,3,0,1,2021,31-45,2,1,1
49,1,1,2,1,2,2,2,1,0,0,2,1,20,3,0,1,2021,46-55,3,1,0
28,2,2,2,2,2,2,0,0,0,0,0,0,0,0,3,1,2021,18-30,1,0,0
62,1,2,2,2,2,1,0,0,0,0,0,0,60,4,0,1,2021,56-70,4,0,1
41,1,2,1,1,2,2,0,0,2,1,2,1,30,4,0,1,2021,31-45,2,1,0
54,2,2,2,1,2,2,0,0,0,0,2,1,30,4,0,2,2021,46-55,3,1,0
33,2,2,2,1,1,2,0,0,0,0,2,1,40,3,0,2,2021,31-45,2,1,0
46,2,2,2,1,2,2,0,0,0,0,2,1,20,3,0,1,2021,46-55,3,1,0
30,2,2,1,2,2,2,0,0,2,1,0,0,30,4,0,1,2021,18-30,1,1,0
82,2,2,2,2,2,2,0,0,0,0,0,0,0,0,5,2,2021,70+,5,0,0
24,1,1,2,2,2,1,2,1,0,0,0,0,30,3,0,1,2021,18-30,1,1,1
22,2,2,2,1,2,2,0,0,0,0,2,1,20,4,0,2,2021,18-30,1,1,0
30,2,2,1,2,2,2,0,0,2,1,0,0,50,4,0,2,2021,18-30,1,1,0
30,2,2,1,1,2,2,0,0,2,1,2,1,20,4,0,2,2021,18-30,1,1,0
58,1,1,2,2,2,2,2,1,0,0,0,0,30,3,0,2,2021,56-70,4,1,0
60,1,1,2,1,2,1,2,1,0,0,2,1,45,4,0,2,2021,56-70,4,1,1
76,1,2,2,2,2,1,0,0,0,0,0,0,60,3,0,2,2021,70+,5,0,1
56,1,1,2,1,2,2,2,1,0,0,2,1,35,4,0,1,2021,56-70,4,1,0
63,2,2,2,2,2,2,0,0,0,0,0,0,0,0,1,2,2021,56-70,4,0,0
28,2,2,2,2,2,2,0,0,0,0,0,0,0,0,3,2,2021,18-30,1,0,0
20,2,2,2,2,2,2,0,0,0,0,0,0,0,0,2,2,2021,18-30,1,0,0
52,2,2,2,2,2,2,0,0,0,0,0,0,0,0,1,2,2021,46-55,3,0,0
57,1,1,2,2,2,2,2,1,0,0,0,0,40,3,0,2,2021,56-70,4,1,0
31,2,2,1,2,2,2,0,0,2,1,0,0,45,3,0,2,2021,31-45,2,1,0
60,2,2,2,2,2,2,0,0,0,0,0,0,0,0,1,2,2021,56-70,4,0,0
38,1,1,2,2,2,2,2,1,0,0,0,0,30,4,0,2,2021,31-45,2,1,0
59,2,2,2,1,2,2,0,0,0,0,2,1,20,4,0,2,2021,56-70,4,1,0
61,2,2,2,2,2,2,0,0,0,0,0,0,0,0,5,2,2021,56-70,4,0,0
50,1,1,2,1,2,2,2,1,0,0,2,1,30,3,0,1,2021,46-55,3,1,0
57,1,1,1,2,2,2,2,1,2,1,0,0,40,3,0,1,2021,56-70,4,1,0
49,2,2,2,2,2,2,0,0,0,0,0,0,0,0,1,2,2021,46-55,3,0,0
22,1,1,2,2,2,2,2,1,0,0,0,0,60,3,0,2,2021,18-30,1,1,0
39,2,2,2,2,2,2,0,0,0,0,0,0,0,0,3,2,2021,31-45,2,0,0
50,2,2,1,2,2,2,0,0,2,1,0,0,30,3,0,2,2021,46-55,3,1,0
43,2,2,1,1,2,2,0,0,2,1,2,1,40,3,0,2,2021,31-45,2,1,0
43,2,2,1,1,2,2,0,0,2,1,2,1,60,3,0,2,2021,31-45,2,1,0
39,1,2,1,1,2,2,0,0,2,1,2,1,25,3,0,2,2021,31-45,2,1,0
63,2,2,2,2,2,2,0,0,0,0,0,0,0,0,3,2,2021,56-70,4,0,0
77,2,2,2,2,2,2,0,0,0,0,0,0,0,0,1,2,2021,70+,5,0,0
38,2,2,1,2,2,2,0,0,2,1,0,0,40,3,0,2,2021,31-45,2,1,0
28,2,2,1,2,2,2,0,0,2,1,0,0,30,4,0,2,2021,18-30,1,1,0
44,2,2,2,2,2,2,0,0,0,0,0,0,0,0,3,2,2021,31-45,2,0,0
29,2,2,2,1,2,2,0,0,0,0,2,1,20,4,0,2,2021,18-30,1,1,0
28,2,2,1,2,2,2,0,0,2,1,0,0,30,4,0,2,2021,18-30,1,1,0
46,2,2,2,2,2,2,0,0,0,0,0,0,0,0,1,2,2021,46-55,3,0,0
62,2,2,2,2,2,2,0,0,0,0,0,0,0,0,1,2,2021,56-70,4,0,0
64,2,2,2,2,2,2,0,0,0,0,0,0,0,0,1,2,2021,56-70,4,0,0
26,0,0,0,0,0,0,0,0,0,0,0,0,0,0,0,0,2021,18-30,1,0,0
19,2,2,2,2,2,2,0,0,0,0,0,0,0,0,1,2,2021,18-30,1,0,0
51,2,2,2,2,2,2,0,0,0,0,0,0,0,0,3,2,2021,46-55,3,0,0
63,1,2,1,2,2,2,0,0,2,1,0,0,40,3,0,2,2021,56-70,4,1,0
56,1,1,2,2,2,2,2,1,0,0,0,0,60,3,0,2,2021,56-70,4,1,0
57,1,1,2,1,2,2,2,1,0,0,2,1,45,3,0,2,2021,56-70,4,1,0
19,2,2,2,2,2,2,0,0,0,0,0,0,0,0,5,2,2021,18-30,1,0,0
38,1,1,2,2,2,1,2,1,0,0,0,0,40,3,0,1,2021,31-45,2,1,1
32,1,1,1,1,2,1,1,2,1,2,1,2,100,4,0,1,2021,31-45,2,1,1
30,1,1,1,1,1,2,1,2,1,2,1,2,60,3,0,1,2021,18-30,1,1,0
56,1,1,2,2,2,2,2,1,0,0,0,0,120,3,0,2,2021,56-70,4,1,0
55,0,0,0,0,0,0,0,0,0,0,0,0,0,0,0,0,2021,46-55,3,0,0
53,1,1,1,1,2,1,1,2,1,2,1,2,30,3,0,1,2021,46-55,3,1,1
65,1,1,2,2,2,1,2,1,0,0,0,0,120,4,0,1,2021,56-70,4,1,1
22,1,1,1,1,2,1,2,1,2,1,2,1,60,4,0,1,2021,18-30,1,1,1
50,1,1,1,1,1,1,2,1,2,1,1,2,120,4,0,2,2021,46-55,3,1,1
40,1,1,2,1,2,1,1,2,0,0,1,2,30,3,0,1,2021,31-45,2,1,1
22,1,1,2,2,2,2,2,1,0,0,0,0,60,3,0,1,2021,18-30,1,1,0
34,1,2,1,1,2,2,0,0,1,2,1,2,20,3,0,1,2021,31-45,2,1,0
49,2,2,2,2,2,2,0,0,0,0,0,0,0,0,5,2,2021,46-55,3,0,0
30,1,2,2,1,2,2,0,0,0,0,1,2,20,3,0,2,2021,18-30,1,1,0
43,1,1,2,1,2,2,2,1,0,0,1,2,120,3,0,1,2021,31-45,2,1,0
73,1,1,2,2,2,1,1,2,0,0,0,0,180,3,0,2,2021,70+,5,1,1
27,1,1,2,2,2,1,2,1,0,0,0,0,120,4,0,2,2021,18-30,1,1,1
23,1,1,2,1,2,1,1,2,0,0,1,2,30,3,0,1,2021,18-30,1,1,1
32,1,1,2,2,2,1,2,1,0,0,0,0,30,3,0,1,2021,31-45,2,1,1
54,2,2,2,2,2,2,0,0,0,0,0,0,0,0,2,1,2021,46-55,3,0,0
61,1,1,2,2,2,2,2,1,0,0,0,0,30,2,0,2,2021,56-70,4,1,0
23,1,1,1,2,1,1,1,2,1,2,0,0,60,3,0,1,2021,18-30,1,1,1
51,1,2,2,2,2,2,0,0,0,0,0,0,0,0,3,1,2021,46-55,3,0,0
34,1,1,1,1,1,1,1,1,1,2,1,2,120,3,0,1,2021,31-45,2,1,1
21,1,1,1,2,2,1,1,2,2,1,0,0,10,3,0,1,2021,18-30,1,1,1
65,1,1,1,1,2,2,2,1,2,1,2,1,60,3,0,3,2021,56-70,4,1,0
35,1,1,2,1,2,2,2,1,0,0,2,1,60,3,0,1,2021,31-45,2,1,0
30,2,2,2,2,2,2,0,0,0,0,0,0,0,0,3,2,2021,18-30,1,0,0
52,1,1,2,1,2,1,2,1,0,0,2,1,10,3,0,1,2021,46-55,3,1,1
19,1,1,2,2,2,2,2,1,0,0,0,0,60,1,0,1,2021,18-30,1,1,0
26,1,1,1,1,2,1,2,1,2,1,1,2,30,3,0,3,2021,18-30,1,1,1
38,2,2,2,2,2,2,0,0,0,0,0,0,0,0,3,1,2021,31-45,2,0,0
38,2,2,2,2,2,2,0,0,0,0,0,0,0,0,3,2,2021,31-45,2,0,0
54,2,2,2,2,2,2,0,0,0,0,0,0,0,0,3,3,2021,46-55,3,0,0
51,1,1,2,2,2,1,2,1,0,0,0,0,120,3,0,1,2021,46-55,3,1,1
41,1,2,2,1,2,2,0,0,0,0,2,1,15,2,0,1,2021,31-45,2,1,0
41,1,1,2,2,2,2,2,1,0,0,0,0,30,4,0,1,2021,31-45,2,1,0
25,2,2,2,2,2,2,0,0,0,0,0,0,0,0,5,2,2021,18-30,1,0,0
20,2,2,2,2,2,2,0,0,0,0,0,0,0,0,2,1,2021,18-30,1,0,0
72,2,2,2,2,2,2,0,0,0,0,0,0,0,0,3,2,2021,70+,5,0,0
63,1,1,1,2,2,2,2,1,2,1,0,0,120,2,0,1,2021,56-70,4,1,0
27,1,1,2,1,1,1,1,2,0,0,1,2,25,3,0,1,2021,18-30,1,1,1
42,1,1,2,2,2,2,2,1,0,0,0,0,40,3,0,1,2021,31-45,2,1,0
29,2,2,1,2,2,2,0,0,2,1,0,0,10,3,0,1,2021,18-30,1,1,0
22,1,2,1,2,2,1,0,0,1,1,0,0,60,3,0,1,2021,18-30,1,1,1
63,1,2,2,2,2,1,0,0,0,0,0,0,30,3,0,1,2021,56-70,4,0,1
75,2,2,2,2,2,2,0,0,0,0,0,0,0,0,5,1,2021,70+,5,0,0
68,1,2,2,2,2,1,0,0,0,0,0,0,60,3,0,1,2021,56-70,4,0,1
56,2,2,2,2,2,2,0,0,0,0,0,0,0,0,3,1,2021,56-70,4,0,0
27,1,2,2,2,2,1,0,0,0,0,0,0,45,4,0,1,2021,18-30,1,0,1
47,2,2,2,2,2,2,0,0,0,0,0,0,0,0,3,1,2021,46-55,3,0,0
72,1,1,2,2,2,2,2,1,0,0,0,0,60,3,0,2,2021,70+,5,1,0
51,2,2,2,2,2,2,0,0,0,0,0,0,0,0,2,1,2021,46-55,3,0,0
73,1,2,1,2,2,2,0,0,2,1,0,0,30,2,0,2,2021,70+,5,1,0
30,1,1,2,2,1,1,2,1,0,0,0,0,45,3,0,1,2021,18-30,1,1,1
29,2,2,1,1,2,1,0,0,2,1,2,1,30,3,0,1,2021,18-30,1,1,1
24,1,2,2,1,2,2,0,0,0,0,2,1,3,2,0,1,2021,18-30,1,1,0
56,1,1,2,2,2,2,1,2,0,0,0,0,130,2,0,2,2021,56-70,4,1,0
42,2,2,2,2,1,2,0,0,0,0,0,0,10,2,0,1,2021,31-45,2,1,0
19,1,1,2,2,2,1,2,1,0,0,0,0,120,3,0,1,2021,18-30,1,1,1
20,1,1,1,1,2,1,1,2,2,1,2,1,40,3,0,1,2021,18-30,1,1,1
47,1,2,1,1,2,1,0,0,2,1,2,1,20,3,0,1,2021,46-55,3,1,1
27,2,1,2,1,2,1,2,1,0,0,1,2,35,3,0,1,2021,18-30,1,1,1
36,1,1,2,1,2,2,2,1,0,0,2,1,30,3,0,1,2021,31-45,2,1,0
50,1,2,1,2,2,2,0,0,2,1,0,0,15,4,0,1,2021,46-55,3,1,0
57,1,2,1,2,2,2,0,0,2,1,0,0,30,2,0,1,2021,56-70,4,1,0
25,2,2,2,1,2,1,0,0,0,0,2,1,15,3,0,1,2021,18-30,1,1,1
62,2,2,2,2,2,2,0,0,0,0,0,0,0,0,3,2,2021,56-70,4,0,0
43,1,1,2,1,2,1,2,1,0,0,2,1,30,3,0,2,2021,31-45,2,1,1
28,1,1,2,2,1,2,2,1,0,0,0,0,30,3,0,1,2021,18-30,1,1,0
50,2,2,2,2,2,2,0,0,0,0,0,0,0,0,5,2,2021,46-55,3,0,0
53,2,2,2,2,2,2,0,0,0,0,0,0,0,0,2,1,2021,46-55,3,0,0
28,2,2,2,2,2,2,0,0,0,0,0,0,0,0,2,2,2021,18-30,1,0,0
30,1,2,1,2,2,2,0,0,2,1,0,0,20,3,0,1,2021,18-30,1,1,0
26,2,1,2,2,2,1,2,1,0,0,0,0,20,3,0,1,2021,18-30,1,1,1
60,2,2,2,2,2,1,0,0,0,0,0,0,10,3,0,1,2021,56-70,4,0,1
45,1,1,1,2,2,1,1,2,1,2,0,0,300,4,0,1,2021,31-45,2,1,1
33,1,1,2,2,2,2,2,1,0,0,0,0,20,4,0,2,2021,31-45,2,1,0
58,2,2,2,2,2,2,0,0,0,0,0,0,0,0,5,2,2021,56-70,4,0,0
54,2,2,2,2,2,2,0,0,0,0,0,0,0,0,3,1,2021,46-55,3,0,0
70,2,2,2,2,2,2,0,0,0,0,0,0,0,0,5,2,2021,56-70,4,0,0
42,2,2,2,2,2,2,0,0,0,0,0,0,0,0,3,2,2021,31-45,2,0,0
28,2,2,2,2,2,2,0,0,0,0,0,0,0,0,2,1,2021,18-30,1,0,0
34,2,2,2,2,2,2,0,0,0,0,0,0,0,0,1,2,2021,31-45,2,0,0
26,2,2,2,2,2,2,0,0,0,0,0,0,0,0,1,2,2021,18-30,1,0,0
94,2,2,2,2,2,2,0,0,0,0,0,0,0,0,5,3,2021,70+,5,0,0
42,1,1,1,1,2,2,2,1,2,1,2,1,30,3,0,1,2021,31-45,2,1,0
31,1,2,2,2,2,1,0,0,0,0,0,0,120,4,0,2,2021,31-45,2,0,1
83,2,2,2,1,2,2,0,0,0,0,2,1,30,1,0,1,2021,70+,5,1,0
58,1,1,2,2,2,2,2,1,0,0,0,0,40,3,0,1,2021,56-70,4,1,0
36,1,2,2,1,2,2,0,0,0,0,2,1,30,2,0,2,2021,31-45,2,1,0
38,2,2,2,2,2,1,0,0,0,0,0,0,20,2,0,1,2021,31-45,2,0,1
20,2,1,2,2,2,2,2,1,0,0,0,0,60,3,0,1,2021,18-30,1,1,0
46,1,1,2,1,2,1,2,1,0,0,2,1,15,3,0,1,2021,46-55,3,1,1
23,1,2,1,2,2,1,0,0,2,1,0,0,60,3,0,1,2021,18-30,1,1,1
60,1,2,2,1,2,1,0,0,0,0,2,1,30,3,0,2,2021,56-70,4,1,1
30,1,1,2,2,2,1,2,1,0,0,0,0,40,4,0,1,2021,18-30,1,1,1
62,2,2,2,2,2,2,0,0,0,0,0,0,0,0,5,2,2021,56-70,4,0,0
28,1,1,2,2,1,1,2,1,0,0,0,0,60,3,0,1,2021,18-30,1,1,1
57,2,2,2,2,2,2,0,0,0,0,0,0,0,0,1,2,2021,56-70,4,0,0
32,2,2,2,2,2,2,0,0,0,0,0,0,0,0,4,2,2021,31-45,2,0,0
23,2,2,2,2,2,2,0,0,0,0,0,0,0,0,3,2,2021,18-30,1,0,0
38,2,2,2,2,2,2,0,0,0,0,0,0,0,0,4,2,2021,31-45,2,0,0
60,1,2,1,1,2,1,0,0,2,1,2,1,30,4,0,2,2021,56-70,4,1,1
77,2,2,2,2,2,2,0,0,0,0,0,0,0,0,5,2,2021,70+,5,0,0
27,1,1,2,2,2,1,2,1,0,0,0,0,15,3,0,2,2021,18-30,1,1,1
38,2,2,2,2,2,2,0,0,0,0,0,0,0,0,4,2,2021,31-45,2,0,0
28,2,2,2,2,2,2,0,0,0,0,0,0,0,0,3,2,2021,18-30,1,0,0
42,2,2,2,2,2,2,0,0,0,0,0,0,0,0,1,2,2021,31-45,2,0,0
36,1,1,1,2,2,2,1,2,1,2,0,0,30,2,0,1,2021,31-45,2,1,0
56,1,1,1,2,1,1,1,2,2,1,0,0,30,3,0,1,2021,56-70,4,1,1
31,1,2,2,1,2,2,0,0,0,0,2,1,10,2,0,1,2021,31-45,2,1,0
58,1,2,1,2,2,1,0,0,1,2,0,0,90,3,0,1,2021,56-70,4,1,1
19,1,1,2,2,2,1,1,1,0,0,0,0,180,3,0,2,2021,18-30,1,1,1
40,2,2,1,2,2,2,0,0,2,1,0,0,60,1,0,2,2021,31-45,2,1,0
68,2,2,2,2,2,2,0,0,0,0,0,0,0,0,2,2,2021,56-70,4,0,0
31,1,1,2,2,2,2,2,1,0,0,0,0,45,3,0,2,2021,31-45,2,1,0
76,2,2,2,2,2,2,0,0,0,0,0,0,0,0,1,2,2021,70+,5,0,0
29,2,2,1,2,2,2,0,0,2,1,0,0,30,2,0,2,2021,18-30,1,1,0
58,2,2,2,2,2,2,0,0,0,0,0,0,0,0,2,2,2021,56-70,4,0,0
22,1,1,2,2,2,1,1,1,0,0,0,0,120,3,0,1,2021,18-30,1,1,1
37,2,1,2,2,1,2,1,2,0,0,0,0,30,1,0,2,2021,31-45,2,1,0
52,1,2,1,2,1,2,0,0,2,1,0,0,30,2,0,1,2021,46-55,3,1,0
47,1,2,2,2,2,1,0,0,0,0,0,0,5,2,0,1,2021,46-55,3,0,1
40,1,2,2,1,2,2,0,0,0,0,2,1,30,2,0,1,2021,31-45,2,1,0
20,1,1,2,2,1,1,1,2,0,0,0,0,10,3,0,1,2021,18-30,1,1,1
55,2,2,2,2,2,2,0,0,0,0,0,0,0,0,2,2,2021,46-55,3,0,0
59,2,2,2,2,2,2,0,0,0,0,0,0,0,0,2,2,2021,56-70,4,0,0
28,2,2,2,2,2,2,0,0,0,0,0,0,0,0,3,2,2021,18-30,1,0,0
51,2,2,2,2,2,2,0,0,0,0,0,0,0,0,1,1,2021,46-55,3,0,0
56,1,2,1,2,2,2,0,0,2,1,0,0,30,3,0,1,2021,56-70,4,1,0
63,1,1,2,2,2,2,2,1,0,0,0,0,120,1,0,1,2021,56-70,4,1,0
57,1,2,2,1,2,2,0,0,0,0,1,2,60,3,0,1,2021,56-70,4,1,0
30,2,2,2,2,2,2,0,0,0,0,0,0,0,0,3,2,2021,18-30,1,0,0
32,2,2,2,2,2,2,0,0,0,0,0,0,0,0,1,1,2021,31-45,2,0,0
20,1,1,2,1,1,2,1,2,0,0,1,2,130,4,0,1,2021,18-30,1,1,0
77,1,2,1,2,2,2,0,0,2,1,0,0,20,2,0,1,2021,70+,5,1,0
56,1,1,1,1,2,2,2,1,2,1,2,1,30,2,0,1,2021,56-70,4,1,0
33,2,2,2,2,2,2,0,0,0,0,0,0,0,0,3,2,2021,31-45,2,0,0
21,2,2,2,2,2,2,0,0,0,0,0,0,0,0,1,2,2021,18-30,1,0,0
23,1,2,2,2,2,1,0,0,0,0,0,0,20,4,0,2,2021,18-30,1,0,1
53,1,2,1,2,2,2,0,0,2,1,0,0,45,4,0,1,2021,46-55,3,1,0
43,2,2,2,1,2,1,0,0,0,0,2,1,30,3,0,2,2021,31-45,2,1,1
23,2,2,2,2,2,2,0,0,0,0,0,0,0,0,3,1,2021,18-30,1,0,0
55,2,2,2,2,2,2,0,0,0,0,0,0,0,0,1,2,2021,46-55,3,0,0
44,2,2,2,2,2,2,0,0,0,0,0,0,0,0,3,2,2021,31-45,2,0,0
42,2,2,1,2,2,2,0,0,2,1,0,0,10,1,0,2,2021,31-45,2,1,0
57,2,2,2,2,2,2,0,0,0,0,0,0,0,0,1,2,2021,56-70,4,0,0
28,1,1,2,1,2,1,2,1,0,0,2,1,10,3,0,1,2021,18-30,1,1,1
57,2,2,2,2,2,2,0,0,0,0,0,0,0,0,3,2,2021,56-70,4,0,0
39,2,2,2,2,2,2,0,0,0,0,0,0,0,0,1,1,2021,31-45,2,0,0
33,2,2,1,2,2,1,0,0,1,2,0,0,120,4,0,1,2021,31-45,2,1,1
40,2,2,2,2,2,2,0,0,0,0,0,0,0,0,1,2,2021,31-45,2,0,0
50,1,1,2,2,2,1,1,1,0,0,0,0,60,2,0,1,2021,46-55,3,1,1
32,1,1,2,2,2,1,1,1,0,0,0,0,60,2,0,2,2021,31-45,2,1,1
47,2,2,2,2,2,2,0,0,0,0,0,0,0,0,3,2,2021,46-55,3,0,0
48,2,2,2,2,2,2,0,0,0,0,0,0,0,0,3,1,2021,46-55,3,0,0
33,2,2,2,2,2,2,0,0,0,0,0,0,0,0,3,1,2021,31-45,2,0,0
55,1,2,2,1,2,1,0,0,0,0,2,1,60,3,0,1,2021,46-55,3,1,1
55,2,2,2,2,2,2,0,0,0,0,0,0,0,0,1,1,2021,46-55,3,0,0
64,2,2,2,2,2,2,0,0,0,0,0,0,0,0,1,1,2021,56-70,4,0,0
43,2,2,2,1,2,2,0,0,0,0,2,1,10,3,0,1,2021,31-45,2,1,0
40,2,2,2,2,2,2,0,0,0,0,0,0,0,0,3,1,2021,31-45,2,0,0
46,1,2,2,2,2,2,0,0,0,0,0,0,0,0,1,1,2021,46-55,3,0,0
20,1,2,1,1,2,1,0,0,2,1,2,1,5,4,0,1,2021,18-30,1,1,1
30,1,1,1,2,1,1,1,2,2,1,0,0,20,3,0,2,2021,18-30,1,1,1
53,1,2,1,2,2,2,0,0,2,1,0,0,20,4,0,1,2021,46-55,3,1,0
50,2,2,2,2,2,2,0,0,0,0,0,0,0,0,2,2,2021,46-55,3,0,0
38,2,2,2,2,2,2,0,0,0,0,0,0,0,0,3,2,2021,31-45,2,0,0
39,2,2,2,2,2,2,0,0,0,0,0,0,0,0,1,2,2021,31-45,2,0,0
38,2,2,2,2,2,1,0,0,0,0,0,0,60,3,0,2,2021,31-45,2,0,1
23,1,1,2,1,1,1,2,1,0,0,1,2,120,4,0,1,2021,18-30,1,1,1
63,2,2,2,2,2,2,0,0,0,0,0,0,0,0,2,1,2021,56-70,4,0,0
78,2,2,2,2,2,2,0,0,0,0,0,0,0,0,2,2,2021,70+,5,0,0
50,2,2,2,2,2,2,0,0,0,0,0,0,0,0,3,1,2021,46-55,3,0,0
55,2,2,2,2,2,2,0,0,0,0,0,0,0,0,3,1,2021,46-55,3,0,0
26,2,2,2,2,2,2,0,0,0,0,0,0,0,0,2,2,2021,18-30,1,0,0
58,1,1,1,2,2,2,2,1,2,1,0,0,60,1,0,1,2021,56-70,4,1,0
39,1,2,2,2,2,1,0,0,0,0,0,0,45,3,0,1,2021,31-45,2,0,1
42,1,2,1,1,2,1,0,0,1,1,1,2,30,4,0,1,2021,31-45,2,1,1
29,2,2,2,2,2,2,0,0,0,0,0,0,0,0,3,2,2021,18-30,1,0,0
23,1,1,2,2,2,1,2,1,0,0,0,0,25,4,0,1,2021,18-30,1,1,1
57,2,2,2,2,2,2,0,0,0,0,0,0,0,0,1,3,2021,56-70,4,0,0
35,2,2,2,2,2,2,0,0,0,0,0,0,0,0,1,2,2021,31-45,2,0,0
80,2,2,2,2,2,2,0,0,0,0,0,0,0,0,1,2,2021,70+,5,0,0
80,2,2,2,2,2,2,0,0,0,0,0,0,0,0,5,2,2021,70+,5,0,0
57,2,2,2,2,2,2,0,0,0,0,0,0,0,0,2,2,2021,56-70,4,0,0
53,1,1,2,2,2,1,1,1,0,0,0,0,120,3,0,1,2021,46-55,3,1,1
64,1,1,1,1,2,2,1,2,2,1,2,1,40,2,0,1,2021,56-70,4,1,0
54,2,2,2,2,2,2,0,0,0,0,0,0,0,0,1,2,2021,46-55,3,0,0
44,2,2,2,2,2,2,0,0,0,0,0,0,0,0,4,2,2021,31-45,2,0,0
26,2,2,2,2,2,2,0,0,0,0,0,0,0,0,3,2,2021,18-30,1,0,0
19,2,2,2,2,2,2,0,0,0,0,0,0,0,0,4,2,2021,18-30,1,0,0
43,2,2,2,2,2,1,0,0,0,0,0,0,15,3,0,2,2021,31-45,2,0,1
19,2,2,2,2,2,2,0,0,0,0,0,0,0,0,1,1,2021,18-30,1,0,0
47,1,1,2,2,2,1,2,1,0,0,0,0,15,3,0,2,2021,46-55,3,1,1
31,1,1,2,1,2,1,2,1,0,0,2,1,35,4,0,1,2021,31-45,2,1,1
57,1,2,1,1,2,2,0,0,2,1,2,1,15,3,0,1,2021,56-70,4,1,0
28,1,1,1,2,2,1,2,1,2,1,0,0,20,4,0,1,2021,18-30,1,1,1
21,1,1,2,2,2,2,2,1,0,0,0,0,30,4,0,1,2021,18-30,1,1,0
74,2,2,1,2,2,2,0,0,2,1,0,0,30,2,0,1,2021,70+,5,1,0
18,1,2,1,2,2,1,0,0,2,1,0,0,10,3,0,1,2021,18-30,1,1,1
47,1,1,1,2,2,2,2,1,2,1,0,0,20,3,0,1,2021,46-55,3,1,0
43,1,1,2,2,2,2,2,1,0,0,0,0,60,4,0,2,2021,31-45,2,1,0
37,2,2,1,2,1,1,0,0,2,1,0,0,15,3,0,1,2021,31-45,2,1,1
55,1,1,2,2,2,1,1,2,0,0,0,0,90,3,0,1,2021,46-55,3,1,1
27,0,0,0,0,0,0,0,0,0,0,0,0,0,0,0,0,2021,18-30,1,0,0
37,1,1,1,1,2,1,1,1,1,2,2,1,20,3,0,1,2021,31-45,2,1,1
23,2,2,2,2,2,2,0,0,0,0,0,0,0,0,1,1,2021,18-30,1,0,0
75,1,1,2,2,2,2,2,1,0,0,0,0,40,4,0,1,2021,70+,5,1,0
60,1,1,2,2,2,2,2,1,0,0,0,0,20,3,0,1,2021,56-70,4,1,0
66,1,1,2,2,2,1,1,2,0,0,0,0,30,3,0,1,2021,56-70,4,1,1
48,1,2,1,2,1,1,0,0,2,1,0,0,15,4,0,1,2021,46-55,3,1,1
38,1,1,1,1,2,1,2,1,2,1,2,1,30,4,0,2,2021,31-45,2,1,1
21,2,1,2,2,2,1,2,1,0,0,0,0,30,2,0,1,2021,18-30,1,1,1
63,2,2,2,2,2,2,0,0,0,0,0,0,0,0,3,2,2021,56-70,4,0,0
69,1,1,1,2,2,1,2,1,2,1,0,0,180,3,0,1,2021,56-70,4,1,1
80,1,1,1,2,2,2,2,1,2,1,0,0,120,2,0,1,2021,70+,5,1,0
73,2,2,1,2,2,2,0,0,2,1,0,0,50,2,0,1,2021,70+,5,1,0
26,1,1,1,2,2,1,2,1,2,1,0,0,60,4,0,1,2021,18-30,1,1,1
19,2,2,2,2,1,1,0,0,0,0,0,0,120,2,0,2,2021,18-30,1,1,1
34,1,2,1,1,2,2,0,0,2,1,1,2,25,4,0,1,2021,31-45,2,1,0
81,1,1,2,1,2,2,2,1,0,0,2,1,1,3,0,1,2021,70+,5,1,0
56,1,1,1,2,2,2,1,2,2,1,0,0,60,2,0,1,2021,56-70,4,1,0
47,2,2,2,2,2,2,0,0,0,0,0,0,0,0,1,2,2021,46-55,3,0,0
44,2,2,2,2,2,2,0,0,0,0,0,0,0,0,1,2,2021,31-45,2,0,0
40,2,2,2,2,2,2,0,0,0,0,0,0,0,0,3,2,2021,31-45,2,0,0
21,1,1,2,2,2,1,2,1,0,0,0,0,40,4,0,1,2021,18-30,1,1,1
48,1,1,1,2,2,1,1,2,1,2,0,0,30,4,0,1,2021,46-55,3,1,1
48,1,1,1,1,2,1,2,1,2,1,2,1,70,4,0,1,2021,46-55,3,1,1
59,2,2,2,2,2,2,0,0,0,0,0,0,0,0,3,1,2021,56-70,4,0,0
25,2,2,1,2,2,2,0,0,2,1,0,0,5,1,0,2,2021,18-30,1,1,0
41,2,2,2,2,2,2,0,0,0,0,0,0,0,0,3,1,2021,31-45,2,0,0
35,1,1,2,1,2,2,2,1,0,0,2,1,20,3,0,3,2021,31-45,2,1,0
49,2,2,2,2,2,2,0,0,0,0,0,0,0,0,3,2,2021,46-55,3,0,0
62,2,2,1,2,2,2,0,0,2,1,0,0,5,2,0,1,2021,56-70,4,1,0
29,2,2,2,2,2,2,0,0,0,0,0,0,0,0,3,2,2021,18-30,1,0,0
31,2,2,2,2,2,2,0,0,0,0,0,0,0,0,1,2,2021,31-45,2,0,0
65,2,2,2,2,2,2,0,0,0,0,0,0,0,0,2,2,2021,56-70,4,0,0
37,2,2,2,2,2,2,0,0,0,0,0,0,0,0,2,2,2021,31-45,2,0,0
25,1,1,2,2,1,1,1,2,0,0,0,0,40,3,0,1,2021,18-30,1,1,1
46,1,1,2,2,2,1,2,1,0,0,0,0,60,4,0,1,2021,46-55,3,1,1
22,1,1,2,2,2,1,2,1,0,0,0,0,15,4,0,1,2021,18-30,1,1,1
44,2,2,2,2,2,1,0,0,0,0,0,0,10,3,0,1,2021,31-45,2,0,1
71,0,0,0,0,0,0,0,0,0,0,0,0,0,0,0,0,2021,70+,5,0,0
55,2,2,2,2,2,2,0,0,0,0,0,0,0,0,3,2,2021,46-55,3,0,0
36,1,1,2,2,2,1,2,1,0,0,0,0,40,3,0,1,2021,31-45,2,1,1
40,1,2,2,1,2,2,0,0,0,0,2,1,20,2,0,1,2021,31-45,2,1,0
30,1,1,1,1,2,1,2,1,2,1,2,1,30,4,0,1,2021,18-30,1,1,1
38,2,2,2,2,2,2,0,0,0,0,0,0,0,0,3,2,2021,31-45,2,0,0
45,2,2,2,2,2,2,0,0,0,0,0,0,0,0,1,1,2021,31-45,2,0,0
76,2,2,2,2,2,2,0,0,0,0,0,0,0,0,3,1,2021,70+,5,0,0
57,2,2,2,2,2,2,0,0,0,0,0,0,0,0,1,2,2021,56-70,4,0,0
28,1,2,2,2,2,1,0,0,0,0,0,0,30,4,0,1,2021,18-30,1,0,1
54,2,2,2,2,2,2,0,0,0,0,0,0,0,0,3,2,2021,46-55,3,0,0
38,2,2,2,2,2,1,0,0,0,0,0,0,20,3,0,1,2021,31-45,2,0,1
47,2,2,2,2,2,2,0,0,0,0,0,0,0,0,3,1,2021,46-55,3,0,0
44,2,2,2,2,2,2,0,0,0,0,0,0,0,0,3,2,2021,31-45,2,0,0
33,1,1,2,2,2,2,2,1,0,0,0,0,30,3,0,2,2021,31-45,2,1,0
34,2,2,2,2,2,2,0,0,0,0,0,0,0,0,3,1,2021,31-45,2,0,0
56,2,2,2,2,2,2,0,0,0,0,0,0,0,0,1,2,2021,56-70,4,0,0
25,1,1,2,1,2,2,2,1,0,0,2,1,30,4,0,1,2021,18-30,1,1,0
21,1,1,2,2,2,1,2,1,0,0,0,0,30,3,0,1,2021,18-30,1,1,1
59,2,2,2,2,2,2,0,0,0,0,0,0,0,0,1,2,2021,56-70,4,0,0
23,2,2,2,2,2,2,0,0,0,0,0,0,0,0,3,2,2021,18-30,1,0,0
66,1,2,1,1,2,2,0,0,1,2,1,2,45,4,0,1,2021,56-70,4,1,0
45,1,1,2,2,2,2,2,1,0,0,0,0,90,4,0,1,2021,31-45,2,1,0
24,1,1,2,2,2,1,2,1,0,0,0,0,60,4,0,1,2021,18-30,1,1,1
55,1,1,1,1,2,2,1,2,1,2,2,1,30,3,0,1,2021,46-55,3,1,0
45,1,1,2,2,2,2,2,1,0,0,0,0,30,1,0,3,2021,31-45,2,1,0
63,2,2,2,2,2,2,0,0,0,0,0,0,0,0,3,1,2021,56-70,4,0,0
21,1,2,1,1,2,1,0,0,2,1,2,1,40,3,0,1,2021,18-30,1,1,1
72,1,1,2,2,2,2,2,1,0,0,0,0,60,3,0,2,2021,70+,5,1,0
31,1,1,1,1,1,1,2,1,2,1,2,1,60,3,0,1,2021,31-45,2,1,1
50,1,1,2,2,2,1,2,1,0,0,0,0,120,4,0,1,2021,46-55,3,1,1
30,1,1,2,2,2,1,2,1,0,0,0,0,60,3,0,2,2021,18-30,1,1,1
35,2,2,2,2,2,2,0,0,0,0,0,0,0,0,3,1,2021,31-45,2,0,0
50,1,2,2,2,2,1,0,0,0,0,0,0,20,3,0,2,2021,46-55,3,0,1
47,1,1,2,2,2,2,2,1,0,0,0,0,20,3,0,1,2021,46-55,3,1,0
29,1,2,2,2,2,1,0,0,0,0,0,0,15,3,0,1,2021,18-30,1,0,1
20,1,2,2,2,2,1,0,0,0,0,0,0,15,3,0,2,2021,18-30,1,0,1
53,2,2,2,2,2,2,0,0,0,0,0,0,0,0,3,1,2021,46-55,3,0,0
58,1,1,2,2,2,2,2,1,0,0,0,0,45,3,0,1,2021,56-70,4,1,0
34,1,1,2,2,2,1,1,2,0,0,0,0,120,3,0,1,2021,31-45,2,1,1
37,1,1,2,2,2,1,2,1,0,0,0,0,120,3,0,1,2021,31-45,2,1,1
32,2,2,2,2,2,2,0,0,0,0,0,0,0,0,3,1,2021,31-45,2,0,0
61,2,2,2,2,2,2,0,0,0,0,0,0,0,0,3,1,2021,56-70,4,0,0
66,2,2,2,2,2,2,0,0,0,0,0,0,0,0,3,2,2021,56-70,4,0,0
68,2,2,2,2,2,2,0,0,0,0,0,0,0,0,3,3,2021,56-70,4,0,0
32,2,2,2,2,2,2,0,0,0,0,0,0,0,0,2,2,2021,31-45,2,0,0
39,2,2,2,2,2,2,0,0,0,0,0,0,0,0,2,2,2021,31-45,2,0,0
33,1,1,2,2,2,2,1,2,0,0,0,0,30,3,0,1,2021,31-45,2,1,0
65,1,2,1,2,2,2,0,0,2,1,0,0,30,3,0,1,2021,56-70,4,1,0
55,0,0,0,0,0,0,0,0,0,0,0,0,0,0,0,0,2021,46-55,3,0,0
21,1,1,2,2,2,1,1,2,0,0,0,0,30,3,0,1,2021,18-30,1,1,1
36,2,2,2,2,2,2,0,0,0,0,0,0,0,0,3,1,2021,31-45,2,0,0
46,1,2,1,2,2,2,0,0,2,1,0,0,60,1,0,2,2021,46-55,3,1,0
26,2,2,2,2,2,2,0,0,0,0,0,0,0,0,3,1,2021,18-30,1,0,0
18,1,1,2,2,2,1,1,2,0,0,0,0,30,4,0,1,2021,18-30,1,1,1
64,1,1,1,1,2,2,2,1,2,1,2,1,60,2,0,1,2021,56-70,4,1,0
38,1,2,2,2,2,1,0,0,0,0,0,0,30,3,0,1,2021,31-45,2,0,1
31,2,2,2,2,2,2,0,0,0,0,0,0,0,0,4,2,2021,31-45,2,0,0
41,2,2,2,2,2,2,0,0,0,0,0,0,0,0,3,2,2021,31-45,2,0,0
44,1,1,1,2,2,1,2,1,2,1,0,0,20,2,0,2,2021,31-45,2,1,1
79,1,2,1,2,2,2,0,0,2,1,0,0,60,1,0,2,2021,70+,5,1,0
43,1,1,2,2,2,2,2,1,0,0,0,0,120,3,0,1,2021,31-45,2,1,0
22,1,1,2,2,2,2,2,1,0,0,0,0,40,4,0,1,2021,18-30,1,1,0
46,1,1,1,1,2,2,1,1,2,1,2,1,60,3,0,1,2021,46-55,3,1,0
42,2,2,2,2,2,2,0,0,0,0,0,0,0,0,4,1,2021,31-45,2,0,0
45,1,1,2,2,2,1,2,1,0,0,0,0,60,3,0,1,2021,31-45,2,1,1
57,2,2,2,2,2,2,0,0,0,0,0,0,0,0,1,2,2021,56-70,4,0,0
61,2,2,2,2,2,2,0,0,0,0,0,0,0,0,5,2,2021,56-70,4,0,0
59,1,1,2,2,2,2,1,2,0,0,0,0,30,3,0,1,2021,56-70,4,1,0
26,2,2,2,2,2,2,0,0,0,0,0,0,0,0,3,2,2021,18-30,1,0,0
50,1,1,2,1,2,2,2,1,0,0,2,1,30,3,0,1,2021,46-55,3,1,0
36,2,2,2,2,2,2,0,0,0,0,0,0,0,0,3,3,2021,31-45,2,0,0
43,2,2,2,2,2,2,0,0,0,0,0,0,0,0,2,1,2021,31-45,2,0,0
22,1,1,2,2,2,2,2,1,0,0,0,0,30,4,0,1,2021,18-30,1,1,0
18,1,1,1,2,2,1,2,1,1,2,0,0,60,3,0,1,2021,18-30,1,1,1
67,1,1,2,2,2,2,2,1,0,0,0,0,30,3,0,2,2021,56-70,4,1,0
70,1,1,2,2,2,2,2,1,0,0,0,0,15,2,0,2,2021,56-70,4,1,0
48,2,2,2,2,2,2,0,0,0,0,0,0,0,0,3,2,2021,46-55,3,0,0
22,1,2,2,1,1,1,0,0,0,0,2,1,40,4,0,1,2021,18-30,1,1,1
34,1,1,2,2,2,1,2,1,0,0,0,0,60,3,0,1,2021,31-45,2,1,1
49,1,2,2,1,2,1,0,0,0,0,2,1,10,2,0,2,2021,46-55,3,1,1
58,1,1,1,2,2,1,2,1,1,2,0,0,180,4,0,1,2021,56-70,4,1,1
56,1,1,1,1,2,2,2,1,2,1,1,2,30,3,0,1,2021,56-70,4,1,0
50,2,2,2,2,2,2,0,0,0,0,0,0,0,0,2,1,2021,46-55,3,0,0
21,1,2,2,2,2,1,0,0,0,0,0,0,30,3,0,1,2021,18-30,1,0,1
52,2,2,2,2,2,2,0,0,0,0,0,0,0,0,3,2,2021,46-55,3,0,0
37,2,2,2,2,2,2,0,0,0,0,0,0,0,0,2,1,2021,31-45,2,0,0
23,2,2,2,2,2,2,0,0,0,0,0,0,0,0,1,1,2021,18-30,1,0,0
32,1,1,2,2,2,2,2,1,0,0,0,0,30,2,0,1,2021,31-45,2,1,0
27,1,1,2,2,2,1,2,1,0,0,0,0,60,2,0,1,2021,18-30,1,1,1
34,2,2,2,2,2,2,0,0,0,0,0,0,0,0,3,2,2021,31-45,2,0,0
32,2,2,2,2,2,2,0,0,0,0,0,0,0,0,4,1,2021,31-45,2,0,0
43,2,2,2,2,2,2,0,0,0,0,0,0,0,0,3,2,2021,31-45,2,0,0
52,1,1,1,1,2,2,1,1,1,2,1,2,60,3,0,1,2021,46-55,3,1,0
46,2,2,2,2,2,2,0,0,0,0,0,0,0,0,4,1,2021,46-55,3,0,0
31,1,2,1,2,2,2,0,0,2,1,0,0,20,3,0,2,2021,31-45,2,1,0
26,1,2,1,2,2,1,0,0,1,2,0,0,15,3,0,1,2021,18-30,1,1,1
31,1,2,1,2,2,2,0,0,2,1,0,0,30,3,0,1,2021,31-45,2,1,0
65,1,1,2,2,2,2,2,1,0,0,0,0,30,1,0,2,2021,56-70,4,1,0
49,1,1,1,2,2,2,2,1,2,1,0,0,15,3,0,1,2021,46-55,3,1,0
49,2,2,2,2,2,2,0,0,0,0,0,0,0,0,3,3,2021,46-55,3,0,0
26,1,1,1,2,2,2,1,2,2,1,0,0,30,2,0,2,2021,18-30,1,1,0
23,2,2,2,2,2,2,0,0,0,0,0,0,0,0,1,2,2021,18-30,1,0,0
80,0,0,0,0,0,0,0,0,0,0,0,0,0,0,0,0,2021,70+,5,0,0
69,1,1,2,1,2,1,1,1,0,0,2,1,120,4,0,1,2021,56-70,4,1,1
50,1,1,2,1,2,1,2,1,0,0,2,1,20,3,0,1,2021,46-55,3,1,1
72,1,1,2,2,2,2,2,1,0,0,0,0,90,4,0,2,2021,70+,5,1,0
62,2,2,2,2,2,2,0,0,0,0,0,0,0,0,4,2,2021,56-70,4,0,0
40,1,2,1,2,2,2,0,0,2,1,0,0,30,3,0,1,2021,31-45,2,1,0
53,1,1,1,1,1,2,2,1,2,1,2,1,180,4,0,1,2021,46-55,3,1,0
38,1,1,2,2,2,1,2,1,0,0,0,0,20,2,0,1,2021,31-45,2,1,1
56,2,2,2,2,2,2,0,0,0,0,0,0,0,0,3,2,2021,56-70,4,0,0
33,1,1,1,1,1,1,1,1,1,2,1,2,40,3,0,1,2021,31-45,2,1,1
58,1,1,2,2,2,1,2,1,0,0,0,0,120,4,0,1,2021,56-70,4,1,1
65,2,2,2,2,2,2,0,0,0,0,0,0,0,0,2,1,2021,56-70,4,0,0
36,1,1,2,2,2,1,2,1,0,0,0,0,60,3,0,1,2021,31-45,2,1,1
31,2,2,2,2,2,2,0,0,0,0,0,0,0,0,2,2,2021,31-45,2,0,0
28,1,2,2,2,2,1,0,0,0,0,0,0,15,2,0,1,2021,18-30,1,0,1
41,2,2,2,2,2,2,0,0,0,0,0,0,0,0,1,2,2021,31-45,2,0,0
53,2,2,2,2,2,2,0,0,0,0,0,0,0,0,2,1,2021,46-55,3,0,0
43,1,2,2,1,2,1,0,0,0,0,2,1,15,2,0,2,2021,31-45,2,1,1
56,2,2,2,2,2,2,0,0,0,0,0,0,0,0,2,2,2021,56-70,4,0,0
50,1,2,2,1,2,2,0,0,0,0,2,1,20,2,0,1,2021,46-55,3,1,0
51,1,1,2,2,2,2,2,1,0,0,0,0,10,2,0,2,2021,46-55,3,1,0
31,1,2,1,2,2,2,0,0,2,1,0,0,10,2,0,2,2021,31-45,2,1,0
32,2,2,2,2,2,2,0,0,0,0,0,0,0,0,1,2,2021,31-45,2,0,0
74,2,2,2,2,2,2,0,0,0,0,0,0,0,0,5,3,2021,70+,5,0,0
47,1,2,2,2,2,1,0,0,0,0,0,0,30,4,0,1,2021,46-55,3,0,1
35,2,2,2,2,2,2,0,0,0,0,0,0,0,0,2,1,2021,31-45,2,0,0
30,2,2,2,2,2,2,0,0,0,0,0,0,0,0,2,2,2021,18-30,1,0,0
30,2,2,2,2,2,2,0,0,0,0,0,0,0,0,2,1,2021,18-30,1,0,0
72,2,2,2,2,2,2,0,0,0,0,0,0,0,0,1,2,2021,70+,5,0,0
27,2,2,2,2,2,2,0,0,0,0,0,0,0,0,3,2,2021,18-30,1,0,0
35,2,2,2,2,2,2,0,0,0,0,0,0,0,0,2,2,2021,31-45,2,0,0
56,1,1,1,2,2,2,2,1,2,1,0,0,30,3,0,1,2021,56-70,4,1,0
44,2,2,2,2,2,2,0,0,0,0,0,0,0,0,1,1,2021,31-45,2,0,0
56,2,2,2,2,2,2,0,0,0,0,0,0,0,0,2,1,2021,56-70,4,0,0
73,0,0,0,0,0,0,0,0,0,0,0,0,0,0,0,0,2021,70+,5,0,0
39,1,1,2,2,2,1,2,1,0,0,0,0,40,3,0,1,2021,31-45,2,1,1
52,1,1,2,2,2,2,2,1,0,0,0,0,45,3,0,1,2021,46-55,3,1,0
18,1,1,2,2,2,1,1,2,0,0,0,0,60,3,0,1,2021,18-30,1,1,1
61,1,2,1,2,1,1,0,0,2,1,0,0,30,3,0,1,2021,56-70,4,1,1
26,1,1,2,2,2,1,1,2,0,0,0,0,60,3,0,1,2021,18-30,1,1,1
35,1,1,2,2,2,1,2,1,0,0,0,0,120,3,0,1,2021,31-45,2,1,1
28,1,1,2,1,2,1,1,2,0,0,1,2,30,4,0,1,2021,18-30,1,1,1
41,1,1,2,2,2,1,1,2,0,0,0,0,45,3,0,1,2021,31-45,2,1,1
76,1,1,2,2,2,2,2,1,0,0,0,0,30,4,0,1,2021,70+,5,1,0
44,2,2,2,1,2,2,0,0,0,0,2,1,20,3,0,2,2021,31-45,2,1,0
71,2,1,1,2,2,2,2,1,2,1,0,0,30,3,0,2,2021,70+,5,1,0
67,2,2,2,2,2,2,0,0,0,0,0,0,0,0,3,2,2021,56-70,4,0,0
25,2,2,2,2,2,2,0,0,0,0,0,0,0,0,2,2,2021,18-30,1,0,0
39,1,1,2,2,2,2,2,1,0,0,0,0,180,4,0,1,2021,31-45,2,1,0
73,1,2,2,2,2,2,0,0,0,0,0,0,0,0,5,1,2021,70+,5,0,0
26,1,2,2,2,2,2,0,0,0,0,0,0,0,0,3,2,2021,18-30,1,0,0
28,2,2,2,2,2,2,0,0,0,0,0,0,0,0,3,2,2021,18-30,1,0,0
39,1,1,1,2,2,1,2,1,2,1,0,0,30,4,0,1,2021,31-45,2,1,1
61,1,1,2,2,2,1,2,1,0,0,0,0,90,3,0,1,2021,56-70,4,1,1
22,1,1,2,2,2,1,2,1,0,0,0,0,60,3,0,1,2021,18-30,1,1,1
25,2,2,2,2,2,2,0,0,0,0,0,0,0,0,2,2,2021,18-30,1,0,0
61,1,1,2,1,2,2,1,2,0,0,1,2,90,3,0,2,2021,56-70,4,1,0
24,1,1,2,2,2,2,2,1,0,0,0,0,15,3,0,1,2021,18-30,1,1,0
71,1,1,1,1,2,2,2,1,2,1,2,1,120,3,0,1,2021,70+,5,1,0
28,2,1,2,2,2,1,1,2,0,0,0,0,40,2,0,1,2021,18-30,1,1,1
43,1,1,1,2,2,1,2,1,1,2,0,0,480,4,0,1,2021,31-45,2,1,1
73,2,2,2,2,2,2,0,0,0,0,0,0,0,0,1,2,2021,70+,5,0,0
45,2,2,2,2,2,2,0,0,0,0,0,0,0,0,1,2,2021,31-45,2,0,0
44,1,1,2,2,2,1,1,2,0,0,0,0,30,4,0,1,2021,31-45,2,1,1
32,1,1,1,2,2,1,2,1,2,1,0,0,60,4,0,1,2021,31-45,2,1,1
27,1,1,2,2,2,1,2,1,0,0,0,0,30,4,0,1,2021,18-30,1,1,1
35,1,1,2,2,2,1,2,1,0,0,0,0,30,3,0,1,2021,31-45,2,1,1
71,1,1,2,2,2,2,2,1,0,0,0,0,40,2,0,1,2021,70+,5,1,0
26,1,1,2,2,2,2,2,1,0,0,0,0,30,3,0,2,2021,18-30,1,1,0
48,2,2,2,2,2,2,0,0,0,0,0,0,0,0,3,2,2021,46-55,3,0,0
53,2,2,2,2,2,2,0,0,0,0,0,0,0,0,3,2,2021,46-55,3,0,0
26,2,2,2,2,2,2,0,0,0,0,0,0,0,0,2,2,2021,18-30,1,0,0
54,2,2,2,2,2,2,0,0,0,0,0,0,0,0,2,2,2021,46-55,3,0,0
85,2,2,2,2,2,2,0,0,0,0,0,0,0,0,1,2,2021,70+,5,0,0
93,2,2,2,2,2,2,0,0,0,0,0,0,0,0,5,2,2021,70+,5,0,0
59,1,1,1,1,1,2,2,1,2,1,2,1,60,2,0,1,2021,56-70,4,1,0
46,1,1,2,2,2,2,2,1,0,0,0,0,30,2,0,2,2021,46-55,3,1,0
37,1,1,1,2,2,1,1,2,2,1,0,0,20,3,0,1,2021,31-45,2,1,1
51,2,2,2,2,2,2,0,0,0,0,0,0,0,0,3,1,2021,46-55,3,0,0
30,1,2,2,2,1,2,0,0,0,0,0,0,15,3,0,2,2021,18-30,1,1,0
26,1,1,2,2,2,1,2,1,0,0,0,0,30,3,0,2,2021,18-30,1,1,1
55,1,2,2,2,2,2,0,0,0,0,0,0,0,0,1,2,2021,46-55,3,0,0
63,1,1,2,2,2,2,2,1,0,0,0,0,30,1,0,2,2021,56-70,4,1,0
67,2,1,2,2,2,2,2,1,0,0,0,0,30,2,0,2,2021,56-70,4,1,0
35,1,1,2,2,2,1,2,1,0,0,0,0,15,3,0,1,2021,31-45,2,1,1
70,1,1,2,2,2,1,2,1,0,0,0,0,120,3,0,2,2021,56-70,4,1,1
37,1,1,1,1,2,1,1,2,1,2,1,2,80,4,0,1,2021,31-45,2,1,1
81,1,1,2,2,2,2,2,1,0,0,0,0,30,1,0,2,2021,70+,5,1,0
79,1,1,2,1,2,1,1,2,0,0,1,2,60,4,0,1,2021,70+,5,1,1
68,1,1,2,1,2,2,2,1,0,0,2,1,30,1,0,2,2021,56-70,4,1,0
23,1,1,2,2,2,1,1,1,0,0,0,0,45,3,0,1,2021,18-30,1,1,1
43,2,2,2,2,2,2,0,0,0,0,0,0,0,0,3,2,2021,31-45,2,0,0
42,1,2,2,2,2,1,0,0,0,0,0,0,25,2,0,1,2021,31-45,2,0,1
67,2,2,2,2,2,2,0,0,0,0,0,0,0,0,5,2,2021,56-70,4,0,0
35,1,2,1,2,2,2,0,0,2,1,0,0,30,3,0,1,2021,31-45,2,1,0
21,2,2,2,2,2,2,0,0,0,0,0,0,0,0,1,1,2021,18-30,1,0,0
65,0,0,0,0,0,0,0,0,0,0,0,0,0,0,0,0,2021,56-70,4,0,0
22,1,1,2,1,2,1,2,1,0,0,1,2,20,3,0,1,2021,18-30,1,1,1
58,1,1,2,2,2,1,2,1,0,0,0,0,60,3,0,1,2021,56-70,4,1,1
34,1,1,2,2,2,1,2,1,0,0,0,0,30,3,0,1,2021,31-45,2,1,1
41,0,0,0,0,0,0,0,0,0,0,0,0,0,0,0,0,2021,31-45,2,0,0
41,1,1,2,2,2,2,2,1,0,0,0,0,20,1,0,2,2021,31-45,2,1,0
30,1,1,1,2,2,1,1,2,1,1,0,0,15,3,0,2,2021,18-30,1,1,1
31,1,1,2,2,2,1,2,1,0,0,0,0,30,4,0,2,2021,31-45,2,1,1
33,1,2,2,2,2,2,0,0,0,0,0,0,0,0,3,1,2021,31-45,2,0,0
26,1,1,2,2,1,1,1,2,0,0,0,0,45,3,0,1,2021,18-30,1,1,1
29,1,2,2,1,2,1,0,0,0,0,2,1,15,2,0,2,2021,18-30,1,1,1
37,1,1,1,2,2,1,2,1,2,1,0,0,60,4,0,1,2021,31-45,2,1,1
71,1,1,2,2,2,1,2,1,0,0,0,0,45,4,0,1,2021,70+,5,1,1
32,2,2,1,2,2,1,0,0,2,1,0,0,10,2,0,1,2021,31-45,2,1,1
28,1,1,2,2,2,1,2,1,0,0,0,0,30,3,0,1,2021,18-30,1,1,1
35,1,1,1,2,1,1,2,1,2,1,0,0,60,1,0,1,2021,31-45,2,1,1
84,1,1,1,1,2,1,2,1,2,1,2,1,60,2,0,1,2021,70+,5,1,1
75,1,1,1,1,2,2,2,1,2,1,2,1,30,3,0,1,2021,70+,5,1,0
36,1,2,2,2,2,1,0,0,0,0,0,0,15,3,0,1,2021,31-45,2,0,1
30,1,1,2,2,2,1,1,2,0,0,0,0,30,3,0,1,2021,18-30,1,1,1
35,1,1,1,2,1,2,2,1,2,1,0,0,30,4,0,1,2021,31-45,2,1,0
56,2,1,2,2,2,2,2,1,0,0,0,0,60,3,0,1,2021,56-70,4,1,0
36,2,2,2,2,2,2,0,0,0,0,0,0,0,0,3,1,2021,31-45,2,0,0
40,2,2,2,2,2,2,0,0,0,0,0,0,0,0,3,2,2021,31-45,2,0,0
36,2,2,2,2,2,2,0,0,0,0,0,0,0,0,2,2,2021,31-45,2,0,0
64,2,2,2,2,2,2,0,0,0,0,0,0,0,0,1,2,2021,56-70,4,0,0
22,1,2,1,2,1,2,0,0,2,1,0,0,20,3,0,1,2021,18-30,1,1,0
32,1,2,2,2,2,1,0,0,0,0,0,0,30,4,0,1,2021,31-45,2,0,1
20,1,1,2,2,2,2,2,1,0,0,0,0,30,3,0,1,2021,18-30,1,1,0
76,1,2,2,2,2,2,0,0,0,0,0,0,0,0,1,2,2021,70+,5,0,0
45,1,1,2,1,2,1,1,1,0,0,2,1,30,3,0,2,2021,31-45,2,1,1
34,1,1,2,2,2,2,2,1,0,0,0,0,90,3,0,2,2021,31-45,2,1,0
52,1,2,1,2,2,1,0,0,1,2,0,0,20,3,0,2,2021,46-55,3,1,1
38,1,2,1,1,2,1,0,0,1,2,1,2,120,3,0,1,2021,31-45,2,1,1
26,1,1,2,2,2,1,2,1,0,0,0,0,30,3,0,1,2021,18-30,1,1,1
80,1,1,1,1,2,2,2,1,2,1,2,1,45,4,0,1,2021,70+,5,1,0
56,2,2,2,2,2,2,0,0,0,0,0,0,0,0,1,2,2021,56-70,4,0,0
29,2,2,2,2,2,2,0,0,0,0,0,0,0,0,2,2,2021,18-30,1,0,0
47,1,1,2,2,2,1,2,1,0,0,0,0,30,3,0,2,2021,46-55,3,1,1
31,1,2,1,2,2,1,0,0,1,2,0,0,120,3,0,2,2021,31-45,2,1,1
73,2,2,2,2,2,2,0,0,0,0,0,0,0,0,1,2,2021,70+,5,0,0
56,1,1,2,2,2,1,2,1,0,0,0,0,30,2,0,2,2021,56-70,4,1,1
56,0,0,0,0,0,0,0,0,0,0,0,0,0,0,0,0,2021,56-70,4,0,0
30,2,2,2,2,2,2,0,0,0,0,0,0,0,0,3,1,2021,18-30,1,0,0
80,2,2,2,2,2,2,0,0,0,0,0,0,0,0,5,2,2021,70+,5,0,0
64,1,1,2,2,2,2,2,1,0,0,0,0,20,2,0,2,2021,56-70,4,1,0
36,1,2,1,2,2,1,0,0,2,1,0,0,30,2,0,2,2021,31-45,2,1,1
35,2,2,2,2,2,2,0,0,0,0,0,0,0,0,2,1,2021,31-45,2,0,0
56,2,2,2,2,2,2,0,0,0,0,0,0,0,0,5,2,2021,56-70,4,0,0
56,1,1,2,2,2,2,2,1,0,0,0,0,15,2,0,2,2021,56-70,4,1,0
35,1,1,2,2,2,1,2,1,0,0,0,0,60,3,0,2,2021,31-45,2,1,1
57,2,2,2,2,2,2,0,0,0,0,0,0,0,0,3,2,2021,56-70,4,0,0
49,1,2,2,2,2,1,0,0,0,0,0,0,20,2,0,1,2021,46-55,3,0,1
25,2,2,2,2,2,2,0,0,0,0,0,0,0,0,3,2,2021,18-30,1,0,0
35,1,2,2,1,2,1,0,0,0,0,2,1,30,3,0,1,2021,31-45,2,1,1
41,2,2,2,2,2,2,0,0,0,0,0,0,0,0,1,2,2021,31-45,2,0,0
31,1,2,1,1,2,2,0,0,1,2,1,2,60,4,0,1,2021,31-45,2,1,0
23,1,1,2,2,2,1,2,1,0,0,0,0,30,2,0,1,2021,18-30,1,1,1
49,1,2,1,2,2,1,0,0,1,2,0,0,30,1,0,2,2021,46-55,3,1,1
21,1,1,2,2,2,1,2,1,0,0,0,0,15,3,0,2,2021,18-30,1,1,1
50,1,1,2,2,2,2,2,1,0,0,0,0,60,2,0,1,2021,46-55,3,1,0
74,0,0,0,0,0,0,0,0,0,0,0,0,0,0,0,0,2021,70+,5,0,0
64,2,2,2,2,2,2,0,0,0,0,0,0,0,0,2,2,2021,56-70,4,0,0
49,1,1,2,2,2,2,2,1,0,0,0,0,30,3,0,1,2021,46-55,3,1,0
60,2,2,2,2,2,2,0,0,0,0,0,0,0,0,1,2,2021,56-70,4,0,0
62,1,1,2,1,2,2,1,2,0,0,2,1,45,3,0,1,2021,56-70,4,1,0
36,1,1,2,2,2,1,2,1,0,0,0,0,30,3,0,1,2021,31-45,2,1,1
29,1,1,2,2,2,1,2,1,0,0,0,0,60,3,0,1,2021,18-30,1,1,1
39,1,1,2,1,1,1,2,1,0,0,2,1,30,2,0,1,2021,31-45,2,1,1
58,2,2,2,2,2,2,0,0,0,0,0,0,0,0,2,2,2021,56-70,4,0,0
63,1,1,2,2,2,2,2,1,0,0,0,0,40,1,0,2,2021,56-70,4,1,0
41,1,2,2,1,2,1,0,0,0,0,2,1,30,2,0,1,2021,31-45,2,1,1
55,1,2,2,2,2,1,0,0,0,0,0,0,20,4,0,2,2021,46-55,3,0,1
21,1,2,1,2,2,1,0,0,2,1,0,0,10,2,0,1,2021,18-30,1,1,1
26,1,1,1,2,2,1,1,2,2,1,0,0,20,4,0,1,2021,18-30,1,1,1
51,1,2,2,2,2,1,0,0,0,0,0,0,20,3,0,2,2021,46-55,3,0,1
47,1,2,2,2,2,1,0,0,0,0,0,0,30,3,0,1,2021,46-55,3,0,1
31,1,2,1,2,2,1,0,0,2,1,0,0,30,4,0,1,2021,31-45,2,1,1
30,1,2,2,1,2,2,0,0,0,0,2,1,15,4,0,2,2021,18-30,1,1,0
71,2,2,2,2,2,2,0,0,0,0,0,0,0,0,5,2,2021,70+,5,0,0
71,1,2,2,2,2,2,0,0,0,0,0,0,0,0,1,2,2021,70+,5,0,0
28,2,2,2,1,2,2,0,0,0,0,2,1,5,2,0,2,2021,18-30,1,1,0
54,1,2,2,2,2,2,0,0,0,0,0,0,0,0,2,2,2021,46-55,3,0,0
58,2,2,1,2,2,2,0,0,2,1,0,0,30,2,0,2,2021,56-70,4,1,0
50,2,2,2,2,2,2,0,0,0,0,0,0,0,0,5,2,2021,46-55,3,0,0
20,1,1,2,2,2,1,2,1,0,0,0,0,45,3,0,1,2021,18-30,1,1,1
31,1,1,2,2,2,2,2,1,0,0,0,0,40,2,0,1,2021,31-45,2,1,0
58,1,1,2,1,2,1,2,1,0,0,2,1,90,3,0,1,2021,56-70,4,1,1
33,1,1,2,2,2,2,2,1,0,0,0,0,30,3,0,1,2021,31-45,2,1,0
68,1,1,1,1,1,1,2,1,2,1,2,1,20,4,0,1,2021,56-70,4,1,1
33,1,2,2,2,2,1,0,0,0,0,0,0,30,3,0,1,2021,31-45,2,0,1
42,2,1,2,2,2,1,1,2,0,0,0,0,10,2,0,1,2021,31-45,2,1,1
45,1,1,2,2,2,1,2,1,0,0,0,0,90,3,0,1,2021,31-45,2,1,1
70,2,2,2,2,2,2,0,0,0,0,0,0,0,0,5,2,2021,56-70,4,0,0
74,2,2,2,2,2,2,0,0,0,0,0,0,0,0,5,2,2021,70+,5,0,0
24,2,2,2,2,2,2,0,0,0,0,0,0,0,0,1,2,2021,18-30,1,0,0
52,1,2,1,2,2,1,0,0,1,1,0,0,30,2,0,2,2021,46-55,3,1,1
67,1,1,1,2,2,2,2,1,2,1,0,0,30,2,0,2,2021,56-70,4,1,0
58,2,2,2,2,2,1,0,0,0,0,0,0,15,1,0,2,2021,56-70,4,0,1
73,1,2,2,1,2,2,0,0,0,0,2,1,60,4,0,1,2021,70+,5,1,0
81,1,1,1,1,2,1,2,1,2,1,2,1,60,4,0,1,2021,70+,5,1,1
62,1,2,1,2,2,1,0,0,2,1,0,0,30,4,0,1,2021,56-70,4,1,1
41,2,2,2,2,2,2,0,0,0,0,0,0,0,0,3,2,2021,31-45,2,0,0
43,2,2,2,2,2,2,0,0,0,0,0,0,0,0,3,2,2021,31-45,2,0,0
35,1,1,2,1,2,1,2,1,0,0,2,1,60,1,0,2,2021,31-45,2,1,1
48,2,2,2,2,2,2,0,0,0,0,0,0,0,0,3,2,2021,46-55,3,0,0
70,2,2,2,2,2,2,0,0,0,0,0,0,0,0,5,1,2021,56-70,4,0,0
70,2,2,2,2,2,2,0,0,0,0,0,0,0,0,5,3,2021,56-70,4,0,0
75,2,2,2,2,2,2,0,0,0,0,0,0,0,0,2,2,2021,70+,5,0,0
63,1,1,1,2,2,2,2,1,2,1,0,0,30,3,0,1,2021,56-70,4,1,0
21,1,1,1,2,1,1,1,1,2,1,0,0,45,4,0,1,2021,18-30,1,1,1
56,1,2,2,2,2,2,0,0,0,0,0,0,0,0,3,2,2021,56-70,4,0,0
45,2,2,2,2,2,2,0,0,0,0,0,0,0,0,3,2,2021,31-45,2,0,0
49,1,1,2,1,2,1,1,1,0,0,1,2,60,3,0,1,2021,46-55,3,1,1
55,1,2,1,2,2,1,0,0,1,2,0,0,20,3,0,1,2021,46-55,3,1,1
45,1,1,1,1,2,1,2,1,2,1,2,1,60,3,0,1,2021,31-45,2,1,1
27,1,2,2,2,2,1,0,0,0,0,0,0,60,3,0,1,2021,18-30,1,0,1
20,1,1,2,2,2,1,2,1,0,0,0,0,60,3,0,1,2021,18-30,1,1,1
52,1,1,1,1,2,2,2,1,2,1,2,1,60,4,0,1,2021,46-55,3,1,0
39,1,1,1,2,1,1,2,1,2,1,0,0,45,3,0,1,2021,31-45,2,1,1
29,2,2,1,2,2,2,0,0,2,1,0,0,10,4,0,1,2021,18-30,1,1,0
39,1,1,1,2,2,1,2,1,2,1,0,0,60,4,0,1,2021,31-45,2,1,1
46,2,2,2,2,2,2,0,0,0,0,0,0,0,0,2,2,2021,46-55,3,0,0
59,1,1,1,2,2,1,2,1,2,1,0,0,60,4,0,1,2021,56-70,4,1,1
91,0,0,0,0,0,0,0,0,0,0,0,0,0,0,0,0,2021,70+,5,0,0
42,2,2,2,2,2,2,0,0,0,0,0,0,0,0,2,2,2021,31-45,2,0,0
51,1,1,2,2,2,2,2,1,0,0,0,0,30,1,0,1,2021,46-55,3,1,0
22,1,2,2,1,2,1,0,0,0,0,1,2,40,1,0,2,2021,18-30,1,1,1
84,1,1,2,2,2,2,2,1,0,0,0,0,30,1,0,2,2021,70+,5,1,0
19,2,2,2,2,2,2,0,0,0,0,0,0,0,0,3,2,2021,18-30,1,0,0
32,1,1,2,2,2,1,2,1,0,0,0,0,30,2,0,2,2021,31-45,2,1,1
41,1,1,2,2,1,2,1,1,0,0,0,0,60,3,0,2,2021,31-45,2,1,0
49,2,2,2,2,2,2,0,0,0,0,0,0,0,0,1,2,2021,46-55,3,0,0
60,1,1,2,2,2,1,1,2,0,0,0,0,90,4,0,1,2021,56-70,4,1,1
26,1,1,1,2,2,1,2,1,2,1,0,0,25,3,0,2,2021,18-30,1,1,1
78,1,1,1,2,2,2,2,1,2,1,0,0,20,1,0,3,2021,70+,5,1,0
53,1,1,1,1,2,1,1,2,1,1,2,1,30,3,0,1,2021,46-55,3,1,1
18,1,1,2,1,2,1,2,1,0,0,2,1,60,3,0,1,2021,18-30,1,1,1
27,1,1,2,1,2,1,2,1,0,0,2,1,60,3,0,1,2021,18-30,1,1,1
31,1,2,2,1,2,1,0,0,0,0,2,1,30,3,0,2,2021,31-45,2,1,1
31,1,2,1,1,1,1,0,0,1,2,1,2,20,3,0,1,2021,31-45,2,1,1
35,2,2,2,2,2,2,0,0,0,0,0,0,0,0,3,1,2021,31-45,2,0,0
46,1,2,1,1,1,1,0,0,2,1,2,1,15,4,0,2,2021,46-55,3,1,1
36,1,1,2,2,2,1,2,1,0,0,0,0,10,3,0,2,2021,31-45,2,1,1
31,2,2,2,2,2,1,0,0,0,0,0,0,60,4,0,1,2021,31-45,2,0,1
45,1,1,1,1,2,1,2,1,2,1,2,1,20,2,0,1,2021,31-45,2,1,1
70,2,2,2,2,2,2,0,0,0,0,0,0,0,0,5,2,2021,56-70,4,0,0
75,1,2,2,1,2,2,0,0,0,0,2,1,30,2,0,1,2021,70+,5,1,0
38,1,1,2,2,2,2,2,1,0,0,0,0,20,4,0,1,2021,31-45,2,1,0
24,1,1,2,2,2,1,2,1,0,0,0,0,60,4,0,1,2021,18-30,1,1,1
37,1,1,2,2,2,1,1,2,0,0,0,0,15,4,0,1,2021,31-45,2,1,1
30,1,2,1,2,2,1,0,0,1,2,0,0,30,2,0,1,2021,18-30,1,1,1
52,1,1,1,1,2,1,2,1,1,2,1,2,60,4,0,1,2021,46-55,3,1,1
40,2,2,2,2,2,2,0,0,0,0,0,0,0,0,1,1,2021,31-45,2,0,0
64,1,1,2,1,2,2,2,1,0,0,2,1,30,3,0,1,2021,56-70,4,1,0
27,1,2,2,1,2,1,0,0,0,0,2,1,30,4,0,1,2021,18-30,1,1,1
48,2,2,2,1,2,2,0,0,0,0,2,1,20,4,0,2,2021,46-55,3,1,0
58,1,2,1,2,2,1,0,0,2,1,0,0,30,3,0,1,2021,56-70,4,1,1
29,1,1,2,2,2,1,2,1,0,0,0,0,90,3,0,1,2021,18-30,1,1,1
49,1,2,2,2,2,1,0,0,0,0,0,0,60,4,0,2,2021,46-55,3,0,1
36,1,2,1,2,2,2,0,0,2,1,0,0,120,4,0,2,2021,31-45,2,1,0
25,1,2,2,1,1,1,0,0,0,0,2,1,15,2,0,2,2021,18-30,1,1,1
58,1,2,2,2,2,2,0,0,0,0,0,0,0,0,2,2,2021,56-70,4,0,0
21,1,2,1,2,2,1,0,0,1,2,0,0,60,4,0,1,2021,18-30,1,1,1
45,2,2,2,2,2,2,0,0,0,0,0,0,0,0,3,2,2021,31-45,2,0,0
59,2,2,2,2,2,2,0,0,0,0,0,0,0,0,3,1,2021,56-70,4,0,0
46,2,2,2,2,2,1,0,0,0,0,0,0,6,2,0,1,2021,46-55,3,0,1
36,1,1,1,2,2,2,1,2,2,1,0,0,60,3,0,1,2021,31-45,2,1,0
46,1,2,1,1,2,1,0,0,1,2,1,2,60,3,0,2,2021,46-55,3,1,1
42,2,2,2,2,2,2,0,0,0,0,0,0,0,0,2,2,2021,31-45,2,0,0
32,1,2,1,2,2,1,0,0,2,1,0,0,15,2,0,1,2021,31-45,2,1,1
42,2,2,2,2,2,1,0,0,0,0,0,0,20,4,0,2,2021,31-45,2,0,1
22,2,2,2,2,2,2,0,0,0,0,0,0,0,0,3,2,2021,18-30,1,0,0
40,1,1,1,1,2,2,2,1,2,1,2,1,30,2,0,1,2021,31-45,2,1,0
25,1,1,1,2,2,2,2,1,2,1,0,0,15,4,0,1,2021,18-30,1,1,0
44,2,2,2,2,2,2,0,0,0,0,0,0,0,0,3,2,2021,31-45,2,0,0
30,2,2,2,2,2,2,0,0,0,0,0,0,0,0,3,2,2021,18-30,1,0,0
28,1,1,2,2,2,1,2,1,0,0,0,0,40,4,0,2,2021,18-30,1,1,1
43,1,2,1,1,2,2,0,0,1,2,1,2,60,3,0,1,2021,31-45,2,1,0
19,1,1,1,2,2,1,2,1,1,2,0,0,60,3,0,1,2021,18-30,1,1,1
42,2,2,2,2,2,2,0,0,0,0,0,0,0,0,2,1,2021,31-45,2,0,0
44,1,2,1,2,2,2,0,0,1,2,0,0,120,2,0,2,2021,31-45,2,1,0
21,2,2,2,2,2,1,0,0,0,0,0,0,30,3,0,3,2021,18-30,1,0,1
19,1,1,2,2,1,1,1,2,0,0,0,0,90,4,0,1,2021,18-30,1,1,1
60,1,1,2,1,2,1,2,1,0,0,2,1,20,4,0,1,2021,56-70,4,1,1
69,1,1,2,2,2,1,2,1,0,0,0,0,90,2,0,2,2021,56-70,4,1,1
40,1,1,1,1,2,1,2,1,2,1,1,2,15,3,0,1,2021,31-45,2,1,1
21,1,1,2,1,2,1,2,1,0,0,2,1,60,3,0,1,2021,18-30,1,1,1
58,2,2,2,2,2,2,0,0,0,0,0,0,0,0,5,2,2021,56-70,4,0,0
42,1,2,2,1,2,2,0,0,0,0,2,1,15,3,0,2,2021,31-45,2,1,0
59,1,2,2,1,2,2,0,0,0,0,2,1,15,3,0,2,2021,56-70,4,1,0
46,2,1,2,2,2,2,2,1,0,0,0,0,20,2,0,1,2021,46-55,3,1,0
43,2,2,2,2,2,2,0,0,0,0,0,0,0,0,1,1,2021,31-45,2,0,0
60,1,1,2,2,2,2,2,1,0,0,0,0,90,2,0,2,2021,56-70,4,1,0
34,1,2,1,2,2,1,0,0,2,1,0,0,15,3,0,2,2021,31-45,2,1,1
41,1,1,1,1,2,1,1,2,1,2,1,2,120,3,0,1,2021,31-45,2,1,1
26,1,1,2,2,2,1,1,2,0,0,0,0,60,4,0,1,2021,18-30,1,1,1
43,1,2,1,2,2,2,0,0,1,1,0,0,30,3,0,1,2021,31-45,2,1,0
26,1,1,2,2,2,1,2,1,0,0,0,0,30,3,0,1,2021,18-30,1,1,1
23,2,2,2,1,2,1,0,0,0,0,1,2,9,2,0,1,2021,18-30,1,1,1
43,2,2,2,1,2,2,0,0,0,0,1,2,10,3,0,1,2021,31-45,2,1,0
45,1,1,2,2,2,1,2,1,0,0,0,0,60,2,0,1,2021,31-45,2,1,1
31,1,1,1,1,1,1,1,2,1,2,2,1,30,4,0,1,2021,31-45,2,1,1
28,1,1,2,2,2,1,1,2,0,0,0,0,60,3,0,1,2021,18-30,1,1,1
31,1,1,2,2,2,1,1,2,0,0,0,0,40,3,0,1,2021,31-45,2,1,1
29,1,1,2,2,1,2,2,1,0,0,0,0,20,1,0,2,2021,18-30,1,1,0
49,1,1,2,2,2,1,1,1,0,0,0,0,180,4,0,1,2021,46-55,3,1,1
46,2,2,2,2,2,1,0,0,0,0,0,0,10,3,0,1,2021,46-55,3,0,1
28,1,1,1,1,2,1,1,1,2,1,2,1,30,4,0,1,2021,18-30,1,1,1
54,1,1,1,1,2,1,2,1,2,1,1,2,90,4,0,1,2021,46-55,3,1,1
78,2,2,2,2,2,2,0,0,0,0,0,0,0,0,6,1,2021,70+,5,0,0
70,0,0,0,0,0,0,0,0,0,0,0,0,0,0,0,0,2021,56-70,4,0,0
73,1,2,1,1,2,1,0,0,2,1,2,1,60,4,0,2,2021,70+,5,1,1
78,1,1,2,2,2,2,2,1,0,0,0,0,120,4,0,1,2021,70+,5,1,0
29,1,2,2,2,2,1,0,0,0,0,0,0,30,3,0,1,2021,18-30,1,0,1
73,2,2,2,1,2,2,0,0,0,0,2,1,20,2,0,1,2021,70+,5,1,0
46,2,2,2,2,2,2,0,0,0,0,0,0,0,0,2,2,2021,46-55,3,0,0
63,1,2,2,2,2,2,0,0,0,0,0,0,0,0,2,3,2021,56-70,4,0,0
62,2,1,2,2,2,2,2,1,0,0,0,0,30,4,0,2,2021,56-70,4,1,0
32,2,2,2,2,2,1,0,0,0,0,0,0,20,3,0,2,2021,31-45,2,0,1
22,2,1,2,2,2,1,2,1,0,0,0,0,30,3,0,1,2021,18-30,1,1,1
43,2,2,2,2,2,1,0,0,0,0,0,0,20,2,0,2,2021,31-45,2,0,1
18,1,1,1,2,2,2,2,1,2,1,0,0,20,2,0,2,2021,18-30,1,1,0
20,2,2,2,2,2,2,0,0,0,0,0,0,0,0,1,2,2021,18-30,1,0,0
30,1,1,1,1,2,1,2,1,2,1,2,1,20,4,0,1,2021,18-30,1,1,1
52,1,1,1,1,2,1,2,1,1,2,2,1,60,3,0,2,2021,46-55,3,1,1
18,1,1,1,1,2,1,2,1,2,1,2,1,45,3,0,1,2021,18-30,1,1,1
20,2,1,2,1,1,2,2,1,0,0,2,1,20,3,0,2,2021,18-30,1,1,0
21,1,1,2,2,1,1,1,2,0,0,0,0,120,3,0,1,2021,18-30,1,1,1
39,1,1,2,2,2,2,2,1,0,0,0,0,90,3,0,2,2021,31-45,2,1,0
41,1,1,2,2,2,1,2,1,0,0,0,0,30,3,0,1,2021,31-45,2,1,1
22,2,1,1,2,2,2,1,2,2,1,0,0,15,4,0,1,2021,18-30,1,1,0
39,1,1,1,1,2,2,2,1,2,1,2,1,60,2,0,1,2021,31-45,2,1,0
62,1,2,2,1,2,1,0,0,0,0,2,1,30,2,0,2,2021,56-70,4,1,1
37,2,2,2,2,2,1,0,0,0,0,0,0,15,3,0,1,2021,31-45,2,0,1
33,1,1,1,2,2,1,2,1,2,1,0,0,20,4,0,1,2021,31-45,2,1,1
42,2,2,2,1,2,2,0,0,0,0,2,1,30,4,0,2,2021,31-45,2,1,0
29,2,2,2,2,2,1,0,0,0,0,0,0,15,3,0,1,2021,18-30,1,0,1
54,1,1,2,2,2,1,2,1,0,0,0,0,30,2,0,1,2021,46-55,3,1,1
58,1,2,1,1,2,2,0,0,2,1,2,1,15,2,0,1,2021,56-70,4,1,0
72,1,1,2,2,2,1,2,1,0,0,0,0,30,1,0,2,2021,70+,5,1,1
48,2,2,1,2,2,1,0,0,2,1,0,0,10,2,0,1,2021,46-55,3,1,1
53,1,1,2,2,2,1,1,2,0,0,0,0,120,3,0,1,2021,46-55,3,1,1
22,1,1,2,2,1,2,2,1,0,0,0,0,120,4,0,2,2021,18-30,1,1,0
51,2,2,1,2,2,2,0,0,1,1,0,0,15,4,0,1,2021,46-55,3,1,0
51,2,2,2,2,2,2,0,0,0,0,0,0,0,0,2,2,2021,46-55,3,0,0
47,1,2,1,1,2,2,0,0,2,1,2,1,20,4,0,1,2021,46-55,3,1,0
27,2,2,2,2,2,1,0,0,0,0,0,0,15,4,0,2,2021,18-30,1,0,1
20,2,2,1,1,2,2,0,0,2,1,2,1,10,3,0,1,2021,18-30,1,1,0
21,1,1,1,2,2,1,2,1,2,1,0,0,60,3,0,1,2021,18-30,1,1,1
43,2,2,2,2,2,2,0,0,0,0,0,0,0,0,1,2,2021,31-45,2,0,0
22,1,1,1,2,2,1,2,1,1,2,0,0,60,3,0,2,2021,18-30,1,1,1
66,1,2,2,1,2,1,0,0,0,0,2,1,60,2,0,2,2021,56-70,4,1,1
39,1,1,2,1,1,1,2,1,0,0,2,1,60,4,0,1,2021,31-45,2,1,1
62,2,2,2,2,2,2,0,0,0,0,0,0,0,0,1,2,2021,56-70,4,0,0
20,2,2,1,2,2,1,0,0,2,1,0,0,10,4,0,2,2021,18-30,1,1,1
56,1,2,2,1,2,1,0,0,0,0,2,1,20,4,0,1,2021,56-70,4,1,1
53,2,2,2,2,2,2,0,0,0,0,0,0,0,0,3,1,2021,46-55,3,0,0
21,1,1,2,2,2,1,1,2,0,0,0,0,60,4,0,1,2021,18-30,1,1,1
25,2,2,2,1,2,2,0,0,0,0,2,1,20,3,0,2,2021,18-30,1,1,0
19,1,1,2,1,2,1,2,1,0,0,2,1,30,3,0,2,2021,18-30,1,1,1
86,1,1,1,2,2,2,2,1,2,1,0,0,60,3,0,2,2021,70+,5,1,0
65,1,1,1,1,2,2,2,1,2,1,2,1,20,3,0,1,2021,56-70,4,1,0
58,1,1,1,1,2,1,2,1,1,2,2,1,45,3,0,1,2021,56-70,4,1,1
38,1,2,1,1,2,1,0,0,2,1,2,1,30,4,0,1,2021,31-45,2,1,1
62,2,2,2,1,2,2,0,0,0,0,2,1,20,2,0,2,2021,56-70,4,1,0
37,1,2,1,2,2,1,0,0,1,2,0,0,60,4,0,1,2021,31-45,2,1,1
53,1,1,2,2,2,1,2,1,0,0,0,0,40,3,0,1,2021,46-55,3,1,1
59,1,2,2,2,2,2,0,0,0,0,0,0,0,0,3,1,2021,56-70,4,0,0
28,1,1,2,1,2,2,2,1,0,0,2,1,60,3,0,1,2021,18-30,1,1,0
52,1,1,2,2,2,1,2,1,0,0,0,0,5,3,0,2,2021,46-55,3,1,1
28,1,1,1,1,2,1,1,1,2,1,2,1,60,4,0,1,2021,18-30,1,1,1
52,2,2,2,2,2,2,0,0,0,0,0,0,0,0,3,2,2021,46-55,3,0,0
25,1,1,2,2,1,2,2,1,0,0,0,0,30,3,0,1,2021,18-30,1,1,0
67,1,2,1,2,2,1,0,0,2,1,0,0,30,3,0,2,2021,56-70,4,1,1
19,2,2,2,2,2,1,0,0,0,0,0,0,60,3,0,1,2021,18-30,1,0,1
50,1,1,2,2,2,2,2,1,0,0,0,0,30,2,0,2,2021,46-55,3,1,0
42,1,1,2,2,2,2,2,1,0,0,0,0,45,2,0,2,2021,31-45,2,1,0
54,1,1,2,2,2,1,2,1,0,0,0,0,30,3,0,1,2021,46-55,3,1,1
62,1,1,1,2,1,1,1,2,2,1,0,0,30,3,0,2,2021,56-70,4,1,1
35,1,1,2,2,1,1,2,1,0,0,0,0,20,1,0,2,2021,31-45,2,1,1
30,1,1,2,2,2,1,1,2,0,0,0,0,30,4,0,1,2021,18-30,1,1,1
55,2,2,2,2,2,1,0,0,0,0,0,0,60,1,0,1,2021,46-55,3,0,1
27,1,1,2,2,2,1,2,1,0,0,0,0,20,3,0,1,2021,18-30,1,1,1
60,0,0,0,0,0,0,0,0,0,0,0,0,0,0,0,0,2021,56-70,4,0,0
49,1,1,2,2,2,2,2,1,0,0,0,0,30,2,0,2,2021,46-55,3,1,0
41,1,1,2,2,2,2,2,1,0,0,0,0,30,2,0,2,2021,31-45,2,1,0
51,1,1,1,2,2,2,2,1,2,1,0,0,60,3,0,1,2021,46-55,3,1,0
22,1,1,2,2,2,2,2,1,0,0,0,0,60,3,0,1,2021,18-30,1,1,0
42,2,2,2,2,2,2,0,0,0,0,0,0,0,0,1,2,2021,31-45,2,0,0
33,2,2,2,2,2,2,0,0,0,0,0,0,0,0,3,2,2021,31-45,2,0,0
75,1,1,1,1,2,1,1,1,1,2,1,2,120,3,0,1,2021,70+,5,1,1
41,1,1,1,2,2,1,2,1,2,1,0,0,30,3,0,1,2021,31-45,2,1,1
61,1,2,2,2,2,2,0,0,0,0,0,0,0,0,5,2,2021,56-70,4,0,0
27,1,1,1,2,2,2,2,1,2,1,0,0,15,3,0,1,2021,18-30,1,1,0
65,2,2,2,2,2,2,0,0,0,0,0,0,0,0,3,2,2021,56-70,4,0,0
53,1,1,2,1,2,1,1,2,0,0,1,2,30,3,0,1,2021,46-55,3,1,1
44,1,1,1,1,2,1,2,1,2,1,2,1,60,4,0,2,2021,31-45,2,1,1
46,1,2,2,2,2,1,0,0,0,0,0,0,10,1,0,1,2021,46-55,3,0,1
71,1,1,2,2,2,2,2,1,0,0,0,0,30,3,0,1,2021,70+,5,1,0
62,1,2,1,2,2,2,0,0,2,1,0,0,60,3,0,1,2021,56-70,4,1,0
55,1,1,2,2,2,1,2,1,0,0,0,0,30,3,0,1,2021,46-55,3,1,1
20,1,1,2,2,2,1,1,2,0,0,0,0,15,2,0,1,2021,18-30,1,1,1
65,1,2,2,2,2,1,0,0,0,0,0,0,10,2,0,2,2021,56-70,4,0,1
52,1,1,1,1,2,1,1,1,1,1,1,2,180,3,0,1,2021,46-55,3,1,1
45,1,2,1,2,2,2,0,0,2,1,0,0,10,3,0,2,2021,31-45,2,1,0
57,1,2,2,2,2,2,0,0,0,0,0,0,0,0,2,2,2021,56-70,4,0,0
59,2,2,2,2,2,2,0,0,0,0,0,0,0,0,2,2,2021,56-70,4,0,0
48,1,2,1,1,2,2,0,0,2,1,2,1,30,2,0,3,2021,46-55,3,1,0
19,1,2,1,2,2,1,0,0,2,1,0,0,60,2,0,1,2021,18-30,1,1,1
53,2,2,2,2,2,2,0,0,0,0,0,0,0,0,1,1,2021,46-55,3,0,0
67,1,1,2,1,2,1,1,2,0,0,1,2,90,3,0,1,2021,56-70,4,1,1
31,1,2,2,2,2,2,0,0,0,0,0,0,0,0,3,2,2021,31-45,2,0,0
40,1,2,2,2,2,1,0,0,0,0,0,0,10,2,0,1,2021,31-45,2,0,1
53,1,1,2,2,2,2,2,1,0,0,0,0,30,2,0,2,2021,46-55,3,1,0
36,2,2,1,1,2,1,0,0,1,2,2,1,10,3,0,1,2021,31-45,2,1,1
57,1,1,1,2,2,2,2,1,2,1,0,0,30,3,0,1,2021,56-70,4,1,0
20,2,1,1,2,2,1,1,2,2,1,0,0,60,3,0,1,2021,18-30,1,1,1
70,2,2,2,2,2,2,0,0,0,0,0,0,0,0,5,2,2021,56-70,4,0,0
37,1,1,1,2,2,1,2,1,1,2,0,0,60,2,0,1,2021,31-45,2,1,1
80,2,2,2,2,2,2,0,0,0,0,0,0,0,0,5,2,2021,70+,5,0,0
78,1,1,2,2,2,2,2,1,0,0,0,0,30,1,0,2,2021,70+,5,1,0
21,2,2,2,2,2,2,0,0,0,0,0,0,0,0,4,1,2021,18-30,1,0,0
58,1,2,2,1,2,2,0,0,0,0,2,1,30,3,0,1,2021,56-70,4,1,0
68,1,2,2,1,2,2,0,0,0,0,2,1,25,3,0,1,2021,56-70,4,1,0
74,2,2,2,2,2,2,0,0,0,0,0,0,0,0,1,2,2021,70+,5,0,0
28,1,1,2,2,2,1,2,1,0,0,0,0,40,3,0,1,2021,18-30,1,1,1
23,1,1,2,2,2,1,1,2,0,0,0,0,40,3,0,1,2021,18-30,1,1,1
43,2,2,2,2,2,2,0,0,0,0,0,0,0,0,3,2,2021,31-45,2,0,0
48,2,2,2,2,2,2,0,0,0,0,0,0,0,0,1,1,2021,46-55,3,0,0
39,1,1,2,1,2,1,1,2,0,0,1,2,60,3,0,1,2021,31-45,2,1,1
30,1,1,2,2,2,1,2,1,0,0,0,0,40,3,0,1,2021,18-30,1,1,1
49,2,2,2,2,2,1,0,0,0,0,0,0,60,3,0,1,2021,46-55,3,0,1
46,1,1,2,2,2,2,2,1,0,0,0,0,45,3,0,1,2021,46-55,3,1,0
42,1,1,2,2,2,1,2,1,0,0,0,0,90,3,0,1,2021,31-45,2,1,1
73,1,1,2,2,2,2,2,1,0,0,0,0,30,3,0,1,2021,70+,5,1,0
52,2,2,2,2,2,2,0,0,0,0,0,0,0,0,1,2,2021,46-55,3,0,0
27,1,2,2,2,1,2,0,0,0,0,0,0,30,3,0,2,2021,18-30,1,1,0
25,1,1,2,2,2,2,1,2,0,0,0,0,120,2,0,2,2021,18-30,1,1,0
49,2,2,2,2,2,2,0,0,0,0,0,0,0,0,1,2,2021,46-55,3,0,0
23,2,2,2,2,2,2,0,0,0,0,0,0,0,0,3,2,2021,18-30,1,0,0
38,2,2,2,2,2,2,0,0,0,0,0,0,0,0,3,2,2021,31-45,2,0,0
40,2,2,2,2,2,2,0,0,0,0,0,0,0,0,3,2,2021,31-45,2,0,0
20,1,1,1,2,2,1,2,1,2,1,0,0,45,3,0,1,2021,18-30,1,1,1
48,2,2,2,2,2,2,0,0,0,0,0,0,0,0,1,3,2021,46-55,3,0,0
49,2,1,2,2,2,2,2,1,0,0,0,0,30,3,0,1,2021,46-55,3,1,0
52,2,2,2,2,2,2,0,0,0,0,0,0,0,0,1,1,2021,46-55,3,0,0
81,1,2,2,1,2,2,0,0,0,0,2,1,120,3,0,2,2021,70+,5,1,0
75,2,2,2,2,2,2,0,0,0,0,0,0,0,0,3,2,2021,70+,5,0,0
38,1,2,2,2,2,1,0,0,0,0,0,0,30,4,0,2,2021,31-45,2,0,1
29,2,2,2,2,2,2,0,0,0,0,0,0,0,0,2,2,2021,18-30,1,0,0
68,0,0,0,0,0,0,0,0,0,0,0,0,0,0,0,0,2021,56-70,4,0,0
39,2,2,1,2,2,1,0,0,2,1,0,0,30,3,0,1,2021,31-45,2,1,1
40,2,2,2,2,2,2,0,0,0,0,0,0,0,0,3,2,2021,31-45,2,0,0
63,1,1,2,2,2,1,2,1,0,0,0,0,90,3,0,1,2021,56-70,4,1,1
52,1,2,1,2,2,2,0,0,2,1,0,0,30,3,0,1,2021,46-55,3,1,0
24,1,2,1,2,2,1,0,0,2,1,0,0,30,3,0,1,2021,18-30,1,1,1
39,1,1,2,2,2,2,2,1,0,0,0,0,40,3,0,1,2021,31-45,2,1,0
43,1,1,2,2,2,2,2,1,0,0,0,0,50,3,0,1,2021,31-45,2,1,0
44,2,2,2,2,2,2,0,0,0,0,0,0,0,0,3,1,2021,31-45,2,0,0
56,2,2,2,2,2,2,0,0,0,0,0,0,0,0,1,2,2021,56-70,4,0,0
74,2,2,2,2,2,2,0,0,0,0,0,0,0,0,3,2,2021,70+,5,0,0
35,1,1,2,2,2,1,2,1,0,0,0,0,20,3,0,1,2021,31-45,2,1,1
55,0,0,0,0,0,0,0,0,0,0,0,0,0,0,0,0,2021,46-55,3,0,0
39,2,2,2,2,2,2,0,0,0,0,0,0,0,0,3,2,2021,31-45,2,0,0
51,2,2,2,2,2,2,0,0,0,0,0,0,0,0,4,2,2021,46-55,3,0,0
63,1,1,2,2,2,2,2,1,0,0,0,0,30,3,0,1,2021,56-70,4,1,0
35,2,2,2,2,2,2,0,0,0,0,0,0,0,0,3,2,2021,31-45,2,0,0
27,2,2,2,2,2,2,0,0,0,0,0,0,0,0,3,2,2021,18-30,1,0,0
52,0,0,0,0,0,0,0,0,0,0,0,0,0,0,0,0,2021,46-55,3,0,0
36,2,2,2,2,2,2,0,0,0,0,0,0,0,0,3,2,2021,31-45,2,0,0
20,1,1,2,2,2,2,2,1,0,0,0,0,20,3,0,2,2021,18-30,1,1,0
70,1,1,2,2,2,2,2,1,0,0,0,0,30,3,0,1,2021,56-70,4,1,0
69,1,1,1,1,2,1,2,1,2,1,1,2,45,4,0,1,2021,56-70,4,1,1
21,2,2,2,2,2,2,0,0,0,0,0,0,0,0,3,2,2021,18-30,1,0,0
27,2,1,2,1,2,2,2,1,0,0,2,1,25,3,0,1,2021,18-30,1,1,0
33,1,1,1,1,2,2,2,1,2,1,2,1,30,3,0,1,2021,31-45,2,1,0
25,1,1,1,2,2,2,1,1,1,2,0,0,120,4,0,1,2021,18-30,1,1,0
54,1,2,2,1,2,2,0,0,0,0,2,1,25,2,0,2,2021,46-55,3,1,0
27,1,1,2,2,2,2,2,1,0,0,0,0,30,3,0,1,2021,18-30,1,1,0
21,2,2,2,2,2,2,0,0,0,0,0,0,0,0,3,1,2021,18-30,1,0,0
40,1,1,2,2,2,2,1,1,0,0,0,0,30,3,0,1,2021,31-45,2,1,0
60,1,1,2,2,2,2,2,1,0,0,0,0,30,3,0,1,2021,56-70,4,1,0
41,1,1,1,1,2,1,2,1,2,1,1,2,60,3,0,1,2021,31-45,2,1,1
60,1,1,2,2,2,2,1,1,0,0,0,0,60,3,0,1,2021,56-70,4,1,0
35,1,2,2,2,2,1,0,0,0,0,0,0,30,3,0,1,2021,31-45,2,0,1
47,1,1,2,1,2,2,2,1,0,0,2,1,30,3,0,1,2021,46-55,3,1,0
74,1,1,2,2,2,2,2,1,0,0,0,0,120,3,0,1,2021,70+,5,1,0
53,2,1,2,2,2,2,2,1,0,0,0,0,20,2,0,1,2021,46-55,3,1,0
78,2,2,2,2,2,2,0,0,0,0,0,0,0,0,5,2,2021,70+,5,0,0
78,2,2,2,1,2,2,0,0,0,0,2,1,60,4,0,1,2021,70+,5,1,0
41,2,2,1,2,2,2,0,0,2,1,0,0,20,3,0,1,2021,31-45,2,1,0
52,2,2,2,2,2,1,0,0,0,0,0,0,20,3,0,1,2021,46-55,3,0,1
43,1,1,2,2,2,2,2,1,0,0,0,0,20,3,0,1,2021,31-45,2,1,0
46,2,2,2,2,2,2,0,0,0,0,0,0,0,0,3,1,2021,46-55,3,0,0
36,2,2,2,2,2,2,0,0,0,0,0,0,0,0,3,1,2021,31-45,2,0,0
28,2,2,2,2,2,2,0,0,0,0,0,0,0,0,2,1,2021,18-30,1,0,0
50,2,2,2,2,2,2,0,0,0,0,0,0,0,0,3,1,2021,46-55,3,0,0
52,1,1,1,2,2,2,2,1,2,1,0,0,60,3,0,1,2021,46-55,3,1,0
62,1,2,2,2,2,2,0,0,0,0,0,0,0,0,2,1,2021,56-70,4,0,0
73,2,2,2,2,2,2,0,0,0,0,0,0,0,0,6,1,2021,70+,5,0,0
47,2,2,2,2,2,2,0,0,0,0,0,0,0,0,5,2,2021,46-55,3,0,0
32,2,2,2,1,2,2,0,0,0,0,2,1,20,4,0,1,2021,31-45,2,1,0
21,2,2,2,2,2,2,0,0,0,0,0,0,0,0,3,1,2021,18-30,1,0,0
72,2,2,2,2,2,2,0,0,0,0,0,0,0,0,2,1,2021,70+,5,0,0
65,1,2,2,1,2,2,0,0,0,0,2,1,60,4,0,1,2021,56-70,4,1,0
49,2,2,2,2,2,2,0,0,0,0,0,0,0,0,3,1,2021,46-55,3,0,0
20,2,2,1,1,2,2,0,0,2,1,2,1,10,2,0,1,2021,18-30,1,1,0
46,1,1,2,2,2,2,2,1,0,0,0,0,30,2,0,1,2021,46-55,3,1,0
55,2,2,2,2,2,2,0,0,0,0,0,0,0,0,1,3,2021,46-55,3,0,0
35,2,2,1,2,2,2,0,0,1,2,0,0,30,3,0,1,2021,31-45,2,1,0
44,1,1,2,2,1,2,2,1,0,0,0,0,30,4,0,2,2021,31-45,2,1,0
35,1,2,2,1,2,2,0,0,0,0,2,1,30,4,0,1,2021,31-45,2,1,0
41,2,2,2,2,2,2,0,0,0,0,0,0,0,0,3,1,2021,31-45,2,0,0
68,1,2,2,2,2,2,0,0,0,0,0,0,0,0,2,1,2021,56-70,4,0,0
45,1,2,2,2,2,2,0,0,0,0,0,0,0,0,3,1,2021,31-45,2,0,0
38,2,2,2,2,2,2,0,0,0,0,0,0,0,0,3,1,2021,31-45,2,0,0
19,1,2,2,1,2,2,0,0,0,0,1,2,30,4,0,1,2021,18-30,1,1,0
57,2,2,2,2,2,2,0,0,0,0,0,0,0,0,3,1,2021,56-70,4,0,0
49,1,1,1,2,1,1,2,1,2,1,0,0,60,2,0,2,2021,46-55,3,1,1
28,1,1,2,2,2,1,2,1,0,0,0,0,60,3,0,1,2021,18-30,1,1,1
43,1,2,1,1,2,2,0,0,1,2,1,2,60,2,0,2,2021,31-45,2,1,0
43,1,2,1,1,1,1,0,0,2,1,2,1,20,4,0,2,2021,31-45,2,1,1
47,2,2,1,1,2,1,0,0,2,1,2,1,10,4,0,2,2021,46-55,3,1,1
57,2,2,2,1,2,1,0,0,0,0,2,1,20,1,0,1,2021,56-70,4,1,1
62,2,2,2,1,2,2,0,0,0,0,2,1,5,2,0,2,2021,56-70,4,1,0
22,2,1,2,2,2,1,2,1,0,0,0,0,10,4,0,1,2021,18-30,1,1,1
44,2,2,2,2,2,2,0,0,0,0,0,0,0,0,1,2,2021,31-45,2,0,0
31,2,1,2,1,2,1,2,1,0,0,2,1,30,3,0,1,2021,31-45,2,1,1
46,2,2,2,2,2,1,0,0,0,0,0,0,30,3,0,2,2021,46-55,3,0,1
44,1,1,2,2,1,2,2,1,0,0,0,0,30,3,0,1,2021,31-45,2,1,0
37,1,1,2,2,2,2,2,1,0,0,0,0,5,2,0,1,2021,31-45,2,1,0
30,2,2,2,2,2,1,0,0,0,0,0,0,10,1,0,1,2021,18-30,1,0,1
52,1,1,2,2,1,1,2,1,0,0,0,0,20,1,0,2,2021,46-55,3,1,1
51,1,1,2,1,2,1,2,1,0,0,2,1,20,1,0,1,2021,46-55,3,1,1
22,1,2,1,2,1,1,0,0,1,1,0,0,60,2,0,1,2021,18-30,1,1,1
48,2,2,2,2,2,2,0,0,0,0,0,0,0,0,1,2,2021,46-55,3,0,0
42,1,2,2,1,2,2,0,0,0,0,1,2,40,4,0,2,2021,31-45,2,1,0
44,1,1,2,2,2,1,2,1,0,0,0,0,60,3,0,2,2021,31-45,2,1,1
53,1,1,2,1,1,1,1,2,0,0,2,1,30,2,0,2,2021,46-55,3,1,1
37,1,1,2,2,2,2,1,2,0,0,0,0,120,3,0,1,2021,31-45,2,1,0
34,1,1,1,2,1,1,2,1,2,1,0,0,90,2,0,1,2021,31-45,2,1,1
36,1,1,2,2,2,2,2,1,0,0,0,0,60,3,0,1,2021,31-45,2,1,0
76,1,1,1,1,1,2,2,1,2,1,2,1,30,1,0,2,2021,70+,5,1,0
54,1,2,1,2,2,1,0,0,2,1,0,0,30,1,0,2,2021,46-55,3,1,1
47,2,2,2,2,2,2,0,0,0,0,0,0,0,0,3,2,2021,46-55,3,0,0
35,2,2,2,2,2,2,0,0,0,0,0,0,0,0,1,2,2021,31-45,2,0,0
43,1,1,2,1,2,2,2,1,0,0,2,1,10,1,0,2,2021,31-45,2,1,0
33,1,2,2,2,1,2,0,0,0,0,0,0,10,3,0,2,2021,31-45,2,1,0
43,1,1,1,1,1,2,2,1,2,1,2,1,20,1,0,1,2021,31-45,2,1,0
32,1,2,2,1,2,2,0,0,0,0,2,1,5,3,0,2,2021,31-45,2,1,0
43,2,2,2,2,2,2,0,0,0,0,0,0,0,0,1,2,2021,31-45,2,0,0
38,2,2,2,1,1,2,0,0,0,0,2,1,10,2,0,2,2021,31-45,2,1,0
25,2,2,2,1,2,2,0,0,0,0,2,1,3,2,0,2,2021,18-30,1,1,0
35,0,0,0,0,0,0,0,0,0,0,0,0,0,0,0,0,2021,31-45,2,0,0
51,1,1,2,1,2,2,2,1,0,0,2,1,20,2,0,2,2021,46-55,3,1,0
57,1,1,2,1,2,2,2,1,0,0,2,1,20,1,0,2,2021,56-70,4,1,0
37,1,1,2,2,2,1,2,1,0,0,0,0,120,3,0,1,2021,31-45,2,1,1
19,1,1,2,2,2,2,1,2,0,0,0,0,60,3,0,1,2021,18-30,1,1,0
38,1,1,1,1,2,1,1,2,1,2,1,2,45,4,0,1,2021,31-45,2,1,1
26,1,1,2,2,2,2,2,1,0,0,0,0,60,3,0,2,2021,18-30,1,1,0
30,2,2,2,2,2,1,0,0,0,0,0,0,30,3,0,3,2021,18-30,1,0,1
70,1,1,1,2,2,2,2,1,2,1,0,0,60,2,0,1,2021,56-70,4,1,0
72,1,2,1,2,2,2,0,0,2,1,0,0,10,4,0,1,2021,70+,5,1,0
31,1,1,1,1,2,1,2,1,2,1,2,1,60,3,0,1,2021,31-45,2,1,1
57,2,2,2,2,2,2,0,0,0,0,0,0,0,0,3,1,2021,56-70,4,0,0
39,1,1,1,1,2,2,2,1,2,1,2,1,30,2,0,2,2021,31-45,2,1,0
22,1,1,1,1,2,1,2,1,2,1,2,1,30,3,0,1,2021,18-30,1,1,1
44,1,2,2,1,2,2,0,0,0,0,2,1,15,2,0,1,2021,31-45,2,1,0
50,2,2,2,2,2,2,0,0,0,0,0,0,0,0,3,2,2021,46-55,3,0,0
47,1,1,2,1,2,2,2,1,0,0,2,1,20,4,0,1,2021,46-55,3,1,0
27,2,2,2,2,2,1,0,0,0,0,0,0,30,3,0,1,2021,18-30,1,0,1
81,1,1,1,2,2,2,1,2,1,2,0,0,30,4,0,1,2021,70+,5,1,0
53,1,1,1,1,2,2,2,1,2,1,2,1,120,3,0,1,2021,46-55,3,1,0
66,1,1,1,2,2,2,2,1,2,1,0,0,45,4,0,1,2021,56-70,4,1,0
83,1,1,1,1,2,2,2,1,2,1,2,1,60,4,0,1,2021,70+,5,1,0
68,2,2,2,2,2,2,0,0,0,0,0,0,0,0,5,1,2021,56-70,4,0,0
80,1,1,2,2,2,2,2,1,0,0,0,0,15,3,0,1,2021,70+,5,1,0
59,1,1,2,2,2,2,2,1,0,0,0,0,180,4,0,1,2021,56-70,4,1,0
64,1,1,2,1,2,2,2,1,0,0,2,1,20,3,0,2,2021,56-70,4,1,0
33,1,2,1,2,2,1,0,0,2,1,0,0,45,3,0,1,2021,31-45,2,1,1
23,2,1,2,2,2,1,1,2,0,0,0,0,30,3,0,1,2021,18-30,1,1,1
42,1,1,2,2,2,2,2,1,0,0,0,0,30,3,0,2,2021,31-45,2,1,0
53,1,1,2,1,2,2,2,1,0,0,2,1,20,4,0,1,2021,46-55,3,1,0
24,1,2,1,2,2,2,0,0,2,1,0,0,20,3,0,1,2021,18-30,1,1,0
67,1,2,1,2,2,2,0,0,2,1,0,0,20,3,0,1,2021,56-70,4,1,0
60,2,2,2,2,2,2,0,0,0,0,0,0,0,0,3,1,2021,56-70,4,0,0
68,2,2,2,2,2,2,0,0,0,0,0,0,0,0,5,2,2021,56-70,4,0,0
22,2,2,2,2,2,1,0,0,0,0,0,0,30,3,0,2,2021,18-30,1,0,1
44,1,1,2,2,2,2,2,1,0,0,0,0,45,3,0,1,2021,31-45,2,1,0
82,0,0,0,0,0,0,0,0,0,0,0,0,0,0,0,0,2021,70+,5,0,0
62,2,2,2,2,2,2,0,0,0,0,0,0,0,0,3,2,2021,56-70,4,0,0
69,1,1,1,1,2,2,2,1,2,1,2,1,30,4,0,2,2021,56-70,4,1,0
58,1,1,2,2,2,2,1,2,0,0,0,0,240,4,0,1,2021,56-70,4,1,0
49,2,2,2,1,2,2,0,0,0,0,2,1,10,2,0,3,2021,46-55,3,1,0
21,1,1,1,2,2,1,2,1,2,1,0,0,60,3,0,1,2021,18-30,1,1,1
75,2,2,2,2,2,1,0,0,0,0,0,0,30,3,0,2,2021,70+,5,0,1
28,2,2,2,2,2,1,0,0,0,0,0,0,10,2,0,2,2021,18-30,1,0,1
33,1,1,2,1,2,1,2,1,0,0,2,1,30,3,0,1,2021,31-45,2,1,1
29,2,2,2,2,2,1,0,0,0,0,0,0,5,3,0,2,2021,18-30,1,0,1
21,1,1,2,2,2,1,1,2,0,0,0,0,20,4,0,1,2021,18-30,1,1,1
34,1,1,2,1,2,1,2,1,0,0,1,2,20,3,0,1,2021,31-45,2,1,1
28,2,2,2,2,2,2,0,0,0,0,0,0,0,0,3,2,2021,18-30,1,0,0
30,1,2,2,2,2,1,0,0,0,0,0,0,20,3,0,1,2021,18-30,1,0,1
24,1,1,2,1,2,1,1,2,0,0,2,1,60,4,0,2,2021,18-30,1,1,1
37,1,1,2,2,2,2,2,1,0,0,0,0,60,3,0,1,2021,31-45,2,1,0
29,1,2,1,2,2,1,0,0,1,2,0,0,15,3,0,1,2021,18-30,1,1,1
43,1,2,2,2,2,2,0,0,0,0,0,0,0,0,3,2,2021,31-45,2,0,0
57,1,1,1,2,2,1,1,2,1,2,0,0,30,3,0,1,2021,56-70,4,1,1
58,1,1,1,2,2,1,1,2,1,2,0,0,30,1,0,1,2021,56-70,4,1,1
55,1,1,1,2,2,2,2,1,2,1,0,0,60,4,0,1,2021,46-55,3,1,0
34,2,2,2,2,2,1,0,0,0,0,0,0,10,3,0,1,2021,31-45,2,0,1
37,2,2,2,2,2,2,0,0,0,0,0,0,0,0,1,1,2021,31-45,2,0,0
62,0,0,0,0,0,0,0,0,0,0,0,0,0,0,0,0,2021,56-70,4,0,0
25,1,1,1,1,1,1,2,1,1,2,1,2,130,3,0,1,2021,18-30,1,1,1
25,2,2,2,2,2,2,0,0,0,0,0,0,0,0,1,1,2021,18-30,1,0,0
29,2,2,1,2,1,2,0,0,2,1,0,0,30,3,0,1,2021,18-30,1,1,0
35,1,2,2,1,2,1,0,0,0,0,2,1,30,3,0,1,2021,31-45,2,1,1
66,1,2,1,2,2,1,0,0,2,1,0,0,30,3,0,1,2021,56-70,4,1,1
29,1,1,2,2,2,2,2,1,0,0,0,0,40,3,0,1,2021,18-30,1,1,0
60,1,1,2,2,2,1,1,2,0,0,0,0,30,3,0,1,2021,56-70,4,1,1
20,2,2,2,2,2,1,0,0,0,0,0,0,10,2,0,1,2021,18-30,1,0,1
76,1,1,2,1,2,2,2,1,0,0,2,1,10,3,0,2,2021,70+,5,1,0
39,1,1,2,1,2,1,2,1,0,0,2,1,10,4,0,2,2021,31-45,2,1,1
22,1,1,2,2,2,1,1,2,0,0,0,0,130,2,0,1,2021,18-30,1,1,1
74,0,0,0,0,0,0,0,0,0,0,0,0,0,0,0,0,2021,70+,5,0,0
60,1,2,2,2,2,1,0,0,0,0,0,0,15,3,0,1,2021,56-70,4,0,1
23,2,2,2,1,2,1,0,0,0,0,2,1,5,3,0,2,2021,18-30,1,1,1
32,1,1,1,2,2,1,2,1,2,1,0,0,10,3,0,1,2021,31-45,2,1,1
18,2,2,2,2,2,2,0,0,0,0,0,0,0,0,2,2,2021,18-30,1,0,0
42,2,2,2,2,2,2,0,0,0,0,0,0,0,0,3,2,2021,31-45,2,0,0
28,1,1,1,1,2,1,1,2,2,1,2,1,120,3,0,1,2021,18-30,1,1,1
39,2,2,2,2,2,2,0,0,0,0,0,0,0,0,1,1,2021,31-45,2,0,0
43,1,1,2,2,2,2,2,1,0,0,0,0,20,3,0,1,2021,31-45,2,1,0
66,1,1,2,2,2,2,2,1,0,0,0,0,30,3,0,2,2021,56-70,4,1,0
34,1,2,1,2,2,1,0,0,2,1,0,0,15,3,0,1,2021,31-45,2,1,1
47,1,1,1,2,2,2,2,1,2,1,0,0,20,1,0,1,2021,46-55,3,1,0
42,2,2,2,2,2,2,0,0,0,0,0,0,0,0,1,1,2021,31-45,2,0,0
42,1,1,2,2,2,2,2,1,0,0,0,0,60,3,0,1,2021,31-45,2,1,0
39,2,2,2,1,2,2,0,0,0,0,2,1,15,3,0,1,2021,31-45,2,1,0
60,2,1,2,2,2,2,2,1,0,0,0,0,10,2,0,2,2021,56-70,4,1,0
19,1,1,2,1,1,2,1,1,0,0,2,1,30,3,0,1,2021,18-30,1,1,0
34,1,1,2,1,2,2,2,1,0,0,2,1,10,3,0,1,2021,31-45,2,1,0
42,1,1,1,1,2,1,2,1,2,1,2,1,40,3,0,1,2021,31-45,2,1,1
32,1,1,2,2,2,1,1,1,0,0,0,0,90,4,0,1,2021,31-45,2,1,1
30,1,1,2,2,2,2,2,1,0,0,0,0,30,3,0,2,2021,18-30,1,1,0
81,1,1,2,2,2,2,2,1,0,0,0,0,60,3,0,2,2021,70+,5,1,0
57,1,2,2,2,2,2,0,0,0,0,0,0,0,0,1,2,2021,56-70,4,0,0
57,1,2,2,1,2,1,0,0,0,0,1,2,15,3,0,1,2021,56-70,4,1,1
52,2,2,2,2,2,2,0,0,0,0,0,0,0,0,3,1,2021,46-55,3,0,0
53,1,1,1,1,2,2,2,1,1,2,1,2,60,4,0,1,2021,46-55,3,1,0
45,1,1,2,2,2,1,2,1,0,0,0,0,30,3,0,2,2021,31-45,2,1,1
52,2,2,2,2,2,2,0,0,0,0,0,0,0,0,1,1,2021,46-55,3,0,0
35,1,2,1,2,2,2,0,0,1,2,0,0,30,3,0,2,2021,31-45,2,1,0
28,1,1,2,1,1,1,2,1,0,0,2,1,60,3,0,1,2021,18-30,1,1,1
26,1,1,1,1,1,1,2,1,1,2,1,2,60,2,0,1,2021,18-30,1,1,1
69,1,1,1,1,2,2,2,1,2,1,2,1,10,3,0,1,2021,56-70,4,1,0
73,1,2,2,2,2,2,0,0,0,0,0,0,0,0,3,2,2021,70+,5,0,0
72,2,2,2,2,2,2,0,0,0,0,0,0,0,0,1,1,2021,70+,5,0,0
53,2,2,2,2,2,2,0,0,0,0,0,0,0,0,1,1,2021,46-55,3,0,0
26,1,1,2,2,2,1,1,2,0,0,0,0,20,3,0,1,2021,18-30,1,1,1
74,1,1,2,2,2,2,1,1,0,0,0,0,60,3,0,2,2021,70+,5,1,0
44,2,2,2,2,2,2,0,0,0,0,0,0,0,0,1,1,2021,31-45,2,0,0
60,1,2,2,2,2,2,0,0,0,0,0,0,0,0,1,2,2021,56-70,4,0,0
25,1,1,1,2,1,1,2,1,1,2,0,0,40,4,0,1,2021,18-30,1,1,1
41,1,1,2,1,2,1,2,1,0,0,2,1,15,4,0,1,2021,31-45,2,1,1
52,2,2,2,2,2,2,0,0,0,0,0,0,0,0,1,2,2021,46-55,3,0,0
48,1,1,2,2,2,2,2,1,0,0,0,0,30,1,0,1,2021,46-55,3,1,0
66,0,0,0,0,0,0,0,0,0,0,0,0,0,0,0,0,2021,56-70,4,0,0
53,1,1,1,1,2,2,2,1,2,1,2,1,20,1,0,1,2021,46-55,3,1,0
45,1,1,1,2,2,2,2,1,2,1,0,0,20,1,0,1,2021,31-45,2,1,0
49,0,0,0,0,0,0,0,0,0,0,0,0,0,0,0,0,2021,46-55,3,0,0
50,2,2,1,2,2,2,0,0,1,2,0,0,30,2,0,2,2021,46-55,3,1,0
32,1,2,1,2,2,1,0,0,1,2,0,0,20,3,0,1,2021,31-45,2,1,1
41,1,1,2,1,2,1,1,2,0,0,1,2,20,3,0,1,2021,31-45,2,1,1
36,1,2,1,2,2,1,0,0,1,2,0,0,30,2,0,1,2021,31-45,2,1,1
30,2,2,2,2,1,2,0,0,0,0,0,0,20,4,0,1,2021,18-30,1,1,0
46,1,2,1,1,2,2,0,0,1,2,1,2,10,3,0,1,2021,46-55,3,1,0
30,1,1,2,2,2,1,1,1,0,0,0,0,120,3,0,1,2021,18-30,1,1,1
60,1,1,1,1,2,2,2,1,2,1,2,1,30,3,0,3,2021,56-70,4,1,0
34,2,2,2,1,2,1,0,0,0,0,2,1,10,4,0,1,2021,31-45,2,1,1
61,1,1,2,2,2,2,2,1,0,0,0,0,30,3,0,1,2021,56-70,4,1,0
38,1,1,1,1,2,1,1,2,1,2,2,1,120,3,0,1,2021,31-45,2,1,1
31,1,1,1,2,2,1,1,2,1,2,0,0,30,3,0,1,2021,31-45,2,1,1
45,1,1,2,2,1,1,2,1,0,0,0,0,30,2,0,1,2021,31-45,2,1,1
54,1,1,2,1,2,2,2,1,0,0,2,1,20,2,0,1,2021,46-55,3,1,0
63,1,2,1,1,2,2,0,0,2,1,2,1,20,3,0,2,2021,56-70,4,1,0
61,1,1,1,2,2,2,2,1,2,1,0,0,20,2,0,2,2021,56-70,4,1,0
48,2,2,2,2,2,2,0,0,0,0,0,0,0,0,2,1,2021,46-55,3,0,0
28,1,2,2,1,2,2,0,0,0,0,1,2,10,2,0,2,2021,18-30,1,1,0
60,1,1,2,2,2,1,1,2,0,0,0,0,30,3,0,2,2021,56-70,4,1,1
38,1,1,1,1,2,1,1,2,1,2,2,1,30,3,0,1,2021,31-45,2,1,1
34,2,1,1,1,2,1,2,1,2,1,1,2,60,3,0,1,2021,31-45,2,1,1
24,1,1,2,2,2,1,2,1,0,0,0,0,30,3,0,2,2021,18-30,1,1,1
55,1,1,2,2,2,2,2,1,0,0,0,0,30,3,0,2,2021,46-55,3,1,0
25,1,1,2,1,1,1,1,2,0,0,1,2,120,4,0,1,2021,18-30,1,1,1
83,0,0,0,0,0,0,0,0,0,0,0,0,0,0,0,0,2021,70+,5,0,0
48,1,1,2,2,2,1,1,2,0,0,0,0,60,4,0,1,2021,46-55,3,1,1
65,2,1,2,2,2,2,2,1,0,0,0,0,30,3,0,2,2021,56-70,4,1,0
55,1,1,1,2,2,2,2,1,2,1,0,0,30,2,0,1,2021,46-55,3,1,0
58,1,1,1,2,2,1,2,1,2,1,0,0,180,3,0,2,2021,56-70,4,1,1
62,1,2,1,2,2,1,0,0,1,2,0,0,60,1,0,1,2021,56-70,4,1,1
36,1,1,2,2,2,1,1,2,0,0,0,0,25,3,0,1,2021,31-45,2,1,1
46,1,1,2,2,2,1,2,1,0,0,0,0,20,3,0,1,2021,46-55,3,1,1
25,1,1,1,1,2,1,2,1,1,2,1,2,60,3,0,1,2021,18-30,1,1,1
55,1,2,2,1,2,1,0,0,0,0,2,1,35,3,0,3,2021,46-55,3,1,1
22,0,0,0,0,0,0,0,0,0,0,0,0,0,0,0,0,2021,18-30,1,0,0
20,1,1,2,2,2,2,1,2,0,0,0,0,60,4,0,1,2021,18-30,1,1,0
50,1,2,2,2,2,2,0,0,0,0,0,0,0,0,1,1,2021,46-55,3,0,0
35,0,0,0,0,0,0,0,0,0,0,0,0,0,0,0,0,2021,31-45,2,0,0
62,1,1,2,2,2,1,1,2,0,0,0,0,45,4,0,2,2021,56-70,4,1,1
19,2,2,1,2,2,1,0,0,2,1,0,0,30,3,0,1,2021,18-30,1,1,1
57,2,2,2,2,2,2,0,0,0,0,0,0,0,0,3,2,2021,56-70,4,0,0
26,2,2,1,2,2,2,0,0,2,1,0,0,20,3,0,2,2021,18-30,1,1,0
45,2,2,2,2,2,2,0,0,0,0,0,0,0,0,3,2,2021,31-45,2,0,0
37,1,1,1,2,2,1,2,1,2,1,0,0,10,3,0,1,2021,31-45,2,1,1
34,1,1,2,2,1,2,2,1,0,0,0,0,30,2,0,1,2021,31-45,2,1,0
36,1,2,2,2,1,1,0,0,0,0,0,0,15,4,0,2,2021,31-45,2,1,1
62,2,2,2,1,2,2,0,0,0,0,2,1,20,3,0,2,2021,56-70,4,1,0
32,2,2,1,1,2,1,0,0,2,1,2,1,20,3,0,1,2021,31-45,2,1,1
64,2,2,2,2,2,2,0,0,0,0,0,0,0,0,1,2,2021,56-70,4,0,0
29,1,1,2,2,2,1,2,1,0,0,0,0,20,3,0,1,2021,18-30,1,1,1
60,2,2,2,2,2,2,0,0,0,0,0,0,0,0,3,2,2021,56-70,4,0,0
41,1,1,1,2,2,2,1,2,2,1,0,0,30,3,0,1,2021,31-45,2,1,0
31,1,2,1,2,2,1,0,0,2,1,0,0,40,3,0,1,2021,31-45,2,1,1
55,1,1,2,2,2,2,2,1,0,0,0,0,60,1,0,2,2021,46-55,3,1,0
42,1,1,2,1,2,1,1,2,0,0,2,1,20,4,0,2,2021,31-45,2,1,1
69,0,0,0,0,0,0,0,0,0,0,0,0,0,0,0,0,2021,56-70,4,0,0
52,2,2,2,1,2,1,0,0,0,0,2,1,15,4,0,2,2021,46-55,3,1,1
28,2,2,2,2,2,1,0,0,0,0,0,0,20,3,0,2,2021,18-30,1,0,1
23,1,2,1,2,2,1,0,0,2,1,0,0,20,4,0,1,2021,18-30,1,1,1
35,1,1,1,2,2,2,2,1,2,1,0,0,30,4,0,1,2021,31-45,2,1,0
83,0,0,0,0,0,0,0,0,0,0,0,0,0,0,0,0,2021,70+,5,0,0
27,1,1,2,2,2,1,2,1,0,0,0,0,30,3,0,1,2021,18-30,1,1,1
72,2,1,2,2,2,2,2,1,0,0,0,0,40,3,0,1,2021,70+,5,1,0
27,1,1,1,1,2,1,2,1,2,1,2,1,30,3,0,2,2021,18-30,1,1,1
22,1,2,1,2,2,1,0,0,2,1,0,0,50,3,0,1,2021,18-30,1,1,1
38,1,2,2,2,2,1,0,0,0,0,0,0,15,4,0,1,2021,31-45,2,0,1
59,1,1,2,2,1,1,2,1,0,0,0,0,120,4,0,1,2021,56-70,4,1,1
50,1,2,1,2,1,2,0,0,1,2,0,0,30,3,0,1,2021,46-55,3,1,0
52,1,2,1,2,2,2,0,0,2,1,0,0,30,4,0,2,2021,46-55,3,1,0
27,0,0,0,0,0,0,0,0,0,0,0,0,0,0,0,0,2021,18-30,1,0,0
35,1,2,2,2,2,1,0,0,0,0,0,0,50,4,0,1,2021,31-45,2,0,1
23,1,1,1,2,2,1,1,2,1,2,0,0,60,4,0,1,2021,18-30,1,1,1
35,2,2,2,2,2,2,0,0,0,0,0,0,0,0,3,1,2021,31-45,2,0,0
63,1,1,2,2,2,2,2,1,0,0,0,0,30,2,0,2,2021,56-70,4,1,0
31,1,2,2,2,2,2,0,0,0,0,0,0,0,0,3,2,2021,31-45,2,0,0
20,1,1,2,2,1,1,1,2,0,0,0,0,60,2,0,2,2021,18-30,1,1,1
45,1,2,2,2,1,2,0,0,0,0,0,0,50,2,0,2,2021,31-45,2,1,0
73,1,1,2,2,2,2,2,1,0,0,0,0,60,2,0,1,2021,70+,5,1,0
34,1,1,1,2,1,1,2,1,2,1,0,0,15,3,0,1,2021,31-45,2,1,1
58,2,2,2,2,2,2,0,0,0,0,0,0,0,0,1,1,2021,56-70,4,0,0
40,2,2,2,2,2,2,0,0,0,0,0,0,0,0,3,2,2021,31-45,2,0,0
72,0,0,0,0,0,0,0,0,0,0,0,0,0,0,0,0,2021,70+,5,0,0
54,2,2,2,2,2,2,0,0,0,0,0,0,0,0,3,2,2021,46-55,3,0,0
36,1,2,2,2,2,1,0,0,0,0,0,0,30,3,0,3,2021,31-45,2,0,1
37,2,2,2,2,2,1,0,0,0,0,0,0,20,3,0,1,2021,31-45,2,0,1
58,2,2,2,1,2,2,0,0,0,0,2,1,20,3,0,2,2021,56-70,4,1,0
53,1,2,1,2,2,1,0,0,2,1,0,0,30,2,0,2,2021,46-55,3,1,1
60,1,2,1,1,2,1,0,0,2,1,2,1,45,3,0,2,2021,56-70,4,1,1
46,1,1,1,1,2,1,1,2,2,1,2,1,20,3,0,2,2021,46-55,3,1,1
47,1,1,2,1,2,2,2,1,0,0,2,1,30,3,0,1,2021,46-55,3,1,0
42,1,1,2,1,2,1,2,1,0,0,1,2,60,3,0,1,2021,31-45,2,1,1
25,1,2,1,2,2,1,0,0,1,2,0,0,10,3,0,1,2021,18-30,1,1,1
51,0,0,0,0,0,0,0,0,0,0,0,0,0,0,0,0,2021,46-55,3,0,0
36,1,1,1,1,2,1,2,1,2,1,2,1,20,2,0,2,2021,31-45,2,1,1
56,2,2,2,2,2,2,0,0,0,0,0,0,0,0,3,2,2021,56-70,4,0,0
49,1,1,2,1,2,2,2,1,0,0,2,1,30,2,0,2,2021,46-55,3,1,0
72,1,1,2,2,2,2,2,1,0,0,0,0,60,4,0,2,2021,70+,5,1,0
34,1,2,1,1,2,2,0,0,2,1,2,1,20,4,0,2,2021,31-45,2,1,0
49,1,2,2,2,2,2,0,0,0,0,0,0,0,0,3,2,2021,46-55,3,0,0
32,1,1,2,2,2,1,2,1,0,0,0,0,15,2,0,2,2021,31-45,2,1,1
23,2,2,2,2,2,1,0,0,0,0,0,0,30,1,0,1,2021,18-30,1,0,1
57,1,1,2,2,2,1,2,1,0,0,0,0,30,3,0,2,2021,56-70,4,1,1
22,2,2,2,2,2,1,0,0,0,0,0,0,20,3,0,1,2021,18-30,1,0,1
42,1,1,2,1,2,2,2,1,0,0,2,1,60,4,0,1,2021,31-45,2,1,0
85,1,2,1,1,2,2,0,0,2,1,2,1,10,3,0,1,2021,70+,5,1,0
24,1,1,2,2,2,1,2,1,0,0,0,0,60,3,0,1,2021,18-30,1,1,1
58,1,1,1,1,2,1,2,1,2,1,2,1,180,4,0,2,2021,56-70,4,1,1
47,1,1,1,1,2,1,2,1,2,1,1,2,30,3,0,1,2021,46-55,3,1,1
51,1,1,2,1,2,1,2,1,0,0,1,2,60,3,0,1,2021,46-55,3,1,1
39,1,1,2,2,2,1,2,1,0,0,0,0,30,2,0,1,2021,31-45,2,1,1
26,1,1,1,2,2,1,1,2,1,2,0,0,20,3,0,1,2021,18-30,1,1,1
68,1,1,2,1,2,1,1,2,0,0,1,2,180,4,0,1,2021,56-70,4,1,1
49,1,2,1,2,2,1,0,0,1,1,0,0,40,3,0,1,2021,46-55,3,1,1
23,1,2,1,2,1,1,0,0,1,2,0,0,180,1,0,1,2021,18-30,1,1,1
30,1,2,2,1,2,2,0,0,0,0,2,1,15,3,0,1,2021,18-30,1,1,0
47,2,2,2,1,2,2,0,0,0,0,2,1,10,3,0,1,2021,46-55,3,1,0
22,1,1,1,2,2,1,1,2,1,2,0,0,45,4,0,1,2021,18-30,1,1,1
33,1,1,2,2,2,1,1,2,0,0,0,0,40,3,0,1,2021,31-45,2,1,1
61,1,1,2,1,2,2,2,1,0,0,2,1,25,2,0,1,2021,56-70,4,1,0
73,1,1,1,1,2,2,2,1,2,1,2,1,60,3,0,1,2021,70+,5,1,0
37,1,1,2,1,2,1,2,1,0,0,1,2,40,4,0,1,2021,31-45,2,1,1
30,1,2,2,2,2,1,0,0,0,0,0,0,10,3,0,1,2021,18-30,1,0,1
28,1,1,2,2,2,2,2,1,0,0,0,0,30,3,0,1,2021,18-30,1,1,0
72,1,2,2,1,2,2,0,0,0,0,2,1,30,3,0,1,2021,70+,5,1,0
27,1,1,2,2,2,1,2,1,0,0,0,0,30,3,0,1,2021,18-30,1,1,1
69,1,1,1,2,2,2,2,1,2,1,0,0,20,3,0,1,2021,56-70,4,1,0
55,1,1,2,1,2,2,2,1,0,0,2,1,20,3,0,1,2021,46-55,3,1,0
53,1,2,1,2,2,1,0,0,2,1,0,0,10,2,0,2,2021,46-55,3,1,1
46,1,1,2,1,2,1,2,1,0,0,1,2,60,3,0,1,2021,46-55,3,1,1
33,1,1,2,1,2,1,2,1,0,0,1,2,60,4,0,1,2021,31-45,2,1,1
57,1,2,2,1,2,2,0,0,0,0,2,1,20,2,0,1,2021,56-70,4,1,0
29,1,1,2,2,2,1,2,1,0,0,0,0,25,3,0,1,2021,18-30,1,1,1
46,1,1,2,1,2,1,1,2,0,0,2,1,60,3,0,3,2021,46-55,3,1,1
48,1,2,2,1,2,2,0,0,0,0,2,1,30,3,0,1,2021,46-55,3,1,0
61,1,2,2,2,2,2,0,0,0,0,0,0,0,0,3,1,2021,56-70,4,0,0
74,1,1,2,1,2,2,2,1,0,0,2,1,30,2,0,1,2021,70+,5,1,0
88,2,2,2,2,2,2,0,0,0,0,0,0,0,0,5,1,2021,70+,5,0,0
18,2,1,1,2,1,2,2,1,2,1,0,0,60,4,0,1,2021,18-30,1,1,0
24,1,1,2,2,2,2,2,1,0,0,0,0,60,3,0,1,2021,18-30,1,1,0
26,1,2,2,2,2,1,0,0,0,0,0,0,20,3,0,1,2021,18-30,1,0,1
41,2,2,2,2,2,1,0,0,0,0,0,0,30,3,0,1,2021,31-45,2,0,1
69,1,1,2,2,2,1,2,1,0,0,0,0,60,3,0,1,2021,56-70,4,1,1
69,1,1,2,2,2,2,2,1,0,0,0,0,120,3,0,2,2021,56-70,4,1,0
63,1,1,1,1,2,1,2,1,2,1,2,1,60,3,0,1,2021,56-70,4,1,1
34,2,2,2,2,2,2,0,0,0,0,0,0,0,0,1,1,2021,31-45,2,0,0
18,2,2,2,2,2,2,0,0,0,0,0,0,0,0,3,2,2021,18-30,1,0,0
56,1,1,2,2,2,2,1,2,0,0,0,0,120,3,0,2,2021,56-70,4,1,0
46,2,2,2,2,2,2,0,0,0,0,0,0,0,0,3,2,2021,46-55,3,0,0
27,1,2,2,2,2,1,0,0,0,0,0,0,60,3,0,1,2021,18-30,1,0,1
43,2,2,2,2,2,2,0,0,0,0,0,0,0,0,3,2,2021,31-45,2,0,0
37,1,2,1,2,2,1,0,0,1,2,0,0,10,3,0,2,2021,31-45,2,1,1
34,1,2,1,1,2,1,0,0,2,1,2,1,10,3,0,2,2021,31-45,2,1,1
19,1,1,2,2,1,1,2,1,0,0,0,0,60,3,0,1,2021,18-30,1,1,1
45,1,2,1,1,1,1,0,0,1,2,1,2,60,4,0,1,2021,31-45,2,1,1
81,1,1,2,2,2,2,2,1,0,0,0,0,10,1,0,1,2021,70+,5,1,0
67,2,2,2,2,2,1,0,0,0,0,0,0,20,3,0,3,2021,56-70,4,0,1
27,1,2,2,1,2,2,0,0,0,0,2,1,30,4,0,1,2021,18-30,1,1,0
74,1,2,2,1,2,2,0,0,0,0,2,1,60,3,0,2,2021,70+,5,1,0
29,1,1,2,1,1,1,2,1,0,0,2,1,30,2,0,1,2021,18-30,1,1,1
41,2,2,2,2,2,2,0,0,0,0,0,0,0,0,3,2,2021,31-45,2,0,0
20,1,2,2,1,1,2,0,0,0,0,2,1,60,2,0,1,2021,18-30,1,1,0
81,1,1,2,2,2,2,2,1,0,0,0,0,120,4,0,2,2021,70+,5,1,0
42,1,1,1,1,1,1,2,1,2,1,2,1,30,4,0,1,2021,31-45,2,1,1
29,2,2,2,1,2,1,0,0,0,0,2,1,10,3,0,1,2021,18-30,1,1,1
65,1,1,1,1,2,2,2,1,2,1,1,2,210,3,0,1,2021,56-70,4,1,0
38,1,1,2,1,2,1,2,1,0,0,1,1,60,3,0,2,2021,31-45,2,1,1
27,1,2,2,2,2,1,0,0,0,0,0,0,10,2,0,2,2021,18-30,1,0,1
43,1,1,1,1,1,1,2,1,2,1,2,1,60,3,0,1,2021,31-45,2,1,1
19,2,2,1,2,2,1,0,0,1,1,0,0,30,3,0,2,2021,18-30,1,1,1
24,1,1,2,2,2,1,1,1,0,0,0,0,30,4,0,2,2021,18-30,1,1,1
41,1,1,1,1,1,1,1,2,1,2,2,1,10,4,0,3,2021,31-45,2,1,1
71,1,2,2,1,2,2,0,0,0,0,2,1,60,3,0,2,2021,70+,5,1,0
40,1,2,1,1,1,1,0,0,1,2,1,2,30,4,0,1,2021,31-45,2,1,1
19,2,1,1,1,1,1,2,1,1,2,2,1,50,2,0,1,2021,18-30,1,1,1
59,1,1,1,2,2,1,2,1,1,2,0,0,240,4,0,1,2021,56-70,4,1,1
24,1,1,1,2,2,2,2,1,2,1,0,0,25,3,0,1,2021,18-30,1,1,0
25,1,1,1,1,1,1,2,1,2,1,2,1,60,3,0,1,2021,18-30,1,1,1
50,1,2,1,1,2,1,0,0,2,1,2,1,60,4,0,1,2021,46-55,3,1,1
26,1,1,1,2,2,2,1,2,2,1,0,0,15,3,0,1,2021,18-30,1,1,0
24,1,1,2,2,1,1,2,1,0,0,0,0,60,3,0,1,2021,18-30,1,1,1
44,2,2,2,2,2,2,0,0,0,0,0,0,0,0,1,1,2021,31-45,2,0,0
63,1,1,1,2,2,1,2,1,2,1,0,0,60,2,0,1,2021,56-70,4,1,1
27,1,1,2,2,2,1,1,1,0,0,0,0,20,3,0,1,2021,18-30,1,1,1
57,1,1,2,1,2,2,2,1,0,0,2,1,60,3,0,2,2021,56-70,4,1,0
57,1,1,1,2,2,1,2,1,2,1,0,0,20,3,0,1,2021,56-70,4,1,1
38,1,2,2,1,1,1,0,0,0,0,2,1,40,3,0,1,2021,31-45,2,1,1
65,0,0,0,0,0,0,0,0,0,0,0,0,0,0,0,0,2021,56-70,4,0,0
21,2,2,2,2,2,2,0,0,0,0,0,0,0,0,1,1,2021,18-30,1,0,0
34,2,2,2,2,2,2,0,0,0,0,0,0,0,0,2,1,2021,31-45,2,0,0
40,2,2,2,2,2,2,0,0,0,0,0,0,0,0,3,2,2021,31-45,2,0,0
41,1,1,1,1,2,2,2,1,2,1,2,1,120,3,0,1,2021,31-45,2,1,0
39,2,2,2,2,2,2,0,0,0,0,0,0,0,0,3,2,2021,31-45,2,0,0
46,1,1,1,1,2,2,2,1,2,1,2,1,15,1,0,2,2021,46-55,3,1,0
45,1,1,2,1,2,2,1,2,0,0,2,1,30,2,0,2,2021,31-45,2,1,0
42,1,2,1,2,2,1,0,0,1,1,0,0,5,2,0,1,2021,31-45,2,1,1
21,1,1,2,2,2,1,1,2,0,0,0,0,60,3,0,1,2021,18-30,1,1,1
35,1,1,2,2,2,2,2,1,0,0,0,0,60,3,0,2,2021,31-45,2,1,0
67,1,1,1,2,2,2,2,1,2,1,0,0,60,1,0,2,2021,56-70,4,1,0
46,1,2,2,1,2,2,0,0,0,0,1,2,30,4,0,2,2021,46-55,3,1,0
65,2,2,2,2,2,2,0,0,0,0,0,0,0,0,2,2,2021,56-70,4,0,0
67,1,1,1,2,2,1,1,2,1,2,0,0,120,4,0,1,2021,56-70,4,1,1
43,1,1,1,1,2,1,1,2,1,2,1,2,30,3,0,1,2021,31-45,2,1,1
49,2,2,2,2,2,2,0,0,0,0,0,0,0,0,3,1,2021,46-55,3,0,0
54,2,2,2,2,2,2,0,0,0,0,0,0,0,0,1,2,2021,46-55,3,0,0
55,2,1,2,2,2,2,1,2,0,0,0,0,30,3,0,2,2021,46-55,3,1,0
32,2,2,2,1,2,2,0,0,0,0,2,1,10,4,0,1,2021,31-45,2,1,0
26,2,2,2,2,2,1,0,0,0,0,0,0,20,4,0,1,2021,18-30,1,0,1
38,1,2,2,2,2,1,0,0,0,0,0,0,30,3,0,2,2021,31-45,2,0,1
32,1,2,2,2,2,1,0,0,0,0,0,0,45,2,0,2,2021,31-45,2,0,1
53,2,2,2,2,2,2,0,0,0,0,0,0,0,0,1,2,2021,46-55,3,0,0
63,1,1,2,2,2,2,2,1,0,0,0,0,60,2,0,1,2021,56-70,4,1,0
40,1,1,2,2,1,2,1,2,0,0,0,0,30,3,0,2,2021,31-45,2,1,0
71,1,1,2,2,2,2,2,1,0,0,0,0,15,3,0,2,2021,70+,5,1,0
48,2,2,2,2,2,1,0,0,0,0,0,0,40,3,0,1,2021,46-55,3,0,1
27,1,2,2,2,2,1,0,0,0,0,0,0,60,2,0,1,2021,18-30,1,0,1
69,2,2,2,2,2,2,0,0,0,0,0,0,0,0,2,2,2021,56-70,4,0,0
59,2,2,2,2,2,2,0,0,0,0,0,0,0,0,1,2,2021,56-70,4,0,0
50,1,2,1,1,1,1,0,0,1,2,1,2,15,4,0,1,2021,46-55,3,1,1
34,2,1,2,2,2,1,1,2,0,0,0,0,30,4,0,1,2021,31-45,2,1,1
19,2,1,2,2,2,1,2,1,0,0,0,0,30,3,0,2,2021,18-30,1,1,1
31,2,2,2,2,2,2,0,0,0,0,0,0,0,0,3,2,2021,31-45,2,0,0
35,1,1,2,2,2,1,2,1,0,0,0,0,120,3,0,1,2021,31-45,2,1,1
18,1,1,2,2,2,1,1,2,0,0,0,0,60,4,0,1,2021,18-30,1,1,1
24,1,2,2,1,2,1,0,0,0,0,2,1,10,1,0,1,2021,18-30,1,1,1
53,1,2,2,1,2,2,0,0,0,0,2,1,6,2,0,1,2021,46-55,3,1,0
52,1,1,1,1,1,1,2,1,2,1,2,1,30,3,0,1,2021,46-55,3,1,1
44,1,2,2,2,2,1,0,0,0,0,0,0,30,1,0,2,2021,31-45,2,0,1
29,1,1,2,2,2,1,2,1,0,0,0,0,30,3,0,1,2021,18-30,1,1,1
56,2,2,2,2,2,2,0,0,0,0,0,0,0,0,1,2,2021,56-70,4,0,0
27,2,2,2,2,2,1,0,0,0,0,0,0,10,3,0,1,2021,18-30,1,0,1
51,2,2,2,2,2,1,0,0,0,0,0,0,20,3,0,1,2022,46-55,3,0,1
73,2,2,2,2,2,2,0,0,0,0,0,0,0,0,1,1,2022,70+,5,0,0
52,2,2,2,2,2,1,0,0,0,0,0,0,15,3,0,1,2022,46-55,3,0,1
35,2,2,2,2,2,1,0,0,0,0,0,0,20,3,0,2,2022,31-45,2,0,1
28,2,2,2,2,2,1,0,0,0,0,0,0,20,3,0,1,2022,18-30,1,0,1
41,1,2,2,2,2,2,0,0,0,0,0,0,0,0,1,1,2022,31-45,2,0,0
44,2,2,2,2,2,2,0,0,0,0,0,0,0,0,3,1,2022,31-45,2,0,0
69,2,2,2,2,2,2,0,0,0,0,0,0,0,0,5,2,2022,56-70,4,0,0
45,1,1,1,1,2,1,2,1,2,1,2,1,20,4,0,1,2022,31-45,2,1,1
23,1,2,2,2,2,1,0,0,0,0,0,0,60,3,0,1,2022,18-30,1,0,1
47,1,1,2,2,2,1,2,1,0,0,0,0,20,3,0,1,2022,46-55,3,1,1
20,1,1,2,2,2,1,1,2,0,0,0,0,30,3,0,1,2022,18-30,1,1,1
45,1,2,2,1,2,1,0,0,0,0,2,1,40,4,0,1,2022,31-45,2,1,1
42,2,2,2,2,2,2,0,0,0,0,0,0,0,0,3,1,2022,31-45,2,0,0
39,1,2,2,1,2,1,0,0,0,0,2,1,40,4,0,1,2022,31-45,2,1,1
70,1,1,1,2,2,1,2,1,2,1,0,0,90,4,0,1,2022,56-70,4,1,1
29,2,2,2,2,2,1,0,0,0,0,0,0,20,3,0,1,2022,18-30,1,0,1
54,2,2,2,2,2,2,0,0,0,0,0,0,0,0,3,1,2022,46-55,3,0,0
37,2,2,2,2,2,1,0,0,0,0,0,0,15,3,0,1,2022,31-45,2,0,1
53,1,1,2,2,2,1,1,2,0,0,0,0,30,3,0,1,2022,46-55,3,1,1
55,2,2,2,2,2,1,0,0,0,0,0,0,20,3,0,1,2022,46-55,3,0,1
46,2,2,2,2,2,2,0,0,0,0,0,0,0,0,3,1,2022,46-55,3,0,0
32,2,2,2,2,2,2,0,0,0,0,0,0,0,0,3,1,2022,31-45,2,0,0
38,2,2,2,2,2,1,0,0,0,0,0,0,15,3,0,1,2022,31-45,2,0,1
40,1,1,2,2,2,1,1,2,0,0,0,0,50,3,0,1,2022,31-45,2,1,1
21,1,1,2,2,2,1,1,2,0,0,0,0,30,3,0,1,2022,18-30,1,1,1
51,1,1,2,2,2,1,1,2,0,0,0,0,30,3,0,1,2022,46-55,3,1,1
26,1,1,2,2,2,1,2,1,0,0,0,0,20,3,0,1,2022,18-30,1,1,1
55,2,2,2,2,2,2,0,0,0,0,0,0,0,0,3,1,2022,46-55,3,0,0
76,2,2,2,2,2,2,0,0,0,0,0,0,0,0,5,1,2022,70+,5,0,0
29,2,2,2,2,2,1,0,0,0,0,0,0,15,3,0,1,2022,18-30,1,0,1
44,1,2,2,1,2,2,0,0,0,0,2,1,45,3,0,1,2022,31-45,2,1,0
42,1,1,2,2,2,1,1,2,0,0,0,0,120,3,0,1,2022,31-45,2,1,1
59,1,1,2,2,2,2,1,2,0,0,0,0,25,3,0,1,2022,56-70,4,1,0
36,2,2,2,2,2,1,0,0,0,0,0,0,15,2,0,2,2022,31-45,2,0,1
42,2,2,2,2,2,1,0,0,0,0,0,0,15,2,0,1,2022,31-45,2,0,1
32,1,2,1,1,2,1,0,0,2,1,1,2,30,4,0,1,2022,31-45,2,1,1
32,2,2,2,2,2,1,0,0,0,0,0,0,20,2,0,1,2022,31-45,2,0,1
49,2,2,2,1,2,2,0,0,0,0,2,1,15,2,0,1,2022,46-55,3,1,0
49,2,2,2,2,2,2,0,0,0,0,0,0,0,0,3,2,2022,46-55,3,0,0
50,2,2,2,2,2,2,0,0,0,0,0,0,0,0,1,1,2022,46-55,3,0,0
34,2,2,2,1,2,1,0,0,0,0,2,1,20,3,0,1,2022,31-45,2,1,1
37,2,2,2,2,2,1,0,0,0,0,0,0,20,3,0,1,2022,31-45,2,0,1
52,2,2,2,1,2,1,0,0,0,0,1,2,20,3,0,1,2022,46-55,3,1,1
51,2,2,2,2,2,2,0,0,0,0,0,0,0,0,3,1,2022,46-55,3,0,0
35,2,2,2,2,2,1,0,0,0,0,0,0,15,3,0,1,2022,31-45,2,0,1
55,2,2,2,2,2,2,0,0,0,0,0,0,0,0,3,2,2022,46-55,3,0,0
48,0,0,0,0,0,0,0,0,0,0,0,0,0,0,0,0,2022,46-55,3,0,0
34,1,2,1,1,2,1,0,0,2,1,2,1,25,4,0,2,2022,31-45,2,1,1
35,2,1,2,1,2,1,1,2,0,0,2,1,15,3,0,1,2022,31-45,2,1,1
22,1,1,2,1,1,1,1,2,0,0,2,1,60,4,0,1,2022,18-30,1,1,1
51,2,2,2,2,2,1,0,0,0,0,0,0,20,2,0,3,2022,46-55,3,0,1
25,1,2,1,1,2,1,0,0,2,1,1,2,60,3,0,1,2022,18-30,1,1,1
21,1,2,2,2,1,2,0,0,0,0,0,0,20,3,0,1,2022,18-30,1,1,0
27,1,1,1,2,2,1,1,2,1,2,0,0,25,4,0,2,2022,18-30,1,1,1
28,1,1,2,2,2,1,1,2,0,0,0,0,30,2,0,1,2022,18-30,1,1,1
23,1,1,1,2,2,2,2,1,2,1,0,0,30,3,0,1,2022,18-30,1,1,0
49,1,1,2,2,2,1,1,2,0,0,0,0,30,2,0,2,2022,46-55,3,1,1
57,1,2,2,2,2,2,0,0,0,0,0,0,0,0,1,2,2022,56-70,4,0,0
36,2,2,2,2,2,2,0,0,0,0,0,0,0,0,3,2,2022,31-45,2,0,0
24,2,2,2,2,2,1,0,0,0,0,0,0,10,3,0,2,2022,18-30,1,0,1
45,1,2,2,2,2,2,0,0,0,0,0,0,0,0,3,1,2022,31-45,2,0,0
38,1,1,2,2,2,1,1,2,0,0,0,0,60,3,0,2,2022,31-45,2,1,1
37,1,1,1,2,1,1,2,1,2,1,0,0,15,3,0,1,2022,31-45,2,1,1
69,1,1,1,2,2,1,1,2,2,1,0,0,90,3,0,1,2022,56-70,4,1,1
27,1,1,1,1,2,1,2,1,2,1,2,1,40,3,0,1,2022,18-30,1,1,1
45,1,1,1,1,2,2,2,1,2,1,2,1,30,2,0,1,2022,31-45,2,1,0
72,2,2,2,2,2,2,0,0,0,0,0,0,0,0,6,3,2022,70+,5,0,0
37,2,2,1,2,2,1,0,0,2,1,0,0,7,2,0,2,2022,31-45,2,1,1
34,1,1,1,2,2,1,2,1,2,1,0,0,20,4,0,1,2022,31-45,2,1,1
22,1,1,2,2,2,1,2,1,0,0,0,0,30,4,0,2,2022,18-30,1,1,1
29,1,1,1,2,2,2,2,1,2,1,0,0,30,4,0,1,2022,18-30,1,1,0
22,1,2,1,2,2,1,0,0,2,1,0,0,10,4,0,1,2022,18-30,1,1,1
46,2,2,2,2,2,2,0,0,0,0,0,0,0,0,3,1,2022,46-55,3,0,0
42,1,2,1,2,2,2,0,0,2,1,0,0,30,3,0,1,2022,31-45,2,1,0
68,1,1,2,2,2,1,2,1,0,0,0,0,45,3,0,1,2022,56-70,4,1,1
28,1,1,2,2,1,1,2,1,0,0,0,0,30,3,0,1,2022,18-30,1,1,1
26,2,2,1,2,2,2,0,0,2,1,0,0,15,3,0,1,2022,18-30,1,1,0
88,2,2,2,2,2,2,0,0,0,0,0,0,0,0,5,2,2022,70+,5,0,0
24,1,1,2,2,1,1,2,1,0,0,0,0,60,3,0,1,2022,18-30,1,1,1
42,2,2,1,2,2,2,0,0,2,1,0,0,15,3,0,2,2022,31-45,2,1,0
25,2,2,2,2,2,2,0,0,0,0,0,0,0,0,3,2,2022,18-30,1,0,0
34,2,2,2,2,2,1,0,0,0,0,0,0,15,4,0,1,2022,31-45,2,0,1
60,1,2,2,2,2,1,0,0,0,0,0,0,60,3,0,1,2022,56-70,4,0,1
36,1,1,1,2,2,1,2,1,2,1,0,0,30,3,0,1,2022,31-45,2,1,1
36,2,2,2,2,2,1,0,0,0,0,0,0,30,3,0,2,2022,31-45,2,0,1
28,1,1,2,2,2,1,2,1,0,0,0,0,40,4,0,1,2022,18-30,1,1,1
81,2,2,2,2,2,2,0,0,0,0,0,0,0,0,5,2,2022,70+,5,0,0
43,1,1,2,2,2,1,2,1,0,0,0,0,20,3,0,2,2022,31-45,2,1,1
57,1,1,2,2,2,2,2,1,0,0,0,0,20,3,0,2,2022,56-70,4,1,0
53,1,1,1,2,2,2,2,1,2,1,0,0,40,4,0,1,2022,46-55,3,1,0
71,2,2,1,2,2,2,0,0,2,1,0,0,20,3,0,1,2022,70+,5,1,0
40,1,1,2,2,2,1,2,1,0,0,0,0,30,4,0,2,2022,31-45,2,1,1
69,1,1,1,2,2,2,2,1,2,1,0,0,50,3,0,3,2022,56-70,4,1,0
36,2,2,2,2,2,1,0,0,0,0,0,0,60,3,0,1,2022,31-45,2,0,1
50,2,1,2,2,2,2,2,1,0,0,0,0,30,4,0,1,2022,46-55,3,1,0
76,2,2,2,2,2,2,0,0,0,0,0,0,0,0,5,2,2022,70+,5,0,0
21,1,1,2,2,2,1,2,1,0,0,0,0,60,3,0,1,2022,18-30,1,1,1
73,2,2,2,2,2,2,0,0,0,0,0,0,0,0,5,2,2022,70+,5,0,0
21,1,1,2,2,2,1,2,1,0,0,0,0,20,3,0,1,2022,18-30,1,1,1
56,2,2,2,2,2,2,0,0,0,0,0,0,0,0,5,2,2022,56-70,4,0,0
53,1,2,1,2,2,2,0,0,2,1,0,0,15,3,0,2,2022,46-55,3,1,0
30,2,2,2,2,2,2,0,0,0,0,0,0,0,0,1,2,2022,18-30,1,0,0
22,1,1,2,2,2,1,2,1,0,0,0,0,45,4,0,2,2022,18-30,1,1,1
33,2,2,2,2,2,2,0,0,0,0,0,0,0,0,3,2,2022,31-45,2,0,0
25,1,1,2,2,2,1,1,2,0,0,0,0,35,4,0,1,2022,18-30,1,1,1
74,1,1,2,2,2,2,2,1,0,0,0,0,35,3,0,2,2022,70+,5,1,0
25,1,1,2,2,2,2,2,1,0,0,0,0,40,4,0,1,2022,18-30,1,1,0
31,2,2,2,2,2,1,0,0,0,0,0,0,30,3,0,2,2022,31-45,2,0,1
26,1,2,1,2,2,1,0,0,2,1,0,0,40,3,0,1,2022,18-30,1,1,1
30,1,2,1,1,2,1,0,0,2,1,2,1,10,3,0,2,2022,18-30,1,1,1
38,1,1,1,1,2,1,2,1,1,2,1,2,40,3,0,1,2022,31-45,2,1,1
41,1,2,2,2,2,1,0,0,0,0,0,0,20,3,0,2,2022,31-45,2,0,1
36,1,2,1,2,2,2,0,0,2,1,0,0,20,3,0,2,2022,31-45,2,1,0
53,1,1,1,1,2,2,2,1,2,1,2,1,45,3,0,1,2022,46-55,3,1,0
52,1,2,1,2,2,2,0,0,2,1,0,0,20,3,0,2,2022,46-55,3,1,0
46,1,1,1,2,2,1,1,2,2,1,0,0,35,4,0,2,2022,46-55,3,1,1
36,1,1,1,2,2,2,2,1,2,1,0,0,40,3,0,1,2022,31-45,2,1,0
29,1,1,1,2,2,2,2,1,2,1,0,0,40,4,0,1,2022,18-30,1,1,0
71,1,2,2,1,2,2,0,0,0,0,2,1,20,3,0,1,2022,70+,5,1,0
45,1,1,2,2,2,2,2,1,0,0,0,0,40,4,0,1,2022,31-45,2,1,0
27,1,1,2,2,2,1,2,1,0,0,0,0,45,3,0,1,2022,18-30,1,1,1
44,2,2,2,2,2,2,0,0,0,0,0,0,0,0,3,2,2022,31-45,2,0,0
18,1,2,1,1,2,2,0,0,2,1,2,1,60,3,0,2,2022,18-30,1,1,0
35,1,1,2,2,2,2,2,1,0,0,0,0,60,2,0,1,2022,31-45,2,1,0
31,1,2,1,2,2,2,0,0,2,1,0,0,30,2,0,1,2022,31-45,2,1,0
43,2,2,2,2,2,2,0,0,0,0,0,0,0,0,3,1,2022,31-45,2,0,0
24,2,2,2,2,2,1,0,0,0,0,0,0,5,3,0,1,2022,18-30,1,0,1
51,1,1,1,1,2,1,2,1,2,1,2,1,30,3,0,1,2022,46-55,3,1,1
62,1,1,2,2,2,2,2,1,0,0,0,0,30,2,0,2,2022,56-70,4,1,0
54,1,2,2,1,2,1,0,0,0,0,2,1,15,4,0,1,2022,46-55,3,1,1
79,1,1,1,1,2,2,2,1,2,1,2,1,60,4,0,2,2022,70+,5,1,0
40,1,1,2,1,2,1,1,2,0,0,1,2,60,4,0,1,2022,31-45,2,1,1
38,2,2,2,2,2,1,0,0,0,0,0,0,20,4,0,1,2022,31-45,2,0,1
35,1,1,1,1,1,1,2,1,1,2,2,1,240,4,0,1,2022,31-45,2,1,1
66,1,1,2,2,2,1,1,2,0,0,0,0,90,3,0,2,2022,56-70,4,1,1
55,1,1,2,1,2,2,2,1,0,0,2,1,30,2,0,2,2022,46-55,3,1,0
69,1,2,1,1,2,1,0,0,2,1,2,1,60,3,0,2,2022,56-70,4,1,1
46,2,2,2,2,2,2,0,0,0,0,0,0,0,0,1,2,2022,46-55,3,0,0
70,1,1,1,2,2,2,2,1,2,1,0,0,60,4,0,1,2022,56-70,4,1,0
40,1,2,1,2,2,1,0,0,2,1,0,0,30,2,0,1,2022,31-45,2,1,1
64,1,2,1,2,2,1,0,0,2,1,0,0,30,2,0,1,2022,56-70,4,1,1
53,1,1,1,1,2,2,2,1,2,1,2,1,60,4,0,1,2022,46-55,3,1,0
40,1,1,2,2,2,1,2,1,0,0,0,0,80,3,0,1,2022,31-45,2,1,1
36,1,1,2,2,2,1,1,2,0,0,0,0,20,4,0,1,2022,31-45,2,1,1
88,0,0,0,0,0,0,0,0,0,0,0,0,0,0,0,0,2022,70+,5,0,0
23,1,1,1,2,1,1,1,2,1,2,0,0,50,4,0,1,2022,18-30,1,1,1
78,1,2,2,2,2,2,0,0,0,0,0,0,0,0,3,2,2022,70+,5,0,0
54,1,2,1,1,2,1,0,0,1,2,1,2,30,4,0,1,2022,46-55,3,1,1
40,2,2,2,1,2,2,0,0,0,0,1,2,15,1,0,1,2022,31-45,2,1,0
30,1,1,1,2,2,2,2,1,1,1,0,0,40,2,0,1,2022,18-30,1,1,0
32,2,2,2,1,2,2,0,0,0,0,2,1,15,3,0,2,2022,31-45,2,1,0
56,2,2,2,2,2,1,0,0,0,0,0,0,20,3,0,2,2022,56-70,4,0,1
22,1,2,2,1,2,1,0,0,0,0,1,2,60,3,0,1,2022,18-30,1,1,1
82,1,1,2,1,2,2,2,1,0,0,2,1,15,4,0,1,2022,70+,5,1,0
54,1,1,1,1,2,1,1,1,1,2,2,1,30,3,0,1,2022,46-55,3,1,1
81,1,1,1,2,2,2,2,1,2,1,0,0,120,4,0,1,2022,70+,5,1,0
25,2,2,2,2,2,2,0,0,0,0,0,0,0,0,3,1,2022,18-30,1,0,0
40,2,2,2,2,2,2,0,0,0,0,0,0,0,0,3,2,2022,31-45,2,0,0
20,1,2,2,1,2,1,0,0,0,0,2,1,60,4,0,1,2022,18-30,1,1,1
22,1,2,2,2,2,2,0,0,0,0,0,0,0,0,2,2,2022,18-30,1,0,0
23,1,2,1,1,2,2,0,0,1,2,1,2,15,4,0,1,2022,18-30,1,1,0
55,2,2,2,1,2,1,0,0,0,0,2,1,30,3,0,2,2022,46-55,3,1,1
25,2,2,2,2,1,1,0,0,0,0,0,0,60,4,0,1,2022,18-30,1,1,1
60,1,2,2,2,2,2,0,0,0,0,0,0,0,0,3,2,2022,56-70,4,0,0
30,2,2,2,2,2,1,0,0,0,0,0,0,10,3,0,1,2022,18-30,1,0,1
42,1,1,1,1,1,1,1,2,1,2,2,1,90,3,0,1,2022,31-45,2,1,1
69,1,1,1,2,2,2,2,1,2,1,0,0,30,3,0,2,2022,56-70,4,1,0
21,1,1,2,2,2,1,2,1,0,0,0,0,30,4,0,1,2022,18-30,1,1,1
31,1,1,2,1,2,1,1,2,0,0,2,1,20,2,0,1,2022,31-45,2,1,1
36,2,2,2,2,2,2,0,0,0,0,0,0,0,0,2,1,2022,31-45,2,0,0
48,1,1,2,1,1,2,2,1,0,0,1,2,20,3,0,2,2022,46-55,3,1,0
25,1,2,2,2,2,1,0,0,0,0,0,0,10,2,0,1,2022,18-30,1,0,1
43,1,1,2,1,2,2,2,1,0,0,2,1,10,3,0,1,2022,31-45,2,1,0
45,2,2,2,2,2,2,0,0,0,0,0,0,0,0,3,1,2022,31-45,2,0,0
28,1,2,1,2,2,1,0,0,2,1,0,0,10,4,0,1,2022,18-30,1,1,1
43,1,2,2,2,2,1,0,0,0,0,0,0,10,4,0,1,2022,31-45,2,0,1
37,1,2,1,1,2,1,0,0,1,2,2,1,10,3,0,1,2022,31-45,2,1,1
47,1,1,2,2,2,1,2,1,0,0,0,0,60,4,0,1,2022,46-55,3,1,1
23,1,1,2,1,2,1,2,1,0,0,2,1,20,3,0,1,2022,18-30,1,1,1
47,1,1,1,2,2,2,2,1,2,1,0,0,30,3,0,1,2022,46-55,3,1,0
61,1,1,1,1,2,1,2,1,2,1,2,1,30,3,0,2,2022,56-70,4,1,1
64,1,2,2,2,2,1,0,0,0,0,0,0,30,3,0,2,2022,56-70,4,0,1
24,1,2,2,2,2,1,0,0,0,0,0,0,20,3,0,1,2022,18-30,1,0,1
50,1,1,2,2,2,2,2,1,0,0,0,0,30,4,0,1,2022,46-55,3,1,0
48,1,1,2,2,2,2,2,1,0,0,0,0,30,4,0,1,2022,46-55,3,1,0
37,1,1,2,2,2,1,1,2,0,0,0,0,20,4,0,2,2022,31-45,2,1,1
62,2,2,2,2,2,2,0,0,0,0,0,0,0,0,3,2,2022,56-70,4,0,0
70,1,1,2,2,2,2,2,1,0,0,0,0,60,4,0,1,2022,56-70,4,1,0
40,2,2,2,1,2,1,0,0,0,0,1,2,10,4,0,1,2022,31-45,2,1,1
21,1,1,1,1,1,1,2,1,2,1,2,1,60,3,0,1,2022,18-30,1,1,1
59,1,2,1,1,2,1,0,0,2,1,2,1,20,2,0,2,2022,56-70,4,1,1
38,1,2,2,1,2,2,0,0,0,0,2,1,10,4,0,2,2022,31-45,2,1,0
73,1,1,2,2,2,2,2,1,0,0,0,0,15,1,0,2,2022,70+,5,1,0
35,1,1,2,2,2,1,2,1,0,0,0,0,40,3,0,1,2022,31-45,2,1,1
38,2,2,2,2,2,2,0,0,0,0,0,0,0,0,3,1,2022,31-45,2,0,0
46,1,1,2,2,2,1,2,1,0,0,0,0,60,3,0,2,2022,46-55,3,1,1
49,1,1,1,2,1,1,2,1,2,1,0,0,60,3,0,1,2022,46-55,3,1,1
66,1,2,2,2,2,1,0,0,0,0,0,0,45,3,0,1,2022,56-70,4,0,1
29,1,1,2,1,2,1,1,2,0,0,2,1,30,2,0,1,2022,18-30,1,1,1
21,1,1,2,1,2,1,1,2,0,0,2,1,30,3,0,1,2022,18-30,1,1,1
55,1,2,2,2,2,1,0,0,0,0,0,0,60,3,0,1,2022,46-55,3,0,1
46,1,2,2,1,2,2,0,0,0,0,2,1,10,4,0,1,2022,46-55,3,1,0
64,0,0,0,0,0,0,0,0,0,0,0,0,0,0,0,0,2022,56-70,4,0,0
67,1,2,1,2,2,2,0,0,2,1,0,0,30,3,0,1,2022,56-70,4,1,0
66,2,2,2,2,2,2,0,0,0,0,0,0,0,0,5,2,2022,56-70,4,0,0
30,2,2,2,2,2,2,0,0,0,0,0,0,0,0,1,2,2022,18-30,1,0,0
35,1,1,2,1,2,2,2,1,0,0,2,1,25,3,0,1,2022,31-45,2,1,0
25,1,1,1,2,2,1,1,1,1,2,0,0,45,4,0,1,2022,18-30,1,1,1
26,1,1,2,2,2,2,2,1,0,0,0,0,60,4,0,1,2022,18-30,1,1,0
52,2,2,2,2,2,2,0,0,0,0,0,0,0,0,2,2,2022,46-55,3,0,0
36,1,1,2,2,2,1,2,1,0,0,0,0,30,4,0,1,2022,31-45,2,1,1
40,1,1,1,2,2,2,2,1,2,1,0,0,45,2,0,2,2022,31-45,2,1,0
53,2,2,2,2,2,2,0,0,0,0,0,0,0,0,3,2,2022,46-55,3,0,0
74,1,1,2,2,2,2,2,1,0,0,0,0,60,4,0,1,2022,70+,5,1,0
59,2,2,2,2,2,2,0,0,0,0,0,0,0,0,2,3,2022,56-70,4,0,0
57,2,2,2,2,2,2,0,0,0,0,0,0,0,0,2,2,2022,56-70,4,0,0
21,2,2,2,2,2,2,0,0,0,0,0,0,0,0,1,2,2022,18-30,1,0,0
56,2,2,2,2,2,2,0,0,0,0,0,0,0,0,1,1,2022,56-70,4,0,0
63,2,2,2,2,2,2,0,0,0,0,0,0,0,0,5,1,2022,56-70,4,0,0
19,2,2,2,2,2,2,0,0,0,0,0,0,0,0,1,1,2022,18-30,1,0,0
19,2,2,2,2,2,2,0,0,0,0,0,0,0,0,1,1,2022,18-30,1,0,0
75,2,2,2,2,2,2,0,0,0,0,0,0,0,0,2,2,2022,70+,5,0,0
44,1,2,2,1,2,2,0,0,0,0,2,1,30,3,0,1,2022,31-45,2,1,0
64,1,2,2,1,2,2,0,0,0,0,2,1,40,2,0,2,2022,56-70,4,1,0
48,2,2,2,2,2,2,0,0,0,0,0,0,0,0,2,2,2022,46-55,3,0,0
26,2,2,2,2,2,2,0,0,0,0,0,0,0,0,2,3,2022,18-30,1,0,0
65,1,1,2,2,2,2,2,1,0,0,0,0,120,4,0,1,2022,56-70,4,1,0
35,2,2,2,2,2,2,0,0,0,0,0,0,0,0,1,2,2022,31-45,2,0,0
67,2,2,2,1,2,2,0,0,0,0,2,1,60,3,0,1,2022,56-70,4,1,0
71,2,2,2,2,2,2,0,0,0,0,0,0,0,0,1,2,2022,70+,5,0,0
61,1,1,2,2,2,2,2,1,0,0,0,0,45,4,0,1,2022,56-70,4,1,0
54,2,2,2,2,2,2,0,0,0,0,0,0,0,0,5,2,2022,46-55,3,0,0
52,2,2,2,2,2,2,0,0,0,0,0,0,0,0,2,2,2022,46-55,3,0,0
59,2,2,2,2,2,2,0,0,0,0,0,0,0,0,1,2,2022,56-70,4,0,0
51,1,1,2,2,2,1,1,2,0,0,0,0,120,4,0,1,2022,46-55,3,1,1
68,1,1,1,2,2,2,2,1,2,1,0,0,30,3,0,1,2022,56-70,4,1,0
36,1,2,1,2,2,2,0,0,2,1,0,0,30,4,0,1,2022,31-45,2,1,0
50,1,2,2,2,2,2,0,0,0,0,0,0,0,0,2,2,2022,46-55,3,0,0
37,2,2,2,2,2,2,0,0,0,0,0,0,0,0,2,2,2022,31-45,2,0,0
34,1,1,1,2,2,1,2,1,2,1,0,0,30,3,0,1,2022,31-45,2,1,1
86,1,1,2,2,2,2,2,1,0,0,0,0,30,2,0,2,2022,70+,5,1,0
50,2,2,2,2,2,2,0,0,0,0,0,0,0,0,2,2,2022,46-55,3,0,0
62,2,2,2,2,2,2,0,0,0,0,0,0,0,0,5,1,2022,56-70,4,0,0
39,1,1,1,2,1,2,1,1,2,1,0,0,20,2,0,1,2022,31-45,2,1,0
44,2,2,2,2,2,1,0,0,0,0,0,0,30,2,0,2,2022,31-45,2,0,1
23,1,1,2,2,2,1,1,1,0,0,0,0,60,3,0,1,2022,18-30,1,1,1
58,1,1,2,2,2,2,2,1,0,0,0,0,30,4,0,2,2022,56-70,4,1,0
79,2,2,2,2,2,2,0,0,0,0,0,0,0,0,1,2,2022,70+,5,0,0
80,1,1,2,2,2,2,2,1,0,0,0,0,120,3,0,2,2022,70+,5,1,0
25,1,1,2,2,2,1,2,1,0,0,0,0,10,4,0,1,2022,18-30,1,1,1
41,2,2,2,2,2,2,0,0,0,0,0,0,0,0,3,1,2022,31-45,2,0,0
56,1,2,2,1,2,2,0,0,0,0,1,2,15,3,0,1,2022,56-70,4,1,0
70,1,1,2,1,2,2,2,1,0,0,2,1,20,3,0,1,2022,56-70,4,1,0
44,2,2,2,1,2,2,0,0,0,0,2,1,30,2,0,1,2022,31-45,2,1,0
62,1,1,2,2,2,1,2,1,0,0,0,0,15,3,0,2,2022,56-70,4,1,1
53,2,2,2,1,2,2,0,0,0,0,2,1,5,3,0,1,2022,46-55,3,1,0
36,2,2,1,2,2,2,0,0,2,1,0,0,10,2,0,2,2022,31-45,2,1,0
57,1,1,1,2,2,1,1,2,1,2,0,0,15,3,0,2,2022,56-70,4,1,1
61,2,2,2,2,2,1,0,0,0,0,0,0,45,2,0,2,2022,56-70,4,0,1
34,1,2,1,2,2,2,0,0,1,2,0,0,15,3,0,1,2022,31-45,2,1,0
42,2,2,2,2,2,2,0,0,0,0,0,0,0,0,3,1,2022,31-45,2,0,0
31,2,2,2,2,2,2,0,0,0,0,0,0,0,0,3,1,2022,31-45,2,0,0
59,2,2,2,2,2,2,0,0,0,0,0,0,0,0,1,2,2022,56-70,4,0,0
76,1,1,2,2,2,2,2,1,0,0,0,0,120,4,0,2,2022,70+,5,1,0
50,1,1,1,2,2,1,1,1,2,1,0,0,60,3,0,2,2022,46-55,3,1,1
56,1,1,1,2,1,1,1,2,1,1,0,0,120,3,0,1,2022,56-70,4,1,1
25,1,1,1,2,1,1,2,1,1,2,0,0,10,3,0,1,2022,18-30,1,1,1
64,0,0,0,0,0,0,0,0,0,0,0,0,0,0,0,0,2022,56-70,4,0,0
29,1,1,2,2,2,1,2,1,0,0,0,0,60,3,0,1,2022,18-30,1,1,1
21,2,1,2,2,2,1,2,1,0,0,0,0,30,2,0,1,2022,18-30,1,1,1
63,2,2,1,2,2,2,0,0,2,1,0,0,30,2,0,2,2022,56-70,4,1,0
34,2,2,2,2,2,2,0,0,0,0,0,0,0,0,3,2,2022,31-45,2,0,0
28,1,2,1,2,2,2,0,0,1,2,0,0,10,2,0,1,2022,18-30,1,1,0
32,2,2,2,2,2,2,0,0,0,0,0,0,0,0,1,2,2022,31-45,2,0,0
83,1,1,2,2,2,2,2,1,0,0,0,0,15,1,0,2,2022,70+,5,1,0
32,2,2,1,1,2,2,0,0,2,1,2,1,15,4,0,2,2022,31-45,2,1,0
38,1,1,2,2,2,2,2,1,0,0,0,0,15,1,0,2,2022,31-45,2,1,0
46,1,2,2,2,2,1,0,0,0,0,0,0,20,3,0,2,2022,46-55,3,0,1
50,1,1,1,2,2,1,2,1,2,1,0,0,10,3,0,1,2022,46-55,3,1,1
47,1,1,2,2,2,1,1,1,0,0,0,0,60,3,0,1,2022,46-55,3,1,1
65,2,2,2,2,2,2,0,0,0,0,0,0,0,0,3,1,2022,56-70,4,0,0
60,1,1,2,2,2,1,1,2,0,0,0,0,20,4,0,1,2022,56-70,4,1,1
34,1,2,1,2,2,2,0,0,2,1,0,0,120,3,0,1,2022,31-45,2,1,0
24,1,1,1,2,1,1,1,1,1,2,0,0,45,3,0,1,2022,18-30,1,1,1
42,2,2,2,2,2,2,0,0,0,0,0,0,0,0,1,1,2022,31-45,2,0,0
24,1,1,1,1,2,1,1,1,2,1,1,2,60,3,0,1,2022,18-30,1,1,1
32,2,2,2,2,2,1,0,0,0,0,0,0,5,3,0,1,2022,31-45,2,0,1
36,2,2,2,2,2,2,0,0,0,0,0,0,0,0,3,1,2022,31-45,2,0,0
30,1,1,2,1,1,1,1,1,0,0,1,2,45,3,0,1,2022,18-30,1,1,1
33,1,1,2,2,2,1,2,1,0,0,0,0,45,3,0,1,2022,31-45,2,1,1
74,1,2,2,1,2,2,0,0,0,0,2,1,30,3,0,2,2022,70+,5,1,0
78,2,2,2,2,2,2,0,0,0,0,0,0,0,0,5,2,2022,70+,5,0,0
36,2,2,2,2,2,2,0,0,0,0,0,0,0,0,3,1,2022,31-45,2,0,0
51,2,2,2,2,2,2,0,0,0,0,0,0,0,0,1,1,2022,46-55,3,0,0
28,2,2,2,2,2,2,0,0,0,0,0,0,0,0,1,1,2022,18-30,1,0,0
62,2,2,2,2,2,2,0,0,0,0,0,0,0,0,3,1,2022,56-70,4,0,0
60,1,1,2,2,2,2,2,1,0,0,0,0,30,1,0,2,2022,56-70,4,1,0
31,1,2,2,2,2,1,0,0,0,0,0,0,30,1,0,1,2022,31-45,2,0,1
41,1,1,2,2,2,2,2,1,0,0,0,0,60,3,0,1,2022,31-45,2,1,0
34,1,2,1,1,2,2,0,0,2,1,2,1,15,2,0,1,2022,31-45,2,1,0
25,2,2,2,2,2,2,0,0,0,0,0,0,0,0,3,2,2022,18-30,1,0,0
41,1,1,2,2,2,2,1,2,0,0,0,0,30,3,0,2,2022,31-45,2,1,0
76,1,2,2,2,2,1,0,0,0,0,0,0,120,2,0,2,2022,70+,5,0,1
67,1,2,2,1,2,2,0,0,0,0,2,1,30,2,0,2,2022,56-70,4,1,0
65,2,2,2,2,2,2,0,0,0,0,0,0,0,0,5,2,2022,56-70,4,0,0
45,2,2,2,2,2,2,0,0,0,0,0,0,0,0,3,1,2022,31-45,2,0,0
83,2,2,2,2,2,2,0,0,0,0,0,0,0,0,5,2,2022,70+,5,0,0
67,2,2,2,2,2,2,0,0,0,0,0,0,0,0,1,2,2022,56-70,4,0,0
30,1,2,1,2,2,2,0,0,2,1,0,0,30,4,0,1,2022,18-30,1,1,0
31,1,1,2,2,2,1,1,2,0,0,0,0,120,3,0,1,2022,31-45,2,1,1
58,1,1,2,2,2,2,2,1,0,0,0,0,60,4,0,1,2022,56-70,4,1,0
52,2,2,2,2,2,2,0,0,0,0,0,0,0,0,3,1,2022,46-55,3,0,0
70,2,2,2,2,2,2,0,0,0,0,0,0,0,0,5,2,2022,56-70,4,0,0
23,2,2,2,2,2,2,0,0,0,0,0,0,0,0,3,1,2022,18-30,1,0,0
52,2,2,2,2,2,2,0,0,0,0,0,0,0,0,3,2,2022,46-55,3,0,0
72,2,2,2,2,2,2,0,0,0,0,0,0,0,0,1,2,2022,70+,5,0,0
43,2,2,2,2,2,2,0,0,0,0,0,0,0,0,3,2,2022,31-45,2,0,0
49,2,2,2,2,2,2,0,0,0,0,0,0,0,0,3,1,2022,46-55,3,0,0
64,1,1,2,2,2,2,2,1,0,0,0,0,20,2,0,1,2022,56-70,4,1,0
67,2,2,2,2,2,2,0,0,0,0,0,0,0,0,2,2,2022,56-70,4,0,0
60,0,0,0,0,0,0,0,0,0,0,0,0,0,0,0,0,2022,56-70,4,0,0
55,2,2,2,2,2,2,0,0,0,0,0,0,0,0,3,1,2022,46-55,3,0,0
59,1,1,2,2,2,2,2,1,0,0,0,0,60,4,0,1,2022,56-70,4,1,0
44,1,2,1,1,2,2,0,0,1,2,1,2,60,4,0,1,2022,31-45,2,1,0
29,1,1,2,2,2,2,1,2,0,0,0,0,30,3,0,1,2022,18-30,1,1,0
40,2,2,2,2,2,2,0,0,0,0,0,0,0,0,2,1,2022,31-45,2,0,0
19,2,2,2,2,2,2,0,0,0,0,0,0,0,0,1,2,2022,18-30,1,0,0
65,1,1,2,1,2,2,2,1,0,0,2,1,30,2,0,2,2022,56-70,4,1,0
52,1,2,1,1,2,2,0,0,2,1,2,1,30,4,0,3,2022,46-55,3,1,0
42,1,1,1,2,2,1,2,1,2,1,0,0,60,4,0,1,2022,31-45,2,1,1
55,1,2,2,1,2,2,0,0,0,0,2,1,15,4,0,2,2022,46-55,3,1,0
72,1,2,2,1,2,2,0,0,0,0,2,1,25,3,0,2,2022,70+,5,1,0
50,2,2,2,2,1,1,0,0,0,0,0,0,10,3,0,1,2022,46-55,3,1,1
41,1,2,2,1,2,2,0,0,0,0,2,1,35,3,0,3,2022,31-45,2,1,0
27,1,1,2,1,2,2,2,1,0,0,1,2,15,4,0,1,2022,18-30,1,1,0
31,1,2,1,1,2,1,0,0,2,1,2,1,40,4,0,1,2022,31-45,2,1,1
33,1,2,2,1,2,2,0,0,0,0,2,1,20,3,0,2,2022,31-45,2,1,0
64,1,1,1,1,2,1,2,1,2,1,2,1,60,4,0,1,2022,56-70,4,1,1
56,1,1,2,1,2,1,1,2,0,0,2,1,90,4,0,1,2022,56-70,4,1,1
31,1,1,1,2,2,1,1,2,2,1,0,0,90,4,0,1,2022,31-45,2,1,1
33,1,2,1,1,2,1,0,0,2,1,2,1,60,4,0,1,2022,31-45,2,1,1
20,1,1,1,2,2,2,2,1,2,1,0,0,40,3,0,1,2022,18-30,1,1,0
51,1,2,2,1,2,2,0,0,0,0,2,1,10,3,0,2,2022,46-55,3,1,0
47,1,2,2,1,2,2,0,0,0,0,2,1,20,3,0,2,2022,46-55,3,1,0
41,1,1,2,1,2,2,2,1,0,0,2,1,30,3,0,1,2022,31-45,2,1,0
27,2,1,2,1,2,2,2,1,0,0,2,1,30,3,0,2,2022,18-30,1,1,0
33,1,1,2,2,2,2,2,1,0,0,0,0,30,3,0,2,2022,31-45,2,1,0
39,2,2,2,2,2,2,0,0,0,0,0,0,0,0,3,2,2022,31-45,2,0,0
30,2,2,2,2,2,2,0,0,0,0,0,0,0,0,3,2,2022,18-30,1,0,0
60,2,2,2,2,2,2,0,0,0,0,0,0,0,0,1,2,2022,56-70,4,0,0
48,1,1,2,1,2,2,2,1,0,0,2,1,50,3,0,1,2022,46-55,3,1,0
30,2,2,2,2,2,2,0,0,0,0,0,0,0,0,3,2,2022,18-30,1,0,0
36,1,2,2,2,2,1,0,0,0,0,0,0,15,4,0,3,2022,31-45,2,0,1
36,1,1,2,1,2,2,2,1,0,0,1,2,90,4,0,1,2022,31-45,2,1,0
40,1,2,2,1,2,1,0,0,0,0,2,1,20,4,0,1,2022,31-45,2,1,1
31,2,2,2,2,2,1,0,0,0,0,0,0,30,3,0,2,2022,31-45,2,0,1
51,2,2,2,2,2,2,0,0,0,0,0,0,0,0,3,1,2022,46-55,3,0,0
41,2,2,1,2,2,2,0,0,2,1,0,0,25,3,0,1,2022,31-45,2,1,0
69,2,2,2,2,2,2,0,0,0,0,0,0,0,0,1,1,2022,56-70,4,0,0
51,2,2,2,2,2,2,0,0,0,0,0,0,0,0,3,1,2022,46-55,3,0,0
73,1,1,1,2,2,1,2,1,2,1,0,0,40,4,0,1,2022,70+,5,1,1
44,1,2,2,2,2,1,0,0,0,0,0,0,10,2,0,1,2022,31-45,2,0,1
46,1,2,2,2,2,1,0,0,0,0,0,0,15,3,0,1,2022,46-55,3,0,1
19,2,2,1,2,2,1,0,0,1,2,0,0,30,3,0,1,2022,18-30,1,1,1
56,2,2,2,2,2,2,0,0,0,0,0,0,0,0,2,1,2022,56-70,4,0,0
56,1,1,2,2,2,2,2,1,0,0,0,0,35,3,0,1,2022,56-70,4,1,0
42,1,1,2,1,2,1,2,1,0,0,2,1,35,3,0,1,2022,31-45,2,1,1
68,2,2,2,2,2,2,0,0,0,0,0,0,0,0,5,1,2022,56-70,4,0,0
71,2,2,2,2,2,2,0,0,0,0,0,0,0,0,1,2,2022,70+,5,0,0
24,1,2,1,2,2,1,0,0,2,1,0,0,20,3,0,1,2022,18-30,1,1,1
36,2,2,2,2,2,2,0,0,0,0,0,0,0,0,3,2,2022,31-45,2,0,0
72,1,2,1,2,2,2,0,0,2,1,0,0,25,2,0,1,2022,70+,5,1,0
55,1,2,2,2,2,1,0,0,0,0,0,0,90,4,0,1,2022,46-55,3,0,1
73,2,2,2,2,2,2,0,0,0,0,0,0,0,0,3,3,2022,70+,5,0,0
31,1,1,2,2,2,2,2,1,0,0,0,0,60,3,0,2,2022,31-45,2,1,0
29,2,2,2,2,2,2,0,0,0,0,0,0,0,0,3,2,2022,18-30,1,0,0
27,1,1,1,2,2,1,2,1,2,1,0,0,30,3,0,1,2022,18-30,1,1,1
31,1,2,1,1,2,1,0,0,2,1,2,1,40,3,0,2,2022,31-45,2,1,1
36,2,2,2,2,2,1,0,0,0,0,0,0,20,2,0,2,2022,31-45,2,0,1
75,2,2,2,2,2,2,0,0,0,0,0,0,0,0,5,2,2022,70+,5,0,0
34,1,2,1,1,2,1,0,0,2,1,2,1,20,4,0,1,2022,31-45,2,1,1
48,1,1,2,1,2,2,2,1,0,0,2,1,20,3,0,1,2022,46-55,3,1,0
76,2,2,2,2,2,2,0,0,0,0,0,0,0,0,2,2,2022,70+,5,0,0
85,2,2,2,2,2,2,0,0,0,0,0,0,0,0,5,2,2022,70+,5,0,0
68,2,2,2,2,2,2,0,0,0,0,0,0,0,0,5,2,2022,56-70,4,0,0
45,2,2,2,2,2,2,0,0,0,0,0,0,0,0,3,1,2022,31-45,2,0,0
69,2,2,2,2,2,2,0,0,0,0,0,0,0,0,5,2,2022,56-70,4,0,0
27,1,1,2,2,2,1,2,1,0,0,0,0,60,3,0,1,2022,18-30,1,1,1
32,1,2,1,1,2,1,0,0,2,1,1,2,30,2,0,1,2022,31-45,2,1,1
31,1,1,1,2,2,1,2,1,2,1,0,0,30,3,0,1,2022,31-45,2,1,1
26,1,1,2,2,2,1,2,1,0,0,0,0,60,4,0,1,2022,18-30,1,1,1
62,1,1,2,1,2,1,1,1,0,0,1,1,30,3,0,1,2022,56-70,4,1,1
30,2,2,2,2,2,2,0,0,0,0,0,0,0,0,1,2,2022,18-30,1,0,0
44,2,2,2,2,2,2,0,0,0,0,0,0,0,0,3,2,2022,31-45,2,0,0
76,2,2,2,2,2,2,0,0,0,0,0,0,0,0,5,1,2022,70+,5,0,0
30,1,1,1,2,2,2,2,1,2,1,0,0,30,3,0,1,2022,18-30,1,1,0
44,2,2,2,2,2,2,0,0,0,0,0,0,0,0,1,1,2022,31-45,2,0,0
54,2,2,2,1,2,2,0,0,0,0,2,1,20,3,0,1,2022,46-55,3,1,0
39,1,1,1,2,2,2,2,1,2,1,0,0,30,3,0,1,2022,31-45,2,1,0
18,1,1,2,2,2,2,2,1,0,0,0,0,40,3,0,1,2022,18-30,1,1,0
35,2,2,2,1,2,2,0,0,0,0,2,1,25,3,0,1,2022,31-45,2,1,0
30,1,2,2,2,2,1,0,0,0,0,0,0,20,4,0,1,2022,18-30,1,0,1
43,1,2,1,1,2,2,0,0,1,2,2,1,25,4,0,1,2022,31-45,2,1,0
58,2,2,2,2,2,2,0,0,0,0,0,0,0,0,3,2,2022,56-70,4,0,0
33,1,1,2,1,2,2,1,2,0,0,2,1,40,4,0,1,2022,31-45,2,1,0
56,1,2,1,2,2,1,0,0,2,1,0,0,30,3,0,1,2022,56-70,4,1,1
64,2,2,2,2,2,2,0,0,0,0,0,0,0,0,2,2,2022,56-70,4,0,0
34,2,2,2,2,2,1,0,0,0,0,0,0,30,2,0,1,2022,31-45,2,0,1
29,1,1,1,2,2,1,2,1,2,1,0,0,30,3,0,1,2022,18-30,1,1,1
72,1,1,2,1,2,1,2,1,0,0,2,1,30,3,0,1,2022,70+,5,1,1
37,1,1,2,2,2,1,2,1,0,0,0,0,30,3,0,1,2022,31-45,2,1,1
71,1,2,2,1,2,2,0,0,0,0,2,1,20,3,0,3,2022,70+,5,1,0
53,2,2,2,2,2,1,0,0,0,0,0,0,20,3,0,2,2022,46-55,3,0,1
61,2,2,2,2,2,2,0,0,0,0,0,0,0,0,3,2,2022,56-70,4,0,0
23,1,1,2,2,2,1,2,1,0,0,0,0,30,3,0,1,2022,18-30,1,1,1
47,2,2,2,2,2,1,0,0,0,0,0,0,20,3,0,2,2022,46-55,3,0,1
74,2,2,2,2,2,2,0,0,0,0,0,0,0,0,3,2,2022,70+,5,0,0
39,1,2,1,2,2,1,0,0,2,1,0,0,20,3,0,1,2022,31-45,2,1,1
82,2,2,1,2,2,2,0,0,2,1,0,0,20,1,0,2,2022,70+,5,1,0
44,2,2,2,2,2,2,0,0,0,0,0,0,0,0,1,2,2022,31-45,2,0,0
55,1,2,2,1,2,2,0,0,0,0,2,1,20,3,0,1,2022,46-55,3,1,0
59,2,2,2,1,2,1,0,0,0,0,2,1,15,2,0,2,2022,56-70,4,1,1
52,1,2,2,1,2,1,0,0,0,0,2,1,10,4,0,1,2022,46-55,3,1,1
36,1,1,2,2,2,1,1,2,0,0,0,0,60,4,0,1,2022,31-45,2,1,1
32,1,1,1,2,2,1,2,1,2,1,0,0,60,3,0,1,2022,31-45,2,1,1
79,1,1,2,2,2,2,2,1,0,0,0,0,60,3,0,1,2022,70+,5,1,0
53,1,2,2,1,2,2,0,0,0,0,2,1,25,4,0,1,2022,46-55,3,1,0
35,1,2,1,2,2,2,0,0,2,1,0,0,15,3,0,2,2022,31-45,2,1,0
81,1,1,1,2,2,2,2,1,2,1,0,0,60,4,0,2,2022,70+,5,1,0
19,1,1,2,2,2,1,1,2,0,0,0,0,90,4,0,2,2022,18-30,1,1,1
41,2,2,2,2,2,2,0,0,0,0,0,0,0,0,3,3,2022,31-45,2,0,0
51,2,2,2,2,2,2,0,0,0,0,0,0,0,0,3,3,2022,46-55,3,0,0
24,2,2,2,2,2,2,0,0,0,0,0,0,0,0,1,2,2022,18-30,1,0,0
58,2,2,2,2,2,2,0,0,0,0,0,0,0,0,3,3,2022,56-70,4,0,0
50,1,2,1,1,2,1,0,0,2,1,2,1,40,3,0,1,2022,46-55,3,1,1
32,1,1,1,2,2,1,2,1,2,1,0,0,50,3,0,1,2022,31-45,2,1,1
56,1,2,1,1,2,1,0,0,2,1,2,1,30,3,0,1,2022,56-70,4,1,1
50,1,1,1,2,2,1,1,2,2,1,0,0,60,3,0,1,2022,46-55,3,1,1
34,2,2,1,1,2,2,0,0,2,1,2,1,25,3,0,1,2022,31-45,2,1,0
85,2,2,2,2,2,2,0,0,0,0,0,0,0,0,5,1,2022,70+,5,0,0
52,2,2,2,1,2,2,0,0,0,0,2,1,15,4,0,1,2022,46-55,3,1,0
33,1,2,2,1,2,2,0,0,0,0,2,1,15,3,0,2,2022,31-45,2,1,0
35,2,2,2,2,2,2,0,0,0,0,0,0,0,0,2,3,2022,31-45,2,0,0
39,2,2,2,2,2,2,0,0,0,0,0,0,0,0,3,2,2022,31-45,2,0,0
31,2,2,2,1,2,2,0,0,0,0,2,1,20,3,0,1,2022,31-45,2,1,0
57,2,2,2,2,2,2,0,0,0,0,0,0,0,0,2,1,2022,56-70,4,0,0
48,2,2,2,2,2,2,0,0,0,0,0,0,0,0,3,1,2022,46-55,3,0,0
57,2,2,2,1,2,2,0,0,0,0,2,1,15,2,0,1,2022,56-70,4,1,0
31,1,2,2,2,2,1,0,0,0,0,0,0,25,3,0,1,2022,31-45,2,0,1
23,1,2,2,2,2,1,0,0,0,0,0,0,30,4,0,1,2022,18-30,1,0,1
61,2,2,2,2,2,2,0,0,0,0,0,0,0,0,5,3,2022,56-70,4,0,0
55,1,1,2,2,2,2,2,1,0,0,0,0,15,3,0,3,2022,46-55,3,1,0
18,1,1,1,2,2,1,1,1,2,1,0,0,120,4,0,1,2022,18-30,1,1,1
67,1,2,2,1,2,2,0,0,0,0,2,1,20,3,0,2,2022,56-70,4,1,0
31,1,1,1,1,2,1,2,1,2,1,2,1,60,4,0,1,2022,31-45,2,1,1
80,1,2,1,2,2,2,0,0,2,1,0,0,25,4,0,1,2022,70+,5,1,0
65,1,2,2,1,2,2,0,0,0,0,2,1,20,3,0,2,2022,56-70,4,1,0
45,2,2,2,2,2,2,0,0,0,0,0,0,0,0,3,2,2022,31-45,2,0,0
73,2,2,2,2,2,2,0,0,0,0,0,0,0,0,1,2,2022,70+,5,0,0
57,2,2,2,2,2,2,0,0,0,0,0,0,0,0,3,1,2022,56-70,4,0,0
36,1,1,1,2,2,1,2,1,2,1,0,0,40,3,0,1,2022,31-45,2,1,1
59,2,2,2,1,2,2,0,0,0,0,2,1,20,3,0,1,2022,56-70,4,1,0
24,2,2,1,1,2,2,0,0,2,1,2,1,15,3,0,1,2022,18-30,1,1,0
46,2,2,2,2,2,1,0,0,0,0,0,0,10,3,0,2,2022,46-55,3,0,1
55,1,1,2,1,2,2,2,1,0,0,2,1,30,4,0,1,2022,46-55,3,1,0
66,1,1,1,1,2,1,1,2,2,1,1,2,120,4,0,1,2022,56-70,4,1,1
59,2,2,2,2,2,2,0,0,0,0,0,0,0,0,3,2,2022,56-70,4,0,0
77,2,1,2,2,2,2,1,2,0,0,0,0,120,3,0,2,2022,70+,5,1,0
54,1,1,2,2,2,2,2,1,0,0,0,0,60,3,0,1,2022,46-55,3,1,0
25,1,1,2,2,2,1,2,1,0,0,0,0,60,3,0,1,2022,18-30,1,1,1
53,2,2,2,2,2,2,0,0,0,0,0,0,0,0,3,2,2022,46-55,3,0,0
66,1,1,1,2,2,1,2,1,2,1,0,0,40,3,0,1,2022,56-70,4,1,1
53,1,2,1,2,2,1,0,0,2,1,0,0,30,3,0,1,2022,46-55,3,1,1
53,2,2,2,2,2,2,0,0,0,0,0,0,0,0,1,3,2022,46-55,3,0,0
26,1,1,1,2,2,1,2,1,2,1,0,0,60,3,0,2,2022,18-30,1,1,1
39,2,2,2,2,2,2,0,0,0,0,0,0,0,0,3,2,2022,31-45,2,0,0
68,2,2,2,2,2,2,0,0,0,0,0,0,0,0,4,3,2022,56-70,4,0,0
61,1,2,2,1,2,2,0,0,0,0,2,1,20,4,0,1,2022,56-70,4,1,0
21,1,2,1,2,2,1,0,0,2,1,0,0,25,3,0,1,2022,18-30,1,1,1
36,1,2,1,2,2,2,0,0,2,1,0,0,20,4,0,1,2022,31-45,2,1,0
47,1,2,2,1,2,2,0,0,0,0,2,1,20,4,0,1,2022,46-55,3,1,0
61,1,1,2,1,2,2,2,1,0,0,2,1,35,3,0,1,2022,56-70,4,1,0
39,2,2,2,1,2,2,0,0,0,0,2,1,20,3,0,1,2022,31-45,2,1,0
28,2,2,2,2,2,2,0,0,0,0,0,0,0,0,2,1,2022,18-30,1,0,0
46,2,2,1,1,2,2,0,0,2,1,2,1,30,3,0,1,2022,46-55,3,1,0
45,1,1,2,1,2,2,2,1,0,0,2,1,25,3,0,1,2022,31-45,2,1,0
69,2,2,2,2,2,2,0,0,0,0,0,0,0,0,1,1,2022,56-70,4,0,0
74,0,0,0,0,0,0,0,0,0,0,0,0,0,0,0,0,2022,70+,5,0,0
50,2,2,1,2,2,2,0,0,2,1,0,0,20,3,0,1,2022,46-55,3,1,0
49,1,1,1,2,2,2,2,1,2,1,0,0,45,4,0,1,2022,46-55,3,1,0
51,1,2,1,1,2,1,0,0,2,1,2,1,40,3,0,1,2022,46-55,3,1,1
40,1,2,2,1,2,1,0,0,0,0,2,1,30,4,0,1,2022,31-45,2,1,1
28,1,2,1,2,2,1,0,0,2,1,0,0,35,4,0,1,2022,18-30,1,1,1
43,2,2,2,2,2,2,0,0,0,0,0,0,0,0,3,2,2022,31-45,2,0,0
27,2,2,2,2,2,2,0,0,0,0,0,0,0,0,3,2,2022,18-30,1,0,0
45,2,2,2,2,2,2,0,0,0,0,0,0,0,0,3,2,2022,31-45,2,0,0
35,2,2,2,2,2,2,0,0,0,0,0,0,0,0,1,2,2022,31-45,2,0,0
36,1,2,1,2,2,2,0,0,2,1,0,0,20,3,0,2,2022,31-45,2,1,0
64,1,2,2,1,2,2,0,0,0,0,2,1,30,3,0,1,2022,56-70,4,1,0
29,1,2,1,2,2,1,0,0,2,1,0,0,35,4,0,1,2022,18-30,1,1,1
64,1,2,2,1,2,2,0,0,0,0,2,1,20,4,0,2,2022,56-70,4,1,0
40,1,1,1,1,2,1,2,1,2,1,2,1,60,3,0,1,2022,31-45,2,1,1
32,1,2,1,2,2,1,0,0,1,2,0,0,30,2,0,1,2022,31-45,2,1,1
67,2,2,2,2,2,2,0,0,0,0,0,0,0,0,3,1,2022,56-70,4,0,0
49,2,2,2,2,2,2,0,0,0,0,0,0,0,0,4,2,2022,46-55,3,0,0
53,2,2,2,2,2,2,0,0,0,0,0,0,0,0,3,2,2022,46-55,3,0,0
35,1,2,1,2,2,1,0,0,2,1,0,0,40,3,0,2,2022,31-45,2,1,1
66,1,1,1,2,2,1,2,1,2,1,0,0,30,3,0,1,2022,56-70,4,1,1
60,1,1,1,1,2,1,2,1,2,1,2,1,60,3,0,2,2022,56-70,4,1,1
48,1,2,1,2,2,1,0,0,2,1,0,0,30,3,0,1,2022,46-55,3,1,1
58,1,1,2,2,2,1,2,1,0,0,0,0,20,3,0,1,2022,56-70,4,1,1
55,1,2,1,2,2,1,0,0,2,1,0,0,25,3,0,1,2022,46-55,3,1,1
64,2,2,2,2,2,2,0,0,0,0,0,0,0,0,2,3,2022,56-70,4,0,0
52,1,1,1,2,2,1,1,1,2,1,0,0,30,3,0,1,2022,46-55,3,1,1
35,1,2,1,2,2,1,0,0,2,1,0,0,20,4,0,1,2022,31-45,2,1,1
43,1,2,2,1,2,2,0,0,0,0,2,1,25,4,0,1,2022,31-45,2,1,0
35,1,2,2,1,2,1,0,0,0,0,2,1,30,4,0,1,2022,31-45,2,1,1
36,1,1,1,1,2,2,1,2,2,1,2,1,60,4,0,1,2022,31-45,2,1,0
22,1,1,2,1,2,1,2,1,0,0,2,1,35,3,0,1,2022,18-30,1,1,1
62,2,2,2,2,2,2,0,0,0,0,0,0,0,0,1,1,2022,56-70,4,0,0
55,2,2,2,2,2,2,0,0,0,0,0,0,0,0,3,2,2022,46-55,3,0,0
56,1,2,1,1,2,2,0,0,2,1,2,1,20,3,0,2,2022,56-70,4,1,0
56,2,2,2,2,2,2,0,0,0,0,0,0,0,0,3,3,2022,56-70,4,0,0
21,2,2,2,2,2,2,0,0,0,0,0,0,0,0,1,2,2022,18-30,1,0,0
37,1,2,2,1,2,2,0,0,0,0,2,1,25,4,0,1,2022,31-45,2,1,0
28,1,2,1,2,2,1,0,0,2,1,0,0,30,4,0,1,2022,18-30,1,1,1
35,2,2,2,2,2,2,0,0,0,0,0,0,0,0,3,1,2022,31-45,2,0,0
27,1,2,1,2,2,1,0,0,2,1,0,0,25,4,0,2,2022,18-30,1,1,1
54,2,2,2,1,2,2,0,0,0,0,2,1,25,3,0,1,2022,46-55,3,1,0
58,2,2,2,1,2,2,0,0,0,0,2,1,20,3,0,1,2022,56-70,4,1,0
52,2,2,2,2,2,2,0,0,0,0,0,0,0,0,3,1,2022,46-55,3,0,0
61,2,2,2,2,2,2,0,0,0,0,0,0,0,0,1,1,2022,56-70,4,0,0
60,2,2,2,1,2,2,0,0,0,0,2,1,25,2,0,1,2022,56-70,4,1,0
52,2,2,2,1,2,2,0,0,0,0,2,1,30,3,0,1,2022,46-55,3,1,0
37,2,2,2,1,2,2,0,0,0,0,2,1,20,3,0,1,2022,31-45,2,1,0
60,1,1,2,2,2,1,2,1,0,0,0,0,50,3,0,1,2022,56-70,4,1,1
56,1,1,2,1,2,1,1,2,0,0,1,2,30,4,0,1,2022,56-70,4,1,1
32,1,1,2,2,2,2,1,2,0,0,0,0,45,4,0,1,2022,31-45,2,1,0
49,2,2,2,2,2,2,0,0,0,0,0,0,0,0,3,1,2022,46-55,3,0,0
76,2,2,2,2,2,2,0,0,0,0,0,0,0,0,5,2,2022,70+,5,0,0
47,1,2,1,2,2,1,0,0,2,1,0,0,35,3,0,1,2022,46-55,3,1,1
48,1,2,1,2,2,1,0,0,2,1,0,0,35,4,0,1,2022,46-55,3,1,1
41,1,2,1,2,2,1,0,0,2,1,0,0,45,4,0,2,2022,31-45,2,1,1
54,2,2,2,2,2,1,0,0,0,0,0,0,30,3,0,1,2022,46-55,3,0,1
41,2,2,2,2,2,1,0,0,0,0,0,0,20,2,0,2,2022,31-45,2,0,1
56,2,2,2,2,2,1,0,0,0,0,0,0,20,2,0,2,2022,56-70,4,0,1
31,2,2,2,1,2,1,0,0,0,0,2,1,40,2,0,1,2022,31-45,2,1,1
63,1,2,1,1,1,1,0,0,2,1,2,1,60,3,0,1,2022,56-70,4,1,1
20,2,2,2,2,2,1,0,0,0,0,0,0,30,3,0,1,2022,18-30,1,0,1
50,2,2,2,2,2,2,0,0,0,0,0,0,0,0,3,2,2022,46-55,3,0,0
28,2,2,2,2,2,2,0,0,0,0,0,0,0,0,3,1,2022,18-30,1,0,0
54,2,2,2,2,2,2,0,0,0,0,0,0,0,0,2,3,2022,46-55,3,0,0
41,2,2,2,2,2,2,0,0,0,0,0,0,0,0,2,3,2022,31-45,2,0,0
50,2,2,2,2,2,1,0,0,0,0,0,0,10,3,0,3,2022,46-55,3,0,1
47,1,2,1,1,2,2,0,0,2,1,2,1,30,3,0,2,2022,46-55,3,1,0
65,2,2,2,2,2,2,0,0,0,0,0,0,0,0,5,2,2022,56-70,4,0,0
18,2,2,2,2,2,2,0,0,0,0,0,0,0,0,3,2,2022,18-30,1,0,0
24,1,2,2,1,2,2,0,0,0,0,2,1,30,3,0,2,2022,18-30,1,1,0
77,1,1,2,2,2,2,2,1,0,0,0,0,20,3,0,1,2022,70+,5,1,0
57,2,2,2,2,2,1,0,0,0,0,0,0,20,4,0,2,2022,56-70,4,0,1
66,1,1,2,1,2,2,2,1,0,0,2,1,20,2,0,2,2022,56-70,4,1,0
43,1,1,2,2,2,1,2,1,0,0,0,0,40,4,0,1,2022,31-45,2,1,1
27,1,2,2,1,2,1,0,0,0,0,2,1,60,4,0,1,2022,18-30,1,1,1
50,2,2,2,1,2,2,0,0,0,0,2,1,15,2,0,2,2022,46-55,3,1,0
21,2,2,2,2,2,2,0,0,0,0,0,0,0,0,3,1,2022,18-30,1,0,0
66,2,2,2,2,2,2,0,0,0,0,0,0,0,0,3,2,2022,56-70,4,0,0
32,2,2,2,2,2,1,0,0,0,0,0,0,30,3,0,3,2022,31-45,2,0,1
38,2,2,2,2,2,2,0,0,0,0,0,0,0,0,3,1,2022,31-45,2,0,0
56,2,2,2,2,2,2,0,0,0,0,0,0,0,0,1,3,2022,56-70,4,0,0
48,1,1,1,1,2,1,1,2,1,2,1,2,60,4,0,1,2022,46-55,3,1,1
61,1,2,1,1,2,2,0,0,2,1,2,1,30,3,0,1,2022,56-70,4,1,0
32,1,1,2,2,2,2,2,1,0,0,0,0,20,4,0,1,2022,31-45,2,1,0
50,2,2,2,2,2,2,0,0,0,0,0,0,0,0,3,2,2022,46-55,3,0,0
24,2,2,2,2,2,2,0,0,0,0,0,0,0,0,2,2,2022,18-30,1,0,0
33,2,2,2,2,2,1,0,0,0,0,0,0,20,3,0,1,2022,31-45,2,0,1
22,1,2,1,1,2,2,0,0,2,1,2,1,30,2,0,1,2022,18-30,1,1,0
74,1,1,1,2,2,2,2,1,2,1,0,0,60,3,0,1,2022,70+,5,1,0
33,1,1,1,1,2,2,2,1,2,1,2,1,40,3,0,1,2022,31-45,2,1,0
20,2,2,1,2,2,2,0,0,2,1,0,0,25,2,0,2,2022,18-30,1,1,0
63,1,1,1,2,2,2,2,1,2,1,0,0,35,3,0,2,2022,56-70,4,1,0
60,1,2,2,1,2,2,0,0,0,0,2,1,20,3,0,1,2022,56-70,4,1,0
68,2,2,2,1,2,2,0,0,0,0,2,1,20,2,0,1,2022,56-70,4,1,0
72,2,2,2,2,2,2,0,0,0,0,0,0,0,0,5,2,2022,70+,5,0,0
51,1,1,2,2,2,2,2,1,0,0,0,0,40,3,0,1,2022,46-55,3,1,0
19,2,2,2,1,2,2,0,0,0,0,2,1,20,2,0,2,2022,18-30,1,1,0
21,2,2,2,2,2,2,0,0,0,0,0,0,0,0,2,2,2022,18-30,1,0,0
45,2,2,2,2,2,2,0,0,0,0,0,0,0,0,3,1,2022,31-45,2,0,0
18,1,1,2,2,2,1,2,1,0,0,0,0,40,3,0,1,2022,18-30,1,1,1
42,2,2,2,2,2,2,0,0,0,0,0,0,0,0,3,2,2022,31-45,2,0,0
40,1,1,1,2,2,1,2,1,2,1,0,0,35,3,0,1,2022,31-45,2,1,1
26,2,2,2,1,2,2,0,0,0,0,2,1,30,3,0,1,2022,18-30,1,1,0
41,2,2,2,2,2,2,0,0,0,0,0,0,0,0,3,1,2022,31-45,2,0,0
54,1,1,2,1,2,1,1,2,0,0,1,2,30,3,0,1,2022,46-55,3,1,1
44,1,1,1,1,2,1,2,1,2,1,2,1,120,4,0,1,2022,31-45,2,1,1
58,1,2,2,2,2,1,0,0,0,0,0,0,60,4,0,1,2022,56-70,4,0,1
49,2,2,2,2,2,2,0,0,0,0,0,0,0,0,1,2,2022,46-55,3,0,0
43,2,2,1,2,2,2,0,0,2,1,0,0,10,4,0,2,2022,31-45,2,1,0
45,2,2,2,2,2,2,0,0,0,0,0,0,0,0,2,2,2022,31-45,2,0,0
63,0,0,0,0,0,0,0,0,0,0,0,0,0,0,0,0,2022,56-70,4,0,0
27,1,2,2,2,2,1,0,0,0,0,0,0,20,3,0,1,2022,18-30,1,0,1
65,2,2,2,2,2,2,0,0,0,0,0,0,0,0,5,2,2022,56-70,4,0,0
22,1,2,1,2,2,1,0,0,2,1,0,0,30,3,0,1,2022,18-30,1,1,1
47,1,2,2,2,2,2,0,0,0,0,0,0,0,0,3,2,2022,46-55,3,0,0
21,1,1,2,2,1,2,2,1,0,0,0,0,60,3,0,2,2022,18-30,1,1,0
43,1,1,1,1,2,2,2,1,2,1,2,1,90,4,0,1,2022,31-45,2,1,0
23,1,1,2,2,2,2,2,1,0,0,0,0,90,4,0,1,2022,18-30,1,1,0
48,1,1,2,2,2,1,2,1,0,0,0,0,60,4,0,1,2022,46-55,3,1,1
58,1,2,2,1,2,1,0,0,0,0,2,1,60,3,0,2,2022,56-70,4,1,1
60,1,2,1,1,2,2,0,0,2,1,2,1,45,3,0,1,2022,56-70,4,1,0
49,1,2,2,2,2,1,0,0,0,0,0,0,30,4,0,2,2022,46-55,3,0,1
53,1,1,2,2,2,2,2,1,0,0,0,0,20,2,0,1,2022,46-55,3,1,0
23,2,2,2,2,2,2,0,0,0,0,0,0,0,0,2,2,2022,18-30,1,0,0
38,2,2,2,2,2,2,0,0,0,0,0,0,0,0,1,2,2022,31-45,2,0,0
39,2,2,2,2,2,2,0,0,0,0,0,0,0,0,3,3,2022,31-45,2,0,0
44,2,2,2,2,2,2,0,0,0,0,0,0,0,0,3,2,2022,31-45,2,0,0
68,1,2,1,1,2,2,0,0,2,1,2,1,30,3,0,1,2022,56-70,4,1,0
91,2,2,2,2,2,2,0,0,0,0,0,0,0,0,5,2,2022,70+,5,0,0
68,1,1,2,1,2,2,2,1,0,0,2,1,45,3,0,2,2022,56-70,4,1,0
52,1,1,2,1,2,1,2,1,0,0,2,1,60,4,0,1,2022,46-55,3,1,1
48,2,2,2,2,2,2,0,0,0,0,0,0,0,0,1,2,2022,46-55,3,0,0
64,2,2,2,1,2,2,0,0,0,0,2,1,20,4,0,2,2022,56-70,4,1,0
18,1,1,2,2,2,1,2,1,0,0,0,0,120,3,0,1,2022,18-30,1,1,1
39,1,1,2,1,2,2,2,1,0,0,2,1,30,4,0,1,2022,31-45,2,1,0
41,1,2,2,1,2,2,0,0,0,0,2,1,60,3,0,1,2022,31-45,2,1,0
32,2,2,2,2,2,2,0,0,0,0,0,0,0,0,1,2,2022,31-45,2,0,0
50,2,2,2,2,2,2,0,0,0,0,0,0,0,0,1,2,2022,46-55,3,0,0
38,2,2,2,1,2,2,0,0,0,0,2,1,10,3,0,2,2022,31-45,2,1,0
38,1,2,2,1,2,2,0,0,0,0,2,1,45,3,0,2,2022,31-45,2,1,0
34,2,2,2,2,2,2,0,0,0,0,0,0,0,0,4,2,2022,31-45,2,0,0
63,1,2,2,2,2,2,0,0,0,0,0,0,0,0,5,1,2022,56-70,4,0,0
31,1,1,2,2,2,1,1,1,0,0,0,0,30,3,0,1,2022,31-45,2,1,1
60,2,2,2,2,2,2,0,0,0,0,0,0,0,0,5,1,2022,56-70,4,0,0
55,1,1,2,2,2,1,2,1,0,0,0,0,30,3,0,2,2022,46-55,3,1,1
37,1,2,2,1,2,1,0,0,0,0,1,2,30,4,0,1,2022,31-45,2,1,1
40,1,2,2,2,2,1,0,0,0,0,0,0,45,3,0,1,2022,31-45,2,0,1
42,1,2,2,2,2,1,0,0,0,0,0,0,30,4,0,1,2022,31-45,2,0,1
39,1,1,1,2,2,1,1,2,2,1,0,0,30,3,0,1,2022,31-45,2,1,1
37,1,2,2,2,2,1,0,0,0,0,0,0,120,3,0,1,2022,31-45,2,0,1
42,2,2,2,2,2,2,0,0,0,0,0,0,0,0,2,1,2022,31-45,2,0,0
49,2,2,2,2,2,2,0,0,0,0,0,0,0,0,2,1,2022,46-55,3,0,0
54,2,2,2,2,2,2,0,0,0,0,0,0,0,0,1,2,2022,46-55,3,0,0
44,1,2,1,1,2,2,0,0,2,1,2,1,10,4,0,2,2022,31-45,2,1,0
38,1,1,2,2,1,2,2,1,0,0,0,0,30,1,0,1,2022,31-45,2,1,0
56,1,1,2,2,2,1,2,1,0,0,0,0,60,4,0,1,2022,56-70,4,1,1
61,2,2,2,2,2,2,0,0,0,0,0,0,0,0,5,2,2022,56-70,4,0,0
43,2,2,2,2,2,2,0,0,0,0,0,0,0,0,3,3,2022,31-45,2,0,0
55,1,2,2,2,2,2,0,0,0,0,0,0,0,0,3,1,2022,46-55,3,0,0
30,2,2,2,2,2,2,0,0,0,0,0,0,0,0,3,1,2022,18-30,1,0,0
62,1,2,2,2,2,1,0,0,0,0,0,0,45,4,0,1,2022,56-70,4,0,1
18,1,1,2,2,2,2,1,2,0,0,0,0,60,3,0,1,2022,18-30,1,1,0
58,1,1,1,1,1,1,1,2,2,1,2,1,45,4,0,1,2022,56-70,4,1,1
32,1,1,2,1,2,1,2,1,0,0,2,1,45,3,0,1,2022,31-45,2,1,1
71,1,2,2,1,2,2,0,0,0,0,2,1,45,3,0,1,2022,70+,5,1,0
33,1,1,2,2,2,2,2,1,0,0,0,0,60,4,0,1,2022,31-45,2,1,0
47,2,2,2,2,2,2,0,0,0,0,0,0,0,0,3,2,2022,46-55,3,0,0
41,1,2,2,1,2,1,0,0,0,0,2,1,25,4,0,2,2022,31-45,2,1,1
22,1,2,2,2,2,2,0,0,0,0,0,0,0,0,2,1,2022,18-30,1,0,0
34,1,2,2,2,2,1,0,0,0,0,0,0,30,3,0,1,2022,31-45,2,0,1
55,2,2,2,2,2,2,0,0,0,0,0,0,0,0,5,2,2022,46-55,3,0,0
47,2,2,2,2,2,2,0,0,0,0,0,0,0,0,3,2,2022,46-55,3,0,0
67,1,2,2,1,2,2,0,0,0,0,2,1,20,3,0,2,2022,56-70,4,1,0
58,2,2,2,2,2,2,0,0,0,0,0,0,0,0,3,2,2022,56-70,4,0,0
18,1,1,2,2,2,1,1,2,0,0,0,0,120,3,0,1,2022,18-30,1,1,1
19,1,1,1,2,2,1,2,1,1,2,0,0,30,3,0,1,2022,18-30,1,1,1
81,1,2,1,1,2,2,0,0,2,1,2,1,30,2,0,2,2022,70+,5,1,0
46,1,1,2,1,2,1,2,1,0,0,2,1,60,3,0,1,2022,46-55,3,1,1
31,2,2,2,2,2,2,0,0,0,0,0,0,0,0,2,1,2022,31-45,2,0,0
56,1,1,2,1,2,2,2,1,0,0,2,1,40,3,0,1,2022,56-70,4,1,0
25,1,1,2,2,2,2,2,1,0,0,0,0,60,3,0,1,2022,18-30,1,1,0
83,2,2,2,2,2,2,0,0,0,0,0,0,0,0,5,2,2022,70+,5,0,0
39,1,1,2,2,2,2,2,1,0,0,0,0,120,3,0,1,2022,31-45,2,1,0
68,2,2,2,2,2,2,0,0,0,0,0,0,0,0,5,2,2022,56-70,4,0,0
53,2,2,2,1,2,2,0,0,0,0,2,1,20,4,0,2,2022,46-55,3,1,0
21,1,2,1,1,2,2,0,0,2,1,2,1,40,3,0,2,2022,18-30,1,1,0
31,1,1,2,2,2,2,2,1,0,0,0,0,90,3,0,1,2022,31-45,2,1,0
26,2,2,2,2,2,2,0,0,0,0,0,0,0,0,2,2,2022,18-30,1,0,0
18,1,2,1,2,1,2,0,0,2,1,0,0,30,1,0,1,2022,18-30,1,1,0
26,1,1,2,1,2,2,1,2,0,0,2,1,60,3,0,1,2022,18-30,1,1,0
42,2,2,2,2,2,2,0,0,0,0,0,0,0,0,1,2,2022,31-45,2,0,0
24,2,2,2,2,2,2,0,0,0,0,0,0,0,0,3,1,2022,18-30,1,0,0
59,1,1,2,2,2,2,2,1,0,0,0,0,45,3,0,2,2022,56-70,4,1,0
92,1,1,2,2,2,2,2,1,0,0,0,0,180,3,0,2,2022,70+,5,1,0
77,1,2,1,1,2,2,0,0,2,1,2,1,60,3,0,2,2022,70+,5,1,0
55,1,1,2,2,2,2,2,1,0,0,0,0,40,3,0,1,2022,46-55,3,1,0
23,2,2,2,2,2,2,0,0,0,0,0,0,0,0,3,1,2022,18-30,1,0,0
57,1,1,2,2,2,2,2,1,0,0,0,0,60,4,0,1,2022,56-70,4,1,0
36,2,2,2,2,2,2,0,0,0,0,0,0,0,0,3,2,2022,31-45,2,0,0
38,1,1,2,2,2,2,2,1,0,0,0,0,120,3,0,1,2022,31-45,2,1,0
23,1,1,2,2,2,2,1,2,0,0,0,0,180,3,0,2,2022,18-30,1,1,0
70,2,2,2,2,2,2,0,0,0,0,0,0,0,0,1,2,2022,56-70,4,0,0
42,1,1,2,2,2,2,2,1,0,0,0,0,60,4,0,2,2022,31-45,2,1,0
46,2,2,2,1,2,2,0,0,0,0,2,1,20,3,0,2,2022,46-55,3,1,0
40,1,2,2,2,2,2,0,0,0,0,0,0,0,0,3,2,2022,31-45,2,0,0
51,1,2,2,2,2,2,0,0,0,0,0,0,0,0,3,2,2022,46-55,3,0,0
23,1,1,2,2,2,2,1,2,0,0,0,0,60,3,0,1,2022,18-30,1,1,0
29,2,2,2,2,2,2,0,0,0,0,0,0,0,0,3,2,2022,18-30,1,0,0
78,2,2,2,2,2,2,0,0,0,0,0,0,0,0,1,2,2022,70+,5,0,0
39,2,2,2,2,2,2,0,0,0,0,0,0,0,0,1,2,2022,31-45,2,0,0
76,0,0,0,0,0,0,0,0,0,0,0,0,0,0,0,0,2022,70+,5,0,0
47,1,1,2,2,2,2,2,1,0,0,0,0,60,3,0,2,2022,46-55,3,1,0
30,1,2,1,2,2,2,0,0,2,1,0,0,30,4,0,2,2022,18-30,1,1,0
39,2,2,2,2,2,2,0,0,0,0,0,0,0,0,3,2,2022,31-45,2,0,0
64,2,2,2,2,2,2,0,0,0,0,0,0,0,0,1,2,2022,56-70,4,0,0
54,2,2,2,2,2,2,0,0,0,0,0,0,0,0,1,1,2022,46-55,3,0,0
52,2,2,2,2,2,2,0,0,0,0,0,0,0,0,3,2,2022,46-55,3,0,0
53,2,2,2,2,2,2,0,0,0,0,0,0,0,0,1,1,2022,46-55,3,0,0
81,2,2,2,2,2,2,0,0,0,0,0,0,0,0,5,2,2022,70+,5,0,0
39,2,2,1,2,2,2,0,0,2,1,0,0,30,4,0,2,2022,31-45,2,1,0
62,2,2,2,2,2,2,0,0,0,0,0,0,0,0,1,2,2022,56-70,4,0,0
57,2,2,2,2,2,2,0,0,0,0,0,0,0,0,5,2,2022,56-70,4,0,0
58,1,1,2,2,2,2,2,1,0,0,0,0,60,3,0,2,2022,56-70,4,1,0
66,1,1,2,2,2,2,2,1,0,0,0,0,60,4,0,2,2022,56-70,4,1,0
69,1,2,2,1,2,2,0,0,0,0,1,2,30,3,0,1,2022,56-70,4,1,0
31,1,1,1,1,1,1,1,2,1,2,1,2,60,4,0,1,2022,31-45,2,1,1
33,1,1,1,1,2,1,1,2,1,2,1,2,20,4,0,1,2022,31-45,2,1,1
23,1,2,2,2,1,1,0,0,0,0,0,0,15,3,0,1,2022,18-30,1,1,1
19,1,2,2,2,2,2,0,0,0,0,0,0,0,0,3,1,2022,18-30,1,0,0
29,1,1,1,2,2,1,1,2,2,1,0,0,120,2,0,1,2022,18-30,1,1,1
66,1,1,1,2,2,1,1,2,2,1,0,0,60,4,0,1,2022,56-70,4,1,1
57,1,1,1,2,2,2,2,1,2,1,0,0,60,4,0,3,2022,56-70,4,1,0
56,0,0,0,0,0,0,0,0,0,0,0,0,0,0,0,0,2022,56-70,4,0,0
54,1,1,1,1,2,1,1,2,1,2,1,2,60,3,0,1,2022,46-55,3,1,1
51,0,0,0,0,0,0,0,0,0,0,0,0,0,0,0,0,2022,46-55,3,0,0
51,1,1,1,1,1,1,2,1,2,1,1,2,20,3,0,1,2022,46-55,3,1,1
41,1,1,2,1,2,1,1,2,0,0,1,2,30,3,0,1,2022,31-45,2,1,1
53,2,2,2,2,2,1,0,0,0,0,0,0,5,4,0,3,2022,46-55,3,0,1
62,1,1,2,2,2,1,2,1,0,0,0,0,60,3,0,1,2022,56-70,4,1,1
57,1,1,2,2,1,2,2,1,0,0,0,0,20,4,0,1,2022,56-70,4,1,0
71,0,0,0,0,0,0,0,0,0,0,0,0,0,0,0,0,2022,70+,5,0,0
18,2,2,2,2,2,1,0,0,0,0,0,0,30,3,0,1,2022,18-30,1,0,1
34,1,2,1,2,2,2,0,0,1,1,0,0,60,3,0,1,2022,31-45,2,1,0
65,1,1,2,2,2,2,2,1,0,0,0,0,20,4,0,1,2022,56-70,4,1,0
73,1,1,1,2,2,2,2,1,1,2,0,0,20,3,0,1,2022,70+,5,1,0
70,1,1,2,2,2,1,2,1,0,0,0,0,60,3,0,1,2022,56-70,4,1,1
27,2,1,1,2,2,1,2,1,2,1,0,0,60,3,0,1,2022,18-30,1,1,1
50,1,1,2,2,1,2,2,1,0,0,0,0,10,1,0,1,2022,46-55,3,1,0
51,1,1,2,2,2,2,2,1,0,0,0,0,60,3,0,2,2022,46-55,3,1,0
66,2,2,2,2,2,2,0,0,0,0,0,0,0,0,3,2,2022,56-70,4,0,0
35,1,1,1,1,1,1,2,1,1,2,1,2,44,3,0,1,2022,31-45,2,1,1
22,1,1,2,2,2,1,1,2,0,0,0,0,20,3,0,1,2022,18-30,1,1,1
53,1,1,1,2,2,1,2,1,2,1,0,0,30,3,0,1,2022,46-55,3,1,1
31,2,2,2,2,2,2,0,0,0,0,0,0,0,0,3,2,2022,31-45,2,0,0
36,1,1,2,2,1,2,2,1,0,0,0,0,60,4,0,1,2022,31-45,2,1,0
55,2,2,2,2,2,2,0,0,0,0,0,0,0,0,3,2,2022,46-55,3,0,0
52,1,1,2,2,2,1,2,1,0,0,0,0,30,3,0,3,2022,46-55,3,1,1
39,1,2,2,2,2,1,0,0,0,0,0,0,30,3,0,1,2022,31-45,2,0,1
54,1,2,2,1,2,2,0,0,0,0,1,2,30,3,0,1,2022,46-55,3,1,0
40,1,1,1,2,2,2,2,1,2,1,0,0,60,3,0,2,2022,31-45,2,1,0
36,1,1,1,2,2,1,1,2,1,2,0,0,30,1,0,2,2022,31-45,2,1,1
48,2,2,2,2,2,2,0,0,0,0,0,0,0,0,3,1,2022,46-55,3,0,0
68,1,1,2,2,2,1,2,1,0,0,0,0,120,4,0,1,2022,56-70,4,1,1
42,2,2,2,2,2,2,0,0,0,0,0,0,0,0,2,1,2022,31-45,2,0,0
40,2,2,2,2,2,1,0,0,0,0,0,0,60,4,0,1,2022,31-45,2,0,1
64,1,1,1,2,2,2,2,1,2,1,0,0,60,3,0,1,2022,56-70,4,1,0
28,2,2,2,2,2,1,0,0,0,0,0,0,60,3,0,1,2022,18-30,1,0,1
73,2,2,2,2,2,2,0,0,0,0,0,0,0,0,3,2,2022,70+,5,0,0
43,1,1,2,2,2,1,2,1,0,0,0,0,30,3,0,2,2022,31-45,2,1,1
23,2,2,2,2,2,2,0,0,0,0,0,0,0,0,1,1,2022,18-30,1,0,0
22,1,1,2,2,2,1,1,2,0,0,0,0,30,3,0,1,2022,18-30,1,1,1
52,2,2,2,2,2,2,0,0,0,0,0,0,0,0,3,2,2022,46-55,3,0,0
69,1,1,1,2,2,2,2,1,2,1,0,0,60,3,0,1,2022,56-70,4,1,0
64,1,1,2,2,2,2,2,1,0,0,0,0,120,4,0,2,2022,56-70,4,1,0
76,1,1,2,2,2,2,2,1,0,0,0,0,40,2,0,2,2022,70+,5,1,0
57,1,1,2,2,2,2,2,1,0,0,0,0,60,3,0,1,2022,56-70,4,1,0
23,2,2,2,2,2,2,0,0,0,0,0,0,0,0,2,1,2022,18-30,1,0,0
56,1,2,1,1,2,2,0,0,2,1,2,1,30,4,0,1,2022,56-70,4,1,0
49,1,1,2,2,2,2,2,1,0,0,0,0,15,1,0,1,2022,46-55,3,1,0
43,2,2,2,2,2,2,0,0,0,0,0,0,0,0,1,2,2022,31-45,2,0,0
50,2,2,2,2,2,2,0,0,0,0,0,0,0,0,3,2,2022,46-55,3,0,0
52,1,2,2,2,2,2,0,0,0,0,0,0,0,0,3,1,2022,46-55,3,0,0
31,2,2,2,2,2,2,0,0,0,0,0,0,0,0,3,1,2022,31-45,2,0,0
74,2,2,2,2,2,2,0,0,0,0,0,0,0,0,1,1,2022,70+,5,0,0
64,2,2,2,2,2,2,0,0,0,0,0,0,0,0,1,3,2022,56-70,4,0,0
43,2,2,2,2,2,1,0,0,0,0,0,0,2,4,0,1,2022,31-45,2,0,1
57,2,1,2,2,2,2,2,1,0,0,0,0,90,4,0,2,2022,56-70,4,1,0
25,1,2,2,1,2,2,0,0,0,0,2,1,2,3,0,2,2022,18-30,1,1,0
30,1,2,1,2,1,1,0,0,1,2,0,0,30,3,0,1,2022,18-30,1,1,1
20,1,1,1,2,2,2,1,2,1,2,0,0,180,3,0,1,2022,18-30,1,1,0
63,1,1,2,2,2,2,2,1,0,0,0,0,15,2,0,2,2022,56-70,4,1,0
21,1,2,1,2,1,1,0,0,1,2,0,0,120,3,0,1,2022,18-30,1,1,1
54,2,2,2,2,2,2,0,0,0,0,0,0,0,0,1,2,2022,46-55,3,0,0
28,1,1,2,1,2,1,2,1,0,0,2,1,20,4,0,1,2022,18-30,1,1,1
58,1,2,1,2,2,2,0,0,2,1,0,0,20,4,0,1,2022,56-70,4,1,0
34,1,1,1,1,2,2,2,1,2,1,2,1,25,4,0,1,2022,31-45,2,1,0
26,2,2,2,2,2,1,0,0,0,0,0,0,60,2,0,2,2022,18-30,1,0,1
29,1,1,2,2,2,1,2,1,0,0,0,0,60,3,0,1,2022,18-30,1,1,1
63,2,2,2,2,2,2,0,0,0,0,0,0,0,0,1,1,2022,56-70,4,0,0
44,1,1,2,1,2,1,2,1,0,0,2,1,30,4,0,2,2022,31-45,2,1,1
32,1,1,1,2,2,2,2,1,2,1,0,0,25,4,0,1,2022,31-45,2,1,0
54,1,1,1,2,2,1,2,1,2,1,0,0,15,3,0,1,2022,46-55,3,1,1
31,2,2,2,2,2,2,0,0,0,0,0,0,0,0,1,1,2022,31-45,2,0,0
64,1,2,2,2,2,1,0,0,0,0,0,0,30,3,0,1,2022,56-70,4,0,1
30,1,1,2,2,2,1,2,1,0,0,0,0,30,3,0,1,2022,18-30,1,1,1
27,2,2,2,2,2,1,0,0,0,0,0,0,10,4,0,1,2022,18-30,1,0,1
55,1,1,1,2,2,1,2,1,2,1,0,0,35,4,0,1,2022,46-55,3,1,1
59,2,2,2,2,2,2,0,0,0,0,0,0,0,0,1,2,2022,56-70,4,0,0
71,1,2,1,1,2,2,0,0,2,1,2,1,10,3,0,2,2022,70+,5,1,0
32,1,2,1,2,2,1,0,0,2,1,0,0,60,3,0,1,2022,31-45,2,1,1
65,1,2,2,1,2,2,0,0,0,0,2,1,45,3,0,2,2022,56-70,4,1,0
21,1,1,2,2,2,1,1,2,0,0,0,0,20,4,0,1,2022,18-30,1,1,1
84,2,2,2,1,2,2,0,0,0,0,2,1,30,2,0,1,2022,70+,5,1,0
30,2,2,1,1,2,1,0,0,1,2,1,2,30,3,0,1,2022,18-30,1,1,1
72,1,1,1,2,2,1,2,1,2,1,0,0,15,2,0,1,2022,70+,5,1,1
37,2,2,2,2,2,2,0,0,0,0,0,0,0,0,3,2,2022,31-45,2,0,0
25,1,1,1,2,1,1,2,1,2,1,0,0,60,4,0,1,2022,18-30,1,1,1
59,2,2,2,2,2,2,0,0,0,0,0,0,0,0,1,3,2022,56-70,4,0,0
47,1,1,1,2,2,1,2,1,2,1,0,0,15,3,0,1,2022,46-55,3,1,1
61,1,2,1,2,2,2,0,0,2,1,0,0,20,2,0,2,2022,56-70,4,1,0
21,2,2,1,2,2,1,0,0,2,1,0,0,30,3,0,1,2022,18-30,1,1,1
31,1,1,2,2,2,2,2,1,0,0,0,0,30,4,0,1,2022,31-45,2,1,0
29,1,1,2,2,1,1,2,1,0,0,0,0,15,3,0,1,2022,18-30,1,1,1
33,1,1,2,2,2,1,2,1,0,0,0,0,15,3,0,1,2022,31-45,2,1,1
26,2,1,2,2,2,1,1,2,0,0,0,0,30,3,0,1,2022,18-30,1,1,1
30,2,2,2,2,2,2,0,0,0,0,0,0,0,0,1,1,2022,18-30,1,0,0
22,1,1,1,2,2,1,2,1,2,1,0,0,30,3,0,2,2022,18-30,1,1,1
69,2,2,2,2,2,2,0,0,0,0,0,0,0,0,1,2,2022,56-70,4,0,0
66,2,1,2,1,2,1,2,1,0,0,1,2,15,3,0,1,2022,56-70,4,1,1
21,1,1,2,1,2,1,1,2,0,0,1,2,120,3,0,1,2022,18-30,1,1,1
41,1,1,1,1,1,1,1,2,1,2,1,2,60,2,0,1,2022,31-45,2,1,1
48,1,2,2,2,2,2,0,0,0,0,0,0,0,0,1,1,2022,46-55,3,0,0
45,2,2,2,2,2,2,0,0,0,0,0,0,0,0,1,2,2022,31-45,2,0,0
58,2,2,2,2,2,2,0,0,0,0,0,0,0,0,5,2,2022,56-70,4,0,0
49,2,2,2,2,2,2,0,0,0,0,0,0,0,0,3,1,2022,46-55,3,0,0
69,2,2,2,2,2,2,0,0,0,0,0,0,0,0,1,2,2022,56-70,4,0,0
41,1,1,2,2,2,1,2,1,0,0,0,0,40,2,0,1,2022,31-45,2,1,1
59,1,1,1,2,2,1,1,1,1,2,0,0,60,3,0,3,2022,56-70,4,1,1
20,1,1,2,1,2,1,1,1,0,0,2,1,180,3,0,1,2022,18-30,1,1,1
28,2,2,2,2,2,1,0,0,0,0,0,0,10,3,0,1,2022,18-30,1,0,1
23,1,1,2,2,2,1,2,1,0,0,0,0,60,3,0,1,2022,18-30,1,1,1
39,2,2,2,2,2,2,0,0,0,0,0,0,0,0,2,2,2022,31-45,2,0,0
45,2,2,2,2,2,1,0,0,0,0,0,0,30,1,0,1,2022,31-45,2,0,1
38,1,1,1,2,2,1,2,1,2,1,0,0,30,4,0,1,2022,31-45,2,1,1
55,2,2,2,2,2,2,0,0,0,0,0,0,0,0,3,1,2022,46-55,3,0,0
32,2,2,2,1,2,2,0,0,0,0,2,1,5,2,0,2,2022,31-45,2,1,0
53,2,2,2,2,2,2,0,0,0,0,0,0,0,0,2,2,2022,46-55,3,0,0
44,1,1,2,2,2,1,1,1,0,0,0,0,120,2,0,1,2022,31-45,2,1,1
22,1,1,1,2,2,1,1,2,2,1,0,0,30,3,0,2,2022,18-30,1,1,1
33,2,2,2,2,2,2,0,0,0,0,0,0,0,0,3,1,2022,31-45,2,0,0
50,1,2,2,1,2,2,0,0,0,0,2,1,15,3,0,1,2022,46-55,3,1,0
77,2,2,2,2,2,2,0,0,0,0,0,0,0,0,3,2,2022,70+,5,0,0
32,1,1,1,2,2,1,2,1,1,2,0,0,60,3,0,1,2022,31-45,2,1,1
86,1,2,1,1,2,2,0,0,2,1,2,1,30,2,0,2,2022,70+,5,1,0
23,2,2,2,2,2,2,0,0,0,0,0,0,0,0,1,2,2022,18-30,1,0,0
91,2,2,2,2,2,2,0,0,0,0,0,0,0,0,5,2,2022,70+,5,0,0
58,1,2,1,2,2,1,0,0,2,1,0,0,15,3,0,3,2022,56-70,4,1,1
48,2,2,2,1,2,2,0,0,0,0,2,1,10,4,0,2,2022,46-55,3,1,0
70,2,2,2,2,2,1,0,0,0,0,0,0,15,3,0,2,2022,56-70,4,0,1
75,2,2,2,2,2,2,0,0,0,0,0,0,0,0,5,1,2022,70+,5,0,0
22,1,2,2,2,2,2,0,0,0,0,0,0,0,0,3,2,2022,18-30,1,0,0
47,2,2,1,2,2,2,0,0,2,1,0,0,5,2,0,2,2022,46-55,3,1,0
26,2,2,2,2,2,2,0,0,0,0,0,0,0,0,3,2,2022,18-30,1,0,0
27,2,2,2,2,2,2,0,0,0,0,0,0,0,0,1,2,2022,18-30,1,0,0
61,1,1,2,2,2,2,2,1,0,0,0,0,240,4,0,1,2022,56-70,4,1,0
27,1,1,1,2,1,1,1,1,2,1,0,0,30,4,0,1,2022,18-30,1,1,1
35,1,2,2,2,2,1,0,0,0,0,0,0,30,4,0,1,2022,31-45,2,0,1
58,2,2,2,2,2,2,0,0,0,0,0,0,0,0,1,1,2022,56-70,4,0,0
55,1,1,1,2,2,2,2,1,2,1,0,0,25,3,0,1,2022,46-55,3,1,0
25,1,2,2,1,1,1,0,0,0,0,2,1,20,4,0,1,2022,18-30,1,1,1
71,1,1,2,2,2,2,2,1,0,0,0,0,15,1,0,1,2022,70+,5,1,0
19,1,1,1,2,1,1,2,1,2,1,0,0,45,3,0,1,2022,18-30,1,1,1
24,2,2,2,2,2,1,0,0,0,0,0,0,60,3,0,1,2022,18-30,1,0,1
33,1,1,2,2,2,1,1,1,0,0,0,0,240,3,0,1,2022,31-45,2,1,1
44,1,1,2,2,2,2,2,1,0,0,0,0,30,4,0,1,2022,31-45,2,1,0
41,1,1,2,1,2,1,2,1,0,0,2,1,20,4,0,1,2022,31-45,2,1,1
52,2,2,1,2,2,2,0,0,2,1,0,0,5,2,0,2,2022,46-55,3,1,0
85,2,2,2,2,2,2,0,0,0,0,0,0,0,0,5,3,2022,70+,5,0,0
41,2,2,2,2,2,2,0,0,0,0,0,0,0,0,3,2,2022,31-45,2,0,0
24,1,1,1,2,2,1,2,1,2,1,0,0,60,3,0,1,2022,18-30,1,1,1
36,1,1,2,1,2,1,2,1,0,0,2,1,60,3,0,1,2022,31-45,2,1,1
43,2,1,2,2,2,1,2,1,0,0,0,0,15,3,0,1,2022,31-45,2,1,1
49,1,1,2,2,2,1,2,1,0,0,0,0,45,3,0,1,2022,46-55,3,1,1
56,2,2,2,2,2,2,0,0,0,0,0,0,0,0,1,2,2022,56-70,4,0,0
34,1,1,2,2,2,2,2,1,0,0,0,0,45,3,0,1,2022,31-45,2,1,0
46,1,1,2,1,2,2,1,2,0,0,1,2,60,4,0,1,2022,46-55,3,1,0
56,2,2,2,2,2,2,0,0,0,0,0,0,0,0,3,3,2022,56-70,4,0,0
44,2,2,1,2,2,2,0,0,2,1,0,0,15,3,0,1,2022,31-45,2,1,0
65,1,2,1,2,2,2,0,0,2,1,0,0,20,4,0,1,2022,56-70,4,1,0
41,2,2,2,2,2,2,0,0,0,0,0,0,0,0,3,1,2022,31-45,2,0,0
37,1,1,2,2,2,1,2,1,0,0,0,0,30,4,0,1,2022,31-45,2,1,1
26,1,2,1,2,2,1,0,0,1,2,0,0,60,4,0,1,2022,18-30,1,1,1
46,1,2,2,2,2,1,0,0,0,0,0,0,60,4,0,1,2022,46-55,3,0,1
23,1,1,2,2,2,2,1,2,0,0,0,0,30,3,0,1,2022,18-30,1,1,0
37,2,2,2,2,2,2,0,0,0,0,0,0,0,0,3,1,2022,31-45,2,0,0
36,2,2,2,2,2,2,0,0,0,0,0,0,0,0,1,2,2022,31-45,2,0,0
39,2,2,2,2,2,2,0,0,0,0,0,0,0,0,1,2,2022,31-45,2,0,0
42,1,1,2,2,2,2,2,1,0,0,0,0,120,4,0,1,2022,31-45,2,1,0
47,2,2,2,2,2,2,0,0,0,0,0,0,0,0,3,1,2022,46-55,3,0,0
21,1,2,1,1,2,2,0,0,2,1,2,1,5,3,0,2,2022,18-30,1,1,0
31,2,2,2,2,2,2,0,0,0,0,0,0,0,0,3,1,2022,31-45,2,0,0
54,2,2,2,2,2,1,0,0,0,0,0,0,30,3,0,1,2022,46-55,3,0,1
39,2,2,2,2,2,2,0,0,0,0,0,0,0,0,1,2,2022,31-45,2,0,0
51,1,2,1,2,2,2,0,0,2,1,0,0,20,3,0,1,2022,46-55,3,1,0
40,2,2,2,2,2,2,0,0,0,0,0,0,0,0,1,1,2022,31-45,2,0,0
39,2,2,2,2,2,1,0,0,0,0,0,0,15,2,0,1,2022,31-45,2,0,1
64,1,1,1,2,2,2,2,1,2,1,0,0,20,3,0,1,2022,56-70,4,1,0
33,1,1,2,2,2,1,2,1,0,0,0,0,60,4,0,1,2022,31-45,2,1,1
20,1,1,2,2,1,1,2,1,0,0,0,0,30,3,0,1,2022,18-30,1,1,1
45,1,1,2,2,1,1,2,1,0,0,0,0,60,4,0,1,2022,31-45,2,1,1
25,1,1,2,2,2,1,2,1,0,0,0,0,20,4,0,1,2022,18-30,1,1,1
56,1,1,2,2,2,2,2,1,0,0,0,0,30,2,0,1,2022,56-70,4,1,0
69,1,1,2,2,2,2,2,1,0,0,0,0,10,2,0,2,2022,56-70,4,1,0
49,1,2,2,1,2,1,0,0,0,0,2,1,30,3,0,1,2022,46-55,3,1,1
43,1,1,2,2,2,2,1,2,0,0,0,0,5,3,0,2,2022,31-45,2,1,0
38,1,1,1,2,2,1,2,1,1,2,0,0,15,3,0,1,2022,31-45,2,1,1
48,2,1,2,2,2,2,2,1,0,0,0,0,20,3,0,2,2022,46-55,3,1,0
58,2,2,2,2,2,2,0,0,0,0,0,0,0,0,3,2,2022,56-70,4,0,0
24,1,2,1,1,2,1,0,0,1,2,2,1,20,3,0,1,2022,18-30,1,1,1
30,1,1,1,2,2,2,2,1,2,1,0,0,48,3,0,1,2022,18-30,1,1,0
36,1,1,2,2,2,1,1,1,0,0,0,0,40,3,0,1,2022,31-45,2,1,1
24,2,2,2,2,2,2,0,0,0,0,0,0,0,0,6,2,2022,18-30,1,0,0
36,1,2,1,1,2,1,0,0,1,2,2,1,30,3,0,1,2022,31-45,2,1,1
24,2,2,2,2,2,2,0,0,0,0,0,0,0,0,3,1,2022,18-30,1,0,0
44,1,1,2,2,1,1,2,1,0,0,0,0,20,4,0,1,2022,31-45,2,1,1
20,1,1,2,2,1,1,2,1,0,0,0,0,60,3,0,1,2022,18-30,1,1,1
25,1,1,2,2,2,2,2,1,0,0,0,0,20,4,0,2,2022,18-30,1,1,0
67,1,1,2,1,2,2,2,1,0,0,2,1,20,3,0,1,2022,56-70,4,1,0
38,1,1,1,2,2,1,2,1,2,1,0,0,15,3,0,1,2022,31-45,2,1,1
70,2,2,2,2,2,2,0,0,0,0,0,0,0,0,2,2,2022,56-70,4,0,0
38,1,1,1,1,2,1,1,1,1,2,2,1,60,3,0,1,2022,31-45,2,1,1
56,2,2,2,2,2,2,0,0,0,0,0,0,0,0,2,2,2022,56-70,4,0,0
61,1,1,2,2,2,2,2,1,0,0,0,0,30,3,0,2,2022,56-70,4,1,0
24,2,2,2,1,2,2,0,0,0,0,2,1,10,3,0,1,2022,18-30,1,1,0
76,1,1,2,2,2,2,2,1,0,0,0,0,20,1,0,2,2022,70+,5,1,0
67,1,1,2,2,2,1,1,2,0,0,0,0,120,4,0,1,2022,56-70,4,1,1
64,2,2,2,2,2,2,0,0,0,0,0,0,0,0,3,2,2022,56-70,4,0,0
22,1,1,2,2,2,1,2,1,0,0,0,0,60,3,0,1,2022,18-30,1,1,1
39,1,2,1,2,2,1,0,0,2,1,0,0,30,2,0,2,2022,31-45,2,1,1
49,1,2,2,1,2,1,0,0,0,0,2,1,10,3,0,2,2022,46-55,3,1,1
85,1,1,2,2,2,2,2,1,0,0,0,0,60,3,0,1,2022,70+,5,1,0
74,2,2,2,2,2,2,0,0,0,0,0,0,0,0,1,3,2022,70+,5,0,0
70,1,1,2,2,2,1,2,1,0,0,0,0,120,2,0,1,2022,56-70,4,1,1
65,1,1,2,2,2,2,2,1,0,0,0,0,20,1,0,1,2022,56-70,4,1,0
52,2,2,2,2,2,2,0,0,0,0,0,0,0,0,1,3,2022,46-55,3,0,0
78,2,2,2,2,2,2,0,0,0,0,0,0,0,0,1,3,2022,70+,5,0,0
29,1,2,2,2,2,1,0,0,0,0,0,0,30,3,0,1,2022,18-30,1,0,1
49,1,1,2,2,2,2,2,1,0,0,0,0,10,3,0,1,2022,46-55,3,1,0
31,2,1,2,2,2,1,2,1,0,0,0,0,15,2,0,1,2022,31-45,2,1,1
56,1,2,2,2,2,1,0,0,0,0,0,0,45,1,0,2,2022,56-70,4,0,1
72,1,2,2,2,2,1,0,0,0,0,0,0,30,2,0,2,2022,70+,5,0,1
70,2,2,2,2,2,2,0,0,0,0,0,0,0,0,5,2,2022,56-70,4,0,0
21,2,2,2,2,2,2,0,0,0,0,0,0,0,0,3,2,2022,18-30,1,0,0
43,1,1,2,2,2,1,2,1,0,0,0,0,15,3,0,1,2022,31-45,2,1,1
20,1,1,2,2,1,1,1,2,0,0,0,0,90,3,0,1,2022,18-30,1,1,1
60,1,2,2,2,2,2,0,0,0,0,0,0,0,0,3,1,2022,56-70,4,0,0
24,1,1,1,2,2,1,1,1,2,1,0,0,30,4,0,1,2022,18-30,1,1,1
82,1,1,1,1,2,1,2,1,2,1,1,2,40,4,0,1,2022,70+,5,1,1
49,1,1,1,2,2,1,2,1,1,2,0,0,45,4,0,1,2022,46-55,3,1,1
26,2,2,2,1,2,2,0,0,0,0,2,1,30,4,0,1,2022,18-30,1,1,0
60,2,2,2,2,2,2,0,0,0,0,0,0,0,0,3,2,2022,56-70,4,0,0
32,1,1,2,2,2,2,2,1,0,0,0,0,30,3,0,2,2022,31-45,2,1,0
43,1,1,2,2,2,2,2,1,0,0,0,0,240,2,0,1,2022,31-45,2,1,0
42,1,1,2,1,2,1,2,1,0,0,1,2,45,3,0,1,2022,31-45,2,1,1
50,2,2,2,2,2,2,0,0,0,0,0,0,0,0,3,2,2022,46-55,3,0,0
36,1,1,1,2,2,1,2,1,2,1,0,0,90,4,0,1,2022,31-45,2,1,1
63,1,1,1,1,2,1,1,2,1,2,2,1,60,3,0,1,2022,56-70,4,1,1
40,1,2,2,2,2,1,0,0,0,0,0,0,240,3,0,1,2022,31-45,2,0,1
65,1,1,2,2,2,2,2,1,0,0,0,0,30,1,0,2,2022,56-70,4,1,0
41,2,2,2,2,2,2,0,0,0,0,0,0,0,0,1,2,2022,31-45,2,0,0
25,2,1,2,2,2,1,2,1,0,0,0,0,30,1,0,2,2022,18-30,1,1,1
47,2,2,2,2,2,2,0,0,0,0,0,0,0,0,3,1,2022,46-55,3,0,0
54,2,2,2,2,2,2,0,0,0,0,0,0,0,0,5,1,2022,46-55,3,0,0
30,1,2,1,1,2,2,0,0,2,1,2,1,15,3,0,2,2022,18-30,1,1,0
38,1,2,2,2,1,2,0,0,0,0,0,0,30,3,0,2,2022,31-45,2,1,0
75,0,0,0,0,0,0,0,0,0,0,0,0,0,0,0,0,2022,70+,5,0,0
32,2,2,2,2,2,2,0,0,0,0,0,0,0,0,1,2,2022,31-45,2,0,0
69,2,2,2,2,2,2,0,0,0,0,0,0,0,0,3,2,2022,56-70,4,0,0
21,2,2,2,2,2,2,0,0,0,0,0,0,0,0,3,2,2022,18-30,1,0,0
62,1,1,2,2,2,2,2,1,0,0,0,0,60,2,0,2,2022,56-70,4,1,0
67,1,1,2,2,2,1,2,1,0,0,0,0,20,3,0,2,2022,56-70,4,1,1
43,1,1,1,2,2,1,2,1,2,1,0,0,30,4,0,1,2022,31-45,2,1,1
31,1,2,1,2,2,2,0,0,2,1,0,0,25,4,0,1,2022,31-45,2,1,0
34,1,2,2,2,2,1,0,0,0,0,0,0,30,1,0,3,2022,31-45,2,0,1
34,1,2,1,2,2,2,0,0,2,1,0,0,60,2,0,1,2022,31-45,2,1,0
18,2,2,2,2,2,2,0,0,0,0,0,0,0,0,1,2,2022,18-30,1,0,0
22,1,1,2,2,2,2,2,1,0,0,0,0,120,3,0,1,2022,18-30,1,1,0
23,1,2,2,2,2,1,0,0,0,0,0,0,50,2,0,3,2022,18-30,1,0,1
60,2,2,2,2,2,2,0,0,0,0,0,0,0,0,1,2,2022,56-70,4,0,0
26,2,2,2,1,2,2,0,0,0,0,2,1,15,3,0,3,2022,18-30,1,1,0
46,1,1,1,1,2,1,2,1,2,1,1,2,120,4,0,1,2022,46-55,3,1,1
67,1,1,2,2,2,1,2,1,0,0,0,0,60,3,0,1,2022,56-70,4,1,1
25,1,1,2,2,2,1,1,2,0,0,0,0,40,3,0,1,2022,18-30,1,1,1
43,1,1,2,2,2,1,2,1,0,0,0,0,30,3,0,1,2022,31-45,2,1,1
64,1,1,2,2,2,2,2,1,0,0,0,0,15,2,0,2,2022,56-70,4,1,0
35,1,1,1,2,2,1,1,1,2,1,0,0,60,3,0,1,2022,31-45,2,1,1
31,1,1,2,2,2,1,2,1,0,0,0,0,30,3,0,2,2022,31-45,2,1,1
51,1,2,2,2,2,1,0,0,0,0,0,0,20,4,0,1,2022,46-55,3,0,1
36,1,2,2,2,2,1,0,0,0,0,0,0,10,2,0,1,2022,31-45,2,0,1
35,1,2,2,2,2,1,0,0,0,0,0,0,20,2,0,1,2022,31-45,2,0,1
46,1,2,2,2,2,1,0,0,0,0,0,0,30,3,0,1,2022,46-55,3,0,1
25,1,1,2,2,2,1,2,1,0,0,0,0,45,4,0,1,2022,18-30,1,1,1
28,1,1,1,2,2,1,2,1,2,1,0,0,10,3,0,1,2022,18-30,1,1,1
58,2,2,2,2,2,2,0,0,0,0,0,0,0,0,1,2,2022,56-70,4,0,0
40,1,1,2,2,2,1,2,1,0,0,0,0,10,3,0,2,2022,31-45,2,1,1
37,2,2,1,2,2,2,0,0,2,1,0,0,20,3,0,1,2022,31-45,2,1,0
60,2,2,2,2,2,2,0,0,0,0,0,0,0,0,3,1,2022,56-70,4,0,0
54,1,2,1,2,2,2,0,0,2,1,0,0,20,2,0,2,2022,46-55,3,1,0
30,1,1,2,2,2,2,2,1,0,0,0,0,20,2,0,2,2022,18-30,1,1,0
48,1,1,1,1,2,2,2,1,2,1,2,1,30,4,0,1,2022,46-55,3,1,0
35,1,1,2,2,2,1,1,2,0,0,0,0,30,3,0,1,2022,31-45,2,1,1
64,2,1,1,2,2,2,2,1,2,1,0,0,20,1,0,2,2022,56-70,4,1,0
62,2,2,2,2,2,2,0,0,0,0,0,0,0,0,3,1,2022,56-70,4,0,0
40,1,2,2,1,2,1,0,0,0,0,2,1,30,4,0,1,2022,31-45,2,1,1
59,1,1,2,2,2,1,1,2,0,0,0,0,60,3,0,3,2022,56-70,4,1,1
56,2,2,2,2,2,2,0,0,0,0,0,0,0,0,2,1,2022,56-70,4,0,0
37,1,1,1,2,2,2,2,1,2,1,0,0,15,3,0,2,2022,31-45,2,1,0
86,0,0,0,0,0,0,0,0,0,0,0,0,0,0,0,0,2022,70+,5,0,0
47,2,2,2,2,2,2,0,0,0,0,0,0,0,0,3,1,2022,46-55,3,0,0
27,1,2,2,1,2,2,0,0,0,0,2,1,10,2,0,1,2022,18-30,1,1,0
39,2,2,2,2,2,2,0,0,0,0,0,0,0,0,2,2,2022,31-45,2,0,0
38,1,1,2,2,2,2,2,1,0,0,0,0,60,3,0,1,2022,31-45,2,1,0
33,1,1,2,2,2,2,2,1,0,0,0,0,30,3,0,1,2022,31-45,2,1,0
61,2,2,2,2,2,2,0,0,0,0,0,0,0,0,2,2,2022,56-70,4,0,0
64,1,1,2,2,2,2,2,1,0,0,0,0,15,3,0,1,2022,56-70,4,1,0
63,1,1,1,1,2,2,2,1,2,1,2,1,60,4,0,1,2022,56-70,4,1,0
31,1,1,2,2,2,1,1,2,0,0,0,0,45,2,0,2,2022,31-45,2,1,1
59,1,1,2,2,2,1,2,1,0,0,0,0,120,4,0,3,2022,56-70,4,1,1
31,2,2,2,2,2,2,0,0,0,0,0,0,0,0,3,1,2022,31-45,2,0,0
56,1,2,1,2,2,1,0,0,2,1,0,0,15,3,0,1,2022,56-70,4,1,1
35,1,1,2,2,2,1,2,1,0,0,0,0,40,3,0,1,2022,31-45,2,1,1
43,1,1,2,2,2,2,2,1,0,0,0,0,20,3,0,2,2022,31-45,2,1,0
65,1,1,2,2,2,2,2,1,0,0,0,0,30,4,0,2,2022,56-70,4,1,0
39,1,1,2,1,2,1,2,1,0,0,2,1,60,3,0,2,2022,31-45,2,1,1
62,2,2,2,2,2,2,0,0,0,0,0,0,0,0,3,2,2022,56-70,4,0,0
58,1,1,2,2,2,2,2,1,0,0,0,0,20,3,0,2,2022,56-70,4,1,0
60,1,1,2,2,2,1,2,1,0,0,0,0,30,4,0,1,2022,56-70,4,1,1
35,1,2,2,2,2,1,0,0,0,0,0,0,10,4,0,1,2022,31-45,2,0,1
55,1,1,1,2,2,1,2,1,2,1,0,0,60,3,0,1,2022,46-55,3,1,1
51,2,2,2,2,2,2,0,0,0,0,0,0,0,0,4,2,2022,46-55,3,0,0
30,1,1,1,2,2,1,2,1,2,1,0,0,60,3,0,1,2022,18-30,1,1,1
18,1,1,2,2,1,2,2,1,0,0,0,0,120,3,0,1,2022,18-30,1,1,0
38,1,1,2,1,2,1,1,1,0,0,2,1,60,4,0,1,2022,31-45,2,1,1
65,1,1,2,2,2,2,2,1,0,0,0,0,120,1,0,2,2022,56-70,4,1,0
43,1,2,2,2,2,1,0,0,0,0,0,0,60,3,0,1,2022,31-45,2,0,1
42,1,1,2,2,2,1,2,1,0,0,0,0,30,3,0,1,2022,31-45,2,1,1
37,1,1,2,2,2,1,2,1,0,0,0,0,60,3,0,2,2022,31-45,2,1,1
44,1,1,2,2,2,2,2,1,0,0,0,0,60,4,0,1,2022,31-45,2,1,0
19,1,1,2,2,2,1,1,2,0,0,0,0,60,3,0,1,2022,18-30,1,1,1
68,1,1,2,2,2,2,2,1,0,0,0,0,30,1,0,2,2022,56-70,4,1,0
23,1,1,2,2,2,2,1,2,0,0,0,0,20,2,0,2,2022,18-30,1,1,0
71,2,2,2,2,2,2,0,0,0,0,0,0,0,0,2,2,2022,70+,5,0,0
26,1,2,2,2,2,1,0,0,0,0,0,0,20,2,0,2,2022,18-30,1,0,1
42,1,1,2,1,2,2,2,1,0,0,2,1,60,2,0,2,2022,31-45,2,1,0
49,2,2,2,2,2,2,0,0,0,0,0,0,0,0,1,3,2022,46-55,3,0,0
66,1,2,2,1,2,1,0,0,0,0,2,1,10,4,0,1,2022,56-70,4,1,1
50,1,1,1,1,2,1,2,1,2,1,2,1,30,3,0,1,2022,46-55,3,1,1
56,1,1,1,1,2,2,2,1,2,1,2,1,15,4,0,1,2022,56-70,4,1,0
43,1,1,2,2,2,2,2,1,0,0,0,0,60,4,0,1,2022,31-45,2,1,0
44,1,1,2,1,2,1,2,1,0,0,2,1,20,4,0,1,2022,31-45,2,1,1
72,1,1,2,1,2,2,2,1,0,0,2,1,30,2,0,1,2022,70+,5,1,0
55,1,2,2,1,2,2,0,0,0,0,2,1,30,2,0,3,2022,46-55,3,1,0
36,1,2,2,2,2,1,0,0,0,0,0,0,30,3,0,1,2022,31-45,2,0,1
52,1,1,2,2,2,1,1,2,0,0,0,0,40,2,0,1,2022,46-55,3,1,1
68,0,0,0,0,0,0,0,0,0,0,0,0,0,0,0,0,2022,56-70,4,0,0
64,1,1,2,2,2,2,1,2,0,0,0,0,15,1,0,1,2022,56-70,4,1,0
24,1,2,1,2,1,1,0,0,1,2,0,0,30,3,0,1,2022,18-30,1,1,1
57,1,1,1,1,2,1,1,2,2,1,2,1,60,4,0,1,2022,56-70,4,1,1
59,2,2,2,2,2,2,0,0,0,0,0,0,0,0,2,1,2022,56-70,4,0,0
43,2,2,2,2,2,2,0,0,0,0,0,0,0,0,5,2,2022,31-45,2,0,0
64,1,2,2,2,2,1,0,0,0,0,0,0,60,3,0,1,2022,56-70,4,0,1
61,2,2,2,2,2,2,0,0,0,0,0,0,0,0,6,1,2022,56-70,4,0,0
48,2,2,2,2,2,2,0,0,0,0,0,0,0,0,5,1,2022,46-55,3,0,0
59,1,1,1,2,2,1,2,1,2,1,0,0,60,4,0,1,2022,56-70,4,1,1
33,1,1,2,2,2,1,2,1,0,0,0,0,60,3,0,1,2022,31-45,2,1,1
40,1,2,2,1,2,2,0,0,0,0,2,1,30,2,0,1,2022,31-45,2,1,0
42,1,1,2,2,2,1,2,1,0,0,0,0,20,2,0,1,2022,31-45,2,1,1
59,1,1,2,1,2,2,2,1,0,0,2,1,10,1,0,2,2022,56-70,4,1,0
20,1,1,1,2,2,1,1,1,2,1,0,0,60,3,0,1,2022,18-30,1,1,1
27,2,2,2,2,2,2,0,0,0,0,0,0,0,0,2,3,2022,18-30,1,0,0
39,2,2,2,2,2,2,0,0,0,0,0,0,0,0,2,3,2022,31-45,2,0,0
81,0,0,0,0,0,0,0,0,0,0,0,0,0,0,0,0,2022,70+,5,0,0
24,2,2,2,2,2,2,0,0,0,0,0,0,0,0,1,2,2022,18-30,1,0,0
20,1,1,2,2,2,1,1,2,0,0,0,0,60,3,0,1,2022,18-30,1,1,1
53,0,0,0,0,0,0,0,0,0,0,0,0,0,0,0,0,2022,46-55,3,0,0
32,2,2,2,2,2,2,0,0,0,0,0,0,0,0,3,1,2022,31-45,2,0,0
68,1,1,2,2,2,2,2,1,0,0,0,0,120,3,0,2,2022,56-70,4,1,0
36,1,2,2,2,2,1,0,0,0,0,0,0,120,3,0,1,2022,31-45,2,0,1
47,1,2,1,2,2,2,0,0,2,1,0,0,30,1,0,2,2022,46-55,3,1,0
57,2,2,1,2,2,2,0,0,2,1,0,0,60,1,0,2,2022,56-70,4,1,0
28,1,1,1,1,2,1,2,1,1,2,1,2,60,3,0,1,2022,18-30,1,1,1
38,1,1,2,2,2,1,1,1,0,0,0,0,30,2,0,2,2022,31-45,2,1,1
59,1,1,1,2,2,2,2,1,1,2,0,0,30,3,0,1,2022,56-70,4,1,0
37,1,1,2,2,2,1,2,1,0,0,0,0,60,4,0,1,2022,31-45,2,1,1
54,0,0,0,0,0,0,0,0,0,0,0,0,0,0,0,0,2022,46-55,3,0,0
66,2,2,2,2,2,2,0,0,0,0,0,0,0,0,3,2,2022,56-70,4,0,0
68,1,1,2,2,2,2,2,1,0,0,0,0,60,3,0,2,2022,56-70,4,1,0
53,0,0,0,0,0,0,0,0,0,0,0,0,0,0,0,0,2022,46-55,3,0,0
18,1,1,2,2,2,2,2,1,0,0,0,0,30,4,0,1,2022,18-30,1,1,0
53,1,1,2,2,2,2,2,1,0,0,0,0,30,3,0,2,2022,46-55,3,1,0
33,2,2,2,2,2,2,0,0,0,0,0,0,0,0,3,2,2022,31-45,2,0,0
67,2,2,2,2,2,2,0,0,0,0,0,0,0,0,2,2,2022,56-70,4,0,0
29,1,1,2,2,2,2,2,1,0,0,0,0,20,3,0,2,2022,18-30,1,1,0
33,1,1,2,2,2,2,1,2,0,0,0,0,30,3,0,1,2022,31-45,2,1,0
29,1,1,1,2,2,2,1,2,2,1,0,0,20,2,0,2,2022,18-30,1,1,0
49,2,2,2,2,2,2,0,0,0,0,0,0,0,0,3,1,2022,46-55,3,0,0
39,1,1,1,1,1,1,2,1,1,2,1,2,30,3,0,1,2022,31-45,2,1,1
51,1,2,2,1,2,2,0,0,0,0,2,1,30,4,0,2,2022,46-55,3,1,0
53,2,2,2,2,2,2,0,0,0,0,0,0,0,0,3,2,2022,46-55,3,0,0
29,1,1,2,2,2,2,2,1,0,0,0,0,90,3,0,1,2022,18-30,1,1,0
54,2,2,2,2,2,2,0,0,0,0,0,0,0,0,3,2,2022,46-55,3,0,0
43,2,1,2,2,2,2,2,1,0,0,0,0,30,2,0,2,2022,31-45,2,1,0
45,2,2,2,2,2,2,0,0,0,0,0,0,0,0,1,3,2022,31-45,2,0,0
59,1,1,2,1,2,2,2,1,0,0,2,1,30,3,0,2,2022,56-70,4,1,0
71,2,2,2,2,2,2,0,0,0,0,0,0,0,0,5,2,2022,70+,5,0,0
57,2,2,2,2,2,2,0,0,0,0,0,0,0,0,4,2,2022,56-70,4,0,0
28,2,2,2,2,2,2,0,0,0,0,0,0,0,0,1,1,2022,18-30,1,0,0
22,2,2,2,2,2,2,0,0,0,0,0,0,0,0,3,2,2022,18-30,1,0,0
41,1,1,1,2,2,2,2,1,2,1,0,0,40,3,0,2,2022,31-45,2,1,0
62,1,1,2,1,2,2,1,2,0,0,2,1,60,3,0,1,2022,56-70,4,1,0
20,1,1,2,2,2,1,2,1,0,0,0,0,60,3,0,1,2022,18-30,1,1,1
34,1,1,1,2,2,1,1,1,2,1,0,0,30,3,0,1,2022,31-45,2,1,1
38,1,1,2,1,2,1,2,1,0,0,2,1,30,3,0,2,2022,31-45,2,1,1
73,2,2,2,2,2,2,0,0,0,0,0,0,0,0,1,2,2022,70+,5,0,0
28,2,2,2,2,2,2,0,0,0,0,0,0,0,0,3,2,2022,18-30,1,0,0
45,2,2,2,2,2,2,0,0,0,0,0,0,0,0,3,1,2022,31-45,2,0,0
57,1,1,2,2,2,2,2,1,0,0,0,0,90,4,0,1,2022,56-70,4,1,0
53,2,2,2,2,2,2,0,0,0,0,0,0,0,0,2,1,2022,46-55,3,0,0
61,2,2,2,2,2,2,0,0,0,0,0,0,0,0,5,2,2022,56-70,4,0,0
19,1,1,2,2,2,1,2,1,0,0,0,0,45,4,0,1,2022,18-30,1,1,1
34,1,1,1,2,2,1,2,1,2,1,0,0,20,3,0,2,2022,31-45,2,1,1
35,1,1,2,2,2,2,2,1,0,0,0,0,20,3,0,2,2022,31-45,2,1,0
85,0,0,0,0,0,0,0,0,0,0,0,0,0,0,0,0,2022,70+,5,0,0
42,2,2,2,2,2,2,0,0,0,0,0,0,0,0,3,2,2022,31-45,2,0,0
43,1,1,2,2,2,2,1,2,0,0,0,0,40,4,0,1,2022,31-45,2,1,0
30,1,1,2,2,2,2,1,2,0,0,0,0,120,2,0,1,2022,18-30,1,1,0
28,2,2,2,2,2,2,0,0,0,0,0,0,0,0,3,2,2022,18-30,1,0,0
68,1,1,2,2,2,2,2,1,0,0,0,0,10,2,0,2,2022,56-70,4,1,0
29,1,1,2,2,2,1,2,1,0,0,0,0,30,4,0,2,2022,18-30,1,1,1
48,1,2,2,2,2,2,0,0,0,0,0,0,0,0,1,2,2022,46-55,3,0,0
45,2,2,2,1,2,1,0,0,0,0,2,1,30,4,0,1,2022,31-45,2,1,1
68,1,2,1,2,2,2,0,0,2,1,0,0,20,4,0,2,2022,56-70,4,1,0
72,1,1,1,2,2,2,2,1,2,1,0,0,40,3,0,2,2022,70+,5,1,0
74,1,1,2,2,2,2,2,1,0,0,0,0,15,4,0,2,2022,70+,5,1,0
40,1,2,2,2,2,2,0,0,0,0,0,0,0,0,1,2,2022,31-45,2,0,0
29,2,2,2,2,2,2,0,0,0,0,0,0,0,0,3,1,2022,18-30,1,0,0
54,1,2,2,2,2,1,0,0,0,0,0,0,60,2,0,2,2022,46-55,3,0,1
61,1,2,1,2,2,1,0,0,2,1,0,0,20,3,0,1,2022,56-70,4,1,1
85,2,2,2,2,2,2,0,0,0,0,0,0,0,0,5,2,2022,70+,5,0,0
55,1,2,1,1,2,2,0,0,2,1,2,1,30,2,0,2,2022,46-55,3,1,0
62,1,1,1,1,2,1,2,1,2,1,1,2,120,4,0,1,2022,56-70,4,1,1
25,1,2,2,2,2,2,0,0,0,0,0,0,0,0,3,1,2022,18-30,1,0,0
29,1,1,2,1,2,2,1,1,0,0,2,1,180,4,0,1,2022,18-30,1,1,0
39,1,2,1,2,2,1,0,0,1,2,0,0,25,3,0,1,2022,31-45,2,1,1
44,1,1,1,2,2,1,1,2,2,1,0,0,120,4,0,1,2022,31-45,2,1,1
51,1,1,2,2,2,1,2,1,0,0,0,0,90,4,0,1,2022,46-55,3,1,1
56,1,2,2,2,2,1,0,0,0,0,0,0,180,3,0,1,2022,56-70,4,0,1
22,1,1,1,2,2,1,2,1,1,2,0,0,360,3,0,1,2022,18-30,1,1,1
33,1,2,2,2,2,1,0,0,0,0,0,0,30,3,0,1,2022,31-45,2,0,1
22,1,1,2,2,2,1,1,2,0,0,0,0,5,4,0,2,2022,18-30,1,1,1
25,1,1,2,1,2,1,2,1,0,0,1,2,30,3,0,1,2022,18-30,1,1,1
48,1,1,1,2,2,2,2,1,2,1,0,0,20,3,0,2,2022,46-55,3,1,0
48,1,2,1,2,2,2,0,0,2,1,0,0,20,3,0,1,2022,46-55,3,1,0
47,1,2,2,2,2,2,0,0,0,0,0,0,0,0,2,2,2022,46-55,3,0,0
25,2,2,2,2,2,2,0,0,0,0,0,0,0,0,3,1,2022,18-30,1,0,0
18,1,2,2,2,2,2,0,0,0,0,0,0,0,0,3,1,2022,18-30,1,0,0
27,2,2,2,2,2,2,0,0,0,0,0,0,0,0,3,1,2022,18-30,1,0,0
54,2,2,2,2,2,2,0,0,0,0,0,0,0,0,3,2,2022,46-55,3,0,0
49,2,2,2,2,2,2,0,0,0,0,0,0,0,0,2,2,2022,46-55,3,0,0
43,1,1,1,1,2,1,2,1,1,1,1,2,60,4,0,1,2022,31-45,2,1,1
53,1,2,1,1,2,2,0,0,2,1,2,1,60,3,0,1,2022,46-55,3,1,0
61,1,1,2,2,2,1,2,1,0,0,0,0,60,3,0,3,2022,56-70,4,1,1
21,1,1,2,2,1,1,2,1,0,0,0,0,20,3,0,1,2022,18-30,1,1,1
26,2,2,2,2,2,2,0,0,0,0,0,0,0,0,2,1,2022,18-30,1,0,0
39,1,1,2,2,1,1,1,2,0,0,0,0,30,4,0,1,2022,31-45,2,1,1
72,1,2,1,2,2,2,0,0,2,1,0,0,60,3,0,1,2022,70+,5,1,0
67,2,2,2,2,2,1,0,0,0,0,0,0,180,3,0,1,2022,56-70,4,0,1
38,2,2,1,2,2,1,0,0,1,2,0,0,30,3,0,2,2022,31-45,2,1,1
27,1,1,2,1,2,1,1,1,0,0,2,1,40,3,0,2,2022,18-30,1,1,1
56,1,1,2,2,2,2,2,1,0,0,0,0,30,4,0,2,2022,56-70,4,1,0
31,2,2,2,2,2,1,0,0,0,0,0,0,60,3,0,2,2022,31-45,2,0,1
38,1,1,1,1,2,2,1,2,2,1,1,2,60,4,0,1,2022,31-45,2,1,0
45,2,2,2,2,2,2,0,0,0,0,0,0,0,0,3,2,2022,31-45,2,0,0
71,1,1,2,2,2,1,2,1,0,0,0,0,60,3,0,1,2022,70+,5,1,1
36,1,1,2,2,2,1,1,2,0,0,0,0,30,3,0,1,2022,31-45,2,1,1
70,2,2,2,2,2,2,0,0,0,0,0,0,0,0,2,3,2022,56-70,4,0,0
29,1,1,1,2,2,2,1,2,1,2,0,0,180,4,0,1,2022,18-30,1,1,0
29,1,1,2,2,2,2,2,1,0,0,0,0,30,3,0,3,2022,18-30,1,1,0
51,2,2,2,2,2,2,0,0,0,0,0,0,0,0,3,1,2022,46-55,3,0,0
43,1,2,1,2,2,2,0,0,2,1,0,0,10,3,0,3,2022,31-45,2,1,0
44,1,1,1,2,2,2,2,1,2,1,0,0,10,3,0,1,2022,31-45,2,1,0
24,1,2,2,2,2,1,0,0,0,0,0,0,40,3,0,1,2022,18-30,1,0,1
28,2,2,2,2,2,1,0,0,0,0,0,0,5,4,0,1,2022,18-30,1,0,1
31,1,1,2,2,2,1,1,2,0,0,0,0,20,3,0,1,2022,31-45,2,1,1
33,1,2,1,1,2,2,0,0,2,1,2,1,30,2,0,1,2022,31-45,2,1,0
65,0,0,0,0,0,0,0,0,0,0,0,0,0,0,0,0,2022,56-70,4,0,0
44,1,1,2,2,2,2,1,2,0,0,0,0,60,3,0,1,2022,31-45,2,1,0
36,1,1,1,2,2,1,2,1,2,1,0,0,60,3,0,1,2022,31-45,2,1,1
53,1,2,2,2,2,2,0,0,0,0,0,0,0,0,3,1,2022,46-55,3,0,0
68,1,2,2,2,2,1,0,0,0,0,0,0,30,2,0,2,2022,56-70,4,0,1
65,1,1,2,2,2,2,2,1,0,0,0,0,60,3,0,1,2022,56-70,4,1,0
24,1,1,2,1,2,1,2,1,0,0,2,1,10,4,0,1,2022,18-30,1,1,1
34,1,1,1,1,2,2,2,1,2,1,2,1,30,3,0,3,2022,31-45,2,1,0
27,1,1,1,1,1,1,2,1,2,1,2,1,120,4,0,1,2022,18-30,1,1,1
63,1,1,2,2,2,2,2,1,0,0,0,0,30,1,0,1,2022,56-70,4,1,0
47,2,2,2,2,2,2,0,0,0,0,0,0,0,0,1,2,2022,46-55,3,0,0
62,2,2,2,2,2,2,0,0,0,0,0,0,0,0,5,2,2022,56-70,4,0,0
37,2,2,2,2,1,1,0,0,0,0,0,0,30,3,0,1,2022,31-45,2,1,1
31,1,2,1,2,2,1,0,0,1,1,0,0,20,4,0,1,2022,31-45,2,1,1
36,1,1,1,2,2,1,2,1,2,1,0,0,60,3,0,1,2022,31-45,2,1,1
40,2,2,1,1,2,2,0,0,1,2,1,2,30,4,0,1,2022,31-45,2,1,0
49,1,2,1,1,2,1,0,0,2,1,1,2,25,3,0,1,2022,46-55,3,1,1
29,1,1,2,2,2,2,2,1,0,0,0,0,60,3,0,1,2022,18-30,1,1,0
69,1,1,2,2,2,2,2,1,0,0,0,0,30,2,0,2,2022,56-70,4,1,0
57,1,1,2,2,2,2,1,2,0,0,0,0,30,3,0,3,2022,56-70,4,1,0
41,2,2,2,2,2,2,0,0,0,0,0,0,0,0,3,2,2022,31-45,2,0,0
37,2,2,2,2,2,2,0,0,0,0,0,0,0,0,3,2,2022,31-45,2,0,0
37,2,2,2,2,2,2,0,0,0,0,0,0,0,0,3,2,2022,31-45,2,0,0
54,1,1,2,2,2,2,2,1,0,0,0,0,20,3,0,2,2022,46-55,3,1,0
65,2,2,2,2,2,2,0,0,0,0,0,0,0,0,5,2,2022,56-70,4,0,0
21,1,1,2,2,2,2,2,1,0,0,0,0,30,4,0,1,2022,18-30,1,1,0
33,1,1,2,2,2,2,2,1,0,0,0,0,40,4,0,1,2022,31-45,2,1,0
53,1,2,2,2,2,2,0,0,0,0,0,0,0,0,3,2,2022,46-55,3,0,0
35,2,1,2,2,2,2,2,1,0,0,0,0,30,3,0,1,2022,31-45,2,1,0
77,2,2,2,2,2,2,0,0,0,0,0,0,0,0,5,2,2022,70+,5,0,0
46,1,1,2,1,2,2,2,1,0,0,2,1,30,1,0,1,2022,46-55,3,1,0
48,2,2,2,2,2,2,0,0,0,0,0,0,0,0,1,2,2022,46-55,3,0,0
23,1,1,1,2,2,2,1,2,1,2,0,0,30,4,0,1,2022,18-30,1,1,0
24,1,1,2,2,2,2,2,1,0,0,0,0,30,4,0,1,2022,18-30,1,1,0
28,2,2,2,2,2,2,0,0,0,0,0,0,0,0,3,2,2022,18-30,1,0,0
59,2,2,2,2,2,2,0,0,0,0,0,0,0,0,4,3,2022,56-70,4,0,0
31,1,1,1,1,2,1,2,1,2,1,2,1,90,3,0,1,2022,31-45,2,1,1
34,2,2,2,2,2,2,0,0,0,0,0,0,0,0,1,2,2022,31-45,2,0,0
39,2,2,2,2,2,2,0,0,0,0,0,0,0,0,3,1,2022,31-45,2,0,0
50,0,0,0,0,0,0,0,0,0,0,0,0,0,0,0,0,2022,46-55,3,0,0
28,2,1,1,2,1,1,2,1,1,2,0,0,60,4,0,2,2022,18-30,1,1,1
37,2,2,2,2,2,2,0,0,0,0,0,0,0,0,3,2,2022,31-45,2,0,0
28,2,2,2,2,2,2,0,0,0,0,0,0,0,0,1,1,2022,18-30,1,0,0
41,2,2,2,2,2,2,0,0,0,0,0,0,0,0,1,2,2022,31-45,2,0,0
38,1,2,1,1,2,1,0,0,2,1,2,1,60,3,0,1,2022,31-45,2,1,1
58,1,1,2,2,2,2,2,1,0,0,0,0,60,3,0,1,2022,56-70,4,1,0
59,1,1,2,2,2,2,2,1,0,0,0,0,60,4,0,1,2022,56-70,4,1,0
65,2,2,2,2,2,2,0,0,0,0,0,0,0,0,5,2,2022,56-70,4,0,0
36,1,1,2,2,2,2,2,1,0,0,0,0,30,4,0,2,2022,31-45,2,1,0
63,2,2,2,2,2,2,0,0,0,0,0,0,0,0,5,2,2022,56-70,4,0,0
57,1,1,2,2,2,2,2,1,0,0,0,0,20,3,0,2,2022,56-70,4,1,0
58,2,2,2,2,2,2,0,0,0,0,0,0,0,0,1,2,2022,56-70,4,0,0
24,2,2,2,2,2,2,0,0,0,0,0,0,0,0,1,1,2022,18-30,1,0,0
36,1,1,2,2,2,1,2,1,0,0,0,0,60,4,0,1,2022,31-45,2,1,1
66,2,2,2,2,2,2,0,0,0,0,0,0,0,0,5,2,2022,56-70,4,0,0
35,1,1,2,2,2,2,2,1,0,0,0,0,45,4,0,1,2022,31-45,2,1,0
27,1,1,1,2,2,1,2,1,2,1,0,0,30,3,0,1,2022,18-30,1,1,1
21,2,2,2,2,2,2,0,0,0,0,0,0,0,0,1,1,2022,18-30,1,0,0
61,2,2,2,2,2,2,0,0,0,0,0,0,0,0,5,2,2022,56-70,4,0,0
30,1,1,1,2,2,2,2,1,1,2,0,0,90,4,0,1,2022,18-30,1,1,0
37,1,1,1,1,2,2,2,1,1,2,2,1,60,3,0,1,2022,31-45,2,1,0
72,1,1,2,1,2,2,2,1,0,0,2,1,45,4,0,2,2022,70+,5,1,0
40,2,2,2,1,2,1,0,0,0,0,2,1,30,3,0,2,2022,31-45,2,1,1
64,1,1,1,1,2,2,2,1,2,1,2,1,40,3,0,2,2022,56-70,4,1,0
59,1,1,2,1,2,2,2,1,0,0,2,1,30,4,0,2,2022,56-70,4,1,0
45,2,2,2,2,2,2,0,0,0,0,0,0,0,0,1,2,2022,31-45,2,0,0
27,1,1,2,2,2,2,2,1,0,0,0,0,60,4,0,2,2022,18-30,1,1,0
52,2,2,2,1,2,2,0,0,0,0,2,1,30,3,0,2,2022,46-55,3,1,0
56,1,2,1,1,2,2,0,0,2,1,2,1,60,3,0,2,2022,56-70,4,1,0
53,1,2,1,2,2,2,0,0,2,1,0,0,20,2,0,2,2022,46-55,3,1,0
74,2,2,2,2,2,2,0,0,0,0,0,0,0,0,1,1,2022,70+,5,0,0
40,2,2,2,2,2,2,0,0,0,0,0,0,0,0,1,1,2022,31-45,2,0,0
32,1,2,2,1,2,2,0,0,0,0,1,2,40,4,0,3,2022,31-45,2,1,0
48,1,1,2,2,2,1,2,1,0,0,0,0,15,2,0,1,2022,46-55,3,1,1
31,1,2,2,2,2,1,0,0,0,0,0,0,60,4,0,1,2022,31-45,2,0,1
55,1,2,2,2,2,2,0,0,0,0,0,0,0,0,2,2,2022,46-55,3,0,0
29,1,2,2,1,2,2,0,0,0,0,2,1,15,2,0,2,2022,18-30,1,1,0
72,1,2,2,1,2,2,0,0,0,0,2,1,30,3,0,2,2022,70+,5,1,0
72,1,2,2,2,2,2,0,0,0,0,0,0,0,0,1,2,2022,70+,5,0,0
49,1,1,2,1,2,2,2,1,0,0,2,1,15,3,0,2,2022,46-55,3,1,0
49,1,1,2,2,2,2,2,1,0,0,0,0,15,2,0,1,2022,46-55,3,1,0
58,2,2,2,2,2,2,0,0,0,0,0,0,0,0,1,2,2022,56-70,4,0,0
26,1,2,2,1,2,2,0,0,0,0,2,1,15,3,0,1,2022,18-30,1,1,0
65,1,2,1,1,2,2,0,0,1,2,1,2,20,4,0,1,2022,56-70,4,1,0
29,1,1,2,2,2,1,1,1,0,0,0,0,30,3,0,1,2022,18-30,1,1,1
61,2,2,2,2,2,2,0,0,0,0,0,0,0,0,3,2,2022,56-70,4,0,0
45,1,1,2,2,2,2,2,1,0,0,0,0,20,2,0,1,2022,31-45,2,1,0
59,1,2,1,1,2,2,0,0,2,1,2,1,30,4,0,1,2022,56-70,4,1,0
53,1,1,1,1,2,1,2,1,2,1,2,1,30,4,0,1,2022,46-55,3,1,1
59,1,1,1,1,2,1,2,1,2,1,2,1,40,4,0,1,2022,56-70,4,1,1
68,1,1,1,1,2,2,2,1,2,1,2,1,30,4,0,2,2022,56-70,4,1,0
37,1,1,1,1,2,1,2,1,2,1,2,1,60,3,0,1,2022,31-45,2,1,1
36,1,2,2,2,2,1,0,0,0,0,0,0,60,2,0,1,2022,31-45,2,0,1
25,1,1,2,2,2,1,1,2,0,0,0,0,10,3,0,1,2022,18-30,1,1,1
20,1,1,2,2,2,1,2,1,0,0,0,0,20,3,0,2,2022,18-30,1,1,1
85,1,1,1,1,2,2,2,1,2,1,2,1,120,4,0,1,2022,70+,5,1,0
67,1,2,2,2,2,2,0,0,0,0,0,0,0,0,1,1,2022,56-70,4,0,0
75,1,2,1,1,2,2,0,0,2,1,2,1,40,4,0,2,2022,70+,5,1,0
41,1,2,2,1,2,2,0,0,0,0,2,1,20,3,0,1,2022,31-45,2,1,0
22,1,1,2,2,2,1,1,2,0,0,0,0,20,4,0,1,2022,18-30,1,1,1
24,2,1,2,2,1,1,2,1,0,0,0,0,30,3,0,1,2022,18-30,1,1,1
28,1,1,2,2,2,1,2,1,0,0,0,0,35,3,0,2,2022,18-30,1,1,1
54,1,2,1,2,2,1,0,0,2,1,0,0,60,4,0,1,2022,46-55,3,1,1
33,1,1,2,2,2,1,2,1,0,0,0,0,40,4,0,1,2022,31-45,2,1,1
57,1,1,2,2,2,1,2,1,0,0,0,0,120,2,0,1,2022,56-70,4,1,1
55,2,2,2,2,2,2,0,0,0,0,0,0,0,0,3,2,2022,46-55,3,0,0
20,2,2,2,2,2,1,0,0,0,0,0,0,20,4,0,1,2022,18-30,1,0,1
55,2,2,2,2,2,1,0,0,0,0,0,0,120,4,0,1,2022,46-55,3,0,1
38,1,1,1,1,1,1,2,1,2,1,2,1,120,4,0,1,2022,31-45,2,1,1
46,1,2,2,2,2,1,0,0,0,0,0,0,30,3,0,2,2022,46-55,3,0,1
27,1,2,2,2,2,2,0,0,0,0,0,0,0,0,1,2,2022,18-30,1,0,0
50,1,1,1,2,1,1,2,1,2,1,0,0,60,4,0,2,2022,46-55,3,1,1
25,2,2,2,2,2,2,0,0,0,0,0,0,0,0,2,2,2022,18-30,1,0,0
68,1,1,1,1,2,2,2,1,2,1,2,1,60,4,0,1,2022,56-70,4,1,0
53,2,2,2,2,2,2,0,0,0,0,0,0,0,0,3,2,2022,46-55,3,0,0
82,1,1,1,1,1,2,2,1,2,1,2,1,60,4,0,1,2022,70+,5,1,0
74,1,2,1,1,2,1,0,0,1,2,1,2,180,4,0,1,2022,70+,5,1,1
63,1,1,1,2,1,1,2,1,2,1,0,0,20,3,0,1,2022,56-70,4,1,1
59,2,2,2,2,2,2,0,0,0,0,0,0,0,0,1,2,2022,56-70,4,0,0
36,1,1,2,2,2,2,2,1,0,0,0,0,60,4,0,2,2022,31-45,2,1,0
44,1,2,2,2,2,1,0,0,0,0,0,0,60,4,0,2,2022,31-45,2,0,1
70,2,2,2,2,2,2,0,0,0,0,0,0,0,0,2,2,2022,56-70,4,0,0
76,2,2,2,2,2,2,0,0,0,0,0,0,0,0,5,3,2022,70+,5,0,0
37,1,2,2,2,2,2,0,0,0,0,0,0,0,0,2,3,2022,31-45,2,0,0
64,2,2,2,2,2,2,0,0,0,0,0,0,0,0,2,2,2022,56-70,4,0,0
22,1,1,2,2,2,2,2,1,0,0,0,0,60,4,0,2,2022,18-30,1,1,0
57,1,2,2,2,2,2,0,0,0,0,0,0,0,0,3,1,2022,56-70,4,0,0
30,2,2,1,2,2,1,0,0,2,1,0,0,15,4,0,1,2022,18-30,1,1,1
46,2,2,2,2,2,2,0,0,0,0,0,0,0,0,3,2,2022,46-55,3,0,0
33,1,2,2,1,2,2,0,0,0,0,2,1,30,3,0,2,2022,31-45,2,1,0
50,1,1,2,2,2,1,1,2,0,0,0,0,60,3,0,2,2022,46-55,3,1,1
43,2,2,2,2,2,2,0,0,0,0,0,0,0,0,3,1,2022,31-45,2,0,0
49,1,1,1,1,2,1,1,2,1,2,1,2,30,2,0,1,2022,46-55,3,1,1
32,1,1,2,2,2,2,2,1,0,0,0,0,30,3,0,1,2022,31-45,2,1,0
57,1,2,2,1,2,2,0,0,0,0,1,2,180,3,0,2,2022,56-70,4,1,0
56,1,2,1,2,2,2,0,0,2,1,0,0,20,3,0,1,2022,56-70,4,1,0
30,1,1,2,2,2,1,2,1,0,0,0,0,20,3,0,1,2022,18-30,1,1,1
40,1,1,2,2,2,2,2,1,0,0,0,0,20,4,0,1,2022,31-45,2,1,0
39,1,1,2,2,2,1,2,1,0,0,0,0,60,3,0,2,2022,31-45,2,1,1
61,1,1,2,2,2,1,2,1,0,0,0,0,60,3,0,2,2022,56-70,4,1,1
40,1,1,1,1,1,1,2,1,2,1,2,1,30,3,0,2,2022,31-45,2,1,1
40,1,1,1,2,2,1,2,1,2,1,0,0,30,3,0,1,2022,31-45,2,1,1
43,1,1,1,1,1,1,1,2,1,2,1,2,60,3,0,2,2022,31-45,2,1,1
30,1,2,1,2,2,1,0,0,2,1,0,0,20,4,0,1,2022,18-30,1,1,1
26,1,1,2,2,2,1,2,1,0,0,0,0,15,3,0,1,2022,18-30,1,1,1
75,2,2,2,2,2,2,0,0,0,0,0,0,0,0,5,2,2022,70+,5,0,0
46,2,2,2,2,2,2,0,0,0,0,0,0,0,0,3,1,2022,46-55,3,0,0
49,1,1,2,1,2,1,2,1,0,0,2,1,30,3,0,1,2022,46-55,3,1,1
52,0,0,0,0,0,0,0,0,0,0,0,0,0,0,0,0,2022,46-55,3,0,0
44,2,2,2,2,2,2,0,0,0,0,0,0,0,0,3,2,2022,31-45,2,0,0
20,2,2,2,2,2,2,0,0,0,0,0,0,0,0,1,2,2022,18-30,1,0,0
85,2,2,2,2,2,2,0,0,0,0,0,0,0,0,5,2,2022,70+,5,0,0
34,1,1,2,1,2,2,2,1,0,0,1,2,40,3,0,2,2022,31-45,2,1,0
27,2,2,2,2,2,2,0,0,0,0,0,0,0,0,1,1,2022,18-30,1,0,0
28,2,2,2,2,2,2,0,0,0,0,0,0,0,0,1,2,2022,18-30,1,0,0
42,2,2,2,2,2,2,0,0,0,0,0,0,0,0,3,2,2022,31-45,2,0,0
43,1,1,2,2,2,2,2,1,0,0,0,0,20,3,0,1,2022,31-45,2,1,0
71,1,1,2,2,2,1,2,1,0,0,0,0,30,2,0,1,2022,70+,5,1,1
58,1,1,2,2,2,1,2,1,0,0,0,0,60,4,0,1,2022,56-70,4,1,1
71,2,2,2,2,2,2,0,0,0,0,0,0,0,0,2,2,2022,70+,5,0,0
27,1,2,2,1,2,1,0,0,0,0,1,2,30,3,0,3,2022,18-30,1,1,1
54,2,2,2,2,2,2,0,0,0,0,0,0,0,0,1,2,2022,46-55,3,0,0
26,2,2,2,2,2,2,0,0,0,0,0,0,0,0,2,1,2022,18-30,1,0,0
65,2,2,2,2,2,2,0,0,0,0,0,0,0,0,5,2,2022,56-70,4,0,0
48,1,1,1,1,2,2,2,1,2,1,2,1,3,1,0,1,2022,46-55,3,1,0
43,1,2,2,2,1,1,0,0,0,0,0,0,20,2,0,2,2022,31-45,2,1,1
21,2,2,2,2,2,1,0,0,0,0,0,0,5,1,0,2,2022,18-30,1,0,1
22,2,1,1,2,1,2,2,1,1,2,0,0,90,3,0,1,2022,18-30,1,1,0
37,1,2,2,1,2,2,0,0,0,0,2,1,60,3,0,1,2022,31-45,2,1,0
39,2,2,2,2,2,2,0,0,0,0,0,0,0,0,3,1,2022,31-45,2,0,0
48,1,1,1,2,2,2,2,1,2,1,0,0,60,3,0,2,2022,46-55,3,1,0
67,2,2,2,2,2,2,0,0,0,0,0,0,0,0,5,2,2022,56-70,4,0,0
63,2,1,2,2,2,2,2,1,0,0,0,0,30,3,0,2,2022,56-70,4,1,0
32,2,2,2,2,2,2,0,0,0,0,0,0,0,0,2,1,2022,31-45,2,0,0
37,1,2,1,2,2,1,0,0,1,2,0,0,10,2,0,2,2022,31-45,2,1,1
55,1,1,2,1,2,1,1,2,0,0,2,1,20,4,0,2,2022,46-55,3,1,1
21,1,1,2,1,2,2,1,2,0,0,2,1,30,3,0,1,2022,18-30,1,1,0
21,1,1,2,2,2,1,2,1,0,0,0,0,60,3,0,1,2022,18-30,1,1,1
32,1,1,2,1,2,2,1,2,0,0,1,2,20,3,0,1,2022,31-45,2,1,0
38,1,2,2,1,2,2,0,0,0,0,1,2,20,3,0,1,2022,31-45,2,1,0
25,1,1,2,2,2,1,1,1,0,0,0,0,120,4,0,1,2022,18-30,1,1,1
39,2,2,2,2,2,1,0,0,0,0,0,0,10,4,0,1,2022,31-45,2,0,1
54,1,2,1,1,2,2,0,0,2,1,2,1,20,4,0,2,2022,46-55,3,1,0
27,1,2,1,2,2,1,0,0,1,2,0,0,30,1,0,1,2022,18-30,1,1,1
40,1,1,1,2,2,2,2,1,2,1,0,0,60,4,0,1,2022,31-45,2,1,0
55,1,2,1,2,2,2,0,0,2,1,0,0,20,3,0,2,2022,46-55,3,1,0
39,1,2,2,2,2,1,0,0,0,0,0,0,30,2,0,2,2022,31-45,2,0,1
38,1,2,1,1,2,1,0,0,2,1,1,2,40,4,0,2,2022,31-45,2,1,1
53,1,2,1,2,2,2,0,0,2,1,0,0,20,1,0,2,2022,46-55,3,1,0
32,2,2,2,2,2,2,0,0,0,0,0,0,0,0,3,2,2022,31-45,2,0,0
39,1,2,2,1,2,1,0,0,0,0,2,1,40,4,0,2,2022,31-45,2,1,1
30,2,2,2,2,2,2,0,0,0,0,0,0,0,0,3,2,2022,18-30,1,0,0
35,2,2,2,2,2,2,0,0,0,0,0,0,0,0,3,2,2022,31-45,2,0,0
33,1,1,2,2,2,2,2,1,0,0,0,0,30,3,0,1,2022,31-45,2,1,0
23,2,2,2,2,2,2,0,0,0,0,0,0,0,0,3,2,2022,18-30,1,0,0
41,2,2,2,2,2,2,0,0,0,0,0,0,0,0,3,2,2022,31-45,2,0,0
43,2,2,2,2,2,2,0,0,0,0,0,0,0,0,1,2,2022,31-45,2,0,0
26,2,1,1,1,2,2,2,1,2,1,2,1,30,4,0,1,2022,18-30,1,1,0
29,2,2,2,2,2,2,0,0,0,0,0,0,0,0,3,2,2022,18-30,1,0,0
31,2,2,2,2,2,2,0,0,0,0,0,0,0,0,3,2,2022,31-45,2,0,0
45,2,2,2,2,2,2,0,0,0,0,0,0,0,0,3,2,2022,31-45,2,0,0
62,1,1,2,2,2,2,2,1,0,0,0,0,60,3,0,2,2022,56-70,4,1,0
71,1,1,2,2,2,2,2,1,0,0,0,0,60,2,0,1,2022,70+,5,1,0
67,2,2,2,2,2,2,0,0,0,0,0,0,0,0,1,2,2022,56-70,4,0,0
43,1,2,1,2,2,1,0,0,1,2,0,0,15,2,0,1,2022,31-45,2,1,1
54,1,1,1,1,2,2,2,1,2,1,2,1,20,4,0,1,2022,46-55,3,1,0
44,1,1,2,1,2,1,1,2,0,0,1,2,180,3,0,1,2022,31-45,2,1,1
44,1,2,1,1,2,1,0,0,1,2,1,2,120,4,0,1,2022,31-45,2,1,1
20,1,1,2,2,2,1,2,1,0,0,0,0,60,3,0,1,2022,18-30,1,1,1
43,2,2,2,1,2,2,0,0,0,0,1,2,15,3,0,1,2022,31-45,2,1,0
45,1,2,1,2,2,1,0,0,1,2,0,0,60,3,0,2,2022,31-45,2,1,1
22,1,1,2,2,2,2,1,1,0,0,0,0,30,3,0,2,2022,18-30,1,1,0
61,1,1,2,1,2,2,2,1,0,0,2,1,40,4,0,2,2022,56-70,4,1,0
20,1,2,2,2,2,1,0,0,0,0,0,0,30,4,0,1,2022,18-30,1,0,1
70,2,2,1,1,2,2,0,0,2,1,2,1,30,3,0,1,2022,56-70,4,1,0
22,1,2,1,1,2,1,0,0,2,1,2,1,60,4,0,2,2022,18-30,1,1,1
59,2,2,2,2,2,2,0,0,0,0,0,0,0,0,5,2,2022,56-70,4,0,0
40,1,1,1,2,2,1,1,2,1,2,0,0,10,4,0,1,2022,31-45,2,1,1
43,2,2,2,2,2,2,0,0,0,0,0,0,0,0,1,1,2022,31-45,2,0,0
44,2,2,2,2,2,2,0,0,0,0,0,0,0,0,1,1,2022,31-45,2,0,0
47,1,1,2,2,2,2,2,1,0,0,0,0,20,3,0,1,2022,46-55,3,1,0
60,1,2,2,1,2,2,0,0,0,0,2,1,20,3,0,2,2022,56-70,4,1,0
61,1,1,1,2,2,2,2,1,2,1,0,0,120,3,0,1,2022,56-70,4,1,0
44,1,1,2,2,2,2,2,1,0,0,0,0,40,3,0,1,2022,31-45,2,1,0
31,1,1,2,2,2,1,2,1,0,0,0,0,60,4,0,1,2022,31-45,2,1,1
27,1,1,2,2,2,2,2,1,0,0,0,0,40,3,0,1,2022,18-30,1,1,0
54,1,2,2,2,2,1,0,0,0,0,0,0,15,3,0,2,2022,46-55,3,0,1
34,1,1,1,2,2,1,2,1,2,1,0,0,10,3,0,1,2022,31-45,2,1,1
51,2,2,1,2,2,2,0,0,2,1,0,0,180,1,0,2,2022,46-55,3,1,0
57,1,2,2,2,2,2,0,0,0,0,0,0,0,0,2,2,2022,56-70,4,0,0
57,2,2,2,2,2,2,0,0,0,0,0,0,0,0,3,2,2022,56-70,4,0,0
45,2,2,2,1,2,2,0,0,0,0,2,1,15,3,0,2,2022,31-45,2,1,0
62,2,2,2,2,2,2,0,0,0,0,0,0,0,0,3,1,2022,56-70,4,0,0
60,2,2,2,2,2,2,0,0,0,0,0,0,0,0,5,1,2022,56-70,4,0,0
47,1,2,2,2,2,1,0,0,0,0,0,0,30,4,0,1,2022,46-55,3,0,1
59,2,2,2,2,2,2,0,0,0,0,0,0,0,0,1,2,2022,56-70,4,0,0
55,1,1,1,1,2,1,1,2,1,2,1,2,30,2,0,1,2022,46-55,3,1,1
45,1,1,2,2,2,1,2,1,0,0,0,0,45,3,0,1,2022,31-45,2,1,1
31,1,2,2,1,2,2,0,0,0,0,2,1,30,4,0,1,2022,31-45,2,1,0
21,2,2,2,2,2,1,0,0,0,0,0,0,60,4,0,1,2022,18-30,1,0,1
57,1,1,2,2,2,2,2,1,0,0,0,0,45,3,0,1,2022,56-70,4,1,0
53,1,2,1,1,2,2,0,0,1,2,2,1,60,4,0,1,2022,46-55,3,1,0
22,1,1,2,1,1,1,1,2,0,0,1,2,90,4,0,1,2022,18-30,1,1,1
24,1,1,2,2,2,1,2,1,0,0,0,0,120,3,0,1,2022,18-30,1,1,1
21,1,2,1,2,1,2,0,0,2,1,0,0,30,3,0,2,2022,18-30,1,1,0
19,1,1,2,2,1,1,1,2,0,0,0,0,60,3,0,1,2022,18-30,1,1,1
23,2,1,2,2,2,2,2,1,0,0,0,0,20,3,0,1,2022,18-30,1,1,0
42,1,1,2,2,2,2,1,2,0,0,0,0,60,4,0,1,2022,31-45,2,1,0
40,1,1,2,1,2,1,2,1,0,0,2,1,60,3,0,1,2022,31-45,2,1,1
47,2,2,2,2,2,2,0,0,0,0,0,0,0,0,2,1,2022,46-55,3,0,0
67,1,1,1,1,2,1,1,2,1,2,1,2,60,3,0,1,2022,56-70,4,1,1
60,2,2,2,2,2,2,0,0,0,0,0,0,0,0,3,2,2022,56-70,4,0,0
43,1,1,1,1,1,1,2,1,2,1,2,1,30,3,0,2,2022,31-45,2,1,1
32,1,1,1,1,2,2,2,1,2,1,2,1,30,4,0,1,2022,31-45,2,1,0
38,2,2,2,2,2,2,0,0,0,0,0,0,0,0,3,3,2022,31-45,2,0,0
42,1,2,2,2,2,2,0,0,0,0,0,0,0,0,2,2,2022,31-45,2,0,0
66,2,2,2,2,2,1,0,0,0,0,0,0,30,3,0,2,2022,56-70,4,0,1
54,2,2,2,2,2,2,0,0,0,0,0,0,0,0,2,3,2022,46-55,3,0,0
49,2,2,2,2,2,2,0,0,0,0,0,0,0,0,3,2,2022,46-55,3,0,0
73,1,1,2,2,2,2,2,1,0,0,0,0,40,4,0,2,2022,70+,5,1,0
54,1,2,1,2,2,1,0,0,2,1,0,0,60,4,0,2,2022,46-55,3,1,1
48,2,2,2,2,2,2,0,0,0,0,0,0,0,0,2,2,2022,46-55,3,0,0
52,2,2,2,2,2,2,0,0,0,0,0,0,0,0,2,2,2022,46-55,3,0,0
28,2,2,2,2,2,2,0,0,0,0,0,0,0,0,1,2,2022,18-30,1,0,0
52,2,2,2,2,2,2,0,0,0,0,0,0,0,0,2,2,2022,46-55,3,0,0
23,1,1,1,2,2,2,2,1,2,1,0,0,60,4,0,1,2022,18-30,1,1,0
21,1,1,1,1,2,1,2,1,2,1,2,1,45,4,0,1,2022,18-30,1,1,1
22,1,1,1,2,2,1,2,1,2,1,0,0,45,4,0,1,2022,18-30,1,1,1
86,1,1,2,2,2,2,2,1,0,0,0,0,15,2,0,2,2022,70+,5,1,0
26,1,1,2,2,2,2,2,1,0,0,0,0,60,3,0,1,2022,18-30,1,1,0
66,1,2,2,1,2,2,0,0,0,0,2,1,30,3,0,2,2022,56-70,4,1,0
40,2,2,2,2,2,2,0,0,0,0,0,0,0,0,3,2,2022,31-45,2,0,0
35,2,2,2,2,2,2,0,0,0,0,0,0,0,0,2,1,2022,31-45,2,0,0
34,2,2,2,2,2,2,0,0,0,0,0,0,0,0,3,2,2022,31-45,2,0,0
34,1,2,1,2,1,2,0,0,1,2,0,0,30,3,0,1,2022,31-45,2,1,0
27,1,2,2,2,1,1,0,0,0,0,0,0,60,4,0,1,2022,18-30,1,1,1
19,1,2,1,1,2,1,0,0,1,2,2,1,30,3,0,1,2022,18-30,1,1,1
60,2,2,2,2,2,1,0,0,0,0,0,0,30,2,0,2,2022,56-70,4,0,1
44,1,2,1,2,2,1,0,0,2,1,0,0,15,4,0,1,2022,31-45,2,1,1
26,1,2,2,2,2,1,0,0,0,0,0,0,10,3,0,2,2022,18-30,1,0,1
30,1,2,2,2,2,1,0,0,0,0,0,0,15,2,0,2,2022,18-30,1,0,1
28,1,1,2,2,2,1,1,1,0,0,0,0,60,4,0,1,2022,18-30,1,1,1
60,1,2,1,1,1,2,0,0,2,1,2,1,30,4,0,1,2022,56-70,4,1,0
29,2,2,2,2,2,2,0,0,0,0,0,0,0,0,3,2,2022,18-30,1,0,0
53,1,1,2,2,2,1,2,1,0,0,0,0,15,3,0,2,2022,46-55,3,1,1
34,1,2,1,2,2,1,0,0,2,1,0,0,20,3,0,1,2022,31-45,2,1,1
42,1,1,1,1,2,1,1,1,1,1,2,1,60,4,0,1,2022,31-45,2,1,1
55,1,1,2,2,1,2,2,1,0,0,0,0,30,3,0,1,2022,46-55,3,1,0
63,1,1,1,1,1,2,1,2,1,2,2,1,30,2,0,3,2022,56-70,4,1,0
31,1,1,2,2,2,1,2,1,0,0,0,0,60,3,0,1,2022,31-45,2,1,1
36,1,2,2,2,2,1,0,0,0,0,0,0,60,1,0,2,2022,31-45,2,0,1
44,1,2,2,1,2,1,0,0,0,0,2,1,15,3,0,1,2022,31-45,2,1,1
69,2,2,2,2,2,2,0,0,0,0,0,0,0,0,5,2,2022,56-70,4,0,0
52,2,2,2,2,2,2,0,0,0,0,0,0,0,0,3,2,2022,46-55,3,0,0
43,2,2,2,2,2,2,0,0,0,0,0,0,0,0,1,2,2022,31-45,2,0,0
75,1,1,2,2,2,2,2,1,0,0,0,0,30,1,0,1,2022,70+,5,1,0
35,1,1,1,1,2,1,2,1,2,1,2,1,90,4,0,1,2022,31-45,2,1,1
56,1,1,2,2,2,2,1,2,0,0,0,0,30,3,0,1,2022,56-70,4,1,0
52,1,1,2,2,2,1,2,1,0,0,0,0,20,2,0,2,2022,46-55,3,1,1
33,1,2,2,2,1,2,0,0,0,0,0,0,30,1,0,1,2022,31-45,2,1,0
29,2,2,2,2,2,1,0,0,0,0,0,0,20,2,0,1,2022,18-30,1,0,1
41,2,2,2,2,2,1,0,0,0,0,0,0,30,4,0,2,2022,31-45,2,0,1
38,1,1,2,2,2,1,2,1,0,0,0,0,45,3,0,2,2022,31-45,2,1,1
28,1,2,1,1,2,2,0,0,1,2,2,1,30,3,0,1,2022,18-30,1,1,0
66,2,2,2,2,2,2,0,0,0,0,0,0,0,0,3,2,2022,56-70,4,0,0
54,1,1,2,2,2,1,1,2,0,0,0,0,60,4,0,1,2022,46-55,3,1,1
45,1,1,1,2,2,2,2,1,2,1,0,0,30,4,0,1,2022,31-45,2,1,0
56,1,2,1,2,2,1,0,0,2,1,0,0,15,2,0,1,2022,56-70,4,1,1
21,2,1,2,2,2,2,1,1,0,0,0,0,45,3,0,1,2022,18-30,1,1,0
66,2,2,2,2,2,1,0,0,0,0,0,0,5,2,0,2,2022,56-70,4,0,1
53,1,1,1,2,2,1,1,1,2,1,0,0,45,3,0,1,2022,46-55,3,1,1
36,1,1,2,2,2,1,1,1,0,0,0,0,60,3,0,1,2022,31-45,2,1,1
21,2,2,2,2,2,1,0,0,0,0,0,0,20,2,0,1,2022,18-30,1,0,1
32,1,1,2,2,2,1,2,1,0,0,0,0,20,1,0,1,2022,31-45,2,1,1
38,2,2,2,2,2,2,0,0,0,0,0,0,0,0,3,2,2022,31-45,2,0,0
49,2,2,2,2,2,2,0,0,0,0,0,0,0,0,2,2,2022,46-55,3,0,0
60,2,2,2,1,2,2,0,0,0,0,2,1,20,3,0,2,2022,56-70,4,1,0
46,2,1,2,2,2,1,2,1,0,0,0,0,20,2,0,1,2022,46-55,3,1,1
58,1,2,2,2,2,2,0,0,0,0,0,0,0,0,3,1,2022,56-70,4,0,0
45,2,2,2,2,2,2,0,0,0,0,0,0,0,0,3,2,2022,31-45,2,0,0
27,2,2,2,2,2,2,0,0,0,0,0,0,0,0,3,2,2022,18-30,1,0,0
70,1,1,2,2,1,2,2,1,0,0,0,0,15,3,0,2,2022,56-70,4,1,0
69,1,1,2,2,2,2,2,1,0,0,0,0,15,1,0,2,2022,56-70,4,1,0
27,2,2,2,2,1,1,0,0,0,0,0,0,30,3,0,1,2022,18-30,1,1,1
38,1,1,2,2,2,1,2,1,0,0,0,0,40,3,0,1,2022,31-45,2,1,1
79,2,2,2,2,2,2,0,0,0,0,0,0,0,0,3,2,2022,70+,5,0,0
81,2,2,2,2,2,2,0,0,0,0,0,0,0,0,5,2,2022,70+,5,0,0
23,1,1,1,1,1,1,1,1,1,1,1,1,60,4,0,1,2022,18-30,1,1,1
60,1,2,1,2,2,2,0,0,2,1,0,0,60,2,0,2,2022,56-70,4,1,0
32,1,1,2,2,1,1,1,2,0,0,0,0,60,4,0,1,2022,31-45,2,1,1
62,1,1,2,2,2,2,2,1,0,0,0,0,20,3,0,2,2022,56-70,4,1,0
66,1,1,1,2,2,2,2,1,2,1,0,0,120,3,0,1,2022,56-70,4,1,0
74,1,1,2,2,2,2,2,1,0,0,0,0,30,3,0,1,2022,70+,5,1,0
69,1,1,2,2,2,2,2,1,0,0,0,0,60,3,0,1,2022,56-70,4,1,0
79,1,1,2,2,2,2,2,1,0,0,0,0,30,3,0,1,2022,70+,5,1,0
59,1,1,1,2,2,2,2,1,2,1,0,0,45,3,0,1,2022,56-70,4,1,0
69,1,2,1,1,2,2,0,0,2,1,2,1,30,3,0,1,2022,56-70,4,1,0
75,2,2,2,2,2,2,0,0,0,0,0,0,0,0,3,1,2022,70+,5,0,0
29,1,1,1,2,2,1,2,1,2,1,0,0,30,4,0,1,2022,18-30,1,1,1
55,2,2,2,2,2,2,0,0,0,0,0,0,0,0,3,2,2022,46-55,3,0,0
33,2,2,2,2,2,2,0,0,0,0,0,0,0,0,1,2,2022,31-45,2,0,0
46,2,2,2,2,2,2,0,0,0,0,0,0,0,0,3,1,2022,46-55,3,0,0
33,2,2,2,2,2,2,0,0,0,0,0,0,0,0,1,1,2022,31-45,2,0,0
49,2,2,2,2,2,1,0,0,0,0,0,0,20,4,0,1,2022,46-55,3,0,1
31,1,1,2,2,2,2,2,1,0,0,0,0,15,4,0,1,2022,31-45,2,1,0
63,1,1,1,2,2,1,1,2,1,1,0,0,90,4,0,1,2022,56-70,4,1,1
57,2,2,2,2,2,2,0,0,0,0,0,0,0,0,1,1,2022,56-70,4,0,0
32,0,0,0,0,0,0,0,0,0,0,0,0,0,0,0,0,2022,31-45,2,0,0
26,2,2,2,2,2,2,0,0,0,0,0,0,0,0,3,2,2022,18-30,1,0,0
33,2,1,2,2,2,2,2,1,0,0,0,0,30,2,0,2,2022,31-45,2,1,0
50,1,1,2,2,2,1,1,2,0,0,0,0,30,4,0,1,2022,46-55,3,1,1
74,2,2,2,2,2,2,0,0,0,0,0,0,0,0,1,1,2022,70+,5,0,0
43,1,1,2,2,2,1,1,2,0,0,0,0,40,3,0,1,2022,31-45,2,1,1
47,2,2,1,2,2,2,0,0,2,1,0,0,30,3,0,1,2022,46-55,3,1,0
39,2,2,2,2,2,2,0,0,0,0,0,0,0,0,3,1,2022,31-45,2,0,0
50,1,1,1,2,2,2,2,1,2,1,0,0,45,3,0,1,2022,46-55,3,1,0
41,2,2,1,2,2,1,0,0,2,1,0,0,25,3,0,1,2022,31-45,2,1,1
24,1,1,1,2,2,1,2,1,2,1,0,0,50,4,0,1,2022,18-30,1,1,1
69,0,0,0,0,0,0,0,0,0,0,0,0,0,0,0,0,2022,56-70,4,0,0
55,1,1,2,2,2,2,2,1,0,0,0,0,30,3,0,2,2022,46-55,3,1,0
34,2,2,2,2,2,2,0,0,0,0,0,0,0,0,3,2,2022,31-45,2,0,0
41,2,2,2,2,2,2,0,0,0,0,0,0,0,0,1,2,2022,31-45,2,0,0
40,2,2,2,2,2,2,0,0,0,0,0,0,0,0,3,2,2022,31-45,2,0,0
69,0,0,0,0,0,0,0,0,0,0,0,0,0,0,0,0,2022,56-70,4,0,0
30,2,2,2,2,2,2,0,0,0,0,0,0,0,0,2,2,2022,18-30,1,0,0
49,1,1,2,2,2,1,2,1,0,0,0,0,30,3,0,1,2022,46-55,3,1,1
58,2,2,2,2,2,2,0,0,0,0,0,0,0,0,3,1,2022,56-70,4,0,0
56,2,2,2,2,2,2,0,0,0,0,0,0,0,0,4,2,2022,56-70,4,0,0
50,1,1,2,2,2,1,2,1,0,0,0,0,60,3,0,1,2022,46-55,3,1,1
53,2,2,1,2,2,1,0,0,2,1,0,0,30,4,0,1,2022,46-55,3,1,1
25,2,2,1,2,2,2,0,0,2,1,0,0,20,3,0,1,2022,18-30,1,1,0
40,2,2,2,2,2,2,0,0,0,0,0,0,0,0,1,1,2022,31-45,2,0,0
64,1,1,2,1,2,1,2,1,0,0,2,1,40,3,0,1,2022,56-70,4,1,1
72,2,1,2,2,2,2,2,1,0,0,0,0,60,2,0,2,2022,70+,5,1,0
60,2,2,2,2,2,2,0,0,0,0,0,0,0,0,3,2,2022,56-70,4,0,0
61,1,1,2,2,2,2,2,1,0,0,0,0,40,3,0,1,2022,56-70,4,1,0
53,2,2,2,2,2,2,0,0,0,0,0,0,0,0,1,2,2022,46-55,3,0,0
21,1,1,2,2,2,2,2,1,0,0,0,0,40,3,0,1,2022,18-30,1,1,0
37,1,1,2,2,2,2,2,1,0,0,0,0,40,4,0,2,2022,31-45,2,1,0
71,1,1,2,2,2,2,1,1,0,0,0,0,45,4,0,1,2022,70+,5,1,0
70,1,1,2,2,2,2,2,1,0,0,0,0,240,4,0,1,2022,56-70,4,1,0
82,1,1,2,2,2,2,2,1,0,0,0,0,30,3,0,3,2022,70+,5,1,0
56,1,1,2,2,2,2,2,1,0,0,0,0,30,4,0,1,2022,56-70,4,1,0
44,2,2,2,2,2,2,0,0,0,0,0,0,0,0,1,3,2022,31-45,2,0,0
64,1,1,2,2,2,2,2,1,0,0,0,0,50,3,0,1,2022,56-70,4,1,0
45,2,2,2,2,2,2,0,0,0,0,0,0,0,0,1,1,2022,31-45,2,0,0
40,2,2,2,2,2,2,0,0,0,0,0,0,0,0,1,2,2022,31-45,2,0,0
28,1,1,2,2,2,1,2,1,0,0,0,0,30,3,0,1,2022,18-30,1,1,1
55,1,1,2,2,2,2,2,1,0,0,0,0,15,3,0,2,2022,46-55,3,1,0
22,2,2,2,2,2,1,0,0,0,0,0,0,15,3,0,2,2022,18-30,1,0,1
37,2,2,2,1,2,1,0,0,0,0,2,1,15,4,0,1,2022,31-45,2,1,1
40,2,2,2,2,2,2,0,0,0,0,0,0,0,0,3,1,2022,31-45,2,0,0
54,1,1,2,2,2,2,2,1,0,0,0,0,40,2,0,1,2022,46-55,3,1,0
44,1,2,2,2,2,2,0,0,0,0,0,0,0,0,3,1,2022,31-45,2,0,0
54,2,2,2,2,2,2,0,0,0,0,0,0,0,0,3,1,2022,46-55,3,0,0
65,2,2,2,2,2,2,0,0,0,0,0,0,0,0,3,2,2022,56-70,4,0,0
30,1,1,2,2,2,2,2,1,0,0,0,0,15,4,0,1,2022,18-30,1,1,0
37,1,2,2,2,2,2,0,0,0,0,0,0,0,0,3,1,2022,31-45,2,0,0
41,1,1,1,2,2,2,1,1,1,1,0,0,30,4,0,1,2022,31-45,2,1,0
42,1,1,1,2,2,2,1,1,1,1,0,0,40,4,0,1,2022,31-45,2,1,0
31,1,1,2,2,2,1,1,1,0,0,0,0,60,4,0,1,2022,31-45,2,1,1
46,1,1,2,2,2,2,1,2,0,0,0,0,30,3,0,1,2022,46-55,3,1,0
40,1,1,2,1,2,1,1,1,0,0,1,2,30,4,0,1,2022,31-45,2,1,1
76,1,1,2,2,2,2,2,1,0,0,0,0,20,2,0,1,2022,70+,5,1,0
79,2,1,2,1,2,2,2,1,0,0,2,1,30,2,0,1,2022,70+,5,1,0
54,2,1,2,2,2,2,2,1,0,0,0,0,20,1,0,1,2022,46-55,3,1,0
79,0,0,0,0,0,0,0,0,0,0,0,0,0,0,0,0,2022,70+,5,0,0
42,1,1,2,2,2,1,2,1,0,0,0,0,30,3,0,1,2022,31-45,2,1,1
60,2,2,2,2,2,2,0,0,0,0,0,0,0,0,5,1,2022,56-70,4,0,0
53,1,1,2,2,2,2,2,1,0,0,0,0,30,4,0,1,2022,46-55,3,1,0
57,1,1,2,2,2,2,1,2,0,0,0,0,20,4,0,1,2022,56-70,4,1,0
32,1,1,2,2,2,2,1,1,0,0,0,0,60,4,0,1,2022,31-45,2,1,0
30,1,1,2,2,1,1,2,1,0,0,0,0,25,3,0,1,2022,18-30,1,1,1
32,1,2,2,1,2,2,0,0,0,0,2,1,35,4,0,1,2022,31-45,2,1,0
48,1,2,2,1,2,2,0,0,0,0,2,1,30,4,0,1,2022,46-55,3,1,0
33,1,2,2,2,2,1,0,0,0,0,0,0,60,4,0,1,2022,31-45,2,0,1
63,1,2,2,1,2,2,0,0,0,0,2,1,30,4,0,1,2022,56-70,4,1,0
73,1,1,1,2,2,2,2,1,2,1,0,0,15,2,0,1,2022,70+,5,1,0
74,2,2,2,2,2,2,0,0,0,0,0,0,0,0,6,1,2022,70+,5,0,0
34,2,2,2,2,2,1,0,0,0,0,0,0,30,3,0,1,2022,31-45,2,0,1
69,1,1,2,2,2,2,2,1,0,0,0,0,90,4,0,1,2022,56-70,4,1,0
26,1,1,2,2,1,1,1,2,0,0,0,0,20,3,0,1,2022,18-30,1,1,1
56,2,2,2,2,2,2,0,0,0,0,0,0,0,0,6,1,2022,56-70,4,0,0
21,1,1,2,2,2,2,2,1,0,0,0,0,30,2,0,1,2022,18-30,1,1,0
27,2,2,2,2,2,2,0,0,0,0,0,0,0,0,3,1,2022,18-30,1,0,0
47,0,0,0,0,0,0,0,0,0,0,0,0,0,0,0,0,2022,46-55,3,0,0
24,1,1,2,2,2,1,1,1,0,0,0,0,30,4,0,1,2022,18-30,1,1,1
63,1,1,2,2,2,1,2,1,0,0,0,0,60,4,0,1,2022,56-70,4,1,1
36,2,2,2,2,2,2,0,0,0,0,0,0,0,0,3,1,2022,31-45,2,0,0
58,1,1,2,1,2,1,2,1,0,0,2,1,60,3,0,1,2022,56-70,4,1,1
39,1,2,1,2,2,1,0,0,2,1,0,0,10,4,0,1,2022,31-45,2,1,1
33,1,1,2,1,2,1,1,2,0,0,1,2,60,3,0,1,2022,31-45,2,1,1
48,2,2,2,1,2,2,0,0,0,0,2,1,5,2,0,2,2022,46-55,3,1,0
58,2,2,2,2,2,2,0,0,0,0,0,0,0,0,1,2,2022,56-70,4,0,0
63,1,2,2,1,2,2,0,0,0,0,2,1,10,2,0,2,2022,56-70,4,1,0
28,2,1,1,2,2,1,1,2,2,1,0,0,30,2,0,1,2022,18-30,1,1,1
32,1,1,1,2,2,1,1,1,1,2,0,0,40,3,0,1,2022,31-45,2,1,1
45,2,1,2,2,2,1,2,1,0,0,0,0,30,2,0,1,2022,31-45,2,1,1
47,1,1,2,2,2,2,2,1,0,0,0,0,30,4,0,2,2022,46-55,3,1,0
23,1,1,2,2,1,1,2,1,0,0,0,0,20,3,0,1,2022,18-30,1,1,1
40,1,1,1,1,2,2,1,1,2,1,2,1,30,3,0,1,2022,31-45,2,1,0
55,1,2,1,2,2,2,0,0,2,1,0,0,20,3,0,2,2022,46-55,3,1,0
36,1,1,1,1,2,1,1,2,2,1,2,1,60,3,0,1,2022,31-45,2,1,1
34,2,2,2,1,2,2,0,0,0,0,2,1,20,1,0,2,2022,31-45,2,1,0
23,2,2,1,2,1,1,0,0,2,1,0,0,15,2,0,2,2022,18-30,1,1,1
49,2,2,2,2,2,2,0,0,0,0,0,0,0,0,3,2,2022,46-55,3,0,0
52,1,1,2,1,2,2,2,1,0,0,2,1,20,1,0,1,2022,46-55,3,1,0
43,1,1,1,1,2,1,2,1,1,2,1,2,90,3,0,1,2022,31-45,2,1,1
55,2,2,2,2,2,2,0,0,0,0,0,0,0,0,1,2,2022,46-55,3,0,0
56,2,2,2,2,2,2,0,0,0,0,0,0,0,0,3,1,2022,56-70,4,0,0
59,2,1,1,1,2,2,2,1,2,1,2,1,15,1,0,2,2022,56-70,4,1,0
21,2,1,2,2,2,1,2,1,0,0,0,0,21,1,0,1,2022,18-30,1,1,1
77,1,2,2,1,2,2,0,0,0,0,2,1,30,2,0,1,2022,70+,5,1,0
35,1,1,2,2,2,1,2,1,0,0,0,0,120,3,0,1,2022,31-45,2,1,1
37,1,1,2,2,2,2,2,1,0,0,0,0,40,3,0,1,2022,31-45,2,1,0
44,1,1,1,2,2,2,2,1,1,1,0,0,120,3,0,1,2022,31-45,2,1,0
38,1,1,2,2,2,2,1,1,0,0,0,0,60,4,0,1,2022,31-45,2,1,0
36,2,2,2,2,2,2,0,0,0,0,0,0,0,0,3,1,2022,31-45,2,0,0
45,1,2,1,2,2,1,0,0,2,1,0,0,10,2,0,1,2022,31-45,2,1,1
44,1,2,2,1,2,2,0,0,0,0,2,1,15,1,0,1,2022,31-45,2,1,0
34,2,2,2,2,2,2,0,0,0,0,0,0,0,0,3,2,2022,31-45,2,0,0
40,1,1,1,2,2,2,2,1,2,1,0,0,30,3,0,1,2022,31-45,2,1,0
30,1,1,2,2,2,1,2,1,0,0,0,0,30,4,0,2,2022,18-30,1,1,1
51,1,1,2,2,2,2,1,1,0,0,0,0,120,3,0,1,2022,46-55,3,1,0
44,2,2,2,2,2,2,0,0,0,0,0,0,0,0,3,2,2022,31-45,2,0,0
34,1,1,2,2,2,2,1,1,0,0,0,0,30,3,0,1,2022,31-45,2,1,0
39,2,2,2,1,2,2,0,0,0,0,2,1,15,1,0,2,2022,31-45,2,1,0
32,1,2,1,2,2,1,0,0,2,1,0,0,10,2,0,1,2022,31-45,2,1,1
28,2,2,1,2,2,1,0,0,2,1,0,0,10,2,0,1,2022,18-30,1,1,1
60,2,1,2,2,2,2,2,1,0,0,0,0,90,1,0,1,2022,56-70,4,1,0
29,1,1,1,2,2,1,2,1,2,1,0,0,16,4,0,1,2022,18-30,1,1,1
53,2,2,2,2,2,2,0,0,0,0,0,0,0,0,1,3,2022,46-55,3,0,0
63,1,1,2,1,2,2,2,1,0,0,2,1,60,2,0,2,2022,56-70,4,1,0
46,1,1,2,2,2,2,2,1,0,0,0,0,60,3,0,1,2022,46-55,3,1,0
63,0,0,0,0,0,0,0,0,0,0,0,0,0,0,0,0,2022,56-70,4,0,0
36,2,2,2,2,2,2,0,0,0,0,0,0,0,0,3,3,2022,31-45,2,0,0
38,2,2,2,2,2,2,0,0,0,0,0,0,0,0,3,2,2022,31-45,2,0,0
20,1,1,2,2,2,2,2,1,0,0,0,0,90,4,0,1,2022,18-30,1,1,0
69,2,2,2,2,2,2,0,0,0,0,0,0,0,0,1,3,2022,56-70,4,0,0
73,2,2,2,2,2,2,0,0,0,0,0,0,0,0,1,3,2022,70+,5,0,0
71,1,1,2,2,2,2,2,1,0,0,0,0,25,3,0,2,2022,70+,5,1,0
39,1,1,1,2,2,1,2,1,2,1,0,0,120,4,0,1,2022,31-45,2,1,1
40,2,2,2,2,2,2,0,0,0,0,0,0,0,0,3,2,2022,31-45,2,0,0
32,1,1,1,1,2,2,1,2,2,1,2,1,30,3,0,1,2022,31-45,2,1,0
58,2,2,2,2,2,2,0,0,0,0,0,0,0,0,3,1,2022,56-70,4,0,0
50,2,2,2,2,2,2,0,0,0,0,0,0,0,0,3,2,2022,46-55,3,0,0
22,2,2,2,2,2,2,0,0,0,0,0,0,0,0,3,1,2022,18-30,1,0,0
71,1,2,2,1,2,2,0,0,0,0,2,1,30,4,0,2,2022,70+,5,1,0
71,2,2,2,2,2,2,0,0,0,0,0,0,0,0,2,3,2022,70+,5,0,0
69,1,1,1,2,2,2,2,1,2,1,0,0,60,2,0,1,2022,56-70,4,1,0
84,1,1,1,1,2,2,2,1,2,1,2,1,60,3,0,1,2022,70+,5,1,0
81,1,2,2,2,2,2,0,0,0,0,0,0,0,0,5,1,2022,70+,5,0,0
60,1,1,2,2,2,1,2,1,0,0,0,0,60,3,0,1,2022,56-70,4,1,1
32,2,2,2,2,2,2,0,0,0,0,0,0,0,0,3,2,2022,31-45,2,0,0
34,1,2,1,1,2,2,0,0,1,2,2,1,30,4,0,1,2022,31-45,2,1,0
21,2,2,2,2,2,2,0,0,0,0,0,0,0,0,3,1,2022,18-30,1,0,0
34,1,1,1,2,2,2,2,1,2,1,0,0,30,3,0,1,2022,31-45,2,1,0
30,1,1,1,1,2,1,2,1,2,1,2,1,30,3,0,2,2022,18-30,1,1,1
68,1,1,2,1,2,2,2,1,0,0,2,1,60,3,0,1,2022,56-70,4,1,0
19,1,1,2,1,2,1,2,1,0,0,2,1,60,3,0,1,2022,18-30,1,1,1
65,1,1,2,1,2,2,2,1,0,0,2,1,30,2,0,2,2022,56-70,4,1,0
34,2,2,2,2,2,2,0,0,0,0,0,0,0,0,3,1,2022,31-45,2,0,0
24,2,2,2,2,2,1,0,0,0,0,0,0,30,3,0,1,2022,18-30,1,0,1
43,2,2,2,2,2,2,0,0,0,0,0,0,0,0,3,3,2022,31-45,2,0,0
25,2,2,2,2,2,2,0,0,0,0,0,0,0,0,3,1,2022,18-30,1,0,0
54,2,1,2,2,2,1,2,1,0,0,0,0,30,3,0,2,2022,46-55,3,1,1
22,1,1,1,1,1,1,1,2,1,2,1,2,120,4,0,1,2022,18-30,1,1,1
28,2,2,2,2,2,2,0,0,0,0,0,0,0,0,3,1,2022,18-30,1,0,0
71,2,2,2,2,2,2,0,0,0,0,0,0,0,0,3,2,2022,70+,5,0,0
27,2,2,2,2,2,2,0,0,0,0,0,0,0,0,3,1,2022,18-30,1,0,0
50,2,2,2,2,2,2,0,0,0,0,0,0,0,0,3,3,2022,46-55,3,0,0
54,1,1,1,1,1,2,2,1,2,1,2,1,60,4,0,2,2022,46-55,3,1,0
50,2,2,2,2,2,2,0,0,0,0,0,0,0,0,3,2,2022,46-55,3,0,0
55,2,2,2,2,2,2,0,0,0,0,0,0,0,0,3,1,2022,46-55,3,0,0
56,2,2,1,2,2,2,0,0,2,1,0,0,25,4,0,1,2022,56-70,4,1,0
76,2,2,2,2,2,2,0,0,0,0,0,0,0,0,1,2,2022,70+,5,0,0
29,1,2,1,2,1,1,0,0,2,1,0,0,30,2,0,2,2022,18-30,1,1,1
34,2,2,1,1,2,1,0,0,2,1,2,1,20,4,0,1,2022,31-45,2,1,1
25,2,2,2,1,2,1,0,0,0,0,2,1,20,3,0,2,2022,18-30,1,1,1
38,2,2,2,1,2,2,0,0,0,0,2,1,20,3,0,1,2022,31-45,2,1,0
31,2,1,2,2,2,1,1,2,0,0,0,0,15,3,0,1,2022,31-45,2,1,1
68,2,2,2,2,2,2,0,0,0,0,0,0,0,0,1,2,2022,56-70,4,0,0
62,2,2,2,2,2,2,0,0,0,0,0,0,0,0,1,2,2022,56-70,4,0,0
22,2,1,2,2,2,1,2,1,0,0,0,0,20,3,0,1,2022,18-30,1,1,1
47,1,1,1,1,2,2,2,1,2,1,2,1,60,3,0,1,2022,46-55,3,1,0
55,2,2,2,1,2,2,0,0,0,0,2,1,15,3,0,2,2022,46-55,3,1,0
50,1,2,2,1,2,1,0,0,0,0,1,2,10,3,0,1,2022,46-55,3,1,1
25,1,1,2,2,2,1,1,2,0,0,0,0,30,3,0,1,2022,18-30,1,1,1
43,1,2,2,2,2,2,0,0,0,0,0,0,0,0,1,2,2022,31-45,2,0,0
34,2,2,2,2,2,2,0,0,0,0,0,0,0,0,1,2,2022,31-45,2,0,0
62,1,1,2,1,2,2,2,1,0,0,2,1,40,3,0,1,2022,56-70,4,1,0
44,2,2,2,2,2,2,0,0,0,0,0,0,0,0,1,2,2022,31-45,2,0,0
30,1,1,2,2,2,1,1,2,0,0,0,0,40,3,0,1,2022,18-30,1,1,1
64,2,2,2,2,2,2,0,0,0,0,0,0,0,0,5,2,2022,56-70,4,0,0
59,2,2,2,1,2,2,0,0,0,0,2,1,20,3,0,2,2022,56-70,4,1,0
18,1,1,2,2,2,1,1,2,0,0,0,0,60,3,0,1,2022,18-30,1,1,1
52,1,2,2,1,2,2,0,0,0,0,2,1,40,3,0,1,2022,46-55,3,1,0
61,2,2,2,2,2,2,0,0,0,0,0,0,0,0,3,2,2022,56-70,4,0,0
63,0,0,0,0,0,0,0,0,0,0,0,0,0,0,0,0,2022,56-70,4,0,0
38,2,2,2,2,2,2,0,0,0,0,0,0,0,0,1,2,2022,31-45,2,0,0
26,1,1,1,1,1,1,2,1,1,2,1,1,45,4,0,1,2022,18-30,1,1,1
61,1,1,1,2,2,1,2,1,2,1,0,0,30,3,0,1,2022,56-70,4,1,1
40,1,1,1,2,1,1,2,1,2,1,0,0,30,4,0,1,2022,31-45,2,1,1
21,2,2,2,1,2,1,0,0,0,0,2,1,4,2,0,1,2022,18-30,1,1,1
52,2,2,2,2,2,2,0,0,0,0,0,0,0,0,3,2,2022,46-55,3,0,0
19,1,1,2,2,2,1,2,1,0,0,0,0,90,3,0,1,2022,18-30,1,1,1
18,1,1,2,2,2,1,1,2,0,0,0,0,30,4,0,1,2022,18-30,1,1,1
53,1,2,2,2,2,1,0,0,0,0,0,0,20,3,0,1,2022,46-55,3,0,1
25,1,1,2,2,2,1,2,1,0,0,0,0,30,2,0,1,2022,18-30,1,1,1
42,2,2,2,2,2,2,0,0,0,0,0,0,0,0,5,1,2022,31-45,2,0,0
48,1,2,2,1,2,2,0,0,0,0,2,1,30,3,0,2,2022,46-55,3,1,0
60,2,2,2,1,2,2,0,0,0,0,2,1,30,3,0,2,2022,56-70,4,1,0
24,2,2,2,2,2,2,0,0,0,0,0,0,0,0,3,2,2022,18-30,1,0,0
23,2,2,2,1,2,1,0,0,0,0,2,1,20,2,0,1,2022,18-30,1,1,1
46,2,2,2,2,2,1,0,0,0,0,0,0,20,2,0,1,2022,46-55,3,0,1
40,2,2,2,1,2,2,0,0,0,0,1,2,30,3,0,1,2022,31-45,2,1,0
44,1,2,1,1,2,1,0,0,2,1,1,2,30,3,0,1,2022,31-45,2,1,1
29,1,1,2,2,2,1,1,2,0,0,0,0,60,3,0,1,2022,18-30,1,1,1
43,1,1,2,1,2,1,2,1,0,0,1,2,10,3,0,1,2022,31-45,2,1,1
47,1,2,2,1,2,2,0,0,0,0,2,1,20,3,0,1,2022,46-55,3,1,0
48,1,1,2,1,2,2,2,1,0,0,2,1,30,3,0,1,2022,46-55,3,1,0
71,2,1,2,2,2,2,2,1,0,0,0,0,120,4,0,2,2022,70+,5,1,0
45,1,2,1,1,2,2,0,0,1,2,1,2,15,3,0,1,2022,31-45,2,1,0
30,1,1,1,2,2,1,2,1,2,1,0,0,60,4,0,1,2022,18-30,1,1,1
40,1,2,1,1,2,1,0,0,2,1,2,1,15,3,0,1,2022,31-45,2,1,1
66,2,2,2,2,2,2,0,0,0,0,0,0,0,0,5,1,2022,56-70,4,0,0
43,1,1,2,2,1,2,2,1,0,0,0,0,20,4,0,1,2022,31-45,2,1,0
43,2,2,2,1,2,2,0,0,0,0,2,1,5,3,0,1,2022,31-45,2,1,0
61,1,2,2,2,2,2,0,0,0,0,0,0,0,0,1,1,2022,56-70,4,0,0
40,1,2,2,1,2,2,0,0,0,0,2,1,10,4,0,1,2022,31-45,2,1,0
20,1,2,2,1,1,1,0,0,0,0,2,1,60,3,0,1,2022,18-30,1,1,1
43,1,1,1,2,2,1,2,1,2,1,0,0,30,4,0,2,2022,31-45,2,1,1
35,1,2,1,2,2,1,0,0,2,1,0,0,15,3,0,1,2022,31-45,2,1,1
64,2,2,2,2,2,2,0,0,0,0,0,0,0,0,1,3,2022,56-70,4,0,0
35,1,1,1,1,2,1,2,1,2,1,1,2,60,3,0,1,2022,31-45,2,1,1
28,1,1,1,1,2,2,2,1,2,1,2,1,60,2,0,1,2022,18-30,1,1,0
44,2,2,2,2,2,2,0,0,0,0,0,0,0,0,1,2,2022,31-45,2,0,0
44,1,2,2,1,2,1,0,0,0,0,1,2,30,3,0,1,2022,31-45,2,1,1
46,2,2,1,1,2,1,0,0,2,1,2,1,15,4,0,2,2022,46-55,3,1,1
42,1,1,1,1,2,1,1,2,1,2,1,1,30,4,0,1,2022,31-45,2,1,1
24,2,2,2,2,2,2,0,0,0,0,0,0,0,0,1,2,2022,18-30,1,0,0
53,2,2,2,2,2,2,0,0,0,0,0,0,0,0,1,2,2022,46-55,3,0,0
46,1,1,2,1,2,2,2,1,0,0,1,2,30,4,0,2,2022,46-55,3,1,0
53,2,2,2,2,2,2,0,0,0,0,0,0,0,0,1,1,2022,46-55,3,0,0
54,1,1,2,1,2,2,2,1,0,0,1,2,40,3,0,1,2022,46-55,3,1,0
75,1,1,2,2,2,2,2,1,0,0,0,0,90,4,0,2,2022,70+,5,1,0
23,1,2,2,2,2,1,0,0,0,0,0,0,10,2,0,2,2022,18-30,1,0,1
73,2,2,2,1,2,2,0,0,0,0,2,1,15,3,0,3,2022,70+,5,1,0
74,2,2,2,2,2,2,0,0,0,0,0,0,0,0,1,1,2022,70+,5,0,0
70,1,1,2,1,2,2,2,1,0,0,2,1,60,4,0,1,2022,56-70,4,1,0
29,1,1,1,1,2,1,2,1,2,1,2,1,30,3,0,1,2022,18-30,1,1,1
49,2,2,2,2,2,2,0,0,0,0,0,0,0,0,3,3,2022,46-55,3,0,0
54,2,2,2,2,2,2,0,0,0,0,0,0,0,0,3,1,2022,46-55,3,0,0
67,0,0,0,0,0,0,0,0,0,0,0,0,0,0,0,0,2022,56-70,4,0,0
53,2,2,2,2,2,2,0,0,0,0,0,0,0,0,1,1,2022,46-55,3,0,0
20,1,1,2,2,2,1,2,1,0,0,0,0,30,2,0,1,2022,18-30,1,1,1
38,1,1,2,2,2,1,2,1,0,0,0,0,60,1,0,1,2022,31-45,2,1,1
57,1,1,1,2,2,1,1,2,1,2,0,0,60,2,0,1,2022,56-70,4,1,1
20,1,1,1,2,2,1,1,2,1,2,0,0,30,3,0,1,2022,18-30,1,1,1
33,1,2,2,1,2,1,0,0,0,0,2,1,30,3,0,1,2022,31-45,2,1,1
46,2,1,2,2,2,1,1,1,0,0,0,0,10,2,0,2,2022,46-55,3,1,1
50,0,0,0,0,0,0,0,0,0,0,0,0,0,0,0,0,2022,46-55,3,0,0
51,2,2,2,2,2,2,0,0,0,0,0,0,0,0,3,2,2022,46-55,3,0,0
51,1,1,1,1,1,1,2,1,1,1,2,1,30,3,0,1,2022,46-55,3,1,1
42,1,1,2,1,2,1,2,1,0,0,1,2,20,3,0,1,2022,31-45,2,1,1
37,1,1,1,2,2,1,2,1,2,1,0,0,10,3,0,1,2022,31-45,2,1,1
53,1,1,2,2,2,2,2,1,0,0,0,0,15,3,0,2,2022,46-55,3,1,0
34,1,1,1,1,1,1,2,1,2,1,1,2,60,3,0,1,2022,31-45,2,1,1
47,1,2,2,1,2,2,0,0,0,0,2,1,20,2,0,2,2022,46-55,3,1,0
26,1,1,2,1,2,1,1,2,0,0,2,1,10,2,0,2,2022,18-30,1,1,1
54,1,2,1,2,2,2,0,0,2,1,0,0,30,1,0,2,2022,46-55,3,1,0
62,1,1,2,2,2,2,2,1,0,0,0,0,20,2,0,2,2022,56-70,4,1,0
59,1,1,2,1,2,2,2,1,0,0,2,1,30,2,0,2,2022,56-70,4,1,0
18,1,1,1,1,1,1,1,2,2,1,2,1,30,2,0,1,2022,18-30,1,1,1
30,1,1,1,1,2,1,2,1,2,1,2,1,60,3,0,2,2022,18-30,1,1,1
58,1,1,1,2,2,1,2,1,2,1,0,0,20,3,0,2,2022,56-70,4,1,1
65,2,2,1,2,2,2,0,0,2,1,0,0,20,2,0,2,2022,56-70,4,1,0
20,2,2,2,1,2,2,0,0,0,0,2,1,10,3,0,1,2022,18-30,1,1,0
64,2,2,2,2,2,2,0,0,0,0,0,0,0,0,1,2,2022,56-70,4,0,0
62,1,1,2,2,2,2,2,1,0,0,0,0,20,1,0,2,2022,56-70,4,1,0
55,1,2,2,1,2,2,0,0,0,0,2,1,30,1,0,2,2022,46-55,3,1,0
33,1,1,1,2,2,2,2,1,2,1,0,0,20,2,0,2,2022,31-45,2,1,0
35,1,2,2,2,2,1,0,0,0,0,0,0,60,3,0,1,2022,31-45,2,0,1
25,1,1,2,2,2,1,1,2,0,0,0,0,120,4,0,1,2022,18-30,1,1,1
56,1,1,2,2,2,2,2,1,0,0,0,0,30,3,0,2,2022,56-70,4,1,0
39,1,1,2,2,2,2,2,1,0,0,0,0,10,1,0,1,2022,31-45,2,1,0
24,1,2,1,2,2,1,0,0,1,2,0,0,30,3,0,1,2022,18-30,1,1,1
54,0,0,0,0,0,0,0,0,0,0,0,0,0,0,0,0,2022,46-55,3,0,0
48,1,1,2,2,2,1,1,1,0,0,0,0,60,3,0,2,2022,46-55,3,1,1
56,1,1,1,2,2,2,2,1,2,1,0,0,60,2,0,1,2022,56-70,4,1,0
49,1,1,2,2,2,1,1,1,0,0,0,0,60,4,0,1,2022,46-55,3,1,1
66,2,2,2,1,2,2,0,0,0,0,2,1,20,2,0,2,2022,56-70,4,1,0
59,1,1,1,2,2,1,2,1,2,1,0,0,40,3,0,2,2022,56-70,4,1,1
23,1,2,2,2,2,1,0,0,0,0,0,0,45,3,0,1,2022,18-30,1,0,1
21,2,2,2,2,2,1,0,0,0,0,0,0,30,4,0,1,2022,18-30,1,0,1
60,2,2,2,1,2,2,0,0,0,0,2,1,40,2,0,2,2022,56-70,4,1,0
56,2,2,2,2,2,1,0,0,0,0,0,0,45,3,0,2,2022,56-70,4,0,1
58,1,2,2,2,2,1,0,0,0,0,0,0,20,3,0,2,2022,56-70,4,0,1
43,2,2,2,2,2,2,0,0,0,0,0,0,0,0,3,2,2022,31-45,2,0,0
35,1,2,2,2,2,1,0,0,0,0,0,0,35,3,0,2,2022,31-45,2,0,1
46,1,2,2,2,2,2,0,0,0,0,0,0,0,0,1,1,2022,46-55,3,0,0
37,1,2,2,2,2,1,0,0,0,0,0,0,30,3,0,2,2022,31-45,2,0,1
38,2,2,2,2,2,2,0,0,0,0,0,0,0,0,3,1,2022,31-45,2,0,0
74,2,2,2,1,2,2,0,0,0,0,2,1,20,3,0,1,2022,70+,5,1,0
30,1,1,1,2,2,1,2,1,2,1,0,0,30,3,0,1,2022,18-30,1,1,1
46,2,2,2,2,2,1,0,0,0,0,0,0,45,3,0,2,2022,46-55,3,0,1
55,2,2,2,2,2,2,0,0,0,0,0,0,0,0,3,2,2022,46-55,3,0,0
21,1,1,2,2,2,1,2,1,0,0,0,0,60,4,0,1,2022,18-30,1,1,1
36,2,2,2,2,2,2,0,0,0,0,0,0,0,0,3,1,2022,31-45,2,0,0
45,1,2,2,1,2,1,0,0,0,0,2,1,60,3,0,1,2022,31-45,2,1,1
20,1,2,1,2,2,1,0,0,1,2,0,0,20,3,0,1,2022,18-30,1,1,1
49,1,2,2,2,2,1,0,0,0,0,0,0,30,3,0,2,2022,46-55,3,0,1
36,2,2,2,2,2,1,0,0,0,0,0,0,30,3,0,2,2022,31-45,2,0,1
51,2,2,2,2,2,2,0,0,0,0,0,0,0,0,1,2,2022,46-55,3,0,0
19,1,1,2,2,2,1,2,1,0,0,0,0,30,3,0,1,2022,18-30,1,1,1
43,1,2,2,2,2,1,0,0,0,0,0,0,20,4,0,1,2022,31-45,2,0,1
69,2,2,2,2,2,2,0,0,0,0,0,0,0,0,3,2,2022,56-70,4,0,0
41,2,2,2,2,2,1,0,0,0,0,0,0,30,3,0,2,2022,31-45,2,0,1
71,1,2,2,2,2,2,0,0,0,0,0,0,0,0,3,2,2022,70+,5,0,0
53,2,2,1,1,2,2,0,0,2,1,2,1,20,3,0,1,2022,46-55,3,1,0
53,2,2,1,1,2,2,0,0,2,1,2,1,20,3,0,1,2022,46-55,3,1,0
70,2,2,2,2,2,2,0,0,0,0,0,0,0,0,5,3,2022,56-70,4,0,0
29,2,2,2,2,2,2,0,0,0,0,0,0,0,0,4,1,2022,18-30,1,0,0
36,2,2,2,1,2,2,0,0,0,0,2,1,30,3,0,1,2022,31-45,2,1,0
43,2,2,1,1,2,1,0,0,2,1,2,1,30,3,0,1,2022,31-45,2,1,1
55,2,2,2,1,2,2,0,0,0,0,2,1,20,3,0,2,2022,46-55,3,1,0
36,1,1,1,1,2,2,2,1,2,1,2,1,30,4,0,1,2022,31-45,2,1,0
51,1,2,2,2,2,1,0,0,0,0,0,0,60,3,0,1,2022,46-55,3,0,1
80,2,2,2,2,2,2,0,0,0,0,0,0,0,0,2,2,2022,70+,5,0,0
69,1,1,1,1,2,2,2,1,2,1,2,1,120,3,0,2,2022,56-70,4,1,0
79,2,2,2,1,2,2,0,0,0,0,2,1,20,2,0,1,2022,70+,5,1,0
28,1,1,1,1,2,1,2,1,2,1,2,1,10,3,0,1,2022,18-30,1,1,1
65,1,2,2,2,2,2,0,0,0,0,0,0,0,0,3,2,2022,56-70,4,0,0
64,2,2,2,2,2,2,0,0,0,0,0,0,0,0,1,2,2022,56-70,4,0,0
49,1,2,2,2,2,1,0,0,0,0,0,0,60,4,0,1,2022,46-55,3,0,1
58,2,2,2,2,2,2,0,0,0,0,0,0,0,0,1,2,2022,56-70,4,0,0
38,1,2,2,1,2,2,0,0,0,0,2,1,10,2,0,1,2022,31-45,2,1,0
35,1,1,2,1,2,1,2,1,0,0,2,1,60,3,0,3,2022,31-45,2,1,1
66,1,2,2,1,2,2,0,0,0,0,2,1,20,2,0,2,2022,56-70,4,1,0
62,2,2,2,2,2,2,0,0,0,0,0,0,0,0,3,2,2022,56-70,4,0,0
70,0,0,0,0,0,0,0,0,0,0,0,0,0,0,0,0,2022,56-70,4,0,0
34,1,1,1,2,2,1,1,2,2,1,0,0,120,4,0,2,2022,31-45,2,1,1
40,1,2,1,2,2,1,0,0,1,2,0,0,10,2,0,2,2022,31-45,2,1,1
89,1,2,2,1,2,2,0,0,0,0,2,1,10,2,0,2,2022,70+,5,1,0
27,1,1,2,2,2,2,2,1,0,0,0,0,60,4,0,1,2022,18-30,1,1,0
36,2,2,2,2,2,2,0,0,0,0,0,0,0,0,1,2,2022,31-45,2,0,0
41,1,1,2,2,2,2,2,1,0,0,0,0,30,3,0,2,2022,31-45,2,1,0
25,1,2,2,2,2,2,0,0,0,0,0,0,0,0,3,1,2022,18-30,1,0,0
51,1,2,1,1,2,1,0,0,2,1,2,1,10,3,0,2,2022,46-55,3,1,1
27,1,1,2,2,2,2,2,1,0,0,0,0,60,3,0,2,2022,18-30,1,1,0
36,1,1,2,2,2,1,2,1,0,0,0,0,120,2,0,1,2022,31-45,2,1,1
73,0,0,0,0,0,0,0,0,0,0,0,0,0,0,0,0,2022,70+,5,0,0
41,2,2,2,2,2,2,0,0,0,0,0,0,0,0,4,2,2022,31-45,2,0,0
54,1,2,2,2,2,2,0,0,0,0,0,0,0,0,3,2,2022,46-55,3,0,0
34,1,1,1,2,1,1,2,1,1,2,0,0,20,2,0,2,2022,31-45,2,1,1
37,1,2,2,1,2,2,0,0,0,0,2,1,10,3,0,1,2022,31-45,2,1,0
52,0,0,0,0,0,0,0,0,0,0,0,0,0,0,0,0,2022,46-55,3,0,0
43,1,1,2,2,2,1,2,1,0,0,0,0,90,3,0,1,2022,31-45,2,1,1
62,1,1,2,1,2,1,2,1,0,0,2,1,30,3,0,1,2022,56-70,4,1,1
69,1,1,1,1,2,1,2,1,2,1,2,1,120,4,0,1,2022,56-70,4,1,1
55,1,1,1,1,2,1,2,1,2,1,2,1,20,3,0,1,2022,46-55,3,1,1
50,2,2,2,2,2,2,0,0,0,0,0,0,0,0,3,2,2022,46-55,3,0,0
59,1,1,2,2,2,2,2,1,0,0,0,0,30,3,0,2,2022,56-70,4,1,0
57,1,2,2,2,2,2,0,0,0,0,0,0,0,0,1,2,2022,56-70,4,0,0
33,2,1,2,2,2,2,2,1,0,0,0,0,30,2,0,2,2022,31-45,2,1,0
58,1,1,2,2,2,2,2,1,0,0,0,0,10,4,0,1,2022,56-70,4,1,0
24,2,2,2,2,2,2,0,0,0,0,0,0,0,0,1,2,2022,18-30,1,0,0
71,2,2,2,2,2,2,0,0,0,0,0,0,0,0,1,2,2022,70+,5,0,0
97,2,2,2,2,2,2,0,0,0,0,0,0,0,0,5,3,2022,70+,5,0,0
49,1,1,2,2,2,1,2,1,0,0,0,0,30,3,0,1,2022,46-55,3,1,1
77,1,2,2,2,2,1,0,0,0,0,0,0,10,3,0,3,2022,70+,5,0,1
33,2,1,1,2,2,1,2,1,2,1,0,0,30,2,0,2,2022,31-45,2,1,1
48,1,1,2,2,2,1,2,1,0,0,0,0,60,4,0,1,2022,46-55,3,1,1
59,2,2,2,2,2,2,0,0,0,0,0,0,0,0,1,2,2022,56-70,4,0,0
25,1,1,2,2,2,1,2,1,0,0,0,0,20,3,0,1,2022,18-30,1,1,1
86,1,1,2,2,2,2,2,1,0,0,0,0,30,3,0,2,2022,70+,5,1,0
40,1,1,2,1,2,1,1,1,0,0,1,2,180,3,0,1,2022,31-45,2,1,1
52,1,1,1,2,2,1,2,1,2,1,0,0,20,1,0,1,2022,46-55,3,1,1
27,1,1,2,2,2,1,2,1,0,0,0,0,70,4,0,1,2022,18-30,1,1,1
69,1,1,2,1,2,2,2,1,0,0,2,1,60,3,0,1,2022,56-70,4,1,0
48,2,2,1,1,2,1,0,0,1,1,2,1,30,4,0,1,2022,46-55,3,1,1
50,2,2,1,2,2,2,0,0,2,1,0,0,25,3,0,1,2022,46-55,3,1,0
31,1,2,1,1,2,2,0,0,2,1,2,1,20,4,0,1,2022,31-45,2,1,0
24,1,1,2,2,2,1,2,1,0,0,0,0,120,3,0,1,2022,18-30,1,1,1
29,1,1,1,2,2,1,2,1,1,2,0,0,60,4,0,1,2022,18-30,1,1,1
31,1,1,2,2,2,1,2,1,0,0,0,0,60,4,0,1,2022,31-45,2,1,1
74,1,1,2,1,2,2,2,1,0,0,2,1,30,3,0,1,2022,70+,5,1,0
37,1,1,2,2,2,2,2,1,0,0,0,0,45,3,0,1,2022,31-45,2,1,0
63,2,2,2,2,2,2,0,0,0,0,0,0,0,0,1,1,2022,56-70,4,0,0
68,2,2,2,2,2,2,0,0,0,0,0,0,0,0,2,1,2022,56-70,4,0,0
81,1,2,2,1,2,2,0,0,0,0,2,1,20,3,0,3,2022,70+,5,1,0
29,1,2,2,2,2,1,0,0,0,0,0,0,20,3,0,1,2022,18-30,1,0,1
53,1,1,1,1,2,2,2,1,2,1,2,1,60,4,0,1,2022,46-55,3,1,0
22,1,1,2,2,2,2,2,1,0,0,0,0,45,4,0,1,2022,18-30,1,1,0
18,1,1,2,2,1,1,1,2,0,0,0,0,10,3,0,1,2022,18-30,1,1,1
79,2,2,2,2,2,2,0,0,0,0,0,0,0,0,5,2,2022,70+,5,0,0
27,1,1,2,1,2,1,2,1,0,0,2,1,20,3,0,2,2022,18-30,1,1,1
56,1,2,1,1,2,2,0,0,2,1,2,1,20,4,0,1,2022,56-70,4,1,0
46,1,2,2,1,2,2,0,0,0,0,2,1,30,3,0,1,2022,46-55,3,1,0
33,1,2,2,2,2,1,0,0,0,0,0,0,30,3,0,1,2022,31-45,2,0,1
46,2,2,2,1,2,1,0,0,0,0,2,1,20,4,0,1,2022,46-55,3,1,1
22,1,1,2,2,2,1,2,1,0,0,0,0,50,3,0,1,2022,18-30,1,1,1
61,2,2,2,2,2,2,0,0,0,0,0,0,0,0,1,2,2022,56-70,4,0,0
62,1,1,2,2,2,1,2,1,0,0,0,0,40,4,0,1,2022,56-70,4,1,1
75,1,1,2,1,2,2,2,1,0,0,2,1,20,3,0,1,2022,70+,5,1,0
62,1,1,2,2,2,1,1,2,0,0,0,0,180,4,0,1,2022,56-70,4,1,1
89,1,1,2,2,2,2,2,1,0,0,0,0,30,4,0,3,2022,70+,5,1,0
19,1,2,2,1,2,1,0,0,0,0,1,2,40,4,0,1,2022,18-30,1,1,1
25,1,1,2,2,2,1,2,1,0,0,0,0,160,3,0,1,2022,18-30,1,1,1
42,1,2,1,1,2,2,0,0,2,1,2,1,30,3,0,1,2022,31-45,2,1,0
69,1,1,1,1,1,1,2,1,2,1,2,1,50,4,0,1,2022,56-70,4,1,1
90,0,0,0,0,0,0,0,0,0,0,0,0,0,0,0,0,2022,70+,5,0,0
35,1,1,2,1,2,2,2,1,0,0,2,1,40,3,0,1,2022,31-45,2,1,0
79,1,1,1,2,2,2,2,1,2,1,0,0,25,4,0,3,2022,70+,5,1,0
44,1,1,2,1,2,1,2,1,0,0,2,1,50,4,0,1,2022,31-45,2,1,1
38,1,2,1,1,2,1,0,0,1,2,1,2,15,4,0,1,2022,31-45,2,1,1
35,1,2,1,1,2,2,0,0,2,1,2,1,30,1,0,2,2022,31-45,2,1,0
28,1,2,2,1,2,1,0,0,0,0,1,2,30,3,0,1,2022,18-30,1,1,1
25,1,1,2,2,2,1,2,1,0,0,0,0,180,3,0,1,2022,18-30,1,1,1
31,1,2,1,1,2,1,0,0,2,1,2,1,30,4,0,1,2022,31-45,2,1,1
62,1,1,2,2,2,2,2,1,0,0,0,0,60,2,0,1,2022,56-70,4,1,0
79,2,2,2,2,2,2,0,0,0,0,0,0,0,0,5,2,2022,70+,5,0,0
28,2,2,2,2,2,2,0,0,0,0,0,0,0,0,3,1,2022,18-30,1,0,0
68,1,1,2,2,2,2,2,1,0,0,0,0,20,3,0,3,2022,56-70,4,1,0
42,2,2,2,2,2,2,0,0,0,0,0,0,0,0,1,2,2022,31-45,2,0,0
82,1,1,2,2,2,2,2,1,0,0,0,0,60,2,0,3,2022,70+,5,1,0
43,1,1,2,2,1,1,2,1,0,0,0,0,30,3,0,2,2022,31-45,2,1,1
21,2,1,2,2,1,1,1,2,0,0,0,0,30,3,0,1,2022,18-30,1,1,1
40,1,1,2,2,2,1,2,1,0,0,0,0,30,3,0,1,2022,31-45,2,1,1
53,2,2,2,2,2,2,0,0,0,0,0,0,0,0,3,3,2022,46-55,3,0,0
58,2,2,2,1,2,1,0,0,0,0,2,1,40,4,0,1,2022,56-70,4,1,1
33,2,2,2,2,1,1,0,0,0,0,0,0,10,1,0,1,2022,31-45,2,1,1
24,1,1,1,2,2,1,1,1,1,2,0,0,60,3,0,1,2022,18-30,1,1,1
40,1,2,2,2,1,1,0,0,0,0,0,0,10,3,0,1,2022,31-45,2,1,1
37,2,2,2,1,2,1,0,0,0,0,1,2,10,4,0,2,2022,31-45,2,1,1
30,2,2,2,2,2,1,0,0,0,0,0,0,60,3,0,1,2022,18-30,1,0,1
35,1,1,2,2,2,1,2,1,0,0,0,0,10,3,0,1,2022,31-45,2,1,1
39,2,2,2,2,2,1,0,0,0,0,0,0,60,4,0,1,2022,31-45,2,0,1
29,2,2,1,1,1,1,0,0,2,1,2,1,15,1,0,1,2022,18-30,1,1,1
55,1,1,2,2,2,1,1,1,0,0,0,0,120,4,0,1,2022,46-55,3,1,1
29,2,2,2,2,2,1,0,0,0,0,0,0,15,4,0,1,2022,18-30,1,0,1
27,1,1,2,1,2,1,2,1,0,0,2,1,30,3,0,1,2022,18-30,1,1,1
49,1,1,1,2,1,1,1,2,1,2,0,0,30,2,0,1,2022,46-55,3,1,1
26,1,1,1,2,1,1,1,2,2,1,0,0,60,4,0,1,2022,18-30,1,1,1
27,1,2,1,2,2,1,0,0,1,2,0,0,10,2,0,1,2022,18-30,1,1,1
28,1,1,2,2,2,1,1,2,0,0,0,0,60,3,0,1,2022,18-30,1,1,1
25,1,1,2,2,1,1,2,1,0,0,0,0,30,4,0,1,2022,18-30,1,1,1
64,1,1,1,2,2,1,2,1,2,1,0,0,60,3,0,2,2022,56-70,4,1,1
40,1,1,2,1,1,1,2,1,0,0,2,1,20,3,0,1,2022,31-45,2,1,1
71,2,2,1,2,2,2,0,0,2,1,0,0,60,3,0,1,2022,70+,5,1,0
29,2,1,2,1,2,1,2,1,0,0,2,1,30,3,0,1,2022,18-30,1,1,1
53,1,2,2,1,2,2,0,0,0,0,2,1,60,2,0,2,2022,46-55,3,1,0
27,2,2,1,2,1,2,0,0,1,2,0,0,15,2,0,1,2022,18-30,1,1,0
56,2,2,2,2,2,2,0,0,0,0,0,0,0,0,1,3,2022,56-70,4,0,0
46,1,1,2,2,1,1,1,2,0,0,0,0,30,2,0,1,2022,46-55,3,1,1
26,1,1,2,1,1,1,2,1,0,0,2,1,5,3,0,2,2022,18-30,1,1,1
66,0,0,0,0,0,0,0,0,0,0,0,0,0,0,0,0,2022,56-70,4,0,0
42,1,1,1,1,2,1,2,1,1,2,1,2,35,4,0,1,2022,31-45,2,1,1
68,1,1,1,2,2,2,2,1,2,1,0,0,60,3,0,1,2022,56-70,4,1,0
35,2,1,2,2,2,1,2,1,0,0,0,0,30,4,0,1,2022,31-45,2,1,1
66,1,1,1,2,1,2,2,1,2,1,0,0,30,3,0,2,2022,56-70,4,1,0
46,1,2,2,2,2,1,0,0,0,0,0,0,30,3,0,1,2022,46-55,3,0,1
22,1,1,2,2,2,1,1,2,0,0,0,0,60,3,0,1,2022,18-30,1,1,1
47,1,1,2,2,2,2,1,2,0,0,0,0,60,3,0,2,2022,46-55,3,1,0
65,1,2,1,1,2,2,0,0,2,1,2,1,60,4,0,2,2022,56-70,4,1,0
61,1,1,1,2,2,2,2,1,2,1,0,0,30,1,0,2,2022,56-70,4,1,0
68,2,2,2,2,2,2,0,0,0,0,0,0,0,0,1,2,2022,56-70,4,0,0
30,1,1,1,2,2,1,1,2,1,2,0,0,60,3,0,1,2022,18-30,1,1,1
44,1,1,1,2,1,1,2,1,1,2,0,0,120,3,0,1,2022,31-45,2,1,1
68,1,1,1,1,2,1,1,2,1,2,1,2,30,3,0,2,2022,56-70,4,1,1
50,1,1,2,1,2,2,2,1,0,0,2,1,10,2,0,1,2022,46-55,3,1,0
30,1,1,1,2,1,1,1,2,2,1,0,0,60,3,0,1,2022,18-30,1,1,1
41,1,1,1,2,2,1,1,1,1,2,0,0,60,3,0,1,2022,31-45,2,1,1
32,2,2,2,2,2,2,0,0,0,0,0,0,0,0,3,2,2022,31-45,2,0,0
32,1,2,2,2,2,2,0,0,0,0,0,0,0,0,3,2,2022,31-45,2,0,0
58,2,2,2,2,2,2,0,0,0,0,0,0,0,0,1,2,2022,56-70,4,0,0
37,1,1,1,2,2,2,1,2,2,1,0,0,60,4,0,1,2022,31-45,2,1,0
68,2,2,2,2,2,2,0,0,0,0,0,0,0,0,1,2,2022,56-70,4,0,0
46,1,1,1,2,1,2,2,1,2,1,0,0,30,1,0,1,2022,46-55,3,1,0
47,2,2,2,2,2,2,0,0,0,0,0,0,0,0,3,1,2022,46-55,3,0,0
81,1,1,1,2,2,2,2,1,2,1,0,0,30,3,0,2,2022,70+,5,1,0
41,2,2,2,2,2,2,0,0,0,0,0,0,0,0,1,1,2022,31-45,2,0,0
70,1,1,2,2,2,2,2,1,0,0,0,0,20,4,0,2,2022,56-70,4,1,0
28,2,2,2,2,2,2,0,0,0,0,0,0,0,0,3,2,2022,18-30,1,0,0
51,2,2,2,1,1,1,0,0,0,0,2,1,30,4,0,1,2022,46-55,3,1,1
60,1,1,2,1,2,2,2,1,0,0,2,1,30,1,0,2,2022,56-70,4,1,0
42,2,2,2,2,2,2,0,0,0,0,0,0,0,0,3,1,2022,31-45,2,0,0
37,2,2,2,2,2,2,0,0,0,0,0,0,0,0,1,2,2022,31-45,2,0,0
65,1,1,2,2,2,2,2,1,0,0,0,0,60,4,0,1,2022,56-70,4,1,0
54,1,1,2,2,2,2,2,1,0,0,0,0,45,3,0,1,2022,46-55,3,1,0
87,2,2,2,2,2,2,0,0,0,0,0,0,0,0,5,2,2022,70+,5,0,0
65,2,2,1,2,2,2,0,0,2,1,0,0,20,4,0,2,2022,56-70,4,1,0
29,2,2,2,2,2,2,0,0,0,0,0,0,0,0,3,1,2023,18-30,1,0,0
53,2,2,2,1,2,2,0,0,0,0,2,1,10,2,0,1,2023,46-55,3,1,0
65,2,2,2,2,2,2,0,0,0,0,0,0,0,0,1,1,2023,56-70,4,0,0
44,2,2,2,2,2,2,0,0,0,0,0,0,0,0,2,1,2023,31-45,2,0,0
52,2,2,2,2,2,1,0,0,0,0,0,0,20,3,0,1,2023,46-55,3,0,1
36,2,2,2,2,2,2,0,0,0,0,0,0,0,0,3,1,2023,31-45,2,0,0
74,1,1,2,2,2,2,2,1,0,0,0,0,30,3,0,1,2023,70+,5,1,0
53,2,2,2,2,2,1,0,0,0,0,0,0,15,3,0,1,2023,46-55,3,0,1
23,1,1,2,2,2,1,2,1,0,0,0,0,30,3,0,1,2023,18-30,1,1,1
57,2,2,2,2,2,2,0,0,0,0,0,0,0,0,2,2,2023,56-70,4,0,0
53,2,2,2,2,2,2,0,0,0,0,0,0,0,0,3,1,2023,46-55,3,0,0
36,2,2,2,2,2,1,0,0,0,0,0,0,20,3,0,1,2023,31-45,2,0,1
40,1,1,2,1,2,1,1,1,0,0,2,1,60,3,0,1,2023,31-45,2,1,1
22,1,1,2,2,2,1,2,1,0,0,0,0,20,3,0,1,2023,18-30,1,1,1
22,1,1,2,2,2,1,1,1,0,0,0,0,30,3,0,1,2023,18-30,1,1,1
39,2,2,2,2,2,2,0,0,0,0,0,0,0,0,3,1,2023,31-45,2,0,0
28,1,1,2,2,2,1,2,1,0,0,0,0,30,3,0,1,2023,18-30,1,1,1
40,1,2,2,1,2,2,0,0,0,0,2,1,30,3,0,1,2023,31-45,2,1,0
58,2,2,2,2,2,2,0,0,0,0,0,0,0,0,3,3,2023,56-70,4,0,0
55,1,1,2,2,2,2,2,1,0,0,0,0,60,3,0,1,2023,46-55,3,1,0
30,1,1,2,2,2,1,2,1,0,0,0,0,20,3,0,1,2023,18-30,1,1,1
38,2,1,2,1,2,2,2,1,0,0,2,1,10,3,0,2,2023,31-45,2,1,0
54,2,2,2,2,2,2,0,0,0,0,0,0,0,0,2,1,2023,46-55,3,0,0
47,2,2,2,1,2,1,0,0,0,0,2,1,30,3,0,1,2023,46-55,3,1,1
39,1,1,2,2,2,1,1,1,0,0,0,0,60,3,0,1,2023,31-45,2,1,1
40,2,2,2,2,2,2,0,0,0,0,0,0,0,0,1,1,2023,31-45,2,0,0
56,2,2,2,2,2,2,0,0,0,0,0,0,0,0,2,1,2023,56-70,4,0,0
27,2,2,2,2,2,1,0,0,0,0,0,0,30,3,0,1,2023,18-30,1,0,1
56,2,2,2,2,2,2,0,0,0,0,0,0,0,0,2,2,2023,56-70,4,0,0
77,2,2,2,2,2,2,0,0,0,0,0,0,0,0,5,1,2023,70+,5,0,0
30,2,2,2,2,2,1,0,0,0,0,0,0,15,3,0,1,2023,18-30,1,0,1
49,2,2,2,2,2,2,0,0,0,0,0,0,0,0,3,1,2023,46-55,3,0,0
30,2,2,2,2,2,1,0,0,0,0,0,0,10,3,0,1,2023,18-30,1,0,1
57,2,2,2,2,2,2,0,0,0,0,0,0,0,0,3,1,2023,56-70,4,0,0
60,2,2,2,1,2,2,0,0,0,0,2,1,20,3,0,1,2023,56-70,4,1,0
43,2,2,2,2,2,2,0,0,0,0,0,0,0,0,3,1,2023,31-45,2,0,0
37,2,2,2,2,2,2,0,0,0,0,0,0,0,0,3,1,2023,31-45,2,0,0
58,2,2,2,2,2,2,0,0,0,0,0,0,0,0,3,2,2023,56-70,4,0,0
51,2,2,2,2,2,2,0,0,0,0,0,0,0,0,2,1,2023,46-55,3,0,0
38,2,2,2,2,2,1,0,0,0,0,0,0,20,3,0,1,2023,31-45,2,0,1
50,2,2,2,2,2,2,0,0,0,0,0,0,0,0,1,2,2023,46-55,3,0,0
35,2,2,2,2,2,2,0,0,0,0,0,0,0,0,4,1,2023,31-45,2,0,0
36,1,1,2,2,2,1,2,1,0,0,0,0,20,3,0,1,2023,31-45,2,1,1
55,1,1,2,1,2,1,1,1,0,0,2,1,30,3,0,1,2023,46-55,3,1,1
52,1,1,2,2,2,1,2,1,0,0,0,0,15,3,0,1,2023,46-55,3,1,1
39,2,2,2,2,2,1,0,0,0,0,0,0,20,3,0,1,2023,31-45,2,0,1
24,2,2,2,2,2,1,0,0,0,0,0,0,15,3,0,3,2023,18-30,1,0,1
36,2,2,2,2,2,2,0,0,0,0,0,0,0,0,3,1,2023,31-45,2,0,0
39,2,2,2,2,2,2,0,0,0,0,0,0,0,0,1,3,2023,31-45,2,0,0
35,1,2,2,1,2,1,0,0,0,0,2,1,20,4,0,1,2023,31-45,2,1,1
59,1,2,2,1,2,2,0,0,0,0,2,1,15,4,0,2,2023,56-70,4,1,0
29,1,2,2,2,2,1,0,0,0,0,0,0,30,4,0,1,2023,18-30,1,0,1
20,1,1,1,2,2,1,1,2,1,2,0,0,60,3,0,1,2023,18-30,1,1,1
26,1,1,2,2,2,1,1,2,0,0,0,0,40,4,0,3,2023,18-30,1,1,1
52,2,2,2,2,2,2,0,0,0,0,0,0,0,0,1,3,2023,46-55,3,0,0
23,2,2,2,2,2,1,0,0,0,0,0,0,15,3,0,3,2023,18-30,1,0,1
22,1,1,1,2,1,1,2,1,2,1,0,0,30,3,0,1,2023,18-30,1,1,1
39,1,2,2,2,2,2,0,0,0,0,0,0,0,0,3,2,2023,31-45,2,0,0
46,2,2,2,2,2,2,0,0,0,0,0,0,0,0,3,2,2023,46-55,3,0,0
49,1,2,2,2,2,2,0,0,0,0,0,0,0,0,3,2,2023,46-55,3,0,0
25,2,2,2,2,2,2,0,0,0,0,0,0,0,0,3,1,2023,18-30,1,0,0
59,1,2,2,2,2,2,0,0,0,0,0,0,0,0,3,2,2023,56-70,4,0,0
51,2,2,2,2,2,2,0,0,0,0,0,0,0,0,3,2,2023,46-55,3,0,0
24,2,2,2,2,2,2,0,0,0,0,0,0,0,0,3,2,2023,18-30,1,0,0
25,2,2,2,2,2,1,0,0,0,0,0,0,30,3,0,2,2023,18-30,1,0,1
64,1,1,1,2,2,2,1,2,2,1,0,0,30,3,0,1,2023,56-70,4,1,0
40,1,1,2,1,2,1,1,2,0,0,2,1,15,4,0,1,2023,31-45,2,1,1
59,2,2,2,2,2,2,0,0,0,0,0,0,0,0,1,2,2023,56-70,4,0,0
28,1,1,2,2,1,2,2,1,0,0,0,0,60,3,0,1,2023,18-30,1,1,0
32,2,2,2,2,2,2,0,0,0,0,0,0,0,0,1,3,2023,31-45,2,0,0
38,2,2,2,2,2,1,0,0,0,0,0,0,20,4,0,1,2023,31-45,2,0,1
73,1,2,1,2,1,2,0,0,2,1,0,0,15,4,0,2,2023,70+,5,1,0
46,1,2,1,1,2,2,0,0,2,1,2,1,15,3,0,1,2023,46-55,3,1,0
35,1,1,2,1,2,1,2,1,0,0,2,1,30,4,0,1,2023,31-45,2,1,1
19,1,1,2,2,2,1,2,1,0,0,0,0,30,3,0,3,2023,18-30,1,1,1
45,1,1,1,2,2,1,1,2,1,2,0,0,40,4,0,1,2023,31-45,2,1,1
77,2,2,2,2,2,2,0,0,0,0,0,0,0,0,1,3,2023,70+,5,0,0
22,1,1,2,2,1,2,2,1,0,0,0,0,120,2,0,2,2023,18-30,1,1,0
29,1,2,2,1,1,1,0,0,0,0,1,2,60,3,0,2,2023,18-30,1,1,1
22,2,2,2,2,2,2,0,0,0,0,0,0,0,0,1,2,2023,18-30,1,0,0
26,2,2,2,2,2,1,0,0,0,0,0,0,15,3,0,3,2023,18-30,1,0,1
53,1,2,2,1,2,1,0,0,0,0,2,1,15,4,0,2,2023,46-55,3,1,1
36,1,2,1,1,2,1,0,0,2,1,2,1,20,2,0,2,2023,31-45,2,1,1
64,1,2,1,2,2,2,0,0,2,1,0,0,40,4,0,1,2023,56-70,4,1,0
38,1,2,1,1,1,1,0,0,2,1,2,1,20,3,0,2,2023,31-45,2,1,1
29,2,2,2,2,2,1,0,0,0,0,0,0,25,3,0,3,2023,18-30,1,0,1
30,2,2,1,2,1,1,0,0,1,2,0,0,40,3,0,1,2023,18-30,1,1,1
50,1,2,2,2,2,1,0,0,0,0,0,0,30,4,0,1,2023,46-55,3,0,1
43,1,2,1,2,2,1,0,0,2,1,0,0,60,4,0,1,2023,31-45,2,1,1
47,2,2,2,2,2,2,0,0,0,0,0,0,0,0,3,1,2023,46-55,3,0,0
63,0,0,0,0,0,0,0,0,0,0,0,0,0,0,0,0,2023,56-70,4,0,0
62,1,2,2,2,2,2,0,0,0,0,0,0,0,0,5,2,2023,56-70,4,0,0
22,1,1,1,2,2,1,2,1,1,2,0,0,30,4,0,1,2023,18-30,1,1,1
70,1,1,1,2,2,2,2,1,2,1,0,0,90,4,0,2,2023,56-70,4,1,0
44,1,1,2,2,2,2,2,1,0,0,0,0,20,3,0,1,2023,31-45,2,1,0
82,2,2,2,2,2,2,0,0,0,0,0,0,0,0,5,2,2023,70+,5,0,0
26,1,1,1,2,2,1,1,1,1,2,0,0,15,3,0,1,2023,18-30,1,1,1
58,2,2,2,2,2,2,0,0,0,0,0,0,0,0,1,2,2023,56-70,4,0,0
44,2,2,2,2,2,2,0,0,0,0,0,0,0,0,1,2,2023,31-45,2,0,0
44,2,2,2,2,2,1,0,0,0,0,0,0,25,3,0,1,2023,31-45,2,0,1
48,1,2,2,2,2,2,0,0,0,0,0,0,0,0,2,1,2023,46-55,3,0,0
42,1,1,1,2,2,2,1,2,2,1,0,0,20,2,0,2,2023,31-45,2,1,0
37,1,1,2,2,2,2,2,1,0,0,0,0,10,3,0,1,2023,31-45,2,1,0
51,1,1,2,2,2,2,1,2,0,0,0,0,30,3,0,1,2023,46-55,3,1,0
38,2,2,1,2,2,2,0,0,2,1,0,0,20,3,0,2,2023,31-45,2,1,0
22,1,1,2,2,2,1,1,2,0,0,0,0,60,3,0,1,2023,18-30,1,1,1
77,1,1,2,2,2,2,2,1,0,0,0,0,30,3,0,2,2023,70+,5,1,0
27,2,2,2,2,2,2,0,0,0,0,0,0,0,0,1,2,2023,18-30,1,0,0
26,2,2,2,2,2,2,0,0,0,0,0,0,0,0,1,2,2023,18-30,1,0,0
47,1,1,2,2,2,1,2,1,0,0,0,0,60,4,0,1,2023,46-55,3,1,1
48,2,2,2,2,2,2,0,0,0,0,0,0,0,0,3,2,2023,46-55,3,0,0
22,1,1,2,2,2,2,2,1,0,0,0,0,30,3,0,2,2023,18-30,1,1,0
75,2,2,2,2,2,2,0,0,0,0,0,0,0,0,5,2,2023,70+,5,0,0
57,2,2,2,2,2,2,0,0,0,0,0,0,0,0,5,2,2023,56-70,4,0,0
38,1,2,2,2,2,1,0,0,0,0,0,0,35,3,0,2,2023,31-45,2,0,1
35,2,2,2,2,2,2,0,0,0,0,0,0,0,0,1,1,2023,31-45,2,0,0
82,0,0,0,0,0,0,0,0,0,0,0,0,0,0,0,0,2023,70+,5,0,0
46,2,2,2,2,2,2,0,0,0,0,0,0,0,0,1,2,2023,46-55,3,0,0
24,1,1,2,2,2,1,1,1,0,0,0,0,30,3,0,1,2023,18-30,1,1,1
31,1,1,1,2,2,2,2,1,2,1,0,0,20,3,0,1,2023,31-45,2,1,0
29,1,1,2,2,2,1,1,2,0,0,0,0,90,3,0,1,2023,18-30,1,1,1
42,1,2,2,2,2,2,0,0,0,0,0,0,0,0,2,1,2023,31-45,2,0,0
29,1,1,2,2,2,1,2,1,0,0,0,0,40,3,0,1,2023,18-30,1,1,1
62,2,2,2,2,2,2,0,0,0,0,0,0,0,0,5,2,2023,56-70,4,0,0
37,1,1,2,1,2,2,2,1,0,0,1,2,20,3,0,1,2023,31-45,2,1,0
30,1,1,2,2,2,1,1,2,0,0,0,0,35,3,0,1,2023,18-30,1,1,1
48,1,1,2,2,2,2,2,1,0,0,0,0,60,4,0,1,2023,46-55,3,1,0
63,1,1,2,2,2,2,2,1,0,0,0,0,30,3,0,1,2023,56-70,4,1,0
66,2,2,2,1,2,2,0,0,0,0,2,1,30,3,0,2,2023,56-70,4,1,0
45,2,2,2,2,2,2,0,0,0,0,0,0,0,0,1,2,2023,31-45,2,0,0
28,1,1,2,1,2,1,2,1,0,0,2,1,30,3,0,1,2023,18-30,1,1,1
36,1,1,2,2,2,1,2,1,0,0,0,0,30,2,0,1,2023,31-45,2,1,1
19,2,2,1,1,2,1,0,0,2,1,2,1,5,2,0,2,2023,18-30,1,1,1
62,1,1,2,2,2,1,2,1,0,0,0,0,30,1,0,1,2023,56-70,4,1,1
37,1,1,1,2,2,1,1,2,2,1,0,0,15,3,0,1,2023,31-45,2,1,1
30,1,1,2,2,1,1,1,2,0,0,0,0,300,3,0,1,2023,18-30,1,1,1
30,2,2,2,2,2,1,0,0,0,0,0,0,30,4,0,1,2023,18-30,1,0,1
62,1,1,2,2,2,2,2,1,0,0,0,0,60,2,0,1,2023,56-70,4,1,0
41,1,1,1,2,2,1,1,1,2,1,0,0,60,3,0,1,2023,31-45,2,1,1
36,1,1,1,1,1,1,2,1,1,2,2,1,60,3,0,1,2023,31-45,2,1,1
67,1,2,2,2,2,1,0,0,0,0,0,0,30,3,0,2,2023,56-70,4,0,1
41,1,2,2,2,2,1,0,0,0,0,0,0,60,3,0,3,2023,31-45,2,0,1
65,1,1,2,2,2,1,2,1,0,0,0,0,60,3,0,1,2023,56-70,4,1,1
32,2,2,2,2,2,1,0,0,0,0,0,0,5,3,0,2,2023,31-45,2,0,1
33,1,2,1,2,2,2,0,0,2,1,0,0,5,2,0,2,2023,31-45,2,1,0
32,1,2,2,2,2,1,0,0,0,0,0,0,180,4,0,1,2023,31-45,2,0,1
49,2,2,2,2,2,1,0,0,0,0,0,0,30,4,0,1,2023,46-55,3,0,1
28,1,1,1,2,2,1,2,1,2,1,0,0,30,4,0,1,2023,18-30,1,1,1
55,1,1,2,1,2,1,2,1,0,0,1,2,120,3,0,3,2023,46-55,3,1,1
79,1,2,2,1,2,2,0,0,0,0,2,1,10,1,0,2,2023,70+,5,1,0
41,1,1,2,2,2,1,1,2,0,0,0,0,30,1,0,1,2023,31-45,2,1,1
57,1,1,2,2,2,1,2,1,0,0,0,0,10,3,0,1,2023,56-70,4,1,1
50,1,2,1,2,2,2,0,0,2,1,0,0,15,4,0,1,2023,46-55,3,1,0
32,1,1,2,2,2,2,2,1,0,0,0,0,30,3,0,1,2023,31-45,2,1,0
31,1,1,1,2,1,1,2,1,1,2,0,0,45,3,0,1,2023,31-45,2,1,1
83,1,2,2,1,2,2,0,0,0,0,2,1,60,4,0,1,2023,70+,5,1,0
55,1,1,1,2,2,2,2,1,2,1,0,0,60,3,0,1,2023,46-55,3,1,0
31,1,1,2,1,2,1,1,2,0,0,2,1,60,4,0,1,2023,31-45,2,1,1
52,1,1,2,2,2,2,1,2,0,0,0,0,15,3,0,1,2023,46-55,3,1,0
62,2,2,2,1,2,2,0,0,0,0,2,1,30,1,0,1,2023,56-70,4,1,0
32,1,1,2,1,2,1,1,2,0,0,2,1,30,3,0,1,2023,31-45,2,1,1
23,2,2,2,2,2,2,0,0,0,0,0,0,0,0,1,1,2023,18-30,1,0,0
45,1,1,1,1,2,1,1,2,2,1,2,1,25,2,0,1,2023,31-45,2,1,1
62,2,2,2,2,2,2,0,0,0,0,0,0,0,0,1,2,2023,56-70,4,0,0
26,2,2,2,2,2,2,0,0,0,0,0,0,0,0,3,2,2023,18-30,1,0,0
50,1,1,2,2,2,2,2,1,0,0,0,0,30,3,0,2,2023,46-55,3,1,0
38,2,2,2,2,2,1,0,0,0,0,0,0,60,1,0,2,2023,31-45,2,0,1
41,2,2,2,2,2,2,0,0,0,0,0,0,0,0,3,2,2023,31-45,2,0,0
43,1,1,1,1,2,2,2,1,2,1,2,1,20,3,0,1,2023,31-45,2,1,0
22,1,1,2,2,2,2,2,1,0,0,0,0,30,3,0,1,2023,18-30,1,1,0
40,2,2,2,2,2,1,0,0,0,0,0,0,20,2,0,2,2023,31-45,2,0,1
31,1,2,2,2,2,1,0,0,0,0,0,0,120,3,0,1,2023,31-45,2,0,1
43,1,1,1,1,1,1,1,2,1,2,1,2,60,3,0,1,2023,31-45,2,1,1
70,1,1,2,2,2,2,2,1,0,0,0,0,10,1,0,2,2023,56-70,4,1,0
52,2,2,2,2,2,2,0,0,0,0,0,0,0,0,5,1,2023,46-55,3,0,0
88,1,1,2,2,2,2,2,1,0,0,0,0,10,2,0,2,2023,70+,5,1,0
30,1,1,1,2,2,1,2,1,2,1,0,0,30,2,0,1,2023,18-30,1,1,1
20,1,2,1,2,2,1,0,0,1,2,0,0,10,2,0,1,2023,18-30,1,1,1
35,2,2,2,2,2,1,0,0,0,0,0,0,15,1,0,2,2023,31-45,2,0,1
39,2,2,2,2,2,1,0,0,0,0,0,0,60,2,0,1,2023,31-45,2,0,1
42,1,2,1,1,1,2,0,0,2,1,2,1,15,3,0,1,2023,31-45,2,1,0
20,2,2,2,2,1,1,0,0,0,0,0,0,30,1,0,2,2023,18-30,1,1,1
62,1,1,1,1,2,2,2,1,2,1,2,1,45,3,0,1,2023,56-70,4,1,0
48,1,1,2,2,2,2,2,1,0,0,0,0,30,3,0,2,2023,46-55,3,1,0
65,1,2,1,1,2,2,0,0,2,1,2,1,60,3,0,1,2023,56-70,4,1,0
56,1,1,1,1,2,1,1,2,1,2,2,1,40,4,0,1,2023,56-70,4,1,1
63,2,2,2,2,2,2,0,0,0,0,0,0,0,0,3,2,2023,56-70,4,0,0
51,1,1,2,2,2,1,2,1,0,0,0,0,30,2,0,3,2023,46-55,3,1,1
38,1,1,2,2,2,2,1,2,0,0,0,0,30,3,0,2,2023,31-45,2,1,0
30,2,2,2,2,2,1,0,0,0,0,0,0,10,3,0,2,2023,18-30,1,0,1
65,1,2,1,2,2,1,0,0,2,1,0,0,300,4,0,1,2023,56-70,4,1,1
43,1,1,1,2,2,1,2,1,1,2,0,0,5,3,0,1,2023,31-45,2,1,1
60,1,1,1,1,2,1,1,1,2,1,1,2,45,4,0,1,2023,56-70,4,1,1
41,2,2,2,2,2,2,0,0,0,0,0,0,0,0,3,1,2023,31-45,2,0,0
71,1,1,2,2,2,2,2,1,0,0,0,0,45,3,0,1,2023,70+,5,1,0
28,1,2,1,2,2,2,0,0,2,1,0,0,15,4,0,1,2023,18-30,1,1,0
46,1,2,1,2,2,1,0,0,2,1,0,0,20,2,0,1,2023,46-55,3,1,1
22,2,2,2,2,2,2,0,0,0,0,0,0,0,0,1,2,2023,18-30,1,0,0
57,1,1,2,2,2,2,2,1,0,0,0,0,30,1,0,2,2023,56-70,4,1,0
74,2,1,1,2,2,2,2,1,2,1,0,0,20,2,0,1,2023,70+,5,1,0
30,2,2,2,2,2,2,0,0,0,0,0,0,0,0,3,2,2023,18-30,1,0,0
50,1,1,1,2,2,1,2,1,2,1,0,0,60,4,0,2,2023,46-55,3,1,1
19,1,1,1,2,1,1,2,1,1,2,0,0,30,3,0,1,2023,18-30,1,1,1
75,1,1,2,2,2,2,2,1,0,0,0,0,30,1,0,2,2023,70+,5,1,0
76,0,0,0,0,0,0,0,0,0,0,0,0,0,0,0,0,2023,70+,5,0,0
71,1,2,1,2,2,2,0,0,2,1,0,0,30,4,0,2,2023,70+,5,1,0
30,1,1,2,1,2,1,2,1,0,0,2,1,20,2,0,1,2023,18-30,1,1,1
67,1,1,2,2,2,2,1,2,0,0,0,0,20,3,0,1,2023,56-70,4,1,0
55,1,2,1,1,2,2,0,0,2,1,2,1,30,2,0,2,2023,46-55,3,1,0
67,2,2,2,2,2,2,0,0,0,0,0,0,0,0,5,1,2023,56-70,4,0,0
67,2,2,2,2,2,2,0,0,0,0,0,0,0,0,5,2,2023,56-70,4,0,0
31,2,2,2,2,2,2,0,0,0,0,0,0,0,0,1,2,2023,31-45,2,0,0
65,0,0,0,0,0,0,0,0,0,0,0,0,0,0,0,0,2023,56-70,4,0,0
78,2,2,2,2,2,2,0,0,0,0,0,0,0,0,5,3,2023,70+,5,0,0
35,2,2,2,2,2,2,0,0,0,0,0,0,0,0,2,2,2023,31-45,2,0,0
18,1,2,2,2,2,1,0,0,0,0,0,0,120,4,0,1,2023,18-30,1,0,1
41,1,1,2,2,2,1,2,1,0,0,0,0,60,4,0,1,2023,31-45,2,1,1
53,2,2,2,2,2,2,0,0,0,0,0,0,0,0,5,3,2023,46-55,3,0,0
74,0,0,0,0,0,0,0,0,0,0,0,0,0,0,0,0,2023,70+,5,0,0
37,1,1,1,2,2,1,1,2,2,1,0,0,90,3,0,1,2023,31-45,2,1,1
36,1,1,1,2,2,1,1,2,2,1,0,0,120,4,0,1,2023,31-45,2,1,1
29,2,2,2,2,2,2,0,0,0,0,0,0,0,0,1,2,2023,18-30,1,0,0
37,2,2,2,2,2,2,0,0,0,0,0,0,0,0,1,2,2023,31-45,2,0,0
54,2,2,2,2,2,2,0,0,0,0,0,0,0,0,1,1,2023,46-55,3,0,0
20,2,2,2,2,2,2,0,0,0,0,0,0,0,0,1,2,2023,18-30,1,0,0
20,2,2,2,2,2,2,0,0,0,0,0,0,0,0,3,1,2023,18-30,1,0,0
76,2,2,2,2,2,2,0,0,0,0,0,0,0,0,3,2,2023,70+,5,0,0
40,1,2,2,2,2,1,0,0,0,0,0,0,90,3,0,2,2023,31-45,2,0,1
45,2,2,2,2,2,2,0,0,0,0,0,0,0,0,2,3,2023,31-45,2,0,0
35,1,1,2,2,2,1,2,1,0,0,0,0,40,3,0,1,2023,31-45,2,1,1
43,2,2,2,2,2,2,0,0,0,0,0,0,0,0,1,2,2023,31-45,2,0,0
43,0,0,0,0,0,0,0,0,0,0,0,0,0,0,0,0,2023,31-45,2,0,0
27,2,2,2,2,2,1,0,0,0,0,0,0,60,3,0,1,2023,18-30,1,0,1
37,1,1,2,2,1,1,2,1,0,0,0,0,60,4,0,1,2023,31-45,2,1,1
62,1,1,2,2,2,1,2,1,0,0,0,0,90,3,0,1,2023,56-70,4,1,1
49,2,2,2,2,2,2,0,0,0,0,0,0,0,0,3,2,2023,46-55,3,0,0
65,2,2,2,2,2,2,0,0,0,0,0,0,0,0,5,2,2023,56-70,4,0,0
45,2,2,2,2,2,2,0,0,0,0,0,0,0,0,3,2,2023,31-45,2,0,0
27,1,2,1,2,2,1,0,0,2,1,0,0,30,2,0,2,2023,18-30,1,1,1
69,2,2,2,2,2,2,0,0,0,0,0,0,0,0,5,1,2023,56-70,4,0,0
60,2,2,2,2,2,2,0,0,0,0,0,0,0,0,2,1,2023,56-70,4,0,0
52,1,1,2,2,2,2,2,1,0,0,0,0,120,4,0,1,2023,46-55,3,1,0
68,1,1,2,1,2,1,2,1,0,0,2,1,60,3,0,2,2023,56-70,4,1,1
40,2,2,2,2,2,2,0,0,0,0,0,0,0,0,3,2,2023,31-45,2,0,0
20,2,1,2,2,2,2,2,1,0,0,0,0,40,3,0,2,2023,18-30,1,1,0
59,2,2,2,2,2,2,0,0,0,0,0,0,0,0,1,2,2023,56-70,4,0,0
43,2,2,2,2,2,2,0,0,0,0,0,0,0,0,3,2,2023,31-45,2,0,0
27,2,2,2,2,2,1,0,0,0,0,0,0,60,3,0,2,2023,18-30,1,0,1
57,0,0,0,0,0,0,0,0,0,0,0,0,0,0,0,0,2023,56-70,4,0,0
65,2,2,2,2,2,2,0,0,0,0,0,0,0,0,2,2,2023,56-70,4,0,0
51,1,2,1,2,2,2,0,0,2,1,0,0,40,3,0,2,2023,46-55,3,1,0
87,0,0,0,0,0,0,0,0,0,0,0,0,0,0,0,0,2023,70+,5,0,0
63,2,2,2,2,2,2,0,0,0,0,0,0,0,0,2,1,2023,56-70,4,0,0
59,1,1,2,2,2,2,2,1,0,0,0,0,30,3,0,2,2023,56-70,4,1,0
24,2,2,2,2,2,1,0,0,0,0,0,0,15,3,0,1,2023,18-30,1,0,1
45,2,2,2,2,2,1,0,0,0,0,0,0,5,1,0,2,2023,31-45,2,0,1
40,1,1,2,2,2,1,2,1,0,0,0,0,30,3,0,1,2023,31-45,2,1,1
38,1,1,2,2,2,1,2,1,0,0,0,0,20,3,0,1,2023,31-45,2,1,1
20,1,1,2,1,2,1,1,1,0,0,2,1,120,3,0,1,2023,18-30,1,1,1
53,2,2,2,2,2,2,0,0,0,0,0,0,0,0,1,2,2023,46-55,3,0,0
37,1,1,1,2,2,1,1,1,2,1,0,0,30,2,0,1,2023,31-45,2,1,1
81,1,1,2,2,2,2,2,1,0,0,0,0,120,4,0,2,2023,70+,5,1,0
42,1,1,2,2,2,2,2,1,0,0,0,0,30,3,0,2,2023,31-45,2,1,0
29,2,1,2,2,2,1,1,2,0,0,0,0,30,3,0,1,2023,18-30,1,1,1
80,1,1,2,2,2,2,2,1,0,0,0,0,20,2,0,2,2023,70+,5,1,0
20,1,1,2,2,2,2,2,1,0,0,0,0,30,4,0,1,2023,18-30,1,1,0
29,2,2,2,2,2,2,0,0,0,0,0,0,0,0,1,1,2023,18-30,1,0,0
46,1,1,2,2,2,2,1,1,0,0,0,0,60,3,0,2,2023,46-55,3,1,0
29,1,2,1,2,1,1,0,0,1,2,0,0,30,3,0,1,2023,18-30,1,1,1
52,1,1,2,2,2,2,1,2,0,0,0,0,30,4,0,1,2023,46-55,3,1,0
73,2,2,2,2,2,2,0,0,0,0,0,0,0,0,5,2,2023,70+,5,0,0
68,1,1,1,2,2,1,2,1,2,1,0,0,15,2,0,2,2023,56-70,4,1,1
52,2,2,2,2,2,2,0,0,0,0,0,0,0,0,3,2,2023,46-55,3,0,0
77,1,1,2,2,2,2,2,1,0,0,0,0,180,3,0,2,2023,70+,5,1,0
51,1,1,1,2,2,1,1,1,1,2,0,0,20,4,0,1,2023,46-55,3,1,1
60,2,2,2,1,2,2,0,0,0,0,2,1,5,3,0,1,2023,56-70,4,1,0
32,1,1,1,2,2,1,1,2,2,1,0,0,30,4,0,1,2023,31-45,2,1,1
24,2,2,2,2,2,1,0,0,0,0,0,0,15,2,0,2,2023,18-30,1,0,1
78,1,2,2,2,2,2,0,0,0,0,0,0,0,0,5,1,2023,70+,5,0,0
83,2,2,2,2,2,2,0,0,0,0,0,0,0,0,5,2,2023,70+,5,0,0
30,1,1,2,2,2,1,2,1,0,0,0,0,30,2,0,1,2023,18-30,1,1,1
64,1,1,2,2,2,2,2,1,0,0,0,0,30,4,0,1,2023,56-70,4,1,0
33,1,1,1,2,2,1,1,1,2,1,0,0,60,4,0,1,2023,31-45,2,1,1
37,2,2,2,2,2,2,0,0,0,0,0,0,0,0,3,1,2023,31-45,2,0,0
61,2,1,2,2,2,2,2,1,0,0,0,0,10,4,0,1,2023,56-70,4,1,0
26,1,1,1,2,1,1,1,2,2,1,0,0,60,2,0,1,2023,18-30,1,1,1
57,1,1,2,2,2,2,2,1,0,0,0,0,20,3,0,1,2023,56-70,4,1,0
65,0,0,0,0,0,0,0,0,0,0,0,0,0,0,0,0,2023,56-70,4,0,0
57,1,1,1,2,2,1,2,1,2,1,0,0,60,3,0,1,2023,56-70,4,1,1
64,2,1,1,2,2,2,2,1,2,1,0,0,30,2,0,2,2023,56-70,4,1,0
35,2,2,2,2,2,2,0,0,0,0,0,0,0,0,1,1,2023,31-45,2,0,0
29,1,2,1,1,2,2,0,0,2,1,2,1,15,2,0,1,2023,18-30,1,1,0
21,1,1,1,2,2,1,2,1,2,1,0,0,30,3,0,1,2023,18-30,1,1,1
33,2,2,2,2,2,2,0,0,0,0,0,0,0,0,1,2,2023,31-45,2,0,0
38,1,1,2,2,2,1,2,1,0,0,0,0,30,4,0,2,2023,31-45,2,1,1
47,1,1,2,2,2,2,2,1,0,0,0,0,20,3,0,2,2023,46-55,3,1,0
51,1,1,1,2,2,2,2,1,2,1,0,0,20,2,0,2,2023,46-55,3,1,0
48,1,1,2,2,2,1,1,1,0,0,0,0,20,3,0,1,2023,46-55,3,1,1
66,2,2,2,2,2,2,0,0,0,0,0,0,0,0,3,1,2023,56-70,4,0,0
45,1,1,2,2,2,2,2,1,0,0,0,0,20,1,0,2,2023,31-45,2,1,0
79,2,2,2,2,2,2,0,0,0,0,0,0,0,0,5,3,2023,70+,5,0,0
50,2,2,2,2,2,2,0,0,0,0,0,0,0,0,1,2,2023,46-55,3,0,0
40,2,2,2,2,2,2,0,0,0,0,0,0,0,0,1,1,2023,31-45,2,0,0
33,2,2,2,2,2,2,0,0,0,0,0,0,0,0,2,1,2023,31-45,2,0,0
54,2,2,2,2,2,2,0,0,0,0,0,0,0,0,1,2,2023,46-55,3,0,0
18,2,2,2,2,2,2,0,0,0,0,0,0,0,0,3,1,2023,18-30,1,0,0
20,2,2,2,2,2,2,0,0,0,0,0,0,0,0,1,2,2023,18-30,1,0,0
31,1,1,2,2,2,2,1,2,0,0,0,0,60,3,0,2,2023,31-45,2,1,0
26,1,2,2,2,2,2,0,0,0,0,0,0,0,0,1,3,2023,18-30,1,0,0
42,1,1,2,2,2,2,1,2,0,0,0,0,30,4,0,2,2023,31-45,2,1,0
42,1,1,1,1,1,2,2,1,2,1,2,1,20,3,0,1,2023,31-45,2,1,0
35,2,2,2,2,2,2,0,0,0,0,0,0,0,0,1,2,2023,31-45,2,0,0
84,2,2,2,2,2,2,0,0,0,0,0,0,0,0,5,2,2023,70+,5,0,0
70,1,1,2,1,2,2,2,1,0,0,2,1,30,4,0,1,2023,56-70,4,1,0
68,2,2,2,2,2,2,0,0,0,0,0,0,0,0,1,2,2023,56-70,4,0,0
46,2,2,2,2,2,2,0,0,0,0,0,0,0,0,3,1,2023,46-55,3,0,0
25,2,2,2,2,2,2,0,0,0,0,0,0,0,0,3,1,2023,18-30,1,0,0
23,1,1,2,2,2,2,2,1,0,0,0,0,42,4,0,1,2023,18-30,1,1,0
20,1,1,2,2,1,1,2,1,0,0,0,0,60,3,0,1,2023,18-30,1,1,1
57,2,2,2,2,2,2,0,0,0,0,0,0,0,0,1,1,2023,56-70,4,0,0
32,1,2,2,2,1,1,0,0,0,0,0,0,20,4,0,1,2023,31-45,2,1,1
75,2,2,2,2,2,2,0,0,0,0,0,0,0,0,5,2,2023,70+,5,0,0
49,2,2,2,2,2,2,0,0,0,0,0,0,0,0,1,2,2023,46-55,3,0,0
52,1,1,1,1,2,2,2,1,2,1,2,1,20,4,0,1,2023,46-55,3,1,0
19,1,1,2,2,2,1,1,2,0,0,0,0,60,3,0,1,2023,18-30,1,1,1
47,2,2,2,2,2,2,0,0,0,0,0,0,0,0,3,1,2023,46-55,3,0,0
64,2,2,2,2,2,2,0,0,0,0,0,0,0,0,1,2,2023,56-70,4,0,0
50,2,2,2,2,2,2,0,0,0,0,0,0,0,0,1,2,2023,46-55,3,0,0
19,1,1,2,2,1,2,2,1,0,0,0,0,30,3,0,3,2023,18-30,1,1,0
45,1,1,2,1,2,1,1,2,0,0,1,2,120,4,0,1,2023,31-45,2,1,1
60,1,1,2,2,2,2,2,1,0,0,0,0,30,4,0,1,2023,56-70,4,1,0
76,1,1,2,2,2,2,2,1,0,0,0,0,30,3,0,1,2023,70+,5,1,0
56,1,1,2,2,2,2,2,1,0,0,0,0,40,4,0,1,2023,56-70,4,1,0
31,2,2,2,2,2,2,0,0,0,0,0,0,0,0,1,1,2023,31-45,2,0,0
23,1,2,1,2,1,1,0,0,1,2,0,0,20,3,0,1,2023,18-30,1,1,1
61,1,1,2,2,2,2,2,1,0,0,0,0,20,2,0,2,2023,56-70,4,1,0
30,1,2,2,1,2,2,0,0,0,0,1,2,20,3,0,1,2023,18-30,1,1,0
41,2,2,2,2,2,2,0,0,0,0,0,0,0,0,2,2,2023,31-45,2,0,0
66,1,1,2,2,2,2,2,1,0,0,0,0,60,1,0,2,2023,56-70,4,1,0
54,1,1,2,2,2,2,2,1,0,0,0,0,20,3,0,2,2023,46-55,3,1,0
63,2,2,2,2,2,2,0,0,0,0,0,0,0,0,3,1,2023,56-70,4,0,0
69,2,2,2,2,2,2,0,0,0,0,0,0,0,0,5,1,2023,56-70,4,0,0
40,2,2,2,2,2,2,0,0,0,0,0,0,0,0,3,2,2023,31-45,2,0,0
64,1,1,2,2,2,1,2,1,0,0,0,0,120,3,0,1,2023,56-70,4,1,1
50,2,2,2,2,2,2,0,0,0,0,0,0,0,0,3,1,2023,46-55,3,0,0
53,1,2,1,1,2,2,0,0,2,1,2,1,30,4,0,2,2023,46-55,3,1,0
43,1,2,1,2,2,2,0,0,2,1,0,0,35,4,0,1,2023,31-45,2,1,0
73,1,2,2,1,2,2,0,0,0,0,2,1,30,3,0,2,2023,70+,5,1,0
41,2,2,2,2,2,2,0,0,0,0,0,0,0,0,3,2,2023,31-45,2,0,0
52,1,2,2,2,2,2,0,0,0,0,0,0,0,0,3,2,2023,46-55,3,0,0
32,1,1,2,2,2,2,2,1,0,0,0,0,60,3,0,1,2023,31-45,2,1,0
34,1,2,2,2,2,2,0,0,0,0,0,0,0,0,3,2,2023,31-45,2,0,0
40,2,2,2,2,2,2,0,0,0,0,0,0,0,0,3,1,2023,31-45,2,0,0
59,2,2,2,2,2,2,0,0,0,0,0,0,0,0,1,2,2023,56-70,4,0,0
63,2,2,2,2,2,2,0,0,0,0,0,0,0,0,2,2,2023,56-70,4,0,0
33,2,2,2,1,2,2,0,0,0,0,2,1,20,2,0,1,2023,31-45,2,1,0
49,2,2,2,2,2,2,0,0,0,0,0,0,0,0,3,1,2023,46-55,3,0,0
43,1,1,2,1,2,2,2,1,0,0,2,1,25,3,0,1,2023,31-45,2,1,0
31,2,2,2,1,2,2,0,0,0,0,2,1,20,2,0,2,2023,31-45,2,1,0
31,1,1,2,1,2,2,2,1,0,0,2,1,60,3,0,1,2023,31-45,2,1,0
61,2,2,2,2,2,2,0,0,0,0,0,0,0,0,3,2,2023,56-70,4,0,0
49,2,2,2,2,2,2,0,0,0,0,0,0,0,0,3,1,2023,46-55,3,0,0
41,2,2,2,2,2,1,0,0,0,0,0,0,30,2,0,2,2023,31-45,2,0,1
37,1,2,2,2,2,1,0,0,0,0,0,0,15,3,0,2,2023,31-45,2,0,1
37,1,2,1,2,2,1,0,0,2,1,0,0,30,2,0,2,2023,31-45,2,1,1
32,2,2,2,2,2,1,0,0,0,0,0,0,30,2,0,2,2023,31-45,2,0,1
74,2,2,2,2,2,2,0,0,0,0,0,0,0,0,6,2,2023,70+,5,0,0
20,1,1,2,2,2,1,2,1,0,0,0,0,60,3,0,1,2023,18-30,1,1,1
45,2,2,2,2,2,1,0,0,0,0,0,0,20,2,0,2,2023,31-45,2,0,1
47,2,2,2,2,2,2,0,0,0,0,0,0,0,0,3,2,2023,46-55,3,0,0
27,2,2,2,2,2,2,0,0,0,0,0,0,0,0,3,3,2023,18-30,1,0,0
54,1,1,2,1,2,1,1,1,0,0,1,1,35,4,0,1,2023,46-55,3,1,1
47,1,2,2,1,2,1,0,0,0,0,2,1,120,4,0,1,2023,46-55,3,1,1
43,2,2,2,2,2,2,0,0,0,0,0,0,0,0,3,2,2023,31-45,2,0,0
76,2,2,2,2,2,2,0,0,0,0,0,0,0,0,5,2,2023,70+,5,0,0
35,2,2,1,1,2,2,0,0,2,1,2,1,30,2,0,2,2023,31-45,2,1,0
77,2,2,2,2,2,2,0,0,0,0,0,0,0,0,3,2,2023,70+,5,0,0
40,1,2,1,1,2,1,0,0,1,2,2,1,90,4,0,1,2023,31-45,2,1,1
44,1,1,2,1,2,1,1,2,0,0,1,2,120,4,0,1,2023,31-45,2,1,1
53,1,1,2,2,2,2,1,2,0,0,0,0,30,2,0,2,2023,46-55,3,1,0
45,2,2,2,2,2,2,0,0,0,0,0,0,0,0,3,2,2023,31-45,2,0,0
64,1,1,1,1,2,1,1,1,1,2,2,1,120,3,0,2,2023,56-70,4,1,1
31,1,1,2,1,2,1,2,1,0,0,1,2,15,3,0,1,2023,31-45,2,1,1
46,2,2,2,2,2,2,0,0,0,0,0,0,0,0,3,1,2023,46-55,3,0,0
69,1,1,2,2,2,2,2,1,0,0,0,0,35,2,0,1,2023,56-70,4,1,0
70,2,2,2,2,2,2,0,0,0,0,0,0,0,0,5,1,2023,56-70,4,0,0
86,2,2,2,2,2,2,0,0,0,0,0,0,0,0,5,1,2023,70+,5,0,0
60,2,2,2,2,2,2,0,0,0,0,0,0,0,0,1,2,2023,56-70,4,0,0
61,2,2,2,2,2,2,0,0,0,0,0,0,0,0,3,2,2023,56-70,4,0,0
52,2,2,2,2,2,2,0,0,0,0,0,0,0,0,3,1,2023,46-55,3,0,0
37,1,1,2,2,2,1,1,2,0,0,0,0,20,3,0,1,2023,31-45,2,1,1
40,2,2,2,2,2,2,0,0,0,0,0,0,0,0,3,1,2023,31-45,2,0,0
19,1,1,2,2,2,1,1,2,0,0,0,0,60,4,0,1,2023,18-30,1,1,1
49,2,2,2,2,2,2,0,0,0,0,0,0,0,0,3,3,2023,46-55,3,0,0
36,1,2,2,1,2,1,0,0,0,0,1,2,20,3,0,3,2023,31-45,2,1,1
25,1,2,1,2,2,1,0,0,2,1,0,0,45,4,0,1,2023,18-30,1,1,1
91,2,2,2,2,2,2,0,0,0,0,0,0,0,0,5,2,2023,70+,5,0,0
57,2,2,2,2,2,2,0,0,0,0,0,0,0,0,3,2,2023,56-70,4,0,0
58,1,1,1,1,1,1,2,1,1,2,1,2,25,4,0,1,2023,56-70,4,1,1
32,1,1,1,2,2,1,1,2,1,2,0,0,90,4,0,1,2023,31-45,2,1,1
57,2,2,2,2,2,2,0,0,0,0,0,0,0,0,2,2,2023,56-70,4,0,0
58,1,1,2,2,2,2,2,1,0,0,0,0,30,3,0,1,2023,56-70,4,1,0
34,1,1,1,2,2,1,2,1,2,1,0,0,60,3,0,1,2023,31-45,2,1,1
43,1,2,2,2,2,1,0,0,0,0,0,0,60,3,0,1,2023,31-45,2,0,1
34,1,2,1,2,2,1,0,0,2,1,0,0,40,4,0,1,2023,31-45,2,1,1
59,2,2,2,2,2,2,0,0,0,0,0,0,0,0,1,2,2023,56-70,4,0,0
44,1,2,1,2,2,2,0,0,2,1,0,0,60,4,0,1,2023,31-45,2,1,0
31,1,1,2,2,2,1,1,2,0,0,0,0,120,4,0,1,2023,31-45,2,1,1
34,1,2,1,2,2,1,0,0,2,1,0,0,30,3,0,1,2023,31-45,2,1,1
60,1,2,1,1,2,2,0,0,2,1,2,1,30,2,0,2,2023,56-70,4,1,0
47,1,2,2,2,2,2,0,0,0,0,0,0,0,0,3,2,2023,46-55,3,0,0
37,2,2,2,2,2,1,0,0,0,0,0,0,20,3,0,2,2023,31-45,2,0,1
73,1,1,2,1,2,2,2,1,0,0,2,1,90,4,0,1,2023,70+,5,1,0
75,2,2,2,2,2,2,0,0,0,0,0,0,0,0,5,1,2023,70+,5,0,0
68,1,2,1,2,2,2,0,0,2,1,0,0,40,4,0,1,2023,56-70,4,1,0
87,2,2,2,2,2,2,0,0,0,0,0,0,0,0,3,1,2023,70+,5,0,0
52,1,2,1,1,2,2,0,0,2,1,2,1,20,2,0,1,2023,46-55,3,1,0
47,1,1,2,1,2,2,2,1,0,0,2,1,25,3,0,1,2023,46-55,3,1,0
53,2,2,2,2,2,2,0,0,0,0,0,0,0,0,3,1,2023,46-55,3,0,0
52,2,2,2,1,2,2,0,0,0,0,2,1,10,3,0,1,2023,46-55,3,1,0
78,2,2,2,2,2,2,0,0,0,0,0,0,0,0,5,2,2023,70+,5,0,0
78,2,2,2,2,2,2,0,0,0,0,0,0,0,0,2,2,2023,70+,5,0,0
49,1,2,2,1,2,1,0,0,0,0,2,1,30,2,0,2,2023,46-55,3,1,1
61,2,2,2,2,2,2,0,0,0,0,0,0,0,0,5,2,2023,56-70,4,0,0
29,1,1,1,2,2,1,2,1,2,1,0,0,30,3,0,1,2023,18-30,1,1,1
54,2,2,2,2,2,1,0,0,0,0,0,0,20,3,0,2,2023,46-55,3,0,1
48,2,2,2,2,2,2,0,0,0,0,0,0,0,0,3,2,2023,46-55,3,0,0
24,2,2,1,2,2,1,0,0,2,1,0,0,30,3,0,1,2023,18-30,1,1,1
66,2,2,2,2,2,2,0,0,0,0,0,0,0,0,3,1,2023,56-70,4,0,0
37,2,2,2,2,2,2,0,0,0,0,0,0,0,0,3,2,2023,31-45,2,0,0
65,2,2,2,2,2,2,0,0,0,0,0,0,0,0,3,2,2023,56-70,4,0,0
34,2,2,2,1,2,2,0,0,0,0,2,1,20,3,0,1,2023,31-45,2,1,0
19,1,1,1,2,2,2,2,1,2,1,0,0,25,3,0,1,2023,18-30,1,1,0
83,2,2,2,2,2,2,0,0,0,0,0,0,0,0,5,1,2023,70+,5,0,0
58,2,1,2,2,2,2,2,1,0,0,0,0,30,3,0,1,2023,56-70,4,1,0
56,2,2,2,2,2,2,0,0,0,0,0,0,0,0,3,2,2023,56-70,4,0,0
60,2,2,2,2,2,2,0,0,0,0,0,0,0,0,3,2,2023,56-70,4,0,0
53,2,2,2,2,2,2,0,0,0,0,0,0,0,0,3,2,2023,46-55,3,0,0
45,2,2,2,2,2,2,0,0,0,0,0,0,0,0,3,2,2023,31-45,2,0,0
52,2,2,2,1,2,2,0,0,0,0,2,1,20,3,0,1,2023,46-55,3,1,0
37,1,1,1,1,2,1,2,1,2,1,2,1,30,3,0,1,2023,31-45,2,1,1
33,1,2,2,1,2,2,0,0,0,0,2,1,25,3,0,1,2023,31-45,2,1,0
80,1,2,2,1,2,2,0,0,0,0,2,1,30,3,0,1,2023,70+,5,1,0
26,1,1,2,2,2,2,2,1,0,0,0,0,60,3,0,1,2023,18-30,1,1,0
67,1,2,2,2,2,2,0,0,0,0,0,0,0,0,3,1,2023,56-70,4,0,0
34,2,2,2,1,2,2,0,0,0,0,2,1,15,3,0,1,2023,31-45,2,1,0
68,2,2,2,1,2,2,0,0,0,0,2,1,25,3,0,1,2023,56-70,4,1,0
31,2,2,2,2,2,2,0,0,0,0,0,0,0,0,3,1,2023,31-45,2,0,0
59,2,2,2,2,2,2,0,0,0,0,0,0,0,0,3,1,2023,56-70,4,0,0
24,2,2,2,2,2,1,0,0,0,0,0,0,10,3,0,2,2023,18-30,1,0,1
58,1,1,2,2,2,1,2,1,0,0,0,0,20,4,0,1,2023,56-70,4,1,1
32,1,1,2,2,2,1,2,1,0,0,0,0,30,4,0,1,2023,31-45,2,1,1
30,1,2,1,2,2,1,0,0,2,1,0,0,30,3,0,1,2023,18-30,1,1,1
54,2,2,2,2,2,1,0,0,0,0,0,0,20,3,0,1,2023,46-55,3,0,1
66,2,2,2,2,2,2,0,0,0,0,0,0,0,0,5,2,2023,56-70,4,0,0
65,2,2,2,1,2,2,0,0,0,0,2,1,20,2,0,2,2023,56-70,4,1,0
43,2,2,2,2,2,1,0,0,0,0,0,0,15,3,0,2,2023,31-45,2,0,1
25,2,2,2,2,2,2,0,0,0,0,0,0,0,0,1,2,2023,18-30,1,0,0
52,2,2,2,2,2,2,0,0,0,0,0,0,0,0,3,2,2023,46-55,3,0,0
31,2,2,2,2,2,2,0,0,0,0,0,0,0,0,3,2,2023,31-45,2,0,0
36,1,1,2,1,2,2,1,2,0,0,2,1,20,3,0,1,2023,31-45,2,1,0
33,1,1,1,1,2,2,2,1,2,1,2,1,60,3,0,1,2023,31-45,2,1,0
65,1,1,2,1,2,2,2,1,0,0,2,1,30,3,0,1,2023,56-70,4,1,0
36,2,2,2,2,2,2,0,0,0,0,0,0,0,0,3,2,2023,31-45,2,0,0
54,2,2,2,2,2,2,0,0,0,0,0,0,0,0,3,1,2023,46-55,3,0,0
32,2,2,2,2,2,2,0,0,0,0,0,0,0,0,3,2,2023,31-45,2,0,0
32,1,2,1,2,2,1,0,0,2,1,0,0,40,4,0,1,2023,31-45,2,1,1
42,1,2,1,2,2,2,0,0,2,1,0,0,60,4,0,1,2023,31-45,2,1,0
36,1,1,1,1,2,1,2,1,2,1,2,1,90,4,0,1,2023,31-45,2,1,1
30,1,2,1,2,2,1,0,0,2,1,0,0,45,4,0,1,2023,18-30,1,1,1
58,2,2,2,2,2,2,0,0,0,0,0,0,0,0,1,3,2023,56-70,4,0,0
49,2,2,2,2,2,2,0,0,0,0,0,0,0,0,2,2,2023,46-55,3,0,0
62,2,2,2,2,2,2,0,0,0,0,0,0,0,0,2,2,2023,56-70,4,0,0
56,1,2,1,2,2,1,0,0,2,1,0,0,30,3,0,1,2023,56-70,4,1,1
24,2,2,2,2,2,1,0,0,0,0,0,0,10,3,0,2,2023,18-30,1,0,1
32,2,2,1,2,2,1,0,0,2,1,0,0,30,3,0,2,2023,31-45,2,1,1
19,1,1,2,1,2,2,2,1,0,0,2,1,120,3,0,1,2023,18-30,1,1,0
68,1,2,2,1,2,2,0,0,0,0,2,1,20,3,0,2,2023,56-70,4,1,0
81,2,2,2,2,2,2,0,0,0,0,0,0,0,0,5,2,2023,70+,5,0,0
32,1,1,2,1,2,2,2,1,0,0,1,2,30,3,0,1,2023,31-45,2,1,0
59,2,2,2,2,2,2,0,0,0,0,0,0,0,0,1,1,2023,56-70,4,0,0
40,1,1,2,1,2,2,2,1,0,0,2,1,30,3,0,1,2023,31-45,2,1,0
34,1,1,1,2,2,2,2,1,2,1,0,0,35,3,0,1,2023,31-45,2,1,0
58,2,2,2,2,2,2,0,0,0,0,0,0,0,0,2,1,2023,56-70,4,0,0
37,2,2,2,2,2,1,0,0,0,0,0,0,20,3,0,3,2023,31-45,2,0,1
60,2,2,2,2,2,1,0,0,0,0,0,0,15,4,0,1,2023,56-70,4,0,1
25,1,2,2,1,2,1,0,0,0,0,1,2,30,3,0,2,2023,18-30,1,1,1
83,2,2,2,2,2,2,0,0,0,0,0,0,0,0,5,1,2023,70+,5,0,0
65,2,2,1,2,2,2,0,0,2,1,0,0,15,2,0,1,2023,56-70,4,1,0
59,2,2,1,2,2,2,0,0,2,1,0,0,20,2,0,1,2023,56-70,4,1,0
56,2,2,2,2,2,1,0,0,0,0,0,0,25,2,0,1,2023,56-70,4,0,1
27,2,2,2,2,2,1,0,0,0,0,0,0,15,3,0,1,2023,18-30,1,0,1
69,2,2,2,2,2,2,0,0,0,0,0,0,0,0,3,3,2023,56-70,4,0,0
48,1,2,1,2,2,2,0,0,2,1,0,0,60,4,0,2,2023,46-55,3,1,0
62,1,1,2,1,2,2,2,1,0,0,2,1,30,3,0,2,2023,56-70,4,1,0
37,1,2,1,2,2,2,0,0,2,1,0,0,25,3,0,1,2023,31-45,2,1,0
22,1,2,1,2,2,1,0,0,2,1,0,0,45,3,0,1,2023,18-30,1,1,1
50,2,2,2,2,2,2,0,0,0,0,0,0,0,0,2,1,2023,46-55,3,0,0
24,2,2,2,2,2,2,0,0,0,0,0,0,0,0,3,1,2023,18-30,1,0,0
58,2,2,2,1,2,2,0,0,0,0,2,1,15,3,0,1,2023,56-70,4,1,0
69,2,2,2,2,2,2,0,0,0,0,0,0,0,0,2,1,2023,56-70,4,0,0
27,1,2,1,2,2,2,0,0,2,1,0,0,20,3,0,2,2023,18-30,1,1,0
42,1,2,2,1,2,2,0,0,0,0,2,1,25,3,0,2,2023,31-45,2,1,0
54,2,2,2,2,2,2,0,0,0,0,0,0,0,0,1,2,2023,46-55,3,0,0
41,2,2,2,2,2,2,0,0,0,0,0,0,0,0,3,2,2023,31-45,2,0,0
50,1,1,1,2,2,2,2,1,2,1,0,0,60,4,0,1,2023,46-55,3,1,0
41,1,2,2,1,2,2,0,0,0,0,2,1,60,4,0,1,2023,31-45,2,1,0
51,2,2,2,2,2,2,0,0,0,0,0,0,0,0,3,2,2023,46-55,3,0,0
29,1,2,1,2,2,1,0,0,2,1,0,0,25,3,0,1,2023,18-30,1,1,1
59,1,2,1,2,2,2,0,0,2,1,0,0,40,3,0,2,2023,56-70,4,1,0
30,1,2,1,2,2,1,0,0,1,2,0,0,40,4,0,2,2023,18-30,1,1,1
37,1,2,1,2,2,2,0,0,2,1,0,0,20,4,0,1,2023,31-45,2,1,0
65,1,2,1,1,2,2,0,0,2,1,2,1,60,3,0,2,2023,56-70,4,1,0
65,2,2,2,2,2,2,0,0,0,0,0,0,0,0,3,2,2023,56-70,4,0,0
61,2,2,2,2,2,2,0,0,0,0,0,0,0,0,3,2,2023,56-70,4,0,0
58,2,2,2,2,2,2,0,0,0,0,0,0,0,0,3,1,2023,56-70,4,0,0
50,2,2,2,2,2,2,0,0,0,0,0,0,0,0,3,1,2023,46-55,3,0,0
59,2,2,2,2,2,2,0,0,0,0,0,0,0,0,3,2,2023,56-70,4,0,0
55,2,2,2,2,2,2,0,0,0,0,0,0,0,0,3,2,2023,46-55,3,0,0
19,1,1,1,1,2,1,2,1,2,1,2,1,40,3,0,1,2023,18-30,1,1,1
29,2,2,2,2,2,2,0,0,0,0,0,0,0,0,3,1,2023,18-30,1,0,0
76,2,2,2,2,2,2,0,0,0,0,0,0,0,0,5,1,2023,70+,5,0,0
60,1,1,1,2,2,2,2,1,2,1,0,0,30,3,0,1,2023,56-70,4,1,0
38,1,2,1,1,2,2,0,0,2,1,2,1,90,4,0,1,2023,31-45,2,1,0
52,1,2,1,2,2,2,0,0,2,1,0,0,25,3,0,2,2023,46-55,3,1,0
69,1,1,1,2,2,2,2,1,2,1,0,0,60,4,0,1,2023,56-70,4,1,0
71,1,1,2,1,2,2,2,1,0,0,2,1,60,4,0,1,2023,70+,5,1,0
75,0,0,0,0,0,0,0,0,0,0,0,0,0,0,0,0,2023,70+,5,0,0
45,2,2,2,2,2,2,0,0,0,0,0,0,0,0,3,2,2023,31-45,2,0,0
72,2,2,2,2,2,2,0,0,0,0,0,0,0,0,5,2,2023,70+,5,0,0
61,1,2,2,1,2,2,0,0,0,0,2,1,30,3,0,2,2023,56-70,4,1,0
67,1,1,2,1,2,2,2,1,0,0,2,1,120,3,0,1,2023,56-70,4,1,0
49,2,2,2,2,2,2,0,0,0,0,0,0,0,0,3,2,2023,46-55,3,0,0
36,2,2,2,2,2,2,0,0,0,0,0,0,0,0,3,2,2023,31-45,2,0,0
65,1,2,2,2,2,1,0,0,0,0,0,0,30,2,0,2,2023,56-70,4,0,1
53,2,2,2,2,2,2,0,0,0,0,0,0,0,0,3,2,2023,46-55,3,0,0
59,2,2,2,2,2,2,0,0,0,0,0,0,0,0,3,1,2023,56-70,4,0,0
56,1,2,1,2,2,1,0,0,2,1,0,0,30,3,0,1,2023,56-70,4,1,1
36,2,2,2,2,2,2,0,0,0,0,0,0,0,0,3,1,2023,31-45,2,0,0
44,1,2,2,1,2,2,0,0,0,0,2,1,30,4,0,1,2023,31-45,2,1,0
36,1,2,2,1,2,2,0,0,0,0,2,1,40,4,0,1,2023,31-45,2,1,0
37,1,1,1,1,2,2,2,1,2,1,2,1,120,4,0,1,2023,31-45,2,1,0
59,2,2,2,2,2,2,0,0,0,0,0,0,0,0,3,1,2023,56-70,4,0,0
61,2,2,2,2,2,2,0,0,0,0,0,0,0,0,1,2,2023,56-70,4,0,0
75,2,2,2,2,2,2,0,0,0,0,0,0,0,0,5,2,2023,70+,5,0,0
22,2,2,2,2,2,2,0,0,0,0,0,0,0,0,1,2,2023,18-30,1,0,0
57,2,2,2,2,2,2,0,0,0,0,0,0,0,0,1,2,2023,56-70,4,0,0
56,2,2,2,2,2,2,0,0,0,0,0,0,0,0,3,2,2023,56-70,4,0,0
38,1,2,1,2,2,2,0,0,2,1,0,0,30,3,0,2,2023,31-45,2,1,0
30,2,2,2,2,2,2,0,0,0,0,0,0,0,0,3,2,2023,18-30,1,0,0
75,1,2,2,1,2,2,0,0,0,0,2,1,25,3,0,2,2023,70+,5,1,0
28,1,2,2,2,2,1,0,0,0,0,0,0,40,4,0,2,2023,18-30,1,0,1
21,2,2,2,2,2,2,0,0,0,0,0,0,0,0,3,1,2023,18-30,1,0,0
51,2,2,2,1,2,2,0,0,0,0,2,1,30,3,0,2,2023,46-55,3,1,0
64,2,2,2,2,2,2,0,0,0,0,0,0,0,0,2,2,2023,56-70,4,0,0
29,1,2,2,1,2,1,0,0,0,0,2,1,40,3,0,1,2023,18-30,1,1,1
48,1,2,1,1,2,1,0,0,2,1,2,1,30,4,0,1,2023,46-55,3,1,1
27,1,1,2,1,1,2,2,1,0,0,2,1,30,4,0,2,2023,18-30,1,1,0
26,1,2,1,1,1,1,0,0,2,1,1,2,60,3,0,1,2023,18-30,1,1,1
62,2,2,2,2,2,2,0,0,0,0,0,0,0,0,5,1,2023,56-70,4,0,0
48,1,2,2,1,2,2,0,0,0,0,2,1,20,3,0,1,2023,46-55,3,1,0
19,2,2,2,2,2,2,0,0,0,0,0,0,0,0,1,2,2023,18-30,1,0,0
66,1,1,2,2,2,2,2,1,0,0,0,0,30,3,0,1,2023,56-70,4,1,0
41,1,2,1,1,2,1,0,0,2,1,2,1,40,4,0,1,2023,31-45,2,1,1
48,1,1,2,2,2,2,2,1,0,0,0,0,30,4,0,1,2023,46-55,3,1,0
38,1,1,2,1,2,2,2,1,0,0,2,1,60,4,0,1,2023,31-45,2,1,0
52,1,1,2,2,2,1,2,1,0,0,0,0,30,2,0,1,2023,46-55,3,1,1
52,1,2,1,1,2,2,0,0,2,1,2,1,30,3,0,1,2023,46-55,3,1,0
52,2,2,2,2,2,1,0,0,0,0,0,0,60,3,0,1,2023,46-55,3,0,1
57,1,2,2,2,2,2,0,0,0,0,0,0,0,0,2,1,2023,56-70,4,0,0
33,2,2,2,2,2,2,0,0,0,0,0,0,0,0,2,1,2023,31-45,2,0,0
77,2,2,2,2,2,2,0,0,0,0,0,0,0,0,5,2,2023,70+,5,0,0
21,1,1,2,2,2,1,1,2,0,0,0,0,60,3,0,1,2023,18-30,1,1,1
42,2,2,2,2,2,2,0,0,0,0,0,0,0,0,2,1,2023,31-45,2,0,0
36,2,2,2,2,2,2,0,0,0,0,0,0,0,0,2,2,2023,31-45,2,0,0
51,1,2,2,1,2,2,0,0,0,0,2,1,30,3,0,1,2023,46-55,3,1,0
57,1,1,1,1,2,2,2,1,2,1,2,1,35,3,0,1,2023,56-70,4,1,0
33,1,1,2,2,2,1,1,2,0,0,0,0,30,2,0,2,2023,31-45,2,1,1
44,2,2,2,2,2,2,0,0,0,0,0,0,0,0,2,2,2023,31-45,2,0,0
19,2,2,2,2,2,2,0,0,0,0,0,0,0,0,2,1,2023,18-30,1,0,0
20,1,1,2,1,2,1,2,1,0,0,2,1,60,2,0,2,2023,18-30,1,1,1
66,2,2,2,2,2,2,0,0,0,0,0,0,0,0,3,1,2023,56-70,4,0,0
52,1,2,2,1,2,2,0,0,0,0,2,1,40,3,0,1,2023,46-55,3,1,0
67,1,1,2,1,2,2,2,1,0,0,2,1,30,3,0,2,2023,56-70,4,1,0
69,1,2,1,1,2,2,0,0,2,1,2,1,35,4,0,2,2023,56-70,4,1,0
25,2,2,2,2,2,2,0,0,0,0,0,0,0,0,3,2,2023,18-30,1,0,0
19,1,1,2,2,2,1,2,1,0,0,0,0,60,3,0,1,2023,18-30,1,1,1
46,2,2,2,2,2,2,0,0,0,0,0,0,0,0,1,1,2023,46-55,3,0,0
22,2,2,2,2,2,2,0,0,0,0,0,0,0,0,2,1,2023,18-30,1,0,0
40,1,2,2,1,2,2,0,0,0,0,2,1,40,4,0,2,2023,31-45,2,1,0
28,1,1,2,2,2,1,1,2,0,0,0,0,40,3,0,1,2023,18-30,1,1,1
32,1,2,1,1,2,1,0,0,1,2,2,1,30,3,0,1,2023,31-45,2,1,1
33,1,2,2,1,1,1,0,0,0,0,2,1,60,3,0,1,2023,31-45,2,1,1
74,2,2,2,2,2,2,0,0,0,0,0,0,0,0,5,2,2023,70+,5,0,0
71,1,1,2,2,2,2,2,1,0,0,0,0,30,2,0,2,2023,70+,5,1,0
50,1,1,2,2,2,1,2,1,0,0,0,0,120,3,0,1,2023,46-55,3,1,1
40,1,1,1,1,2,1,2,1,2,1,2,1,30,3,0,1,2023,31-45,2,1,1
28,2,2,2,2,2,2,0,0,0,0,0,0,0,0,3,1,2023,18-30,1,0,0
66,2,2,2,2,2,2,0,0,0,0,0,0,0,0,5,2,2023,56-70,4,0,0
23,2,2,1,2,2,1,0,0,2,1,0,0,30,3,0,1,2023,18-30,1,1,1
48,2,2,2,2,2,2,0,0,0,0,0,0,0,0,3,2,2023,46-55,3,0,0
44,1,1,1,1,2,1,2,1,2,1,2,1,45,3,0,1,2023,31-45,2,1,1
22,2,2,2,2,2,2,0,0,0,0,0,0,0,0,1,1,2023,18-30,1,0,0
49,1,1,1,2,2,1,2,1,2,1,0,0,45,4,0,2,2023,46-55,3,1,1
23,2,2,2,2,2,2,0,0,0,0,0,0,0,0,1,1,2023,18-30,1,0,0
37,1,1,2,1,2,2,2,1,0,0,1,2,40,3,0,1,2023,31-45,2,1,0
54,2,1,2,2,2,2,2,1,0,0,0,0,30,4,0,1,2023,46-55,3,1,0
56,1,1,2,2,2,2,2,1,0,0,0,0,45,4,0,1,2023,56-70,4,1,0
64,2,2,2,2,2,2,0,0,0,0,0,0,0,0,5,1,2023,56-70,4,0,0
58,2,2,2,2,2,2,0,0,0,0,0,0,0,0,5,1,2023,56-70,4,0,0
21,1,1,2,2,2,2,2,1,0,0,0,0,60,3,0,1,2023,18-30,1,1,0
48,1,2,2,1,2,2,0,0,0,0,2,1,20,3,0,1,2023,46-55,3,1,0
69,2,2,2,2,2,2,0,0,0,0,0,0,0,0,3,2,2023,56-70,4,0,0
49,2,2,2,2,2,2,0,0,0,0,0,0,0,0,5,1,2023,46-55,3,0,0
42,2,2,1,2,2,2,0,0,2,1,0,0,20,3,0,2,2023,31-45,2,1,0
55,1,1,2,2,2,2,2,1,0,0,0,0,15,4,0,1,2023,46-55,3,1,0
72,2,2,2,2,2,2,0,0,0,0,0,0,0,0,1,2,2023,70+,5,0,0
69,1,2,2,1,2,2,0,0,0,0,2,1,30,3,0,2,2023,56-70,4,1,0
65,0,0,0,0,0,0,0,0,0,0,0,0,0,0,0,0,2023,56-70,4,0,0
25,1,1,2,2,2,2,2,1,0,0,0,0,120,4,0,1,2023,18-30,1,1,0
32,1,2,2,2,1,2,0,0,0,0,0,0,30,3,0,2,2023,31-45,2,1,0
47,1,2,2,2,2,2,0,0,0,0,0,0,0,0,1,2,2023,46-55,3,0,0
57,2,2,1,2,2,2,0,0,2,1,0,0,15,3,0,2,2023,56-70,4,1,0
22,2,2,2,2,2,2,0,0,0,0,0,0,0,0,3,2,2023,18-30,1,0,0
50,2,2,2,1,2,1,0,0,0,0,2,1,10,1,0,2,2023,46-55,3,1,1
30,1,2,2,1,2,2,0,0,0,0,2,1,60,2,0,1,2023,18-30,1,1,0
40,1,1,2,1,2,2,2,1,0,0,2,1,40,3,0,1,2023,31-45,2,1,0
33,2,2,2,2,2,2,0,0,0,0,0,0,0,0,3,2,2023,31-45,2,0,0
42,1,2,2,1,2,2,0,0,0,0,2,1,30,3,0,2,2023,31-45,2,1,0
43,1,1,2,1,2,2,2,1,0,0,2,1,45,2,0,3,2023,31-45,2,1,0
36,1,1,1,2,2,2,2,1,2,1,0,0,90,4,0,1,2023,31-45,2,1,0
43,2,2,2,2,2,2,0,0,0,0,0,0,0,0,1,1,2023,31-45,2,0,0
71,1,2,1,2,2,2,0,0,2,1,0,0,30,3,0,2,2023,70+,5,1,0
68,2,2,2,2,2,2,0,0,0,0,0,0,0,0,2,2,2023,56-70,4,0,0
35,2,2,2,2,2,2,0,0,0,0,0,0,0,0,3,2,2023,31-45,2,0,0
39,1,2,2,1,2,2,0,0,0,0,2,1,25,3,0,2,2023,31-45,2,1,0
39,2,2,2,2,2,2,0,0,0,0,0,0,0,0,2,2,2023,31-45,2,0,0
22,1,2,2,2,2,1,0,0,0,0,0,0,25,4,0,2,2023,18-30,1,0,1
32,1,1,2,2,2,1,2,1,0,0,0,0,60,3,0,2,2023,31-45,2,1,1
64,1,1,2,2,2,1,2,1,0,0,0,0,60,4,0,1,2023,56-70,4,1,1
61,1,1,1,2,2,1,2,1,2,1,0,0,30,3,0,1,2023,56-70,4,1,1
56,1,1,2,2,2,1,2,1,0,0,0,0,60,3,0,1,2023,56-70,4,1,1
40,1,1,1,2,2,1,2,1,2,1,0,0,20,3,0,1,2023,31-45,2,1,1
38,1,1,2,2,2,1,2,1,0,0,0,0,30,3,0,1,2023,31-45,2,1,1
43,1,2,2,1,2,1,0,0,0,0,2,1,20,3,0,2,2023,31-45,2,1,1
50,2,2,2,2,2,2,0,0,0,0,0,0,0,0,1,2,2023,46-55,3,0,0
45,1,2,2,2,2,1,0,0,0,0,0,0,15,3,0,2,2023,31-45,2,0,1
39,1,1,2,2,1,1,2,1,0,0,0,0,5,2,0,1,2023,31-45,2,1,1
32,1,1,2,2,2,1,1,2,0,0,0,0,120,3,0,1,2023,31-45,2,1,1
57,1,1,2,2,2,2,2,1,0,0,0,0,20,3,0,1,2023,56-70,4,1,0
19,1,1,2,2,2,1,1,2,0,0,0,0,30,3,0,1,2023,18-30,1,1,1
62,2,2,2,2,2,2,0,0,0,0,0,0,0,0,5,2,2023,56-70,4,0,0
63,1,2,2,2,2,1,0,0,0,0,0,0,30,3,0,1,2023,56-70,4,0,1
59,1,1,1,2,2,1,1,2,1,2,0,0,180,3,0,1,2023,56-70,4,1,1
33,1,2,2,2,2,1,0,0,0,0,0,0,30,3,0,3,2023,31-45,2,0,1
47,2,2,2,2,2,2,0,0,0,0,0,0,0,0,2,1,2023,46-55,3,0,0
47,2,2,2,2,2,2,0,0,0,0,0,0,0,0,1,2,2023,46-55,3,0,0
58,1,1,2,1,2,2,2,1,0,0,2,1,60,3,0,2,2023,56-70,4,1,0
78,2,2,2,2,2,2,0,0,0,0,0,0,0,0,5,1,2023,70+,5,0,0
46,1,1,2,2,2,1,2,1,0,0,0,0,60,4,0,1,2023,46-55,3,1,1
33,2,2,2,2,2,1,0,0,0,0,0,0,25,1,0,1,2023,31-45,2,0,1
19,2,2,2,2,2,2,0,0,0,0,0,0,0,0,1,2,2023,18-30,1,0,0
68,1,2,2,1,2,2,0,0,0,0,2,1,20,3,0,1,2023,56-70,4,1,0
48,2,2,2,2,2,2,0,0,0,0,0,0,0,0,5,2,2023,46-55,3,0,0
59,2,2,2,2,2,2,0,0,0,0,0,0,0,0,1,2,2023,56-70,4,0,0
61,2,2,2,2,2,2,0,0,0,0,0,0,0,0,1,2,2023,56-70,4,0,0
44,1,1,2,2,2,2,2,1,0,0,0,0,60,3,0,1,2023,31-45,2,1,0
41,2,2,2,2,2,2,0,0,0,0,0,0,0,0,2,2,2023,31-45,2,0,0
56,2,2,1,2,2,2,0,0,2,1,0,0,15,4,0,2,2023,56-70,4,1,0
40,2,2,2,2,2,2,0,0,0,0,0,0,0,0,3,1,2023,31-45,2,0,0
69,2,2,2,2,2,2,0,0,0,0,0,0,0,0,5,2,2023,56-70,4,0,0
54,1,1,2,2,2,2,2,1,0,0,0,0,40,4,0,1,2023,46-55,3,1,0
22,2,2,1,2,2,2,0,0,2,1,0,0,20,4,0,1,2023,18-30,1,1,0
39,2,2,2,2,2,2,0,0,0,0,0,0,0,0,1,2,2023,31-45,2,0,0
32,2,2,2,2,2,2,0,0,0,0,0,0,0,0,1,2,2023,31-45,2,0,0
47,2,2,1,2,2,2,0,0,2,1,0,0,30,3,0,2,2023,46-55,3,1,0
25,1,1,2,2,2,2,2,1,0,0,0,0,35,3,0,2,2023,18-30,1,1,0
43,2,2,2,1,2,2,0,0,0,0,2,1,15,3,0,2,2023,31-45,2,1,0
27,1,1,2,2,2,2,2,1,0,0,0,0,30,3,0,2,2023,18-30,1,1,0
25,2,2,2,2,2,2,0,0,0,0,0,0,0,0,2,2,2023,18-30,1,0,0
30,2,2,2,2,2,2,0,0,0,0,0,0,0,0,1,2,2023,18-30,1,0,0
33,2,2,2,2,2,2,0,0,0,0,0,0,0,0,3,2,2023,31-45,2,0,0
58,1,1,2,2,2,2,2,1,0,0,0,0,60,4,0,1,2023,56-70,4,1,0
41,1,1,1,2,2,2,2,1,2,1,0,0,40,3,0,2,2023,31-45,2,1,0
39,1,1,2,2,2,2,2,1,0,0,0,0,60,3,0,1,2023,31-45,2,1,0
55,2,2,2,2,2,2,0,0,0,0,0,0,0,0,3,2,2023,46-55,3,0,0
64,2,2,2,2,2,2,0,0,0,0,0,0,0,0,1,2,2023,56-70,4,0,0
35,2,2,2,2,2,2,0,0,0,0,0,0,0,0,3,2,2023,31-45,2,0,0
42,1,1,2,2,2,2,2,1,0,0,0,0,30,4,0,2,2023,31-45,2,1,0
51,2,2,2,2,2,2,0,0,0,0,0,0,0,0,3,2,2023,46-55,3,0,0
23,1,2,2,1,2,2,0,0,0,0,2,1,60,3,0,2,2023,18-30,1,1,0
66,2,2,2,2,2,2,0,0,0,0,0,0,0,0,5,2,2023,56-70,4,0,0
46,2,2,2,2,2,2,0,0,0,0,0,0,0,0,1,2,2023,46-55,3,0,0
71,2,2,2,2,2,2,0,0,0,0,0,0,0,0,5,2,2023,70+,5,0,0
43,1,2,1,2,2,2,0,0,2,1,0,0,30,3,0,2,2023,31-45,2,1,0
53,2,2,2,2,2,2,0,0,0,0,0,0,0,0,3,2,2023,46-55,3,0,0
47,2,2,2,1,2,2,0,0,0,0,2,1,10,4,0,2,2023,46-55,3,1,0
57,2,2,2,2,2,2,0,0,0,0,0,0,0,0,3,2,2023,56-70,4,0,0
43,2,2,2,2,2,2,0,0,0,0,0,0,0,0,3,2,2023,31-45,2,0,0
62,2,2,1,2,2,2,0,0,2,1,0,0,25,3,0,2,2023,56-70,4,1,0
43,2,2,1,2,2,2,0,0,2,1,0,0,25,4,0,2,2023,31-45,2,1,0
35,2,2,1,2,2,2,0,0,2,1,0,0,30,3,0,2,2023,31-45,2,1,0
19,2,2,2,2,2,2,0,0,0,0,0,0,0,0,2,2,2023,18-30,1,0,0
40,2,2,2,2,2,2,0,0,0,0,0,0,0,0,3,2,2023,31-45,2,0,0
77,0,0,0,0,0,0,0,0,0,0,0,0,0,0,0,0,2023,70+,5,0,0
48,1,1,2,2,2,2,2,1,0,0,0,0,35,3,0,2,2023,46-55,3,1,0
31,1,1,1,2,2,2,2,1,2,1,0,0,30,4,0,2,2023,31-45,2,1,0
63,2,2,2,2,2,2,0,0,0,0,0,0,0,0,2,2,2023,56-70,4,0,0
49,2,2,1,1,2,2,0,0,2,1,2,1,25,3,0,2,2023,46-55,3,1,0
40,2,2,2,2,2,2,0,0,0,0,0,0,0,0,3,2,2023,31-45,2,0,0
58,1,1,2,2,2,2,2,1,0,0,0,0,40,3,0,2,2023,56-70,4,1,0
23,1,1,1,2,2,1,1,1,1,1,0,0,60,4,0,1,2023,18-30,1,1,1
25,1,1,1,2,2,1,1,1,2,1,0,0,40,3,0,1,2023,18-30,1,1,1
30,2,2,2,2,2,2,0,0,0,0,0,0,0,0,3,1,2023,18-30,1,0,0
70,2,2,2,2,2,2,0,0,0,0,0,0,0,0,2,1,2023,56-70,4,0,0
67,1,1,2,1,2,2,1,1,0,0,1,2,30,3,0,1,2023,56-70,4,1,0
60,1,1,2,2,2,2,2,1,0,0,0,0,30,4,0,2,2023,56-70,4,1,0
19,2,1,2,2,2,1,1,1,0,0,0,0,30,2,0,1,2023,18-30,1,1,1
38,1,1,2,2,2,1,1,1,0,0,0,0,60,3,0,1,2023,31-45,2,1,1
53,2,2,2,2,2,2,0,0,0,0,0,0,0,0,2,1,2023,46-55,3,0,0
50,1,1,1,2,2,2,2,1,2,1,0,0,30,3,0,1,2023,46-55,3,1,0
42,1,1,2,2,2,1,2,1,0,0,0,0,30,3,0,2,2023,31-45,2,1,1
66,2,1,2,2,2,2,2,1,0,0,0,0,60,2,0,2,2023,56-70,4,1,0
41,1,1,2,2,2,2,1,1,0,0,0,0,120,3,0,1,2023,31-45,2,1,0
30,1,1,2,1,2,2,2,1,0,0,2,1,40,3,0,1,2023,18-30,1,1,0
72,2,2,2,1,2,2,0,0,0,0,2,1,20,2,0,1,2023,70+,5,1,0
83,1,1,2,2,2,2,2,1,0,0,0,0,20,2,0,1,2023,70+,5,1,0
79,0,0,0,0,0,0,0,0,0,0,0,0,0,0,0,0,2023,70+,5,0,0
52,0,0,0,0,0,0,0,0,0,0,0,0,0,0,0,0,2023,46-55,3,0,0
30,1,2,2,1,2,1,0,0,0,0,2,1,90,3,0,1,2023,18-30,1,1,1
24,1,2,1,2,2,1,0,0,1,2,0,0,10,3,0,1,2023,18-30,1,1,1
19,1,1,2,2,2,1,1,2,0,0,0,0,30,3,0,2,2023,18-30,1,1,1
63,1,1,2,2,2,1,2,1,0,0,0,0,90,4,0,1,2023,56-70,4,1,1
62,1,1,2,1,2,2,2,1,0,0,2,1,60,4,0,2,2023,56-70,4,1,0
58,1,1,1,2,2,2,2,1,2,1,0,0,30,4,0,1,2023,56-70,4,1,0
35,1,1,1,2,2,2,2,1,2,1,0,0,30,3,0,1,2023,31-45,2,1,0
72,1,1,1,2,2,1,2,1,2,1,0,0,30,3,0,1,2023,70+,5,1,1
66,1,1,1,1,2,1,1,1,2,1,2,1,60,3,0,1,2023,56-70,4,1,1
74,2,2,2,2,2,2,0,0,0,0,0,0,0,0,2,1,2023,70+,5,0,0
36,1,1,1,2,2,1,1,2,2,1,0,0,60,3,0,1,2023,31-45,2,1,1
76,1,1,1,1,2,2,2,1,2,1,2,1,60,3,0,2,2023,70+,5,1,0
35,1,1,2,1,2,1,1,1,0,0,1,2,20,3,0,1,2023,31-45,2,1,1
35,2,2,2,2,2,2,0,0,0,0,0,0,0,0,3,3,2023,31-45,2,0,0
51,1,2,1,1,1,2,0,0,2,1,2,1,20,4,0,2,2023,46-55,3,1,0
34,2,2,2,2,2,2,0,0,0,0,0,0,0,0,2,1,2023,31-45,2,0,0
59,1,2,2,1,2,2,0,0,0,0,1,2,30,3,0,1,2023,56-70,4,1,0
78,2,2,2,2,2,2,0,0,0,0,0,0,0,0,2,3,2023,70+,5,0,0
37,1,1,1,1,2,2,1,2,2,1,2,1,60,2,0,2,2023,31-45,2,1,0
69,1,1,2,2,2,2,2,1,0,0,0,0,40,3,0,1,2023,56-70,4,1,0
55,2,2,2,2,2,2,0,0,0,0,0,0,0,0,2,1,2023,46-55,3,0,0
64,1,1,2,2,2,2,2,1,0,0,0,0,30,3,0,1,2023,56-70,4,1,0
52,2,2,2,2,2,2,0,0,0,0,0,0,0,0,3,1,2023,46-55,3,0,0
41,2,2,2,2,2,2,0,0,0,0,0,0,0,0,3,1,2023,31-45,2,0,0
50,2,2,1,2,2,2,0,0,2,1,0,0,10,2,0,1,2023,46-55,3,1,0
70,0,0,0,0,0,0,0,0,0,0,0,0,0,0,0,0,2023,56-70,4,0,0
31,2,2,2,2,2,2,0,0,0,0,0,0,0,0,3,2,2023,31-45,2,0,0
37,2,2,2,2,2,2,0,0,0,0,0,0,0,0,3,2,2023,31-45,2,0,0
69,1,1,2,2,2,1,1,2,0,0,0,0,90,2,0,1,2023,56-70,4,1,1
41,2,2,2,1,2,2,0,0,0,0,2,1,15,3,0,1,2023,31-45,2,1,0
49,2,2,2,2,2,2,0,0,0,0,0,0,0,0,3,2,2023,46-55,3,0,0
58,1,1,2,2,2,2,2,1,0,0,0,0,60,1,0,2,2023,56-70,4,1,0
25,1,1,2,2,2,1,2,1,0,0,0,0,30,3,0,1,2023,18-30,1,1,1
32,1,1,2,2,2,2,2,1,0,0,0,0,30,2,0,2,2023,31-45,2,1,0
50,1,1,2,2,2,2,2,1,0,0,0,0,10,2,0,2,2023,46-55,3,1,0
58,2,2,2,2,2,2,0,0,0,0,0,0,0,0,5,2,2023,56-70,4,0,0
24,2,2,2,2,2,2,0,0,0,0,0,0,0,0,3,1,2023,18-30,1,0,0
57,1,2,2,1,2,2,0,0,0,0,2,1,10,3,0,1,2023,56-70,4,1,0
29,2,2,2,2,2,1,0,0,0,0,0,0,15,3,0,1,2023,18-30,1,0,1
51,2,2,2,2,2,2,0,0,0,0,0,0,0,0,3,1,2023,46-55,3,0,0
44,2,1,1,2,2,1,2,1,1,2,0,0,20,3,0,2,2023,31-45,2,1,1
68,2,2,2,2,2,2,0,0,0,0,0,0,0,0,1,2,2023,56-70,4,0,0
52,1,2,1,2,2,1,0,0,2,1,0,0,60,2,0,1,2023,46-55,3,1,1
37,2,2,2,1,2,2,0,0,0,0,2,1,5,1,0,1,2023,31-45,2,1,0
64,1,1,1,2,2,1,2,1,2,1,0,0,60,2,0,2,2023,56-70,4,1,1
32,1,1,2,2,2,2,2,1,0,0,0,0,30,3,0,2,2023,31-45,2,1,0
49,1,2,2,2,2,2,0,0,0,0,0,0,0,0,3,1,2023,46-55,3,0,0
84,2,2,2,2,2,2,0,0,0,0,0,0,0,0,5,2,2023,70+,5,0,0
72,1,1,2,2,2,2,1,2,0,0,0,0,360,4,0,2,2023,70+,5,1,0
85,2,2,2,2,2,2,0,0,0,0,0,0,0,0,1,2,2023,70+,5,0,0
53,2,2,2,2,2,2,0,0,0,0,0,0,0,0,1,2,2023,46-55,3,0,0
42,1,1,1,1,2,1,2,1,1,2,1,2,30,3,0,2,2023,31-45,2,1,1
31,2,2,2,1,2,2,0,0,0,0,2,1,15,3,0,1,2023,31-45,2,1,0
52,2,2,2,1,2,2,0,0,0,0,2,1,15,3,0,2,2023,46-55,3,1,0
31,1,1,2,2,2,2,2,1,0,0,0,0,40,1,0,1,2023,31-45,2,1,0
51,2,2,1,2,2,2,0,0,2,1,0,0,20,4,0,1,2023,46-55,3,1,0
26,1,1,2,2,2,2,2,1,0,0,0,0,30,3,0,1,2023,18-30,1,1,0
41,2,2,2,2,2,2,0,0,0,0,0,0,0,0,3,1,2023,31-45,2,0,0
27,2,1,2,2,2,2,2,1,0,0,0,0,30,3,0,1,2023,18-30,1,1,0
29,1,1,2,2,2,2,2,1,0,0,0,0,30,3,0,2,2023,18-30,1,1,0
73,1,1,2,2,2,2,2,1,0,0,0,0,60,3,0,1,2023,70+,5,1,0
66,2,2,2,2,2,2,0,0,0,0,0,0,0,0,1,2,2023,56-70,4,0,0
31,1,1,2,2,2,1,2,1,0,0,0,0,90,3,0,1,2023,31-45,2,1,1
75,1,2,2,1,2,2,0,0,0,0,2,1,180,2,0,1,2023,70+,5,1,0
72,2,2,1,2,2,2,0,0,2,1,0,0,20,1,0,2,2023,70+,5,1,0
34,1,2,2,1,2,1,0,0,0,0,1,2,30,3,0,1,2023,31-45,2,1,1
41,2,2,2,2,2,2,0,0,0,0,0,0,0,0,2,1,2023,31-45,2,0,0
21,2,2,1,2,2,2,0,0,2,1,0,0,30,2,0,1,2023,18-30,1,1,0
23,2,2,1,2,2,2,0,0,2,1,0,0,20,3,0,1,2023,18-30,1,1,0
54,2,2,2,2,2,2,0,0,0,0,0,0,0,0,3,1,2023,46-55,3,0,0
64,2,2,2,2,2,2,0,0,0,0,0,0,0,0,3,1,2023,56-70,4,0,0
32,2,2,1,2,2,2,0,0,2,1,0,0,20,3,0,1,2023,31-45,2,1,0
40,2,1,2,2,2,1,1,2,0,0,0,0,30,3,0,1,2023,31-45,2,1,1
28,1,1,2,2,2,2,2,1,0,0,0,0,15,3,0,1,2023,18-30,1,1,0
29,1,1,2,2,2,2,1,1,0,0,0,0,30,4,0,1,2023,18-30,1,1,0
80,1,2,1,2,2,2,0,0,2,1,0,0,15,3,0,1,2023,70+,5,1,0
70,2,2,2,2,2,2,0,0,0,0,0,0,0,0,5,3,2023,56-70,4,0,0
18,0,0,0,0,0,0,0,0,0,0,0,0,0,0,0,0,2023,18-30,1,0,0
23,1,1,2,2,1,2,2,1,0,0,0,0,60,3,0,1,2023,18-30,1,1,0
34,2,2,2,2,2,2,0,0,0,0,0,0,0,0,3,2,2023,31-45,2,0,0
70,2,2,2,2,2,2,0,0,0,0,0,0,0,0,5,2,2023,56-70,4,0,0
67,1,1,2,2,2,2,2,1,0,0,0,0,45,3,0,1,2023,56-70,4,1,0
22,1,2,2,2,2,1,0,0,0,0,0,0,30,3,0,1,2023,18-30,1,0,1
42,1,1,1,2,2,1,1,1,1,1,0,0,120,4,0,1,2023,31-45,2,1,1
39,1,1,2,2,2,1,2,1,0,0,0,0,25,3,0,1,2023,31-45,2,1,1
49,2,2,2,2,2,2,0,0,0,0,0,0,0,0,4,2,2023,46-55,3,0,0
50,1,1,1,2,2,2,2,1,2,1,0,0,30,3,0,1,2023,46-55,3,1,0
59,2,2,2,2,2,2,0,0,0,0,0,0,0,0,5,2,2023,56-70,4,0,0
46,2,2,1,2,2,2,0,0,2,1,0,0,10,1,0,2,2023,46-55,3,1,0
40,2,1,2,2,2,2,2,1,0,0,0,0,30,3,0,2,2023,31-45,2,1,0
29,2,2,2,2,2,2,0,0,0,0,0,0,0,0,3,1,2023,18-30,1,0,0
24,1,1,1,2,2,1,2,1,2,1,0,0,30,3,0,1,2023,18-30,1,1,1
46,2,2,2,2,2,2,0,0,0,0,0,0,0,0,3,1,2023,46-55,3,0,0
33,2,2,2,1,2,2,0,0,0,0,2,1,15,1,0,2,2023,31-45,2,1,0
54,1,2,2,2,2,1,0,0,0,0,0,0,15,1,0,1,2023,46-55,3,0,1
61,1,1,2,2,2,2,2,1,0,0,0,0,30,3,0,2,2023,56-70,4,1,0
23,1,1,2,2,2,2,2,1,0,0,0,0,30,3,0,1,2023,18-30,1,1,0
19,2,2,2,2,2,1,0,0,0,0,0,0,15,3,0,1,2023,18-30,1,0,1
43,1,1,2,2,2,1,1,2,0,0,0,0,60,4,0,1,2023,31-45,2,1,1
43,2,2,2,2,2,2,0,0,0,0,0,0,0,0,3,2,2023,31-45,2,0,0
56,2,2,2,2,2,2,0,0,0,0,0,0,0,0,2,2,2023,56-70,4,0,0
49,2,2,2,2,2,2,0,0,0,0,0,0,0,0,3,2,2023,46-55,3,0,0
25,1,2,1,1,2,1,0,0,2,1,2,1,15,3,0,1,2023,18-30,1,1,1
58,1,1,2,2,2,1,2,1,0,0,0,0,30,3,0,1,2023,56-70,4,1,1
23,1,1,2,2,2,1,2,1,0,0,0,0,45,3,0,1,2023,18-30,1,1,1
44,2,2,2,2,2,1,0,0,0,0,0,0,40,3,0,1,2023,31-45,2,0,1
49,1,1,2,2,2,2,2,1,0,0,0,0,25,2,0,1,2023,46-55,3,1,0
80,1,1,2,2,2,2,2,1,0,0,0,0,60,2,0,2,2023,70+,5,1,0
47,1,1,2,2,2,2,2,1,0,0,0,0,10,3,0,1,2023,46-55,3,1,0
34,2,1,2,2,2,2,2,1,0,0,0,0,30,3,0,3,2023,31-45,2,1,0
22,1,1,2,2,2,1,1,2,0,0,0,0,240,3,0,1,2023,18-30,1,1,1
60,2,2,2,2,2,2,0,0,0,0,0,0,0,0,1,1,2023,56-70,4,0,0
37,2,2,2,2,2,2,0,0,0,0,0,0,0,0,3,2,2023,31-45,2,0,0
74,1,1,2,2,2,2,2,1,0,0,0,0,30,3,0,1,2023,70+,5,1,0
24,1,1,2,2,2,1,2,1,0,0,0,0,30,3,0,1,2023,18-30,1,1,1
24,2,2,2,2,2,2,0,0,0,0,0,0,0,0,1,2,2023,18-30,1,0,0
49,2,2,2,1,2,2,0,0,0,0,2,1,10,3,0,1,2023,46-55,3,1,0
26,1,1,1,2,2,1,2,1,2,1,0,0,20,4,0,1,2023,18-30,1,1,1
76,1,1,2,2,2,2,2,1,0,0,0,0,30,3,0,1,2023,70+,5,1,0
71,1,1,2,2,2,2,1,2,0,0,0,0,30,4,0,1,2023,70+,5,1,0
29,1,1,2,2,2,1,2,1,0,0,0,0,30,3,0,1,2023,18-30,1,1,1
63,1,1,2,2,2,2,2,1,0,0,0,0,25,3,0,1,2023,56-70,4,1,0
28,1,2,1,2,2,2,0,0,2,1,0,0,15,3,0,2,2023,18-30,1,1,0
23,1,1,2,2,2,1,2,1,0,0,0,0,25,3,0,2,2023,18-30,1,1,1
27,2,2,2,2,2,2,0,0,0,0,0,0,0,0,1,2,2023,18-30,1,0,0
25,1,1,2,2,1,1,1,1,0,0,0,0,60,4,0,1,2023,18-30,1,1,1
62,1,1,1,2,2,2,1,2,2,1,0,0,120,4,0,1,2023,56-70,4,1,0
59,2,2,2,2,2,2,0,0,0,0,0,0,0,0,2,1,2023,56-70,4,0,0
26,1,2,2,2,1,1,0,0,0,0,0,0,20,4,0,1,2023,18-30,1,1,1
56,2,2,2,2,2,2,0,0,0,0,0,0,0,0,5,1,2023,56-70,4,0,0
36,2,2,2,2,2,2,0,0,0,0,0,0,0,0,2,1,2023,31-45,2,0,0
71,2,2,2,2,2,2,0,0,0,0,0,0,0,0,5,2,2023,70+,5,0,0
20,2,1,2,2,2,1,2,1,0,0,0,0,45,3,0,1,2023,18-30,1,1,1
32,2,1,2,2,2,2,2,1,0,0,0,0,30,4,0,2,2023,31-45,2,1,0
62,1,2,2,1,2,2,0,0,0,0,2,1,20,3,0,1,2023,56-70,4,1,0
42,2,2,2,2,2,2,0,0,0,0,0,0,0,0,3,2,2023,31-45,2,0,0
34,2,1,2,2,2,2,2,1,0,0,0,0,30,4,0,2,2023,31-45,2,1,0
64,1,2,2,2,2,2,0,0,0,0,0,0,0,0,3,1,2023,56-70,4,0,0
50,1,1,2,2,2,2,2,1,0,0,0,0,20,2,0,3,2023,46-55,3,1,0
24,2,1,2,2,2,2,2,1,0,0,0,0,30,3,0,1,2023,18-30,1,1,0
35,2,2,2,2,2,2,0,0,0,0,0,0,0,0,3,1,2023,31-45,2,0,0
31,1,1,2,2,2,2,2,1,0,0,0,0,40,3,0,2,2023,31-45,2,1,0
35,2,2,2,2,2,2,0,0,0,0,0,0,0,0,2,1,2023,31-45,2,0,0
36,2,2,2,2,2,2,0,0,0,0,0,0,0,0,3,2,2023,31-45,2,0,0
86,2,2,2,2,2,2,0,0,0,0,0,0,0,0,5,2,2023,70+,5,0,0
42,2,2,2,2,2,2,0,0,0,0,0,0,0,0,2,2,2023,31-45,2,0,0
42,1,2,1,2,2,2,0,0,2,1,0,0,10,3,0,1,2023,31-45,2,1,0
53,2,2,2,2,2,2,0,0,0,0,0,0,0,0,1,2,2023,46-55,3,0,0
58,2,2,2,2,2,2,0,0,0,0,0,0,0,0,3,1,2023,56-70,4,0,0
29,1,1,2,2,2,2,2,1,0,0,0,0,30,3,0,1,2023,18-30,1,1,0
79,1,1,2,2,2,2,2,1,0,0,0,0,30,2,0,2,2023,70+,5,1,0
20,1,1,2,2,2,1,2,1,0,0,0,0,30,3,0,1,2023,18-30,1,1,1
44,1,1,2,2,2,2,2,1,0,0,0,0,35,4,0,1,2023,31-45,2,1,0
71,2,2,2,2,2,2,0,0,0,0,0,0,0,0,6,2,2023,70+,5,0,0
58,2,2,1,2,2,2,0,0,2,1,0,0,5,3,0,1,2023,56-70,4,1,0
59,1,1,2,1,2,2,2,1,0,0,2,1,30,4,0,2,2023,56-70,4,1,0
31,2,2,2,2,2,2,0,0,0,0,0,0,0,0,2,2,2023,31-45,2,0,0
44,1,2,1,2,2,2,0,0,2,1,0,0,40,2,0,2,2023,31-45,2,1,0
43,1,1,2,2,2,2,2,1,0,0,0,0,60,3,0,1,2023,31-45,2,1,0
72,2,1,2,2,2,2,2,1,0,0,0,0,15,1,0,2,2023,70+,5,1,0
27,2,2,1,2,2,1,0,0,2,1,0,0,20,2,0,2,2023,18-30,1,1,1
47,2,2,2,2,2,2,0,0,0,0,0,0,0,0,1,2,2023,46-55,3,0,0
26,2,2,2,2,2,2,0,0,0,0,0,0,0,0,3,1,2023,18-30,1,0,0
24,1,1,1,2,2,1,2,1,2,1,0,0,40,4,0,1,2023,18-30,1,1,1
38,2,2,2,2,2,2,0,0,0,0,0,0,0,0,1,1,2023,31-45,2,0,0
47,2,2,2,2,2,2,0,0,0,0,0,0,0,0,1,2,2023,46-55,3,0,0
40,1,1,1,2,2,2,2,1,2,1,0,0,40,4,0,2,2023,31-45,2,1,0
43,2,1,2,2,2,2,2,1,0,0,0,0,20,2,0,1,2023,31-45,2,1,0
38,2,1,2,2,2,2,2,1,0,0,0,0,15,2,0,2,2023,31-45,2,1,0
37,2,2,2,2,2,2,0,0,0,0,0,0,0,0,3,1,2023,31-45,2,0,0
37,2,2,2,2,2,2,0,0,0,0,0,0,0,0,3,2,2023,31-45,2,0,0
26,1,1,2,2,2,2,2,1,0,0,0,0,25,3,0,1,2023,18-30,1,1,0
33,1,1,2,2,2,2,2,1,0,0,0,0,30,3,0,1,2023,31-45,2,1,0
28,1,1,2,2,2,2,2,1,0,0,0,0,120,3,0,2,2023,18-30,1,1,0
37,1,1,2,2,2,2,1,2,0,0,0,0,60,3,0,1,2023,31-45,2,1,0
59,1,1,2,2,2,1,2,1,0,0,0,0,180,4,0,1,2023,56-70,4,1,1
21,1,1,2,2,2,1,2,1,0,0,0,0,35,3,0,1,2023,18-30,1,1,1
72,2,2,2,2,2,2,0,0,0,0,0,0,0,0,5,2,2023,70+,5,0,0
46,1,1,2,2,2,1,2,1,0,0,0,0,35,3,0,1,2023,46-55,3,1,1
32,2,2,2,2,2,2,0,0,0,0,0,0,0,0,2,1,2023,31-45,2,0,0
57,2,2,2,2,2,2,0,0,0,0,0,0,0,0,3,2,2023,56-70,4,0,0
70,2,2,2,2,2,2,0,0,0,0,0,0,0,0,5,2,2023,56-70,4,0,0
50,1,1,2,2,2,1,1,2,0,0,0,0,25,3,0,2,2023,46-55,3,1,1
44,2,2,2,2,2,2,0,0,0,0,0,0,0,0,3,2,2023,31-45,2,0,0
49,1,1,2,2,2,2,2,1,0,0,0,0,30,3,0,3,2023,46-55,3,1,0
39,2,2,2,2,2,2,0,0,0,0,0,0,0,0,4,1,2023,31-45,2,0,0
27,1,1,2,2,2,2,1,2,0,0,0,0,90,4,0,1,2023,18-30,1,1,0
64,1,1,2,2,2,2,2,1,0,0,0,0,30,3,0,1,2023,56-70,4,1,0
63,1,1,2,2,2,1,2,1,0,0,0,0,30,3,0,1,2023,56-70,4,1,1
50,1,1,2,2,2,1,1,1,0,0,0,0,240,3,0,1,2023,46-55,3,1,1
63,1,1,1,2,2,2,2,1,2,1,0,0,30,1,0,2,2023,56-70,4,1,0
38,2,2,2,2,2,1,0,0,0,0,0,0,10,2,0,2,2023,31-45,2,0,1
47,2,2,2,2,2,2,0,0,0,0,0,0,0,0,3,2,2023,46-55,3,0,0
48,1,1,2,1,2,1,2,1,0,0,2,1,120,3,0,1,2023,46-55,3,1,1
45,1,1,2,1,2,1,2,1,0,0,1,2,30,3,0,1,2023,31-45,2,1,1
37,2,2,1,1,2,1,0,0,2,1,2,1,30,3,0,1,2023,31-45,2,1,1
59,2,2,2,2,2,2,0,0,0,0,0,0,0,0,3,1,2023,56-70,4,0,0
21,1,1,2,2,2,1,1,1,0,0,0,0,20,2,0,1,2023,18-30,1,1,1
26,1,1,2,2,2,1,2,1,0,0,0,0,45,4,0,2,2023,18-30,1,1,1
68,1,1,2,1,2,2,2,1,0,0,2,1,20,2,0,1,2023,56-70,4,1,0
78,1,2,1,2,2,2,0,0,2,1,0,0,30,2,0,2,2023,70+,5,1,0
63,2,2,2,2,2,2,0,0,0,0,0,0,0,0,1,1,2023,56-70,4,0,0
72,1,2,1,2,2,2,0,0,2,1,0,0,15,2,0,2,2023,70+,5,1,0
72,0,0,0,0,0,0,0,0,0,0,0,0,0,0,0,0,2023,70+,5,0,0
65,2,2,2,2,2,2,0,0,0,0,0,0,0,0,2,2,2023,56-70,4,0,0
47,2,2,2,2,2,2,0,0,0,0,0,0,0,0,1,2,2023,46-55,3,0,0
25,2,2,2,2,2,1,0,0,0,0,0,0,30,1,0,2,2023,18-30,1,0,1
24,1,1,2,2,2,1,1,2,0,0,0,0,60,3,0,1,2023,18-30,1,1,1
47,2,2,2,2,2,2,0,0,0,0,0,0,0,0,3,1,2023,46-55,3,0,0
37,2,2,2,2,2,1,0,0,0,0,0,0,15,2,0,1,2023,31-45,2,0,1
37,2,1,2,2,2,1,2,1,0,0,0,0,30,3,0,1,2023,31-45,2,1,1
38,2,2,2,2,2,2,0,0,0,0,0,0,0,0,3,2,2023,31-45,2,0,0
53,2,2,1,2,2,2,0,0,2,1,0,0,10,3,0,1,2023,46-55,3,1,0
79,1,1,2,2,2,2,2,1,0,0,0,0,30,4,0,1,2023,70+,5,1,0
30,2,2,2,2,2,2,0,0,0,0,0,0,0,0,3,1,2023,18-30,1,0,0
73,1,2,2,2,2,2,0,0,0,0,0,0,0,0,5,2,2023,70+,5,0,0
57,2,2,2,2,2,2,0,0,0,0,0,0,0,0,3,1,2023,56-70,4,0,0
32,1,1,2,2,2,1,2,1,0,0,0,0,20,3,0,1,2023,31-45,2,1,1
44,2,2,2,2,2,2,0,0,0,0,0,0,0,0,3,1,2023,31-45,2,0,0
71,2,2,2,2,2,2,0,0,0,0,0,0,0,0,5,2,2023,70+,5,0,0
22,2,2,2,2,2,2,0,0,0,0,0,0,0,0,3,2,2023,18-30,1,0,0
61,1,2,1,2,2,2,0,0,2,1,0,0,15,3,0,1,2023,56-70,4,1,0
55,1,1,2,2,2,2,2,1,0,0,0,0,30,3,0,1,2023,46-55,3,1,0
51,1,1,2,2,2,2,2,1,0,0,0,0,90,4,0,1,2023,46-55,3,1,0
33,1,1,2,2,2,2,1,2,0,0,0,0,30,4,0,1,2023,31-45,2,1,0
46,1,2,2,1,2,2,0,0,0,0,2,1,20,3,0,2,2023,46-55,3,1,0
33,2,2,2,2,2,2,0,0,0,0,0,0,0,0,3,2,2023,31-45,2,0,0
32,1,1,2,2,2,2,1,1,0,0,0,0,120,3,0,1,2023,31-45,2,1,0
61,2,1,2,2,2,2,2,1,0,0,0,0,30,3,0,2,2023,56-70,4,1,0
41,2,1,2,2,2,2,2,1,0,0,0,0,20,3,0,1,2023,31-45,2,1,0
42,2,2,2,2,2,2,0,0,0,0,0,0,0,0,1,1,2023,31-45,2,0,0
66,2,1,2,2,2,2,2,1,0,0,0,0,20,3,0,2,2023,56-70,4,1,0
48,2,2,2,2,2,2,0,0,0,0,0,0,0,0,3,1,2023,46-55,3,0,0
55,2,2,2,2,2,2,0,0,0,0,0,0,0,0,1,2,2023,46-55,3,0,0
39,1,1,2,2,2,2,2,1,0,0,0,0,30,3,0,1,2023,31-45,2,1,0
77,2,2,2,2,2,2,0,0,0,0,0,0,0,0,5,2,2023,70+,5,0,0
68,1,2,2,1,2,2,0,0,0,0,2,1,20,3,0,2,2023,56-70,4,1,0
57,1,1,2,2,2,1,1,1,0,0,0,0,120,4,0,1,2023,56-70,4,1,1
78,1,1,1,2,2,2,2,1,2,1,0,0,60,2,0,2,2023,70+,5,1,0
58,1,1,2,2,2,2,2,1,0,0,0,0,30,3,0,1,2023,56-70,4,1,0
26,1,1,2,2,2,1,1,1,0,0,0,0,30,3,0,1,2023,18-30,1,1,1
36,1,1,2,2,2,2,2,1,0,0,0,0,20,2,0,2,2023,31-45,2,1,0
38,1,1,2,2,2,2,2,1,0,0,0,0,60,4,0,1,2023,31-45,2,1,0
70,1,1,2,2,2,2,2,1,0,0,0,0,20,3,0,1,2023,56-70,4,1,0
22,1,2,2,2,2,1,0,0,0,0,0,0,15,3,0,2,2023,18-30,1,0,1
63,2,2,2,2,2,2,0,0,0,0,0,0,0,0,3,1,2023,56-70,4,0,0
44,1,1,2,2,2,2,2,1,0,0,0,0,60,3,0,1,2023,31-45,2,1,0
65,2,2,2,2,2,2,0,0,0,0,0,0,0,0,3,2,2023,56-70,4,0,0
36,1,1,1,1,2,1,2,1,1,2,1,2,180,3,0,1,2023,31-45,2,1,1
44,1,1,1,2,2,1,2,1,2,1,0,0,120,3,0,1,2023,31-45,2,1,1
27,1,1,2,2,1,1,1,2,0,0,0,0,20,1,0,1,2023,18-30,1,1,1
26,1,1,2,2,2,1,2,1,0,0,0,0,30,2,0,1,2023,18-30,1,1,1
29,2,2,2,2,2,2,0,0,0,0,0,0,0,0,3,2,2023,18-30,1,0,0
41,1,1,2,2,2,2,2,1,0,0,0,0,30,2,0,2,2023,31-45,2,1,0
48,1,1,2,2,2,2,2,1,0,0,0,0,30,3,0,2,2023,46-55,3,1,0
21,1,1,2,2,2,2,2,1,0,0,0,0,30,3,0,1,2023,18-30,1,1,0
27,1,1,2,2,1,1,2,1,0,0,0,0,20,4,0,1,2023,18-30,1,1,1
46,2,2,2,2,2,2,0,0,0,0,0,0,0,0,3,1,2023,46-55,3,0,0
65,1,1,1,2,2,2,2,1,1,2,0,0,60,4,0,1,2023,56-70,4,1,0
27,2,2,2,2,2,2,0,0,0,0,0,0,0,0,1,1,2023,18-30,1,0,0
46,1,2,2,2,2,1,0,0,0,0,0,0,20,3,0,3,2023,46-55,3,0,1
42,1,1,2,1,2,1,2,1,0,0,2,1,40,4,0,3,2023,31-45,2,1,1
85,2,2,2,2,2,2,0,0,0,0,0,0,0,0,5,3,2023,70+,5,0,0
29,1,2,2,1,2,2,0,0,0,0,2,1,30,3,0,1,2023,18-30,1,1,0
26,1,1,2,2,2,2,2,1,0,0,0,0,20,3,0,1,2023,18-30,1,1,0
36,2,2,2,2,2,2,0,0,0,0,0,0,0,0,3,3,2023,31-45,2,0,0
47,1,2,2,2,2,1,0,0,0,0,0,0,40,4,0,1,2023,46-55,3,0,1
59,2,2,2,2,2,2,0,0,0,0,0,0,0,0,3,3,2023,56-70,4,0,0
38,1,2,2,1,2,2,0,0,0,0,2,1,30,3,0,1,2023,31-45,2,1,0
41,1,2,2,2,2,1,0,0,0,0,0,0,40,4,0,1,2023,31-45,2,0,1
63,1,2,2,2,2,1,0,0,0,0,0,0,30,2,0,2,2023,56-70,4,0,1
38,1,1,2,2,2,1,1,2,0,0,0,0,20,3,0,2,2023,31-45,2,1,1
31,2,2,2,2,2,2,0,0,0,0,0,0,0,0,3,2,2023,31-45,2,0,0
48,2,2,2,2,2,2,0,0,0,0,0,0,0,0,3,2,2023,46-55,3,0,0
87,0,0,0,0,0,0,0,0,0,0,0,0,0,0,0,0,2023,70+,5,0,0
28,1,2,2,1,2,2,0,0,0,0,2,1,30,3,0,1,2023,18-30,1,1,0
38,1,2,1,2,2,2,0,0,2,1,0,0,60,3,0,1,2023,31-45,2,1,0
39,2,2,2,2,2,2,0,0,0,0,0,0,0,0,3,2,2023,31-45,2,0,0
37,2,2,2,2,2,2,0,0,0,0,0,0,0,0,3,1,2023,31-45,2,0,0
64,1,1,1,1,2,1,2,1,2,1,2,1,30,2,0,2,2023,56-70,4,1,1
32,1,1,1,2,2,1,1,2,2,1,0,0,40,2,0,1,2023,31-45,2,1,1
65,1,2,2,1,2,2,0,0,0,0,2,1,30,3,0,2,2023,56-70,4,1,0
25,1,1,1,2,2,1,2,1,2,1,0,0,60,4,0,1,2023,18-30,1,1,1
20,2,2,2,2,2,2,0,0,0,0,0,0,0,0,3,2,2023,18-30,1,0,0
24,1,2,2,1,1,1,0,0,0,0,2,1,25,3,0,1,2023,18-30,1,1,1
32,1,1,2,2,2,1,2,1,0,0,0,0,40,3,0,1,2023,31-45,2,1,1
32,1,2,1,2,1,2,0,0,2,1,0,0,10,4,0,2,2023,31-45,2,1,0
57,2,2,2,2,2,2,0,0,0,0,0,0,0,0,3,1,2023,56-70,4,0,0
36,1,1,1,2,2,1,2,1,2,1,0,0,30,3,0,1,2023,31-45,2,1,1
60,2,2,2,2,2,2,0,0,0,0,0,0,0,0,6,2,2023,56-70,4,0,0
21,2,2,2,2,2,2,0,0,0,0,0,0,0,0,3,1,2023,18-30,1,0,0
18,1,2,1,2,2,1,0,0,1,2,0,0,30,3,0,1,2023,18-30,1,1,1
31,1,1,1,2,2,1,1,2,2,1,0,0,60,3,0,1,2023,31-45,2,1,1
68,2,2,2,2,2,2,0,0,0,0,0,0,0,0,3,1,2023,56-70,4,0,0
52,1,1,2,2,2,2,2,1,0,0,0,0,20,2,0,1,2023,46-55,3,1,0
67,1,2,1,2,2,2,0,0,2,1,0,0,20,1,0,2,2023,56-70,4,1,0
51,1,1,2,2,2,1,2,1,0,0,0,0,20,3,0,2,2023,46-55,3,1,1
55,1,2,2,2,2,1,0,0,0,0,0,0,60,3,0,1,2023,46-55,3,0,1
26,1,1,2,1,2,1,1,2,0,0,1,2,20,3,0,1,2023,18-30,1,1,1
24,1,1,1,2,2,2,2,1,2,1,0,0,20,2,0,2,2023,18-30,1,1,0
52,1,2,2,2,2,1,0,0,0,0,0,0,60,3,0,1,2023,46-55,3,0,1
56,2,2,2,2,2,2,0,0,0,0,0,0,0,0,2,3,2023,56-70,4,0,0
31,2,2,2,2,2,2,0,0,0,0,0,0,0,0,2,2,2023,31-45,2,0,0
36,2,2,2,2,2,2,0,0,0,0,0,0,0,0,2,2,2023,31-45,2,0,0
19,1,1,2,2,2,2,2,1,0,0,0,0,20,2,0,2,2023,18-30,1,1,0
66,2,2,2,2,2,2,0,0,0,0,0,0,0,0,2,1,2023,56-70,4,0,0
79,1,1,2,2,2,2,2,1,0,0,0,0,30,2,0,2,2023,70+,5,1,0
40,2,2,2,2,2,2,0,0,0,0,0,0,0,0,4,2,2023,31-45,2,0,0
71,2,2,2,2,2,2,0,0,0,0,0,0,0,0,2,1,2023,70+,5,0,0
68,2,2,2,2,2,2,0,0,0,0,0,0,0,0,3,1,2023,56-70,4,0,0
35,1,2,1,2,1,2,0,0,2,1,0,0,30,2,0,2,2023,31-45,2,1,0
48,2,2,2,2,2,2,0,0,0,0,0,0,0,0,3,2,2023,46-55,3,0,0
41,1,1,2,2,2,2,2,1,0,0,0,0,30,3,0,1,2023,31-45,2,1,0
72,2,2,2,2,2,2,0,0,0,0,0,0,0,0,1,2,2023,70+,5,0,0
62,2,2,2,2,2,2,0,0,0,0,0,0,0,0,2,2,2023,56-70,4,0,0
44,1,1,2,2,2,1,2,1,0,0,0,0,60,4,0,1,2023,31-45,2,1,1
67,1,2,2,1,2,1,0,0,0,0,2,1,20,4,0,1,2023,56-70,4,1,1
51,1,1,2,1,2,2,1,2,0,0,2,1,30,2,0,1,2023,46-55,3,1,0
76,0,0,0,0,0,0,0,0,0,0,0,0,0,0,0,0,2023,70+,5,0,0
56,2,2,2,2,2,2,0,0,0,0,0,0,0,0,3,2,2023,56-70,4,0,0
73,2,2,2,2,2,2,0,0,0,0,0,0,0,0,5,2,2023,70+,5,0,0
45,1,2,1,2,2,2,0,0,1,1,0,0,60,3,0,1,2023,31-45,2,1,0
37,1,2,1,2,2,2,0,0,2,1,0,0,20,3,0,3,2023,31-45,2,1,0
53,1,1,2,2,1,2,2,1,0,0,0,0,30,2,0,1,2023,46-55,3,1,0
65,1,2,2,2,2,1,0,0,0,0,0,0,10,1,0,2,2023,56-70,4,0,1
25,1,1,2,1,1,1,2,1,0,0,1,2,30,3,0,1,2023,18-30,1,1,1
31,2,2,2,2,2,2,0,0,0,0,0,0,0,0,2,3,2023,31-45,2,0,0
53,1,2,2,2,2,1,0,0,0,0,0,0,40,4,0,1,2023,46-55,3,0,1
57,0,0,0,0,0,0,0,0,0,0,0,0,0,0,0,0,2023,56-70,4,0,0
48,2,2,2,2,2,2,0,0,0,0,0,0,0,0,3,3,2023,46-55,3,0,0
57,1,2,2,1,2,2,0,0,0,0,2,1,30,3,0,1,2023,56-70,4,1,0
50,2,2,2,2,2,2,0,0,0,0,0,0,0,0,2,2,2023,46-55,3,0,0
32,2,2,2,2,2,2,0,0,0,0,0,0,0,0,3,2,2023,31-45,2,0,0
28,1,2,2,2,2,1,0,0,0,0,0,0,20,1,0,1,2023,18-30,1,0,1
74,2,2,2,2,2,2,0,0,0,0,0,0,0,0,5,2,2023,70+,5,0,0
44,1,1,1,2,1,2,2,1,2,1,0,0,10,3,0,1,2023,31-45,2,1,0
65,2,2,2,2,2,2,0,0,0,0,0,0,0,0,3,2,2023,56-70,4,0,0
60,2,2,2,2,2,2,0,0,0,0,0,0,0,0,2,1,2023,56-70,4,0,0
35,2,2,2,2,2,2,0,0,0,0,0,0,0,0,1,2,2023,31-45,2,0,0
49,1,2,2,2,2,1,0,0,0,0,0,0,20,4,0,2,2023,46-55,3,0,1
41,2,2,2,2,2,2,0,0,0,0,0,0,0,0,3,1,2023,31-45,2,0,0
48,1,1,1,2,2,1,1,1,1,1,0,0,30,4,0,1,2023,46-55,3,1,1
28,2,2,2,2,2,2,0,0,0,0,0,0,0,0,2,3,2023,18-30,1,0,0
26,2,2,2,2,2,2,0,0,0,0,0,0,0,0,3,1,2023,18-30,1,0,0
75,1,2,2,1,2,2,0,0,0,0,2,1,20,4,0,1,2023,70+,5,1,0
63,2,2,2,2,2,2,0,0,0,0,0,0,0,0,1,2,2023,56-70,4,0,0
64,1,2,2,1,2,1,0,0,0,0,2,1,30,2,0,1,2023,56-70,4,1,1
38,2,2,2,2,2,2,0,0,0,0,0,0,0,0,3,1,2023,31-45,2,0,0
31,1,1,1,2,2,2,2,1,2,1,0,0,20,3,0,1,2023,31-45,2,1,0
21,1,1,1,2,2,1,1,2,2,1,0,0,30,3,0,1,2023,18-30,1,1,1
60,2,2,2,2,2,2,0,0,0,0,0,0,0,0,2,2,2023,56-70,4,0,0
43,1,1,2,2,2,2,2,1,0,0,0,0,30,3,0,1,2023,31-45,2,1,0
59,2,2,2,2,2,2,0,0,0,0,0,0,0,0,1,2,2023,56-70,4,0,0
34,1,2,2,1,1,1,0,0,0,0,2,1,40,3,0,1,2023,31-45,2,1,1
41,1,1,2,2,2,1,1,1,0,0,0,0,20,3,0,2,2023,31-45,2,1,1
51,2,2,2,2,2,2,0,0,0,0,0,0,0,0,3,3,2023,46-55,3,0,0
54,0,0,0,0,0,0,0,0,0,0,0,0,0,0,0,0,2023,46-55,3,0,0
69,1,1,2,2,2,2,2,1,0,0,0,0,60,3,0,2,2023,56-70,4,1,0
31,1,1,2,2,2,2,2,1,0,0,0,0,30,3,0,1,2023,31-45,2,1,0
33,2,2,2,2,2,2,0,0,0,0,0,0,0,0,1,1,2023,31-45,2,0,0
77,2,2,2,2,2,2,0,0,0,0,0,0,0,0,5,2,2023,70+,5,0,0
82,2,2,2,2,2,2,0,0,0,0,0,0,0,0,5,2,2023,70+,5,0,0
37,2,2,2,2,2,2,0,0,0,0,0,0,0,0,3,2,2023,31-45,2,0,0
64,2,2,2,2,2,2,0,0,0,0,0,0,0,0,5,2,2023,56-70,4,0,0
19,1,1,2,2,2,2,2,1,0,0,0,0,60,3,0,1,2023,18-30,1,1,0
69,1,1,2,2,2,2,2,1,0,0,0,0,40,3,0,2,2023,56-70,4,1,0
54,0,0,0,0,0,0,0,0,0,0,0,0,0,0,0,0,2023,46-55,3,0,0
54,1,1,2,2,2,2,2,1,0,0,0,0,60,3,0,1,2023,46-55,3,1,0
29,1,1,2,2,2,1,1,2,0,0,0,0,60,3,0,1,2023,18-30,1,1,1
72,1,1,2,2,2,1,2,1,0,0,0,0,120,3,0,1,2023,70+,5,1,1
65,1,1,2,1,2,2,1,2,0,0,2,1,40,3,0,1,2023,56-70,4,1,0
57,1,1,2,2,2,1,1,2,0,0,0,0,120,4,0,2,2023,56-70,4,1,1
64,0,0,0,0,0,0,0,0,0,0,0,0,0,0,0,0,2023,56-70,4,0,0
36,1,1,1,2,2,1,2,1,1,2,0,0,60,4,0,1,2023,31-45,2,1,1
18,2,2,2,2,2,2,0,0,0,0,0,0,0,0,3,2,2023,18-30,1,0,0
18,1,1,2,2,2,1,2,1,0,0,0,0,120,4,0,1,2023,18-30,1,1,1
40,1,1,2,1,2,1,2,1,0,0,1,2,30,3,0,1,2023,31-45,2,1,1
44,2,2,2,2,2,2,0,0,0,0,0,0,0,0,1,2,2023,31-45,2,0,0
72,2,2,2,2,2,2,0,0,0,0,0,0,0,0,3,2,2023,70+,5,0,0
46,2,2,2,2,2,2,0,0,0,0,0,0,0,0,2,1,2023,46-55,3,0,0
60,1,2,2,2,2,1,0,0,0,0,0,0,30,4,0,2,2023,56-70,4,0,1
49,2,2,2,2,2,2,0,0,0,0,0,0,0,0,1,2,2023,46-55,3,0,0
47,2,2,2,2,2,2,0,0,0,0,0,0,0,0,2,2,2023,46-55,3,0,0
21,1,1,2,2,2,1,2,1,0,0,0,0,120,3,0,1,2023,18-30,1,1,1
23,2,2,2,2,2,2,0,0,0,0,0,0,0,0,3,2,2023,18-30,1,0,0
29,2,2,2,2,2,2,0,0,0,0,0,0,0,0,2,1,2023,18-30,1,0,0
58,2,2,2,2,2,2,0,0,0,0,0,0,0,0,3,2,2023,56-70,4,0,0
63,1,1,2,1,2,1,1,2,0,0,1,2,45,3,0,1,2023,56-70,4,1,1
35,1,1,2,2,2,1,1,1,0,0,0,0,30,3,0,1,2023,31-45,2,1,1
42,2,2,2,2,2,2,0,0,0,0,0,0,0,0,3,1,2023,31-45,2,0,0
21,1,2,2,2,1,1,0,0,0,0,0,0,60,4,0,1,2023,18-30,1,1,1
48,1,1,2,2,2,1,2,1,0,0,0,0,40,3,0,2,2023,46-55,3,1,1
45,2,2,2,2,2,2,0,0,0,0,0,0,0,0,3,1,2023,31-45,2,0,0
57,1,1,1,2,1,1,1,2,2,1,0,0,30,4,0,1,2023,56-70,4,1,1
29,2,2,2,2,2,2,0,0,0,0,0,0,0,0,1,2,2023,18-30,1,0,0
36,2,2,2,2,2,2,0,0,0,0,0,0,0,0,3,1,2023,31-45,2,0,0
35,1,2,1,2,2,2,0,0,2,1,0,0,30,2,0,2,2023,31-45,2,1,0
86,0,0,0,0,0,0,0,0,0,0,0,0,0,0,0,0,2023,70+,5,0,0
43,2,2,2,2,2,2,0,0,0,0,0,0,0,0,1,2,2023,31-45,2,0,0
55,2,2,2,2,2,2,0,0,0,0,0,0,0,0,3,2,2023,46-55,3,0,0
31,1,2,2,2,2,1,0,0,0,0,0,0,30,2,0,1,2023,31-45,2,0,1
44,1,1,2,2,2,2,1,2,0,0,0,0,90,2,0,1,2023,31-45,2,1,0
49,1,1,2,2,2,1,2,1,0,0,0,0,30,3,0,2,2023,46-55,3,1,1
60,1,2,2,2,2,2,0,0,0,0,0,0,0,0,2,2,2023,56-70,4,0,0
69,2,2,2,2,2,2,0,0,0,0,0,0,0,0,5,1,2023,56-70,4,0,0
44,2,2,2,2,2,2,0,0,0,0,0,0,0,0,2,2,2023,31-45,2,0,0
38,1,1,1,2,2,1,2,1,2,1,0,0,20,1,0,1,2023,31-45,2,1,1
68,1,1,1,2,2,2,2,1,2,1,0,0,60,2,0,2,2023,56-70,4,1,0
28,2,2,2,2,2,2,0,0,0,0,0,0,0,0,1,1,2023,18-30,1,0,0
64,2,2,2,2,2,2,0,0,0,0,0,0,0,0,3,2,2023,56-70,4,0,0
46,1,1,2,2,2,2,2,1,0,0,0,0,60,4,0,1,2023,46-55,3,1,0
61,1,2,2,2,2,1,0,0,0,0,0,0,180,3,0,2,2023,56-70,4,0,1
40,1,1,2,2,2,1,2,1,0,0,0,0,120,4,0,1,2023,31-45,2,1,1
62,1,1,2,2,2,1,2,1,0,0,0,0,30,3,0,2,2023,56-70,4,1,1
55,1,2,2,2,2,1,0,0,0,0,0,0,60,3,0,2,2023,46-55,3,0,1
56,1,1,2,2,2,2,2,1,0,0,0,0,30,3,0,2,2023,56-70,4,1,0
86,2,2,2,2,2,2,0,0,0,0,0,0,0,0,5,2,2023,70+,5,0,0
58,1,1,2,2,2,1,2,1,0,0,0,0,60,3,0,1,2023,56-70,4,1,1
65,2,2,2,2,2,2,0,0,0,0,0,0,0,0,1,2,2023,56-70,4,0,0
32,1,2,2,2,2,1,0,0,0,0,0,0,10,2,0,1,2023,31-45,2,0,1
58,2,2,2,2,2,2,0,0,0,0,0,0,0,0,3,2,2023,56-70,4,0,0
42,1,1,1,2,2,2,1,2,2,1,0,0,240,4,0,1,2023,31-45,2,1,0
22,1,1,2,2,2,1,2,1,0,0,0,0,120,3,0,1,2023,18-30,1,1,1
40,1,1,1,1,2,2,2,1,2,1,2,1,40,4,0,1,2023,31-45,2,1,0
57,1,1,2,2,2,2,2,1,0,0,0,0,60,4,0,1,2023,56-70,4,1,0
34,1,1,2,2,2,2,2,1,0,0,0,0,180,4,0,1,2023,31-45,2,1,0
19,1,1,2,2,2,1,2,1,0,0,0,0,60,3,0,1,2023,18-30,1,1,1
52,2,2,2,2,2,2,0,0,0,0,0,0,0,0,3,2,2023,46-55,3,0,0
38,1,2,2,2,2,2,0,0,0,0,0,0,0,0,2,1,2023,31-45,2,0,0
55,1,1,2,2,2,2,2,1,0,0,0,0,60,2,0,1,2023,46-55,3,1,0
32,1,2,2,2,2,1,0,0,0,0,0,0,30,3,0,1,2023,31-45,2,0,1
69,1,1,2,2,2,2,2,1,0,0,0,0,90,3,0,1,2023,56-70,4,1,0
49,1,2,2,2,2,2,0,0,0,0,0,0,0,0,3,1,2023,46-55,3,0,0
26,1,1,1,1,2,2,2,1,2,1,2,1,30,3,0,1,2023,18-30,1,1,0
48,2,2,2,2,2,2,0,0,0,0,0,0,0,0,1,1,2023,46-55,3,0,0
19,2,2,2,2,2,2,0,0,0,0,0,0,0,0,3,2,2023,18-30,1,0,0
56,2,2,2,2,2,2,0,0,0,0,0,0,0,0,3,2,2023,56-70,4,0,0
29,2,2,2,1,2,2,0,0,0,0,2,1,15,4,0,1,2023,18-30,1,1,0
62,1,1,2,2,2,2,2,1,0,0,0,0,60,4,0,1,2023,56-70,4,1,0
33,1,1,2,2,2,2,2,1,0,0,0,0,20,3,0,1,2023,31-45,2,1,0
54,1,1,2,2,2,2,2,1,0,0,0,0,30,3,0,2,2023,46-55,3,1,0
24,1,2,1,2,2,2,0,0,2,1,0,0,10,4,0,1,2023,18-30,1,1,0
22,1,1,1,1,1,1,1,2,1,1,2,1,60,3,0,1,2023,18-30,1,1,1
68,1,1,1,2,2,1,1,2,2,1,0,0,240,3,0,1,2023,56-70,4,1,1
40,1,1,2,2,2,1,1,2,0,0,0,0,30,3,0,1,2023,31-45,2,1,1
27,1,2,2,2,2,1,0,0,0,0,0,0,5,3,0,1,2023,18-30,1,0,1
73,1,1,1,1,2,2,2,1,2,1,2,1,30,4,0,2,2023,70+,5,1,0
20,1,1,2,1,2,1,1,2,0,0,1,2,120,3,0,1,2023,18-30,1,1,1
45,2,1,2,2,2,2,2,1,0,0,0,0,5,2,0,2,2023,31-45,2,1,0
37,1,2,2,2,2,1,0,0,0,0,0,0,10,4,0,2,2023,31-45,2,0,1
21,1,1,2,2,2,2,2,1,0,0,0,0,30,3,0,1,2023,18-30,1,1,0
32,1,1,2,2,2,1,2,1,0,0,0,0,30,4,0,2,2023,31-45,2,1,1
35,1,1,2,2,1,1,2,1,0,0,0,0,30,2,0,1,2023,31-45,2,1,1
27,1,1,1,2,1,1,2,1,2,1,0,0,30,3,0,1,2023,18-30,1,1,1
67,0,0,0,0,0,0,0,0,0,0,0,0,0,0,0,0,2023,56-70,4,0,0
25,1,2,1,1,2,2,0,0,2,1,2,1,60,3,0,1,2023,18-30,1,1,0
63,1,1,2,2,2,2,2,1,0,0,0,0,45,3,0,1,2023,56-70,4,1,0
51,2,2,2,2,2,2,0,0,0,0,0,0,0,0,3,1,2023,46-55,3,0,0
63,2,1,1,2,2,2,2,1,2,1,0,0,15,1,0,2,2023,56-70,4,1,0
30,1,2,1,2,2,1,0,0,2,1,0,0,30,3,0,1,2023,18-30,1,1,1
52,1,2,2,2,2,1,0,0,0,0,0,0,10,3,0,1,2023,46-55,3,0,1
71,1,2,1,2,2,2,0,0,2,1,0,0,10,4,0,2,2023,70+,5,1,0
31,1,1,2,2,2,1,2,1,0,0,0,0,20,3,0,1,2023,31-45,2,1,1
41,2,2,2,2,2,2,0,0,0,0,0,0,0,0,3,2,2023,31-45,2,0,0
32,1,1,2,2,2,2,1,2,0,0,0,0,30,3,0,1,2023,31-45,2,1,0
66,2,2,2,2,2,2,0,0,0,0,0,0,0,0,2,2,2023,56-70,4,0,0
66,1,1,2,2,2,1,2,1,0,0,0,0,30,3,0,1,2023,56-70,4,1,1
59,2,2,2,2,2,2,0,0,0,0,0,0,0,0,2,2,2023,56-70,4,0,0
38,1,1,1,1,2,2,1,2,2,1,1,2,60,3,0,1,2023,31-45,2,1,0
40,1,1,2,2,2,1,2,1,0,0,0,0,30,3,0,1,2023,31-45,2,1,1
60,2,2,2,2,2,2,0,0,0,0,0,0,0,0,3,2,2023,56-70,4,0,0
38,2,2,2,2,2,2,0,0,0,0,0,0,0,0,3,2,2023,31-45,2,0,0
64,2,1,2,2,2,2,2,1,0,0,0,0,60,2,0,2,2023,56-70,4,1,0
48,2,2,2,2,2,2,0,0,0,0,0,0,0,0,3,2,2023,46-55,3,0,0
63,2,2,2,2,2,2,0,0,0,0,0,0,0,0,5,2,2023,56-70,4,0,0
30,1,1,2,2,2,2,2,1,0,0,0,0,25,4,0,1,2023,18-30,1,1,0
50,1,2,1,2,2,2,0,0,2,1,0,0,20,4,0,1,2023,46-55,3,1,0
41,1,2,1,2,2,2,0,0,1,2,0,0,60,4,0,1,2023,31-45,2,1,0
36,1,1,1,2,2,1,2,1,2,1,0,0,30,4,0,1,2023,31-45,2,1,1
24,2,2,1,2,2,2,0,0,1,2,0,0,10,4,0,1,2023,18-30,1,1,0
73,2,2,2,2,2,2,0,0,0,0,0,0,0,0,5,2,2023,70+,5,0,0
37,1,1,2,2,2,2,2,1,0,0,0,0,60,4,0,1,2023,31-45,2,1,0
29,2,2,1,2,2,2,0,0,1,2,0,0,15,3,0,1,2023,18-30,1,1,0
23,1,1,1,2,2,1,1,2,1,2,0,0,60,4,0,1,2023,18-30,1,1,1
32,1,1,2,2,2,2,2,1,0,0,0,0,20,2,0,2,2023,31-45,2,1,0
49,2,2,2,2,2,2,0,0,0,0,0,0,0,0,3,2,2023,46-55,3,0,0
68,1,1,2,2,2,2,2,1,0,0,0,0,40,2,0,2,2023,56-70,4,1,0
35,1,1,1,2,1,1,1,2,2,1,0,0,30,3,0,1,2023,31-45,2,1,1
70,1,1,2,2,2,2,2,1,0,0,0,0,30,3,0,1,2023,56-70,4,1,0
48,2,2,2,2,2,2,0,0,0,0,0,0,0,0,3,1,2023,46-55,3,0,0
65,2,2,2,2,2,2,0,0,0,0,0,0,0,0,5,1,2023,56-70,4,0,0
69,2,2,2,2,2,2,0,0,0,0,0,0,0,0,5,2,2023,56-70,4,0,0
67,1,1,2,2,2,1,2,1,0,0,0,0,60,3,0,1,2023,56-70,4,1,1
45,1,2,2,2,2,2,0,0,0,0,0,0,0,0,5,1,2023,31-45,2,0,0
35,2,2,2,2,2,2,0,0,0,0,0,0,0,0,1,2,2023,31-45,2,0,0
57,0,0,0,0,0,0,0,0,0,0,0,0,0,0,0,0,2023,56-70,4,0,0
40,2,2,2,2,2,2,0,0,0,0,0,0,0,0,3,2,2023,31-45,2,0,0
59,2,2,2,2,2,2,0,0,0,0,0,0,0,0,3,2,2023,56-70,4,0,0
51,2,2,2,2,2,2,0,0,0,0,0,0,0,0,1,2,2023,46-55,3,0,0
38,2,2,2,2,2,2,0,0,0,0,0,0,0,0,3,2,2023,31-45,2,0,0
26,1,1,2,2,2,1,2,1,0,0,0,0,30,3,0,1,2023,18-30,1,1,1
29,1,1,2,2,2,2,2,1,0,0,0,0,60,4,0,1,2023,18-30,1,1,0
49,1,1,1,1,2,2,2,1,1,2,1,2,30,3,0,1,2023,46-55,3,1,0
38,1,1,1,2,2,2,2,1,2,1,0,0,40,4,0,1,2023,31-45,2,1,0
62,1,2,2,2,2,2,0,0,0,0,0,0,0,0,3,2,2023,56-70,4,0,0
49,1,2,1,2,2,2,0,0,2,1,0,0,30,4,0,2,2023,46-55,3,1,0
66,1,2,1,2,2,2,0,0,2,1,0,0,10,4,0,1,2023,56-70,4,1,0
48,1,2,2,2,2,2,0,0,0,0,0,0,0,0,3,3,2023,46-55,3,0,0
34,1,2,1,2,2,2,0,0,2,1,0,0,30,3,0,1,2023,31-45,2,1,0
37,1,1,1,2,2,2,2,1,2,1,0,0,60,2,0,1,2023,31-45,2,1,0
59,1,1,1,2,2,1,2,1,2,1,0,0,120,3,0,1,2023,56-70,4,1,1
60,1,1,2,2,2,1,2,1,0,0,0,0,60,4,0,2,2023,56-70,4,1,1
36,1,1,1,2,2,1,2,1,1,2,0,0,120,4,0,1,2023,31-45,2,1,1
67,1,2,2,2,2,2,0,0,0,0,0,0,0,0,5,2,2023,56-70,4,0,0
28,2,2,2,2,2,2,0,0,0,0,0,0,0,0,3,1,2023,18-30,1,0,0
21,2,2,2,2,2,2,0,0,0,0,0,0,0,0,2,1,2023,18-30,1,0,0
55,1,2,2,2,2,2,0,0,0,0,0,0,0,0,3,2,2023,46-55,3,0,0
53,2,2,2,2,2,2,0,0,0,0,0,0,0,0,5,1,2023,46-55,3,0,0
76,1,1,2,2,2,2,2,1,0,0,0,0,15,2,0,1,2023,70+,5,1,0
55,1,1,1,1,2,2,2,1,2,1,2,1,10,2,0,1,2023,46-55,3,1,0
41,1,2,2,2,2,1,0,0,0,0,0,0,480,4,0,1,2023,31-45,2,0,1
80,1,1,1,2,2,2,2,1,2,1,0,0,60,2,0,2,2023,70+,5,1,0
69,2,2,2,2,2,1,0,0,0,0,0,0,25,3,0,1,2023,56-70,4,0,1
68,1,1,1,1,1,2,2,1,2,1,2,1,15,2,0,1,2023,56-70,4,1,0
65,2,2,2,2,2,2,0,0,0,0,0,0,0,0,5,2,2023,56-70,4,0,0
38,1,2,1,2,2,2,0,0,2,1,0,0,20,4,0,2,2023,31-45,2,1,0
39,1,1,1,2,2,2,2,1,2,1,0,0,60,3,0,2,2023,31-45,2,1,0
50,1,2,1,1,2,2,0,0,2,1,2,1,120,4,0,1,2023,46-55,3,1,0
33,2,2,2,2,2,1,0,0,0,0,0,0,15,3,0,1,2023,31-45,2,0,1
75,2,2,2,2,2,2,0,0,0,0,0,0,0,0,1,2,2023,70+,5,0,0
41,2,2,2,2,2,2,0,0,0,0,0,0,0,0,1,1,2023,31-45,2,0,0
54,1,2,2,2,2,1,0,0,0,0,0,0,30,4,0,2,2023,46-55,3,0,1
26,1,1,2,1,2,1,1,2,0,0,2,1,60,3,0,1,2023,18-30,1,1,1
47,1,1,2,1,2,2,1,2,0,0,2,1,40,4,0,1,2023,46-55,3,1,0
60,2,2,2,2,2,2,0,0,0,0,0,0,0,0,3,2,2023,56-70,4,0,0
59,2,2,2,2,2,2,0,0,0,0,0,0,0,0,1,1,2023,56-70,4,0,0
50,2,2,2,2,2,2,0,0,0,0,0,0,0,0,3,2,2023,46-55,3,0,0
50,1,2,2,1,2,1,0,0,0,0,2,1,20,3,0,1,2023,46-55,3,1,1
27,1,1,2,2,2,2,2,1,0,0,0,0,30,3,0,1,2023,18-30,1,1,0
70,0,0,0,0,0,0,0,0,0,0,0,0,0,0,0,0,2023,56-70,4,0,0
50,0,0,0,0,0,0,0,0,0,0,0,0,0,0,0,0,2023,46-55,3,0,0
32,1,1,2,2,2,1,2,1,0,0,0,0,60,4,0,1,2023,31-45,2,1,1
45,1,1,2,2,2,1,1,2,0,0,0,0,120,4,0,1,2023,31-45,2,1,1
64,1,1,1,2,2,2,2,1,2,1,0,0,25,3,0,1,2023,56-70,4,1,0
32,1,2,2,1,2,2,0,0,0,0,2,1,15,4,0,1,2023,31-45,2,1,0
66,1,1,1,2,2,1,2,1,2,1,0,0,30,3,0,1,2023,56-70,4,1,1
60,1,2,1,2,2,2,0,0,2,1,0,0,30,3,0,1,2023,56-70,4,1,0
46,2,2,2,2,2,2,0,0,0,0,0,0,0,0,3,2,2023,46-55,3,0,0
62,2,2,2,2,2,2,0,0,0,0,0,0,0,0,3,1,2023,56-70,4,0,0
50,1,1,1,1,2,2,1,2,2,1,2,1,60,4,0,1,2023,46-55,3,1,0
37,1,2,2,2,2,1,0,0,0,0,0,0,5,2,0,1,2023,31-45,2,0,1
38,1,1,1,1,1,1,1,2,2,1,2,1,90,3,0,1,2023,31-45,2,1,1
26,1,2,2,2,2,1,0,0,0,0,0,0,240,3,0,1,2023,18-30,1,0,1
56,2,2,2,2,2,2,0,0,0,0,0,0,0,0,3,1,2023,56-70,4,0,0
44,2,2,2,1,2,2,0,0,0,0,2,1,20,3,0,2,2023,31-45,2,1,0
60,1,2,2,2,2,2,0,0,0,0,0,0,0,0,2,2,2023,56-70,4,0,0
44,1,1,2,1,2,1,2,1,0,0,2,1,60,3,0,1,2023,31-45,2,1,1
30,1,2,2,2,2,1,0,0,0,0,0,0,30,2,0,2,2023,18-30,1,0,1
48,1,1,2,1,2,1,2,1,0,0,2,1,30,4,0,1,2023,46-55,3,1,1
49,2,2,2,2,2,1,0,0,0,0,0,0,60,3,0,1,2023,46-55,3,0,1
25,1,1,1,1,1,2,1,2,2,1,2,1,60,2,0,1,2023,18-30,1,1,0
18,1,1,1,1,1,1,2,1,2,1,2,1,60,3,0,1,2023,18-30,1,1,1
23,1,1,2,2,2,1,2,1,0,0,0,0,30,1,0,1,2023,18-30,1,1,1
42,1,2,2,1,2,2,0,0,0,0,2,1,20,3,0,2,2023,31-45,2,1,0
29,1,1,2,2,2,1,2,1,0,0,0,0,60,3,0,2,2023,18-30,1,1,1
25,1,2,2,2,2,1,0,0,0,0,0,0,30,3,0,1,2023,18-30,1,0,1
58,1,1,2,1,2,1,1,1,0,0,1,2,180,4,0,1,2023,56-70,4,1,1
56,2,2,2,2,2,2,0,0,0,0,0,0,0,0,1,1,2023,56-70,4,0,0
55,1,2,2,2,2,2,0,0,0,0,0,0,0,0,1,1,2023,46-55,3,0,0
34,1,1,2,2,2,2,2,1,0,0,0,0,40,4,0,1,2023,31-45,2,1,0
21,1,2,2,2,2,1,0,0,0,0,0,0,30,4,0,1,2023,18-30,1,0,1
31,1,1,1,2,2,1,1,2,1,2,0,0,60,3,0,1,2023,31-45,2,1,1
39,1,1,1,2,2,1,2,1,2,1,0,0,30,4,0,1,2023,31-45,2,1,1
47,2,2,2,2,2,1,0,0,0,0,0,0,60,1,0,2,2023,46-55,3,0,1
22,1,1,2,2,1,2,1,2,0,0,0,0,15,3,0,1,2023,18-30,1,1,0
24,2,2,1,1,2,2,0,0,2,1,2,1,15,3,0,1,2023,18-30,1,1,0
56,1,2,2,1,2,2,0,0,0,0,2,1,10,3,0,1,2023,56-70,4,1,0
28,1,1,2,2,1,1,2,1,0,0,0,0,15,3,0,1,2023,18-30,1,1,1
50,1,1,1,1,2,1,1,2,1,2,1,2,20,2,0,1,2023,46-55,3,1,1
57,1,2,1,1,2,2,0,0,2,1,2,1,8,3,0,1,2023,56-70,4,1,0
33,1,1,1,2,2,1,2,1,2,1,0,0,30,4,0,1,2023,31-45,2,1,1
70,1,1,2,1,2,2,2,1,0,0,2,1,90,4,0,2,2023,56-70,4,1,0
71,1,1,2,2,2,1,2,1,0,0,0,0,45,4,0,1,2023,70+,5,1,1
68,1,1,1,2,2,1,2,1,2,1,0,0,30,4,0,1,2023,56-70,4,1,1
34,1,1,2,2,2,1,1,1,0,0,0,0,60,3,0,1,2023,31-45,2,1,1
56,1,2,2,2,2,2,0,0,0,0,0,0,0,0,1,2,2023,56-70,4,0,0
33,1,2,1,2,1,1,0,0,1,2,0,0,60,2,0,1,2023,31-45,2,1,1
62,2,2,2,2,2,2,0,0,0,0,0,0,0,0,3,3,2023,56-70,4,0,0
41,1,1,2,2,2,2,2,1,0,0,0,0,30,3,0,2,2023,31-45,2,1,0
40,1,1,2,2,1,1,1,2,0,0,0,0,40,3,0,2,2023,31-45,2,1,1
50,1,1,1,1,1,1,1,2,2,1,2,1,10,3,0,1,2023,46-55,3,1,1
47,2,2,1,2,2,2,0,0,2,1,0,0,30,2,0,2,2023,46-55,3,1,0
76,2,2,2,2,2,2,0,0,0,0,0,0,0,0,5,2,2023,70+,5,0,0
32,1,2,1,2,2,1,0,0,2,1,0,0,30,4,0,1,2023,31-45,2,1,1
51,1,1,2,1,2,2,2,1,0,0,2,1,25,4,0,1,2023,46-55,3,1,0
29,2,2,2,2,2,2,0,0,0,0,0,0,0,0,3,2,2023,18-30,1,0,0
43,2,2,2,2,2,2,0,0,0,0,0,0,0,0,3,2,2023,31-45,2,0,0
55,1,1,1,1,2,2,2,1,2,1,2,1,25,4,0,2,2023,46-55,3,1,0
56,1,2,2,1,2,2,0,0,0,0,2,1,25,3,0,2,2023,56-70,4,1,0
28,2,2,2,2,2,2,0,0,0,0,0,0,0,0,3,2,2023,18-30,1,0,0
35,2,1,2,2,2,2,1,2,0,0,0,0,60,4,0,1,2023,31-45,2,1,0
29,1,2,2,1,1,2,0,0,0,0,2,1,10,4,0,1,2023,18-30,1,1,0
43,1,2,1,2,2,2,0,0,2,1,0,0,20,4,0,1,2023,31-45,2,1,0
72,1,1,2,2,2,2,2,1,0,0,0,0,20,3,0,1,2023,70+,5,1,0
44,1,1,2,2,2,2,2,1,0,0,0,0,30,3,0,1,2023,31-45,2,1,0
72,2,2,2,2,2,2,0,0,0,0,0,0,0,0,5,1,2023,70+,5,0,0
59,1,1,2,2,2,1,2,1,0,0,0,0,15,3,0,1,2023,56-70,4,1,1
55,1,2,1,1,2,2,0,0,2,1,2,1,30,3,0,2,2023,46-55,3,1,0
66,2,2,2,2,2,2,0,0,0,0,0,0,0,0,5,2,2023,56-70,4,0,0
28,2,2,2,2,2,2,0,0,0,0,0,0,0,0,1,2,2023,18-30,1,0,0
27,1,1,1,1,2,1,1,2,2,1,2,1,45,4,0,1,2023,18-30,1,1,1
45,2,2,2,2,2,2,0,0,0,0,0,0,0,0,1,2,2023,31-45,2,0,0
54,2,1,2,2,2,2,2,1,0,0,0,0,30,3,0,1,2023,46-55,3,1,0
49,2,2,2,1,2,2,0,0,0,0,2,1,10,3,0,2,2023,46-55,3,1,0
23,2,2,2,2,2,1,0,0,0,0,0,0,120,4,0,1,2023,18-30,1,0,1
40,1,2,2,1,2,2,0,0,0,0,2,1,120,4,0,2,2023,31-45,2,1,0
22,1,2,1,2,2,1,0,0,2,1,0,0,15,3,0,1,2023,18-30,1,1,1
56,1,1,2,2,2,2,2,1,0,0,0,0,30,3,0,2,2023,56-70,4,1,0
22,2,2,1,2,2,2,0,0,2,1,0,0,20,2,0,1,2023,18-30,1,1,0
38,2,2,2,2,2,2,0,0,0,0,0,0,0,0,1,2,2023,31-45,2,0,0
42,2,2,2,2,2,2,0,0,0,0,0,0,0,0,3,1,2023,31-45,2,0,0
20,1,2,1,2,2,1,0,0,1,2,0,0,10,3,0,1,2023,18-30,1,1,1
36,2,2,2,2,2,2,0,0,0,0,0,0,0,0,1,1,2023,31-45,2,0,0
59,2,2,2,2,2,2,0,0,0,0,0,0,0,0,6,2,2023,56-70,4,0,0
41,1,1,2,2,2,1,2,1,0,0,0,0,30,3,0,1,2023,31-45,2,1,1
28,1,1,2,2,2,1,1,2,0,0,0,0,120,4,0,1,2023,18-30,1,1,1
55,1,2,2,2,2,2,0,0,0,0,0,0,0,0,5,2,2023,46-55,3,0,0
39,1,2,2,1,2,2,0,0,0,0,2,1,25,3,0,2,2023,31-45,2,1,0
40,1,2,1,2,2,1,0,0,2,1,0,0,15,3,0,2,2023,31-45,2,1,1
54,1,1,2,2,2,2,2,1,0,0,0,0,10,2,0,2,2023,46-55,3,1,0
56,1,2,1,2,2,2,0,0,2,1,0,0,15,3,0,2,2023,56-70,4,1,0
31,1,2,2,1,2,2,0,0,0,0,2,1,10,3,0,1,2023,31-45,2,1,0
40,1,1,2,2,2,1,2,1,0,0,0,0,20,4,0,1,2023,31-45,2,1,1
39,1,1,2,2,2,1,1,2,0,0,0,0,40,3,0,1,2023,31-45,2,1,1
36,1,1,1,2,2,2,2,1,2,1,0,0,30,2,0,1,2023,31-45,2,1,0
50,2,2,2,2,2,2,0,0,0,0,0,0,0,0,5,2,2023,46-55,3,0,0
27,1,1,2,1,2,1,1,2,0,0,2,1,20,4,0,1,2023,18-30,1,1,1
60,2,2,2,2,2,2,0,0,0,0,0,0,0,0,3,1,2023,56-70,4,0,0
30,2,2,2,2,2,2,0,0,0,0,0,0,0,0,1,2,2023,18-30,1,0,0
63,1,1,1,1,2,2,2,1,2,1,2,1,40,4,0,1,2023,56-70,4,1,0
20,1,1,1,2,2,2,2,1,2,1,0,0,30,3,0,1,2023,18-30,1,1,0
53,2,2,2,2,2,2,0,0,0,0,0,0,0,0,2,2,2023,46-55,3,0,0
25,2,2,2,2,2,1,0,0,0,0,0,0,10,3,0,2,2023,18-30,1,0,1
48,1,1,1,1,2,1,1,1,1,1,2,1,40,4,0,1,2023,46-55,3,1,1
43,1,2,2,2,2,1,0,0,0,0,0,0,10,4,0,1,2023,31-45,2,0,1
34,1,1,2,1,2,1,2,1,0,0,2,1,15,4,0,1,2023,31-45,2,1,1
69,1,1,2,2,2,2,2,1,0,0,0,0,10,3,0,1,2023,56-70,4,1,0
73,1,1,1,2,2,1,2,1,2,1,0,0,20,3,0,1,2023,70+,5,1,1
72,1,2,1,2,2,2,0,0,2,1,0,0,60,2,0,1,2023,70+,5,1,0
68,2,2,2,2,2,2,0,0,0,0,0,0,0,0,1,2,2023,56-70,4,0,0
33,1,1,2,2,2,1,2,1,0,0,0,0,60,3,0,1,2023,31-45,2,1,1
63,1,1,2,2,2,2,2,1,0,0,0,0,90,3,0,2,2023,56-70,4,1,0
45,1,1,2,1,2,2,2,1,0,0,2,1,30,4,0,1,2023,31-45,2,1,0
55,1,2,2,1,2,2,0,0,0,0,2,1,20,3,0,2,2023,46-55,3,1,0
44,1,2,2,1,2,2,0,0,0,0,2,1,25,3,0,2,2023,31-45,2,1,0
58,1,2,1,2,2,1,0,0,1,2,0,0,30,3,0,1,2023,56-70,4,1,1
55,1,2,1,1,2,2,0,0,2,1,2,1,60,3,0,1,2023,46-55,3,1,0
78,2,2,2,2,2,2,0,0,0,0,0,0,0,0,4,2,2023,70+,5,0,0
18,2,2,1,2,1,2,0,0,2,1,0,0,30,2,0,1,2023,18-30,1,1,0
68,1,2,2,2,2,2,0,0,0,0,0,0,0,0,1,2,2023,56-70,4,0,0
53,1,2,2,2,2,1,0,0,0,0,0,0,60,4,0,1,2023,46-55,3,0,1
38,1,2,1,1,2,1,0,0,2,1,1,2,20,2,0,1,2023,31-45,2,1,1
58,2,2,2,2,2,2,0,0,0,0,0,0,0,0,1,1,2023,56-70,4,0,0
52,1,2,2,2,2,2,0,0,0,0,0,0,0,0,2,2,2023,46-55,3,0,0
55,1,2,2,2,2,2,0,0,0,0,0,0,0,0,1,2,2023,46-55,3,0,0
58,2,2,2,2,2,2,0,0,0,0,0,0,0,0,1,2,2023,56-70,4,0,0
61,2,2,2,2,2,2,0,0,0,0,0,0,0,0,2,2,2023,56-70,4,0,0
63,2,2,2,2,2,2,0,0,0,0,0,0,0,0,3,2,2023,56-70,4,0,0
46,2,2,2,1,2,2,0,0,0,0,2,1,10,3,0,2,2023,46-55,3,1,0
44,1,1,2,2,2,1,2,1,0,0,0,0,20,3,0,1,2023,31-45,2,1,1
51,1,1,1,2,2,1,1,1,2,1,0,0,30,2,0,1,2023,46-55,3,1,1
48,1,2,2,2,2,1,0,0,0,0,0,0,60,3,0,1,2023,46-55,3,0,1
46,1,1,2,2,2,1,2,1,0,0,0,0,40,3,0,1,2023,46-55,3,1,1
56,1,1,2,2,2,1,1,2,0,0,0,0,40,4,0,1,2023,56-70,4,1,1
50,1,2,1,2,2,1,0,0,2,1,0,0,30,3,0,1,2023,46-55,3,1,1
61,1,2,2,2,2,1,0,0,0,0,0,0,60,2,0,1,2023,56-70,4,0,1
54,1,2,2,2,2,1,0,0,0,0,0,0,5,2,0,2,2023,46-55,3,0,1
31,1,1,2,2,2,1,2,1,0,0,0,0,30,3,0,2,2023,31-45,2,1,1
53,2,2,2,2,2,2,0,0,0,0,0,0,0,0,3,2,2023,46-55,3,0,0
49,1,2,2,1,2,2,0,0,0,0,2,1,30,2,0,2,2023,46-55,3,1,0
19,2,1,2,2,2,2,2,1,0,0,0,0,30,3,0,2,2023,18-30,1,1,0
49,1,2,1,1,2,2,0,0,2,1,2,1,45,3,0,2,2023,46-55,3,1,0
48,2,2,1,2,2,1,0,0,2,1,0,0,20,1,0,1,2023,46-55,3,1,1
30,1,1,1,1,2,1,1,1,1,2,2,1,60,3,0,1,2023,18-30,1,1,1
44,1,1,1,2,2,2,2,1,2,1,0,0,30,3,0,2,2023,31-45,2,1,0
33,2,2,2,2,2,2,0,0,0,0,0,0,0,0,3,2,2023,31-45,2,0,0
55,1,1,2,2,2,1,2,1,0,0,0,0,20,3,0,2,2023,46-55,3,1,1
43,1,1,1,2,2,1,1,1,2,1,0,0,60,4,0,2,2023,31-45,2,1,1
37,2,2,2,2,2,1,0,0,0,0,0,0,40,3,0,1,2023,31-45,2,0,1
28,2,1,2,2,2,2,2,1,0,0,0,0,30,4,0,2,2023,18-30,1,1,0
27,1,1,2,2,2,2,2,1,0,0,0,0,30,1,0,2,2023,18-30,1,1,0
25,1,2,1,2,2,1,0,0,2,1,0,0,35,1,0,1,2023,18-30,1,1,1
41,1,2,1,1,2,2,0,0,2,1,2,1,30,2,0,2,2023,31-45,2,1,0
40,2,1,2,1,2,1,2,1,0,0,2,1,60,3,0,2,2023,31-45,2,1,1
49,2,2,2,2,2,1,0,0,0,0,0,0,20,4,0,1,2023,46-55,3,0,1
40,1,1,1,1,1,1,2,1,1,1,1,2,120,3,0,1,2023,31-45,2,1,1
57,2,2,2,2,2,1,0,0,0,0,0,0,60,2,0,1,2023,56-70,4,0,1
22,1,1,1,2,2,1,1,2,1,2,0,0,180,4,0,1,2023,18-30,1,1,1
28,1,2,1,2,2,1,0,0,1,2,0,0,30,4,0,1,2023,18-30,1,1,1
48,1,2,2,2,2,1,0,0,0,0,0,0,10,3,0,2,2023,46-55,3,0,1
32,2,2,2,1,2,1,0,0,0,0,2,1,20,2,0,1,2023,31-45,2,1,1
40,1,1,1,1,1,1,1,2,1,2,2,1,30,3,0,1,2023,31-45,2,1,1
19,1,1,1,2,1,1,1,2,1,2,0,0,30,2,0,1,2023,18-30,1,1,1
60,1,1,2,2,2,1,1,2,0,0,0,0,60,2,0,1,2023,56-70,4,1,1
72,2,2,2,2,2,2,0,0,0,0,0,0,0,0,1,2,2023,70+,5,0,0
25,1,1,2,2,2,2,2,1,0,0,0,0,20,3,0,2,2023,18-30,1,1,0
34,1,1,2,2,2,1,2,1,0,0,0,0,60,3,0,1,2023,31-45,2,1,1
74,2,2,2,2,2,2,0,0,0,0,0,0,0,0,5,2,2023,70+,5,0,0
73,1,1,1,1,2,2,2,1,2,1,2,1,20,4,0,1,2023,70+,5,1,0
78,1,1,2,2,2,2,2,1,0,0,0,0,90,3,0,1,2023,70+,5,1,0
70,1,2,1,2,2,1,0,0,2,1,0,0,15,4,0,1,2023,56-70,4,1,1
56,1,1,2,2,2,2,2,1,0,0,0,0,30,4,0,2,2023,56-70,4,1,0
36,2,2,2,2,2,1,0,0,0,0,0,0,10,4,0,1,2023,31-45,2,0,1
41,1,1,1,1,2,1,2,1,2,1,1,2,20,3,0,2,2023,31-45,2,1,1
36,1,2,1,2,1,1,0,0,2,1,0,0,60,2,0,2,2023,31-45,2,1,1
35,1,2,1,2,2,1,0,0,1,1,0,0,30,3,0,1,2023,31-45,2,1,1
20,1,1,2,2,2,1,2,1,0,0,0,0,30,3,0,1,2023,18-30,1,1,1
31,2,2,2,2,2,2,0,0,0,0,0,0,0,0,3,2,2023,31-45,2,0,0
45,2,2,2,2,2,2,0,0,0,0,0,0,0,0,1,1,2023,31-45,2,0,0
61,2,2,2,2,2,2,0,0,0,0,0,0,0,0,1,2,2023,56-70,4,0,0
31,2,2,2,2,2,2,0,0,0,0,0,0,0,0,1,1,2023,31-45,2,0,0
35,1,2,2,1,2,1,0,0,0,0,2,1,25,4,0,1,2023,31-45,2,1,1
43,1,1,1,1,2,2,1,1,1,2,2,1,60,4,0,1,2023,31-45,2,1,0
30,1,2,1,1,2,1,0,0,1,1,2,1,5,3,0,2,2023,18-30,1,1,1
41,0,0,0,0,0,0,0,0,0,0,0,0,0,0,0,0,2023,31-45,2,0,0
46,2,2,2,2,2,2,0,0,0,0,0,0,0,0,3,2,2023,46-55,3,0,0
62,2,2,2,1,2,1,0,0,0,0,1,2,15,4,0,2,2023,56-70,4,1,1
50,1,2,2,2,2,1,0,0,0,0,0,0,10,2,0,2,2023,46-55,3,0,1
30,1,1,2,2,2,1,2,1,0,0,0,0,50,3,0,2,2023,18-30,1,1,1
27,1,1,2,2,2,1,2,1,0,0,0,0,30,3,0,1,2023,18-30,1,1,1
56,2,2,2,2,2,2,0,0,0,0,0,0,0,0,3,2,2023,56-70,4,0,0
47,2,2,2,2,2,1,0,0,0,0,0,0,60,3,0,1,2023,46-55,3,0,1
35,2,2,2,2,2,1,0,0,0,0,0,0,15,3,0,1,2023,31-45,2,0,1
20,1,1,1,2,2,1,2,1,2,1,0,0,60,3,0,2,2023,18-30,1,1,1
53,2,2,2,2,2,1,0,0,0,0,0,0,60,3,0,2,2023,46-55,3,0,1
57,1,2,2,2,2,1,0,0,0,0,0,0,45,3,0,1,2023,56-70,4,0,1
76,1,2,2,2,2,2,0,0,0,0,0,0,0,0,3,2,2023,70+,5,0,0
36,1,2,1,2,2,1,0,0,2,1,0,0,20,3,0,2,2023,31-45,2,1,1
33,2,2,2,1,2,2,0,0,0,0,1,2,10,4,0,2,2023,31-45,2,1,0
30,1,1,2,2,2,2,1,1,0,0,0,0,30,3,0,1,2023,18-30,1,1,0
39,2,2,2,2,2,2,0,0,0,0,0,0,0,0,3,2,2023,31-45,2,0,0
24,1,1,1,2,2,1,1,1,1,1,0,0,120,4,0,1,2023,18-30,1,1,1
65,2,2,1,1,2,1,0,0,1,1,1,2,10,3,0,2,2023,56-70,4,1,1
44,1,1,1,1,2,1,2,1,1,2,1,1,300,4,0,1,2023,31-45,2,1,1
41,2,1,1,1,2,1,1,1,1,1,1,1,15,3,0,1,2023,31-45,2,1,1
33,1,2,1,2,1,1,0,0,1,2,0,0,30,2,0,1,2023,31-45,2,1,1
37,1,1,1,1,1,1,1,1,1,2,1,2,45,3,0,1,2023,31-45,2,1,1
39,2,2,2,2,2,2,0,0,0,0,0,0,0,0,3,2,2023,31-45,2,0,0
22,2,2,2,2,1,1,0,0,0,0,0,0,15,3,0,2,2023,18-30,1,1,1
57,2,2,2,2,2,2,0,0,0,0,0,0,0,0,5,2,2023,56-70,4,0,0
22,1,2,2,2,2,1,0,0,0,0,0,0,30,2,0,2,2023,18-30,1,0,1
47,1,2,2,2,1,1,0,0,0,0,0,0,30,3,0,2,2023,46-55,3,1,1
43,1,1,2,2,2,1,1,1,0,0,0,0,120,3,0,2,2023,31-45,2,1,1
29,1,1,2,2,2,1,1,1,0,0,0,0,25,3,0,1,2023,18-30,1,1,1
29,1,1,2,2,2,1,1,2,0,0,0,0,60,3,0,2,2023,18-30,1,1,1
28,2,2,2,2,2,1,0,0,0,0,0,0,10,1,0,2,2023,18-30,1,0,1
46,2,2,2,2,2,2,0,0,0,0,0,0,0,0,3,2,2023,46-55,3,0,0
71,1,1,2,2,2,2,2,1,0,0,0,0,30,1,0,1,2023,70+,5,1,0
70,1,1,2,2,2,2,2,1,0,0,0,0,20,1,0,2,2023,56-70,4,1,0
24,1,1,1,1,2,1,1,2,1,1,1,1,60,4,0,1,2023,18-30,1,1,1
33,1,1,1,2,1,1,1,2,1,2,0,0,20,3,0,1,2023,31-45,2,1,1
63,1,1,2,2,2,1,2,1,0,0,0,0,30,3,0,2,2023,56-70,4,1,1
61,1,2,1,2,2,1,0,0,2,1,0,0,60,2,0,1,2023,56-70,4,1,1
59,1,1,2,1,2,1,2,1,0,0,2,1,30,4,0,1,2023,56-70,4,1,1
32,1,2,2,2,2,1,0,0,0,0,0,0,25,2,0,2,2023,31-45,2,0,1
21,2,1,2,2,2,1,1,2,0,0,0,0,40,3,0,1,2023,18-30,1,1,1
75,1,1,1,1,2,2,2,1,2,1,2,1,40,3,0,2,2023,70+,5,1,0
67,1,1,1,2,2,2,2,1,2,1,0,0,60,3,0,1,2023,56-70,4,1,0
70,1,1,2,2,1,2,2,1,0,0,0,0,100,1,0,2,2023,56-70,4,1,0
80,2,2,2,2,2,2,0,0,0,0,0,0,0,0,1,1,2023,70+,5,0,0
48,2,2,1,2,2,2,0,0,2,1,0,0,30,3,0,2,2023,46-55,3,1,0
40,2,2,2,2,2,2,0,0,0,0,0,0,0,0,3,2,2023,31-45,2,0,0
41,1,1,2,2,2,1,1,2,0,0,0,0,10,3,0,1,2023,31-45,2,1,1
66,2,2,2,2,2,2,0,0,0,0,0,0,0,0,3,2,2023,56-70,4,0,0
34,2,2,2,2,2,1,0,0,0,0,0,0,25,2,0,2,2023,31-45,2,0,1
29,1,1,2,2,2,1,1,2,0,0,0,0,120,3,0,1,2023,18-30,1,1,1
47,2,2,2,2,2,2,0,0,0,0,0,0,0,0,3,1,2023,46-55,3,0,0
56,2,2,2,2,2,2,0,0,0,0,0,0,0,0,1,2,2023,56-70,4,0,0
58,2,2,2,2,2,2,0,0,0,0,0,0,0,0,3,2,2023,56-70,4,0,0
64,1,1,1,1,2,1,1,2,2,1,2,1,90,3,0,1,2023,56-70,4,1,1
51,1,1,1,2,2,1,1,2,2,1,0,0,30,3,0,1,2023,46-55,3,1,1
34,2,2,2,2,2,2,0,0,0,0,0,0,0,0,3,2,2023,31-45,2,0,0
51,1,1,2,2,2,2,2,1,0,0,0,0,40,3,0,1,2023,46-55,3,1,0
82,1,1,2,1,2,2,2,1,0,0,2,1,40,3,0,1,2023,70+,5,1,0
27,1,2,1,2,2,1,0,0,2,1,0,0,15,3,0,1,2023,18-30,1,1,1
61,1,2,2,2,2,1,0,0,0,0,0,0,20,2,0,1,2023,56-70,4,0,1
50,1,1,2,2,2,1,2,1,0,0,0,0,60,3,0,1,2023,46-55,3,1,1
52,2,2,2,2,2,2,0,0,0,0,0,0,0,0,1,3,2023,46-55,3,0,0
55,1,1,2,2,2,2,2,1,0,0,0,0,60,3,0,1,2023,46-55,3,1,0
49,2,2,1,2,2,2,0,0,2,1,0,0,45,3,0,1,2023,46-55,3,1,0
54,1,1,2,2,2,1,2,1,0,0,0,0,30,3,0,1,2023,46-55,3,1,1
62,2,2,2,2,2,2,0,0,0,0,0,0,0,0,3,2,2023,56-70,4,0,0
65,1,1,2,2,2,2,2,1,0,0,0,0,30,3,0,1,2023,56-70,4,1,0
20,1,1,1,2,2,1,2,1,2,1,0,0,120,4,0,1,2023,18-30,1,1,1
54,1,1,1,2,2,2,2,1,2,1,0,0,120,4,0,1,2023,46-55,3,1,0
73,1,1,2,1,2,2,2,1,0,0,2,1,60,3,0,2,2023,70+,5,1,0
30,1,1,1,2,2,1,1,2,1,2,0,0,120,3,0,1,2023,18-30,1,1,1
34,1,2,1,2,2,1,0,0,2,1,0,0,15,3,0,2,2023,31-45,2,1,1
20,2,1,2,2,2,2,2,1,0,0,0,0,15,3,0,2,2023,18-30,1,1,0
70,2,2,2,2,2,2,0,0,0,0,0,0,0,0,3,2,2023,56-70,4,0,0
35,2,2,2,2,2,2,0,0,0,0,0,0,0,0,4,2,2023,31-45,2,0,0
56,2,2,2,2,2,2,0,0,0,0,0,0,0,0,3,2,2023,56-70,4,0,0
51,1,2,1,2,1,1,0,0,1,2,0,0,20,3,0,2,2023,46-55,3,1,1
79,2,2,2,2,2,2,0,0,0,0,0,0,0,0,1,2,2023,70+,5,0,0
50,2,2,2,2,2,1,0,0,0,0,0,0,60,3,0,1,2023,46-55,3,0,1
59,2,2,2,2,2,2,0,0,0,0,0,0,0,0,3,2,2023,56-70,4,0,0
25,1,1,1,2,2,1,2,1,2,1,0,0,30,3,0,1,2023,18-30,1,1,1
54,1,1,2,2,2,1,2,1,0,0,0,0,30,3,0,1,2023,46-55,3,1,1
24,1,1,1,2,2,1,2,1,2,1,0,0,40,3,0,1,2023,18-30,1,1,1
61,1,2,1,1,2,2,0,0,2,1,2,1,20,3,0,2,2023,56-70,4,1,0
62,2,2,2,2,2,2,0,0,0,0,0,0,0,0,2,2,2023,56-70,4,0,0
73,2,2,2,2,2,2,0,0,0,0,0,0,0,0,4,2,2023,70+,5,0,0
72,1,2,1,2,2,2,0,0,2,1,0,0,40,3,0,2,2023,70+,5,1,0
45,1,2,1,2,2,2,0,0,2,1,0,0,45,4,0,1,2023,31-45,2,1,0
65,2,1,2,2,2,2,2,1,0,0,0,0,30,3,0,1,2023,56-70,4,1,0
46,2,2,2,2,2,2,0,0,0,0,0,0,0,0,3,2,2023,46-55,3,0,0
41,2,2,1,2,2,2,0,0,2,1,0,0,30,3,0,1,2023,31-45,2,1,0
39,2,2,2,2,2,2,0,0,0,0,0,0,0,0,3,2,2023,31-45,2,0,0
55,2,2,2,2,2,2,0,0,0,0,0,0,0,0,3,1,2023,46-55,3,0,0
38,2,2,2,2,2,1,0,0,0,0,0,0,15,4,0,1,2023,31-45,2,0,1
67,2,2,1,2,2,2,0,0,2,1,0,0,15,2,0,1,2023,56-70,4,1,0
38,2,2,2,2,2,2,0,0,0,0,0,0,0,0,3,1,2023,31-45,2,0,0
47,2,2,2,1,2,2,0,0,0,0,2,1,60,3,0,1,2023,46-55,3,1,0
66,1,2,1,2,2,2,0,0,2,1,0,0,20,2,0,2,2023,56-70,4,1,0
55,2,2,2,2,2,2,0,0,0,0,0,0,0,0,2,1,2023,46-55,3,0,0
77,2,2,2,2,2,2,0,0,0,0,0,0,0,0,5,1,2023,70+,5,0,0
47,2,2,2,2,2,2,0,0,0,0,0,0,0,0,3,1,2023,46-55,3,0,0
63,1,1,1,1,1,2,2,1,2,1,2,1,60,4,0,2,2023,56-70,4,1,0
50,1,1,2,2,2,2,2,1,0,0,0,0,30,3,0,1,2023,46-55,3,1,0
19,1,1,2,2,2,1,2,1,0,0,0,0,120,4,0,1,2023,18-30,1,1,1
43,2,2,2,2,2,2,0,0,0,0,0,0,0,0,3,1,2023,31-45,2,0,0
34,2,2,2,2,2,2,0,0,0,0,0,0,0,0,3,1,2023,31-45,2,0,0
57,2,2,2,2,2,1,0,0,0,0,0,0,120,2,0,1,2023,56-70,4,0,1
53,1,1,2,2,2,2,2,1,0,0,0,0,15,2,0,1,2023,46-55,3,1,0
46,1,1,1,2,2,1,2,1,2,1,0,0,40,4,0,1,2023,46-55,3,1,1
22,2,2,2,2,2,2,0,0,0,0,0,0,0,0,3,1,2023,18-30,1,0,0
81,2,2,2,2,2,2,0,0,0,0,0,0,0,0,5,2,2023,70+,5,0,0
18,1,1,2,2,1,1,1,2,0,0,0,0,120,4,0,1,2023,18-30,1,1,1
28,2,2,2,2,2,2,0,0,0,0,0,0,0,0,3,2,2023,18-30,1,0,0
22,2,2,2,2,2,2,0,0,0,0,0,0,0,0,1,1,2023,18-30,1,0,0
53,1,1,1,1,2,2,1,2,1,2,2,1,40,3,0,1,2023,46-55,3,1,0
58,2,2,2,2,2,2,0,0,0,0,0,0,0,0,5,1,2023,56-70,4,0,0
33,1,1,2,1,2,2,1,1,0,0,2,1,70,4,0,1,2023,31-45,2,1,0
61,1,2,2,1,2,2,0,0,0,0,2,1,20,4,0,1,2023,56-70,4,1,0
54,2,2,2,1,2,2,0,0,0,0,2,1,90,4,0,1,2023,46-55,3,1,0
49,2,2,2,1,2,2,0,0,0,0,2,1,30,4,0,2,2023,46-55,3,1,0
31,1,1,1,2,1,1,2,1,1,2,0,0,15,3,0,2,2023,31-45,2,1,1
27,1,1,2,2,2,2,1,2,0,0,0,0,60,4,0,1,2023,18-30,1,1,0
56,1,1,2,2,2,2,2,1,0,0,0,0,20,3,0,1,2023,56-70,4,1,0
35,2,2,2,2,2,2,0,0,0,0,0,0,0,0,3,1,2023,31-45,2,0,0
39,2,2,2,2,2,2,0,0,0,0,0,0,0,0,3,1,2023,31-45,2,0,0
30,1,1,2,2,2,1,2,1,0,0,0,0,15,3,0,1,2023,18-30,1,1,1
70,2,2,2,2,2,2,0,0,0,0,0,0,0,0,5,1,2023,56-70,4,0,0
35,1,1,2,2,2,1,2,1,0,0,0,0,20,3,0,1,2023,31-45,2,1,1
43,1,1,2,2,2,1,2,1,0,0,0,0,60,4,0,1,2023,31-45,2,1,1
44,2,2,2,2,2,2,0,0,0,0,0,0,0,0,3,1,2023,31-45,2,0,0
81,1,1,1,2,2,2,2,1,2,1,0,0,120,4,0,1,2023,70+,5,1,0
28,1,2,2,2,1,2,0,0,0,0,0,0,70,4,0,2,2023,18-30,1,1,0
29,2,2,1,1,2,1,0,0,2,1,2,1,20,4,0,1,2023,18-30,1,1,1
35,1,1,2,2,2,2,2,1,0,0,0,0,30,4,0,2,2023,31-45,2,1,0
57,0,0,0,0,0,0,0,0,0,0,0,0,0,0,0,0,2023,56-70,4,0,0
34,1,1,2,2,2,1,2,1,0,0,0,0,60,3,0,2,2023,31-45,2,1,1
76,1,1,2,2,2,2,2,1,0,0,0,0,60,4,0,1,2023,70+,5,1,0
27,2,1,1,2,2,1,1,1,1,2,0,0,5,2,0,1,2023,18-30,1,1,1
59,2,1,2,1,2,2,2,1,0,0,2,1,60,3,0,1,2023,56-70,4,1,0
34,1,1,2,1,1,1,1,2,0,0,1,2,60,4,0,1,2023,31-45,2,1,1
41,2,2,2,2,2,2,0,0,0,0,0,0,0,0,1,2,2023,31-45,2,0,0
56,2,2,2,1,2,1,0,0,0,0,1,2,70,3,0,1,2023,56-70,4,1,1
37,1,1,2,2,2,1,1,2,0,0,0,0,60,2,0,1,2023,31-45,2,1,1
27,2,2,1,2,2,1,0,0,2,1,0,0,60,3,0,1,2023,18-30,1,1,1
29,1,1,1,1,2,1,2,1,2,1,2,1,40,4,0,1,2023,18-30,1,1,1
57,1,1,2,2,2,1,1,2,0,0,0,0,10,4,0,2,2023,56-70,4,1,1
22,1,1,1,2,2,1,2,1,2,1,0,0,60,3,0,1,2023,18-30,1,1,1
27,2,2,2,2,2,1,0,0,0,0,0,0,30,4,0,2,2023,18-30,1,0,1
40,2,2,1,1,2,2,0,0,2,1,2,1,25,4,0,2,2023,31-45,2,1,0
56,2,2,2,2,2,2,0,0,0,0,0,0,0,0,5,2,2023,56-70,4,0,0
34,2,2,2,1,2,1,0,0,0,0,2,1,25,3,0,2,2023,31-45,2,1,1
35,1,1,2,2,2,1,2,1,0,0,0,0,30,3,0,1,2023,31-45,2,1,1
33,1,1,2,2,2,1,2,1,0,0,0,0,60,4,0,1,2023,31-45,2,1,1
31,1,1,2,1,2,1,1,1,0,0,1,2,30,3,0,1,2023,31-45,2,1,1
24,1,1,1,1,1,1,2,1,2,1,2,1,30,3,0,1,2023,18-30,1,1,1
78,1,1,2,1,2,2,2,1,0,0,2,1,10,4,0,2,2023,70+,5,1,0
22,2,2,2,1,1,2,0,0,0,0,2,1,10,1,0,1,2023,18-30,1,1,0
60,1,2,1,2,2,2,0,0,2,1,0,0,10,2,0,2,2023,56-70,4,1,0
58,2,2,2,2,2,2,0,0,0,0,0,0,0,0,3,2,2023,56-70,4,0,0
54,2,2,2,2,2,1,0,0,0,0,0,0,10,4,0,1,2023,46-55,3,0,1
34,1,1,2,2,2,2,1,2,0,0,0,0,30,3,0,1,2023,31-45,2,1,0
45,1,1,2,2,2,1,2,1,0,0,0,0,20,3,0,2,2023,31-45,2,1,1
21,2,2,2,2,2,2,0,0,0,0,0,0,0,0,3,1,2023,18-30,1,0,0
70,0,0,0,0,0,0,0,0,0,0,0,0,0,0,0,0,2023,56-70,4,0,0
31,2,1,1,1,1,2,2,1,2,1,2,1,60,4,0,1,2023,31-45,2,1,0
33,1,1,2,2,2,1,2,1,0,0,0,0,30,1,0,1,2023,31-45,2,1,1
45,1,1,2,2,1,1,1,2,0,0,0,0,10,4,0,1,2023,31-45,2,1,1
41,1,1,2,2,2,1,2,1,0,0,0,0,20,4,0,1,2023,31-45,2,1,1
27,1,1,1,1,2,1,2,1,2,1,2,1,120,4,0,1,2023,18-30,1,1,1
29,1,1,2,1,2,1,1,2,0,0,2,1,15,4,0,1,2023,18-30,1,1,1
61,2,1,2,2,2,2,2,1,0,0,0,0,60,3,0,1,2023,56-70,4,1,0
33,2,2,1,1,2,1,0,0,2,1,1,2,15,3,0,1,2023,31-45,2,1,1
47,1,1,1,2,2,2,2,1,2,1,0,0,120,3,0,1,2023,46-55,3,1,0
64,1,1,2,2,2,2,2,1,0,0,0,0,120,2,0,2,2023,56-70,4,1,0
64,0,0,0,0,0,0,0,0,0,0,0,0,0,0,0,0,2023,56-70,4,0,0
37,2,2,2,2,2,2,0,0,0,0,0,0,0,0,5,1,2023,31-45,2,0,0
70,1,1,2,2,2,2,2,1,0,0,0,0,30,3,0,2,2023,56-70,4,1,0
39,2,2,2,2,2,2,0,0,0,0,0,0,0,0,3,2,2023,31-45,2,0,0
21,1,1,2,2,1,1,2,1,0,0,0,0,30,4,0,1,2023,18-30,1,1,1
68,1,1,1,2,2,2,2,1,2,1,0,0,30,4,0,2,2023,56-70,4,1,0
25,1,1,1,2,2,1,2,1,1,2,0,0,180,3,0,1,2023,18-30,1,1,1
30,1,1,2,2,2,1,2,1,0,0,0,0,40,3,0,1,2023,18-30,1,1,1
27,1,2,2,2,2,1,0,0,0,0,0,0,20,2,0,1,2023,18-30,1,0,1
23,1,1,2,2,2,1,2,1,0,0,0,0,30,2,0,1,2023,18-30,1,1,1
23,2,2,2,2,2,2,0,0,0,0,0,0,0,0,3,1,2023,18-30,1,0,0
72,2,2,2,2,2,2,0,0,0,0,0,0,0,0,2,1,2023,70+,5,0,0
37,2,2,2,2,2,2,0,0,0,0,0,0,0,0,3,2,2023,31-45,2,0,0
49,1,2,2,1,2,1,0,0,0,0,2,1,20,3,0,1,2023,46-55,3,1,1
40,1,2,2,2,2,2,0,0,0,0,0,0,0,0,2,1,2023,31-45,2,0,0
69,1,2,1,2,2,2,0,0,2,1,0,0,60,2,0,2,2023,56-70,4,1,0
60,1,1,2,2,2,2,2,1,0,0,0,0,180,4,0,1,2023,56-70,4,1,0
23,2,2,2,2,2,2,0,0,0,0,0,0,0,0,3,1,2023,18-30,1,0,0
20,1,1,2,2,1,1,1,2,0,0,0,0,60,3,0,1,2023,18-30,1,1,1
23,1,1,2,2,2,1,2,1,0,0,0,0,60,3,0,1,2023,18-30,1,1,1
24,2,1,2,2,2,1,1,2,0,0,0,0,60,3,0,1,2023,18-30,1,1,1
70,2,2,2,2,2,2,0,0,0,0,0,0,0,0,2,2,2023,56-70,4,0,0
34,1,1,1,1,2,1,2,1,2,1,2,1,30,3,0,1,2023,31-45,2,1,1
20,1,2,1,2,2,1,0,0,1,2,0,0,30,3,0,1,2023,18-30,1,1,1
30,2,2,2,2,2,2,0,0,0,0,0,0,0,0,3,1,2023,18-30,1,0,0
31,1,1,2,2,2,2,2,1,0,0,0,0,30,4,0,1,2023,31-45,2,1,0
22,1,2,1,2,2,1,0,0,1,2,0,0,30,3,0,1,2023,18-30,1,1,1
50,2,2,2,2,2,2,0,0,0,0,0,0,0,0,3,1,2023,46-55,3,0,0
21,2,2,2,2,2,2,0,0,0,0,0,0,0,0,3,1,2023,18-30,1,0,0
23,1,1,2,2,2,1,2,1,0,0,0,0,30,4,0,1,2023,18-30,1,1,1
20,1,1,1,1,1,1,2,1,2,1,2,1,60,2,0,1,2023,18-30,1,1,1
35,2,2,2,2,2,2,0,0,0,0,0,0,0,0,2,1,2023,31-45,2,0,0
31,2,2,2,2,2,2,0,0,0,0,0,0,0,0,3,1,2023,31-45,2,0,0
20,1,1,2,1,2,1,1,2,0,0,2,1,60,3,0,1,2023,18-30,1,1,1
69,1,1,2,1,2,2,2,1,0,0,2,1,120,3,0,1,2023,56-70,4,1,0
30,2,2,2,2,2,2,0,0,0,0,0,0,0,0,2,1,2023,18-30,1,0,0
68,2,2,2,2,2,2,0,0,0,0,0,0,0,0,1,2,2023,56-70,4,0,0
47,0,0,0,0,0,0,0,0,0,0,0,0,0,0,0,0,2023,46-55,3,0,0
19,1,2,2,2,2,1,0,0,0,0,0,0,30,4,0,1,2023,18-30,1,0,1
28,2,2,2,2,2,1,0,0,0,0,0,0,20,3,0,1,2023,18-30,1,0,1
72,2,2,2,2,2,2,0,0,0,0,0,0,0,0,5,2,2023,70+,5,0,0
29,1,2,2,1,2,1,0,0,0,0,1,2,60,4,0,1,2023,18-30,1,1,1
23,1,1,2,1,1,1,1,2,0,0,1,2,180,4,0,1,2023,18-30,1,1,1
39,2,2,1,2,2,1,0,0,2,1,0,0,5,4,0,1,2023,31-45,2,1,1
20,2,2,2,2,2,1,0,0,0,0,0,0,120,2,0,2,2023,18-30,1,0,1
28,1,2,1,2,2,1,0,0,2,1,0,0,10,3,0,1,2023,18-30,1,1,1
57,2,2,1,2,2,1,0,0,2,1,0,0,30,3,0,1,2023,56-70,4,1,1
19,1,1,1,2,1,1,2,1,1,2,0,0,30,4,0,1,2023,18-30,1,1,1
38,2,2,2,2,2,1,0,0,0,0,0,0,30,3,0,1,2023,31-45,2,0,1
46,1,2,2,2,2,2,0,0,0,0,0,0,0,0,3,2,2023,46-55,3,0,0
53,2,2,2,2,2,2,0,0,0,0,0,0,0,0,1,1,2023,46-55,3,0,0
44,1,2,1,2,2,1,0,0,1,1,0,0,30,3,0,1,2023,31-45,2,1,1
63,2,2,2,2,2,2,0,0,0,0,0,0,0,0,5,2,2023,56-70,4,0,0
25,2,2,2,2,2,1,0,0,0,0,0,0,20,3,0,2,2023,18-30,1,0,1
89,1,2,2,1,2,2,0,0,0,0,2,1,30,3,0,2,2023,70+,5,1,0
23,1,1,1,2,2,1,1,1,2,1,0,0,40,3,0,1,2023,18-30,1,1,1
26,1,1,2,2,2,1,2,1,0,0,0,0,45,3,0,1,2023,18-30,1,1,1
56,2,2,1,2,2,2,0,0,2,1,0,0,20,3,0,2,2023,56-70,4,1,0
51,1,1,2,2,2,2,2,1,0,0,0,0,45,3,0,1,2023,46-55,3,1,0
70,2,2,2,2,2,1,0,0,0,0,0,0,10,3,0,2,2023,56-70,4,0,1
19,2,2,2,2,2,1,0,0,0,0,0,0,20,3,0,2,2023,18-30,1,0,1
56,2,1,2,2,2,2,2,1,0,0,0,0,20,3,0,1,2023,56-70,4,1,0
65,2,2,2,2,2,2,0,0,0,0,0,0,0,0,5,2,2023,56-70,4,0,0
19,1,1,2,2,2,1,2,1,0,0,0,0,45,3,0,1,2023,18-30,1,1,1
53,1,2,1,2,2,1,0,0,1,1,0,0,40,3,0,1,2023,46-55,3,1,1
60,2,2,2,2,2,2,0,0,0,0,0,0,0,0,1,3,2023,56-70,4,0,0
30,1,1,1,2,2,1,1,2,1,2,0,0,120,3,0,1,2023,18-30,1,1,1
81,2,2,2,2,2,2,0,0,0,0,0,0,0,0,3,3,2023,70+,5,0,0
61,1,1,1,2,2,2,2,1,2,1,0,0,30,3,0,1,2023,56-70,4,1,0
51,2,2,2,2,2,2,0,0,0,0,0,0,0,0,3,1,2023,46-55,3,0,0
52,1,1,1,2,2,2,2,1,2,1,0,0,60,3,0,1,2023,46-55,3,1,0
61,2,2,2,2,2,2,0,0,0,0,0,0,0,0,5,2,2023,56-70,4,0,0
48,2,2,2,2,2,2,0,0,0,0,0,0,0,0,1,2,2023,46-55,3,0,0
19,2,2,2,2,2,2,0,0,0,0,0,0,0,0,1,1,2023,18-30,1,0,0
54,1,2,1,2,2,2,0,0,2,1,0,0,30,3,0,1,2023,46-55,3,1,0
20,1,1,1,2,1,1,2,1,2,1,0,0,120,4,0,1,2023,18-30,1,1,1
59,2,2,2,2,2,1,0,0,0,0,0,0,30,4,0,1,2023,56-70,4,0,1
51,1,1,2,2,2,2,2,1,0,0,0,0,20,3,0,1,2023,46-55,3,1,0
27,2,2,2,2,2,1,0,0,0,0,0,0,30,3,0,1,2023,18-30,1,0,1
28,2,2,2,2,2,2,0,0,0,0,0,0,0,0,1,2,2023,18-30,1,0,0
61,2,2,1,1,2,2,0,0,2,1,2,1,30,3,0,2,2023,56-70,4,1,0
47,2,2,2,2,2,2,0,0,0,0,0,0,0,0,3,1,2023,46-55,3,0,0
43,1,1,2,2,2,2,2,1,0,0,0,0,240,3,0,2,2023,31-45,2,1,0
36,2,2,2,2,2,1,0,0,0,0,0,0,10,3,0,1,2023,31-45,2,0,1
31,1,1,1,2,2,1,1,1,1,2,0,0,30,3,0,1,2023,31-45,2,1,1
75,1,1,2,2,2,1,1,2,0,0,0,0,60,3,0,2,2023,70+,5,1,1
45,1,1,2,2,2,1,2,1,0,0,0,0,120,3,0,1,2023,31-45,2,1,1
44,1,1,1,2,2,1,2,1,2,1,0,0,40,4,0,1,2023,31-45,2,1,1
49,1,1,1,2,1,2,2,1,2,1,0,0,30,2,0,1,2023,46-55,3,1,0
72,2,1,2,2,2,2,2,1,0,0,0,0,60,4,0,2,2023,70+,5,1,0
48,1,1,2,2,2,2,2,1,0,0,0,0,30,3,0,1,2023,46-55,3,1,0
31,1,1,1,2,2,2,2,1,2,1,0,0,40,3,0,1,2023,31-45,2,1,0
46,1,2,2,1,2,1,0,0,0,0,2,1,15,3,0,1,2023,46-55,3,1,1
41,2,2,2,2,2,2,0,0,0,0,0,0,0,0,1,1,2023,31-45,2,0,0
23,1,2,2,2,2,1,0,0,0,0,0,0,30,2,0,1,2023,18-30,1,0,1
67,1,2,2,2,2,1,0,0,0,0,0,0,30,1,0,1,2023,56-70,4,0,1
47,2,2,2,1,2,2,0,0,0,0,2,1,5,2,0,2,2023,46-55,3,1,0
26,2,2,2,1,2,1,0,0,0,0,2,1,10,4,0,1,2023,18-30,1,1,1
39,2,2,2,2,2,2,0,0,0,0,0,0,0,0,3,2,2023,31-45,2,0,0
46,1,1,2,2,2,2,2,1,0,0,0,0,40,4,0,1,2023,46-55,3,1,0
41,1,1,1,2,2,2,2,1,2,1,0,0,40,3,0,2,2023,31-45,2,1,0
28,2,2,2,1,2,2,0,0,0,0,2,1,10,4,0,1,2023,18-30,1,1,0
20,1,1,2,2,2,1,2,1,0,0,0,0,10,4,0,1,2023,18-30,1,1,1
18,2,1,2,2,2,2,2,1,0,0,0,0,15,3,0,2,2023,18-30,1,1,0
35,2,2,2,2,2,1,0,0,0,0,0,0,15,4,0,2,2023,31-45,2,0,1
62,1,2,1,2,2,1,0,0,2,1,0,0,60,4,0,2,2023,56-70,4,1,1
29,1,1,1,2,2,1,1,2,2,1,0,0,30,3,0,1,2023,18-30,1,1,1
55,1,1,2,1,2,1,2,1,0,0,1,2,15,4,0,1,2023,46-55,3,1,1
43,2,2,2,2,2,1,0,0,0,0,0,0,60,3,0,1,2023,31-45,2,0,1
46,2,2,2,2,2,1,0,0,0,0,0,0,5,4,0,1,2023,46-55,3,0,1
46,1,2,2,1,2,2,0,0,0,0,2,1,10,2,0,1,2023,46-55,3,1,0
18,1,1,1,2,1,1,2,1,2,1,0,0,40,3,0,1,2023,18-30,1,1,1
45,2,2,2,2,2,1,0,0,0,0,0,0,10,3,0,2,2023,31-45,2,0,1
36,1,1,2,2,2,1,2,1,0,0,0,0,60,3,0,1,2023,31-45,2,1,1
65,1,2,2,1,2,2,0,0,0,0,2,1,40,4,0,1,2023,56-70,4,1,0
29,1,1,2,1,1,1,2,1,0,0,2,1,30,4,0,1,2023,18-30,1,1,1
25,2,2,2,2,2,2,0,0,0,0,0,0,0,0,1,2,2023,18-30,1,0,0
43,1,1,1,2,2,1,1,1,1,2,0,0,30,3,0,1,2023,31-45,2,1,1
45,1,1,1,1,2,2,1,2,1,2,1,2,20,3,0,1,2023,31-45,2,1,0
47,2,1,1,1,2,1,2,1,2,1,2,1,10,4,0,2,2023,46-55,3,1,1
76,2,2,2,2,2,2,0,0,0,0,0,0,0,0,5,1,2023,70+,5,0,0
19,1,2,2,1,1,1,0,0,0,0,2,1,30,2,0,1,2023,18-30,1,1,1
57,2,2,2,2,2,1,0,0,0,0,0,0,20,2,0,1,2023,56-70,4,0,1
46,1,1,2,2,2,1,1,2,0,0,0,0,20,4,0,1,2023,46-55,3,1,1
43,0,0,0,0,0,0,0,0,0,0,0,0,0,0,0,0,2023,31-45,2,0,0
36,2,2,2,2,2,1,0,0,0,0,0,0,10,4,0,1,2023,31-45,2,0,1
39,1,1,2,2,2,2,2,1,0,0,0,0,30,3,0,2,2023,31-45,2,1,0
25,1,1,2,2,2,1,1,2,0,0,0,0,30,2,0,1,2023,18-30,1,1,1
21,1,1,2,1,2,1,2,1,0,0,2,1,30,3,0,1,2023,18-30,1,1,1
58,1,1,1,2,2,1,2,1,2,1,0,0,30,3,0,1,2023,56-70,4,1,1
31,1,1,2,2,2,1,2,1,0,0,0,0,15,4,0,1,2023,31-45,2,1,1
46,1,1,2,2,2,1,1,2,0,0,0,0,60,3,0,2,2023,46-55,3,1,1
44,1,1,1,2,2,1,2,1,2,1,0,0,30,4,0,1,2023,31-45,2,1,1
67,1,1,1,1,2,1,2,1,2,1,1,2,60,4,0,1,2023,56-70,4,1,1
45,1,1,1,2,2,1,2,1,1,2,0,0,15,3,0,1,2023,31-45,2,1,1
25,1,1,1,1,1,1,1,2,2,1,2,1,30,4,0,1,2023,18-30,1,1,1
70,1,1,2,2,2,2,2,1,0,0,0,0,15,2,0,1,2023,56-70,4,1,0
27,1,1,2,2,2,1,2,1,0,0,0,0,10,1,0,2,2023,18-30,1,1,1
48,1,2,2,1,2,1,0,0,0,0,2,1,30,3,0,2,2023,46-55,3,1,1
54,1,1,2,2,2,1,2,1,0,0,0,0,30,3,0,3,2023,46-55,3,1,1
46,1,2,2,1,2,1,0,0,0,0,2,1,60,2,0,2,2023,46-55,3,1,1
56,1,1,1,2,2,1,1,2,2,1,0,0,30,2,0,1,2023,56-70,4,1,1
46,1,2,2,1,2,1,0,0,0,0,2,1,10,4,0,1,2023,46-55,3,1,1
55,1,1,1,2,2,2,2,1,2,1,0,0,20,2,0,1,2023,46-55,3,1,0
60,1,1,1,1,2,2,2,1,2,1,2,1,15,2,0,1,2023,56-70,4,1,0
63,1,1,1,1,2,2,2,1,2,1,2,1,20,3,0,3,2023,56-70,4,1,0
19,1,1,1,1,2,1,2,1,2,1,2,1,60,2,0,1,2023,18-30,1,1,1
48,1,1,2,2,2,2,2,1,0,0,0,0,60,4,0,1,2023,46-55,3,1,0
39,1,1,1,2,2,1,2,1,2,1,0,0,40,3,0,1,2023,31-45,2,1,1
73,1,2,2,1,2,2,0,0,0,0,2,1,15,3,0,2,2023,70+,5,1,0
31,1,1,1,2,2,1,1,2,2,1,0,0,10,3,0,2,2023,31-45,2,1,1
66,2,2,2,2,2,2,0,0,0,0,0,0,0,0,5,2,2023,56-70,4,0,0
59,1,1,1,2,2,1,2,1,2,1,0,0,60,3,0,2,2023,56-70,4,1,1
24,1,1,1,2,2,1,2,1,2,1,0,0,60,4,0,1,2023,18-30,1,1,1
31,1,1,1,2,2,1,2,1,2,1,0,0,10,3,0,1,2023,31-45,2,1,1
72,1,1,1,2,2,2,2,1,2,1,0,0,10,4,0,2,2023,70+,5,1,0
57,1,1,2,2,2,2,1,2,0,0,0,0,20,1,0,2,2023,56-70,4,1,0
55,2,2,2,1,2,2,0,0,0,0,2,1,10,1,0,2,2023,46-55,3,1,0
40,1,1,1,2,2,2,2,1,2,1,0,0,20,1,0,1,2023,31-45,2,1,0
25,1,1,1,1,2,1,2,1,2,1,2,1,30,3,0,1,2023,18-30,1,1,1
49,1,2,2,1,2,1,0,0,0,0,2,1,15,3,0,3,2023,46-55,3,1,1
38,1,2,2,2,2,1,0,0,0,0,0,0,15,4,0,1,2023,31-45,2,0,1
20,1,1,2,2,2,1,2,1,0,0,0,0,45,4,0,1,2023,18-30,1,1,1
70,2,2,2,2,2,1,0,0,0,0,0,0,120,4,0,2,2023,56-70,4,0,1
25,2,2,2,2,2,2,0,0,0,0,0,0,0,0,3,1,2023,18-30,1,0,0
29,2,2,2,2,2,2,0,0,0,0,0,0,0,0,3,2,2023,18-30,1,0,0
48,2,2,2,2,2,1,0,0,0,0,0,0,10,4,0,2,2023,46-55,3,0,1
38,2,2,2,2,2,1,0,0,0,0,0,0,20,3,0,1,2023,31-45,2,0,1
76,2,2,2,2,2,2,0,0,0,0,0,0,0,0,2,2,2023,70+,5,0,0
31,2,2,2,2,2,1,0,0,0,0,0,0,45,3,0,1,2023,31-45,2,0,1
75,2,2,2,2,2,2,0,0,0,0,0,0,0,0,2,1,2023,70+,5,0,0
37,2,2,2,2,2,1,0,0,0,0,0,0,20,4,0,2,2023,31-45,2,0,1
22,2,2,2,2,2,2,0,0,0,0,0,0,0,0,1,2,2023,18-30,1,0,0
56,2,2,2,2,2,2,0,0,0,0,0,0,0,0,3,2,2023,56-70,4,0,0
47,2,2,1,2,2,2,0,0,2,1,0,0,10,3,0,2,2023,46-55,3,1,0
50,1,2,2,1,2,1,0,0,0,0,2,1,29,4,0,2,2023,46-55,3,1,1
46,1,2,2,2,2,1,0,0,0,0,0,0,20,4,0,2,2023,46-55,3,0,1
62,1,1,2,2,2,2,2,1,0,0,0,0,60,4,0,1,2023,56-70,4,1,0
33,2,2,2,2,2,2,0,0,0,0,0,0,0,0,1,2,2023,31-45,2,0,0
23,2,2,2,2,2,1,0,0,0,0,0,0,20,3,0,2,2023,18-30,1,0,1
59,1,1,2,2,2,1,1,2,0,0,0,0,120,4,0,1,2023,56-70,4,1,1
37,2,2,2,2,2,2,0,0,0,0,0,0,0,0,3,2,2023,31-45,2,0,0
20,2,1,2,1,2,1,1,2,0,0,2,1,30,3,0,1,2023,18-30,1,1,1
52,2,2,2,1,2,2,0,0,0,0,2,1,15,3,0,2,2023,46-55,3,1,0
44,2,2,2,2,2,2,0,0,0,0,0,0,0,0,3,2,2023,31-45,2,0,0
42,2,2,2,2,2,1,0,0,0,0,0,0,20,3,0,2,2023,31-45,2,0,1
72,2,2,2,2,2,2,0,0,0,0,0,0,0,0,1,2,2023,70+,5,0,0
70,1,2,2,1,2,2,0,0,0,0,2,1,30,4,0,2,2023,56-70,4,1,0
25,1,2,2,2,2,1,0,0,0,0,0,0,60,3,0,1,2023,18-30,1,0,1
81,2,2,2,2,2,2,0,0,0,0,0,0,0,0,2,2,2023,70+,5,0,0
70,2,2,2,2,2,2,0,0,0,0,0,0,0,0,3,2,2023,56-70,4,0,0
80,2,2,2,2,2,2,0,0,0,0,0,0,0,0,2,2,2023,70+,5,0,0
22,2,2,1,1,1,2,0,0,2,1,2,1,30,3,0,1,2023,18-30,1,1,0
66,1,1,2,2,2,2,2,1,0,0,0,0,20,4,0,2,2023,56-70,4,1,0
59,2,1,2,2,2,2,1,2,0,0,0,0,30,4,0,1,2023,56-70,4,1,0
45,2,1,2,2,2,1,1,2,0,0,0,0,20,4,0,1,2023,31-45,2,1,1
25,1,1,2,2,2,1,2,1,0,0,0,0,20,4,0,1,2023,18-30,1,1,1
59,2,1,2,2,2,1,1,2,0,0,0,0,20,4,0,1,2023,56-70,4,1,1
40,1,1,1,2,2,1,1,1,2,1,0,0,120,4,0,1,2023,31-45,2,1,1
61,1,2,2,2,2,1,0,0,0,0,0,0,120,4,0,1,2023,56-70,4,0,1
33,2,2,2,2,2,1,0,0,0,0,0,0,25,3,0,1,2023,31-45,2,0,1
32,2,2,2,2,2,2,0,0,0,0,0,0,0,0,1,2,2023,31-45,2,0,0
32,1,1,2,2,2,2,2,1,0,0,0,0,180,3,0,2,2023,31-45,2,1,0
70,1,2,2,2,2,2,0,0,0,0,0,0,0,0,5,2,2023,56-70,4,0,0
32,2,2,2,2,2,2,0,0,0,0,0,0,0,0,3,2,2023,31-45,2,0,0
39,2,2,2,2,2,2,0,0,0,0,0,0,0,0,3,2,2023,31-45,2,0,0
36,1,1,1,2,2,1,2,1,2,1,0,0,30,3,0,1,2023,31-45,2,1,1
67,2,2,2,2,2,2,0,0,0,0,0,0,0,0,5,2,2023,56-70,4,0,0
41,1,2,2,2,2,1,0,0,0,0,0,0,10,2,0,2,2023,31-45,2,0,1
36,1,1,1,1,2,1,1,2,1,2,1,2,120,4,0,2,2023,31-45,2,1,1
63,1,2,2,1,2,2,0,0,0,0,2,1,10,1,0,3,2023,56-70,4,1,0
71,0,0,0,0,0,0,0,0,0,0,0,0,0,0,0,0,2023,70+,5,0,0
31,2,2,2,2,2,2,0,0,0,0,0,0,0,0,4,2,2023,31-45,2,0,0
37,1,1,1,2,1,2,2,1,2,1,0,0,20,2,0,1,2023,31-45,2,1,0
56,1,1,2,2,2,1,2,1,0,0,0,0,60,3,0,2,2023,56-70,4,1,1
68,1,2,2,2,2,1,0,0,0,0,0,0,20,3,0,1,2023,56-70,4,0,1
66,1,1,1,1,2,2,2,1,2,1,2,1,60,3,0,1,2023,56-70,4,1,0
39,1,2,2,2,2,1,0,0,0,0,0,0,60,4,0,2,2023,31-45,2,0,1
18,1,1,1,2,2,1,1,2,1,2,0,0,30,3,0,1,2023,18-30,1,1,1
44,2,1,2,2,2,2,2,1,0,0,0,0,60,3,0,2,2023,31-45,2,1,0
27,1,1,1,2,1,1,2,1,2,1,0,0,20,3,0,1,2023,18-30,1,1,1
29,1,1,2,2,2,2,2,1,0,0,0,0,30,4,0,1,2023,18-30,1,1,0
28,2,2,2,1,2,2,0,0,0,0,2,1,15,2,0,2,2023,18-30,1,1,0
26,1,1,2,2,2,2,2,1,0,0,0,0,10,4,0,2,2023,18-30,1,1,0
42,2,2,2,2,2,1,0,0,0,0,0,0,30,3,0,2,2023,31-45,2,0,1
52,2,2,2,2,2,2,0,0,0,0,0,0,0,0,3,2,2023,46-55,3,0,0
28,1,1,2,2,2,1,1,2,0,0,0,0,120,3,0,1,2023,18-30,1,1,1
19,1,2,1,2,2,1,0,0,2,1,0,0,10,3,0,1,2023,18-30,1,1,1
41,2,2,2,2,2,2,0,0,0,0,0,0,0,0,1,2,2023,31-45,2,0,0
27,2,2,2,2,2,2,0,0,0,0,0,0,0,0,3,2,2023,18-30,1,0,0
39,1,1,1,2,1,1,2,1,2,1,0,0,30,3,0,1,2023,31-45,2,1,1
54,1,1,1,1,2,1,1,2,2,1,2,1,90,3,0,1,2023,46-55,3,1,1
55,2,2,2,2,2,2,0,0,0,0,0,0,0,0,3,2,2023,46-55,3,0,0
50,1,1,2,1,2,1,2,1,0,0,2,1,45,3,0,1,2023,46-55,3,1,1
70,1,1,1,1,2,1,2,1,2,1,2,1,120,4,0,2,2023,56-70,4,1,1
56,1,1,1,1,2,1,2,1,2,1,2,1,60,3,0,1,2023,56-70,4,1,1
63,1,1,2,1,1,1,2,1,0,0,2,1,30,4,0,1,2023,56-70,4,1,1
60,2,2,2,2,2,2,0,0,0,0,0,0,0,0,1,2,2023,56-70,4,0,0
20,2,2,2,2,2,2,0,0,0,0,0,0,0,0,1,2,2023,18-30,1,0,0
43,2,2,2,2,2,2,0,0,0,0,0,0,0,0,3,2,2023,31-45,2,0,0
50,1,1,2,2,2,1,2,1,0,0,0,0,90,3,0,1,2023,46-55,3,1,1
97,2,2,2,2,2,2,0,0,0,0,0,0,0,0,5,2,2023,70+,5,0,0
78,2,2,2,2,2,2,0,0,0,0,0,0,0,0,1,2,2023,70+,5,0,0
34,1,1,2,2,2,2,2,1,0,0,0,0,60,3,0,1,2023,31-45,2,1,0
32,2,2,2,2,2,2,0,0,0,0,0,0,0,0,3,1,2023,31-45,2,0,0
51,1,1,1,2,2,1,2,1,2,1,0,0,20,3,0,1,2023,46-55,3,1,1
54,1,2,2,1,2,2,0,0,0,0,2,1,20,3,0,1,2023,46-55,3,1,0
55,1,1,2,2,2,2,2,1,0,0,0,0,40,3,0,1,2023,46-55,3,1,0
39,1,1,1,2,1,1,1,2,2,1,0,0,30,3,0,1,2023,31-45,2,1,1
62,2,2,2,2,2,2,0,0,0,0,0,0,0,0,3,2,2023,56-70,4,0,0
69,1,1,1,1,2,2,2,1,2,1,2,1,30,4,0,1,2023,56-70,4,1,0
64,1,1,1,2,2,2,2,1,2,1,0,0,50,3,0,1,2023,56-70,4,1,0
54,1,1,2,2,2,2,2,1,0,0,0,0,30,3,0,1,2023,46-55,3,1,0
81,1,2,2,1,2,2,0,0,0,0,2,1,90,2,0,2,2023,70+,5,1,0
30,1,1,2,2,2,2,2,1,0,0,0,0,40,3,0,1,2023,18-30,1,1,0
80,1,1,2,2,2,2,2,1,0,0,0,0,30,2,0,1,2023,70+,5,1,0
23,1,1,2,2,2,1,1,1,0,0,0,0,90,3,0,1,2023,18-30,1,1,1
64,1,2,2,1,2,2,0,0,0,0,2,1,40,1,0,1,2023,56-70,4,1,0
37,1,1,2,1,2,2,2,1,0,0,2,1,60,3,0,1,2023,31-45,2,1,0
32,2,2,2,2,2,2,0,0,0,0,0,0,0,0,1,1,2023,31-45,2,0,0
58,1,1,1,2,2,1,1,1,2,1,0,0,20,2,0,2,2023,56-70,4,1,1
47,2,2,2,2,2,2,0,0,0,0,0,0,0,0,1,2,2023,46-55,3,0,0
50,1,2,2,1,2,2,0,0,0,0,2,1,30,3,0,1,2023,46-55,3,1,0
43,1,1,2,1,2,2,2,1,0,0,2,1,60,3,0,1,2023,31-45,2,1,0
47,1,1,2,2,2,2,2,1,0,0,0,0,50,3,0,1,2023,46-55,3,1,0
28,1,1,2,2,2,2,2,1,0,0,0,0,60,4,0,1,2023,18-30,1,1,0
47,1,2,2,1,2,2,0,0,0,0,2,1,30,3,0,1,2023,46-55,3,1,0
57,2,2,2,2,2,2,0,0,0,0,0,0,0,0,1,2,2023,56-70,4,0,0
55,2,2,2,2,2,2,0,0,0,0,0,0,0,0,1,2,2023,46-55,3,0,0
62,2,2,2,2,2,2,0,0,0,0,0,0,0,0,3,2,2023,56-70,4,0,0
47,1,1,2,2,2,2,2,1,0,0,0,0,40,4,0,1,2023,46-55,3,1,0
23,2,1,2,2,2,1,2,1,0,0,0,0,30,4,0,1,2023,18-30,1,1,1
68,1,2,2,2,2,1,0,0,0,0,0,0,10,3,0,2,2023,56-70,4,0,1
27,1,1,2,2,2,1,2,1,0,0,0,0,60,3,0,2,2023,18-30,1,1,1
41,2,2,2,2,2,2,0,0,0,0,0,0,0,0,1,2,2023,31-45,2,0,0
59,1,2,2,1,2,2,0,0,0,0,2,1,35,3,0,1,2023,56-70,4,1,0
70,1,1,1,1,2,2,2,1,2,1,2,1,60,4,0,1,2023,56-70,4,1,0
80,1,1,1,2,2,2,2,1,2,1,0,0,30,3,0,1,2023,70+,5,1,0
91,0,0,0,0,0,0,0,0,0,0,0,0,0,0,0,0,2023,70+,5,0,0
36,0,0,0,0,0,0,0,0,0,0,0,0,0,0,0,0,2023,31-45,2,0,0
30,1,2,1,2,2,1,0,0,2,1,0,0,20,2,0,1,2023,18-30,1,1,1
57,1,2,2,1,2,2,0,0,0,0,2,1,40,3,0,1,2023,56-70,4,1,0
26,1,1,2,2,2,2,2,1,0,0,0,0,30,4,0,1,2023,18-30,1,1,0
80,2,2,2,2,2,2,0,0,0,0,0,0,0,0,1,2,2023,70+,5,0,0
32,1,2,2,2,1,1,0,0,0,0,0,0,10,3,0,1,2023,31-45,2,1,1
55,1,1,1,1,2,2,1,2,2,1,1,2,25,3,0,2,2023,46-55,3,1,0
26,1,1,1,2,2,1,2,1,2,1,0,0,80,4,0,1,2023,18-30,1,1,1
52,1,1,2,2,2,2,2,1,0,0,0,0,45,4,0,1,2023,46-55,3,1,0
63,2,1,2,2,2,2,2,1,0,0,0,0,30,3,0,2,2023,56-70,4,1,0
80,2,2,2,2,2,2,0,0,0,0,0,0,0,0,5,2,2023,70+,5,0,0
64,1,1,2,2,2,1,2,1,0,0,0,0,60,4,0,1,2023,56-70,4,1,1
27,1,1,1,2,2,1,2,1,2,1,0,0,40,3,0,1,2023,18-30,1,1,1
39,2,2,2,2,2,2,0,0,0,0,0,0,0,0,2,1,2023,31-45,2,0,0
23,1,1,1,1,1,1,2,1,2,1,2,1,30,3,0,3,2023,18-30,1,1,1
30,1,2,2,2,2,1,0,0,0,0,0,0,30,3,0,1,2023,18-30,1,0,1
32,2,1,2,2,1,1,1,2,0,0,0,0,15,3,0,1,2023,31-45,2,1,1
60,1,1,2,2,2,1,1,1,0,0,0,0,60,3,0,1,2023,56-70,4,1,1
68,2,2,2,2,2,2,0,0,0,0,0,0,0,0,1,1,2023,56-70,4,0,0
37,1,1,2,2,2,1,1,2,0,0,0,0,30,3,0,1,2023,31-45,2,1,1
83,1,2,2,1,2,2,0,0,0,0,2,1,30,3,0,3,2023,70+,5,1,0
65,1,1,2,2,2,2,2,1,0,0,0,0,120,2,0,2,2023,56-70,4,1,0
41,1,1,1,2,2,1,1,2,2,1,0,0,15,3,0,1,2023,31-45,2,1,1
54,2,2,2,2,2,2,0,0,0,0,0,0,0,0,3,2,2023,46-55,3,0,0
59,1,2,2,1,2,1,0,0,0,0,2,1,6,4,0,1,2023,56-70,4,1,1
25,1,1,2,2,1,1,1,1,0,0,0,0,15,3,0,1,2023,18-30,1,1,1
41,2,2,2,2,2,1,0,0,0,0,0,0,15,3,0,2,2023,31-45,2,0,1
38,2,2,2,2,2,2,0,0,0,0,0,0,0,0,3,1,2023,31-45,2,0,0
68,2,2,2,2,2,2,0,0,0,0,0,0,0,0,1,2,2023,56-70,4,0,0
66,2,2,2,2,2,2,0,0,0,0,0,0,0,0,3,2,2023,56-70,4,0,0
57,1,1,2,1,2,2,2,1,0,0,2,1,60,4,0,2,2023,56-70,4,1,0
30,2,2,2,2,1,1,0,0,0,0,0,0,15,2,0,1,2023,18-30,1,1,1
56,2,2,2,2,2,2,0,0,0,0,0,0,0,0,4,2,2023,56-70,4,0,0
30,2,2,2,2,2,1,0,0,0,0,0,0,25,3,0,1,2023,18-30,1,0,1
28,2,2,2,2,1,2,0,0,0,0,0,0,10,3,0,1,2023,18-30,1,1,0
46,1,2,2,1,2,1,0,0,0,0,2,1,120,4,0,2,2023,46-55,3,1,1
28,1,2,1,1,2,1,0,0,1,2,1,2,15,2,0,2,2023,18-30,1,1,1
69,1,1,2,2,2,2,2,1,0,0,0,0,20,2,0,2,2023,56-70,4,1,0
37,2,2,2,2,2,1,0,0,0,0,0,0,30,4,0,2,2023,31-45,2,0,1
30,1,1,2,2,2,1,2,1,0,0,0,0,30,4,0,2,2023,18-30,1,1,1
72,2,1,2,1,2,2,2,1,0,0,2,1,10,2,0,2,2023,70+,5,1,0
41,1,1,2,1,2,2,2,1,0,0,2,1,30,3,0,1,2023,31-45,2,1,0
54,2,2,2,2,2,2,0,0,0,0,0,0,0,0,3,2,2023,46-55,3,0,0
29,2,2,2,2,2,1,0,0,0,0,0,0,15,3,0,2,2023,18-30,1,0,1
57,2,2,2,2,2,2,0,0,0,0,0,0,0,0,1,2,2023,56-70,4,0,0
28,1,2,1,1,1,1,0,0,2,1,2,1,60,3,0,2,2023,18-30,1,1,1
27,2,2,2,2,2,2,0,0,0,0,0,0,0,0,3,3,2023,18-30,1,0,0
52,2,2,2,2,2,1,0,0,0,0,0,0,10,4,0,2,2023,46-55,3,0,1
18,2,1,1,2,1,1,2,1,2,1,0,0,120,4,0,1,2023,18-30,1,1,1
18,2,2,2,2,2,2,0,0,0,0,0,0,0,0,1,2,2023,18-30,1,0,0
23,1,1,2,2,2,1,2,1,0,0,0,0,30,3,0,1,2023,18-30,1,1,1
36,1,2,2,2,2,1,0,0,0,0,0,0,30,4,0,1,2023,31-45,2,0,1
67,1,2,1,2,2,2,0,0,2,1,0,0,120,3,0,2,2023,56-70,4,1,0
69,1,1,1,2,2,2,2,1,2,1,0,0,60,4,0,1,2023,56-70,4,1,0
67,2,2,2,2,2,2,0,0,0,0,0,0,0,0,5,1,2023,56-70,4,0,0
62,1,2,2,2,2,2,0,0,0,0,0,0,0,0,2,1,2023,56-70,4,0,0
77,1,1,2,2,2,2,2,1,0,0,0,0,60,4,0,2,2023,70+,5,1,0
63,2,2,1,1,1,2,0,0,2,1,2,1,30,3,0,1,2023,56-70,4,1,0
73,1,2,2,2,2,2,0,0,0,0,0,0,0,0,5,2,2023,70+,5,0,0
40,1,2,2,1,2,1,0,0,0,0,2,1,30,3,0,1,2023,31-45,2,1,1
47,1,1,2,2,2,1,2,1,0,0,0,0,20,3,0,1,2023,46-55,3,1,1
18,2,2,2,1,2,2,0,0,0,0,2,1,30,3,0,1,2023,18-30,1,1,0
33,2,2,2,2,2,2,0,0,0,0,0,0,0,0,2,2,2023,31-45,2,0,0
33,2,2,2,2,2,1,0,0,0,0,0,0,30,3,0,2,2023,31-45,2,0,1
42,1,1,1,2,2,1,1,2,1,1,0,0,60,3,0,1,2023,31-45,2,1,1
28,1,1,1,2,1,1,2,1,2,1,0,0,40,3,0,1,2023,18-30,1,1,1
47,2,2,2,2,2,2,0,0,0,0,0,0,0,0,1,2,2023,46-55,3,0,0
69,2,2,2,2,2,2,0,0,0,0,0,0,0,0,3,2,2023,56-70,4,0,0
59,2,2,2,2,2,2,0,0,0,0,0,0,0,0,1,2,2023,56-70,4,0,0
38,1,2,2,1,2,2,0,0,0,0,2,1,5,2,0,1,2023,31-45,2,1,0
46,2,2,1,2,2,1,0,0,1,2,0,0,30,4,0,1,2023,46-55,3,1,1
43,1,1,2,2,2,1,2,1,0,0,0,0,30,3,0,1,2023,31-45,2,1,1
24,1,1,1,1,1,1,1,2,1,2,2,1,10,3,0,2,2023,18-30,1,1,1
62,1,2,2,2,2,2,0,0,0,0,0,0,0,0,3,2,2023,56-70,4,0,0
48,2,2,2,2,2,2,0,0,0,0,0,0,0,0,2,2,2023,46-55,3,0,0
40,2,2,2,2,2,2,0,0,0,0,0,0,0,0,3,1,2023,31-45,2,0,0
52,2,2,2,2,2,2,0,0,0,0,0,0,0,0,3,2,2023,46-55,3,0,0
48,2,2,1,2,1,1,0,0,1,2,0,0,15,3,0,1,2023,46-55,3,1,1
82,1,1,1,2,2,2,2,1,2,1,0,0,30,1,0,1,2023,70+,5,1,0
20,1,1,2,2,2,1,1,2,0,0,0,0,15,3,0,1,2023,18-30,1,1,1
42,2,2,2,1,2,2,0,0,0,0,2,1,15,2,0,1,2023,31-45,2,1,0
35,1,1,1,2,2,2,1,2,2,1,0,0,20,3,0,1,2023,31-45,2,1,0
60,1,1,2,2,2,1,2,1,0,0,0,0,15,3,0,1,2023,56-70,4,1,1
62,1,2,1,2,2,2,0,0,2,1,0,0,30,1,0,2,2023,56-70,4,1,0
58,1,1,2,1,2,2,2,1,0,0,2,1,30,2,0,2,2023,56-70,4,1,0
66,1,1,2,2,2,2,2,1,0,0,0,0,30,4,0,1,2023,56-70,4,1,0
43,2,2,2,2,2,1,0,0,0,0,0,0,3,2,0,1,2023,31-45,2,0,1
38,2,2,2,2,2,2,0,0,0,0,0,0,0,0,2,2,2023,31-45,2,0,0
52,2,2,2,2,2,2,0,0,0,0,0,0,0,0,5,1,2024,46-55,3,0,0
55,2,2,2,2,2,2,0,0,0,0,0,0,0,0,2,2,2024,46-55,3,0,0
59,2,2,2,2,2,2,0,0,0,0,0,0,0,0,3,1,2024,56-70,4,0,0
30,2,2,2,2,2,2,0,0,0,0,0,0,0,0,4,1,2024,18-30,1,0,0
54,2,2,2,1,2,2,0,0,0,0,1,2,20,3,0,1,2024,46-55,3,1,0
30,2,2,2,2,2,1,0,0,0,0,0,0,15,3,0,1,2024,18-30,1,0,1
66,2,2,2,2,2,2,0,0,0,0,0,0,0,0,2,1,2024,56-70,4,0,0
45,2,2,2,2,2,2,0,0,0,0,0,0,0,0,3,1,2024,31-45,2,0,0
26,2,2,1,1,2,1,0,0,1,2,1,2,20,3,0,1,2024,18-30,1,1,1
41,2,2,2,2,2,1,0,0,0,0,0,0,10,3,0,1,2024,31-45,2,0,1
34,2,2,2,2,2,1,0,0,0,0,0,0,20,3,0,1,2024,31-45,2,0,1
47,2,2,2,2,2,1,0,0,0,0,0,0,10,3,0,1,2024,46-55,3,0,1
54,1,1,2,2,2,1,2,1,0,0,0,0,20,3,0,1,2024,46-55,3,1,1
24,1,1,2,2,2,1,2,1,0,0,0,0,20,3,0,1,2024,18-30,1,1,1
37,2,2,2,2,2,1,0,0,0,0,0,0,10,3,0,1,2024,31-45,2,0,1
58,2,2,2,2,2,2,0,0,0,0,0,0,0,0,2,1,2024,56-70,4,0,0
22,1,1,2,2,2,1,2,1,0,0,0,0,30,3,0,1,2024,18-30,1,1,1
41,1,1,2,2,2,1,2,1,0,0,0,0,30,3,0,1,2024,31-45,2,1,1
23,2,2,2,2,2,2,0,0,0,0,0,0,0,0,2,1,2024,18-30,1,0,0
29,2,2,2,2,2,2,0,0,0,0,0,0,0,0,2,1,2024,18-30,1,0,0
59,2,2,2,2,2,2,0,0,0,0,0,0,0,0,2,1,2024,56-70,4,0,0
41,2,2,2,2,2,2,0,0,0,0,0,0,0,0,3,1,2024,31-45,2,0,0
40,2,2,2,1,2,2,0,0,0,0,1,2,20,3,0,1,2024,31-45,2,1,0
18,1,1,2,2,2,1,2,1,0,0,0,0,60,3,0,1,2024,18-30,1,1,1
35,1,1,2,2,2,1,1,2,0,0,0,0,30,3,0,1,2024,31-45,2,1,1
55,2,2,2,2,2,2,0,0,0,0,0,0,0,0,3,1,2024,46-55,3,0,0
43,2,2,2,2,2,2,0,0,0,0,0,0,0,0,3,2,2024,31-45,2,0,0
40,2,2,2,2,2,2,0,0,0,0,0,0,0,0,3,1,2024,31-45,2,0,0
26,2,2,2,2,2,2,0,0,0,0,0,0,0,0,3,1,2024,18-30,1,0,0
32,2,2,2,2,2,2,0,0,0,0,0,0,0,0,2,1,2024,31-45,2,0,0
40,2,2,2,2,2,2,0,0,0,0,0,0,0,0,3,1,2024,31-45,2,0,0
19,2,2,2,2,2,2,0,0,0,0,0,0,0,0,3,1,2024,18-30,1,0,0
43,2,2,2,2,2,2,0,0,0,0,0,0,0,0,3,2,2024,31-45,2,0,0
64,1,1,2,2,2,2,1,2,0,0,0,0,30,3,0,1,2024,56-70,4,1,0
31,2,2,2,2,2,1,0,0,0,0,0,0,10,3,0,1,2024,31-45,2,0,1
58,2,2,2,1,2,2,0,0,0,0,1,2,10,3,0,1,2024,56-70,4,1,0
49,2,2,2,2,2,2,0,0,0,0,0,0,0,0,3,1,2024,46-55,3,0,0
50,2,2,2,2,2,1,0,0,0,0,0,0,15,3,0,1,2024,46-55,3,0,1
56,2,2,2,2,2,2,0,0,0,0,0,0,0,0,3,1,2024,56-70,4,0,0
28,1,1,2,2,2,1,1,2,0,0,0,0,30,3,0,1,2024,18-30,1,1,1
28,2,2,2,2,2,1,0,0,0,0,0,0,10,3,0,1,2024,18-30,1,0,1
70,2,2,2,1,2,2,0,0,0,0,1,2,15,3,0,1,2024,56-70,4,1,0
56,1,1,2,2,2,2,2,1,0,0,0,0,40,3,0,1,2024,56-70,4,1,0
37,2,2,2,2,2,1,0,0,0,0,0,0,10,3,0,1,2024,31-45,2,0,1
40,1,1,2,2,2,1,2,1,0,0,0,0,30,3,0,1,2024,31-45,2,1,1
53,1,1,2,2,2,2,1,2,0,0,0,0,20,3,0,1,2024,46-55,3,1,0
48,1,2,1,2,2,1,0,0,1,2,0,0,60,4,0,1,2024,46-55,3,1,1
26,2,2,2,2,2,1,0,0,0,0,0,0,30,3,0,1,2024,18-30,1,0,1
66,1,2,2,1,2,2,0,0,0,0,2,1,30,2,0,2,2024,56-70,4,1,0
21,1,1,1,2,2,1,2,1,1,2,0,0,120,4,0,1,2024,18-30,1,1,1
60,1,2,2,1,2,1,0,0,0,0,2,1,20,3,0,1,2024,56-70,4,1,1
30,2,2,2,2,2,2,0,0,0,0,0,0,0,0,2,1,2024,18-30,1,0,0
30,1,1,1,2,2,1,2,1,1,2,0,0,60,4,0,1,2024,18-30,1,1,1
66,1,1,2,2,2,1,2,1,0,0,0,0,30,3,0,1,2024,56-70,4,1,1
62,2,2,2,2,2,1,0,0,0,0,0,0,30,3,0,3,2024,56-70,4,0,1
72,1,1,2,2,2,2,2,1,0,0,0,0,25,3,0,2,2024,70+,5,1,0
67,2,2,1,2,2,1,0,0,1,2,0,0,30,3,0,2,2024,56-70,4,1,1
36,2,2,2,2,2,2,0,0,0,0,0,0,0,0,1,3,2024,31-45,2,0,0
25,1,1,2,2,2,1,2,1,0,0,0,0,120,4,0,2,2024,18-30,1,1,1
66,0,0,0,0,0,0,0,0,0,0,0,0,0,0,0,0,2024,56-70,4,0,0
60,2,2,2,2,2,2,0,0,0,0,0,0,0,0,2,2,2024,56-70,4,0,0
52,2,2,2,2,2,2,0,0,0,0,0,0,0,0,3,2,2024,46-55,3,0,0
31,1,1,2,2,2,1,1,2,0,0,0,0,60,3,0,1,2024,31-45,2,1,1
43,1,1,2,2,2,2,2,1,0,0,0,0,60,3,0,1,2024,31-45,2,1,0
33,1,1,2,2,2,1,1,2,0,0,0,0,60,4,0,1,2024,31-45,2,1,1
31,2,2,2,2,2,2,0,0,0,0,0,0,0,0,3,1,2024,31-45,2,0,0
41,2,2,2,2,2,2,0,0,0,0,0,0,0,0,1,1,2024,31-45,2,0,0
33,2,2,2,2,2,2,0,0,0,0,0,0,0,0,1,2,2024,31-45,2,0,0
60,2,2,2,1,2,2,0,0,0,0,2,1,30,3,0,2,2024,56-70,4,1,0
29,1,1,2,2,1,1,2,1,0,0,0,0,60,4,0,1,2024,18-30,1,1,1
59,2,2,2,2,2,2,0,0,0,0,0,0,0,0,1,3,2024,56-70,4,0,0
35,1,1,1,2,1,1,2,1,2,1,0,0,30,3,0,1,2024,31-45,2,1,1
61,1,1,2,2,2,1,2,1,0,0,0,0,120,3,0,1,2024,56-70,4,1,1
57,2,2,2,2,2,2,0,0,0,0,0,0,0,0,3,1,2024,56-70,4,0,0
20,2,1,2,2,2,1,1,2,0,0,0,0,60,3,0,1,2024,18-30,1,1,1
78,2,2,2,2,2,2,0,0,0,0,0,0,0,0,5,3,2024,70+,5,0,0
34,1,1,1,2,2,1,2,1,2,1,0,0,20,3,0,1,2024,31-45,2,1,1
57,1,1,1,2,2,2,2,1,2,1,0,0,60,3,0,2,2024,56-70,4,1,0
22,1,1,1,2,2,1,1,2,1,1,0,0,60,4,0,1,2024,18-30,1,1,1
21,1,1,2,1,1,1,2,1,0,0,2,1,120,3,0,2,2024,18-30,1,1,1
22,2,2,2,2,2,2,0,0,0,0,0,0,0,0,2,1,2024,18-30,1,0,0
65,2,2,2,2,2,2,0,0,0,0,0,0,0,0,5,1,2024,56-70,4,0,0
39,2,2,1,2,2,1,0,0,2,1,0,0,20,3,0,1,2024,31-45,2,1,1
37,1,2,2,2,1,1,0,0,0,0,0,0,20,3,0,2,2024,31-45,2,1,1
48,2,2,2,1,2,2,0,0,0,0,2,1,30,3,0,2,2024,46-55,3,1,0
31,2,2,2,2,2,2,0,0,0,0,0,0,0,0,3,2,2024,31-45,2,0,0
44,2,2,2,2,2,2,0,0,0,0,0,0,0,0,2,2,2024,31-45,2,0,0
51,2,2,2,2,2,1,0,0,0,0,0,0,15,2,0,3,2024,46-55,3,0,1
61,1,1,2,2,2,2,2,1,0,0,0,0,20,2,0,1,2024,56-70,4,1,0
43,1,2,1,2,2,2,0,0,2,1,0,0,20,3,0,1,2024,31-45,2,1,0
25,1,1,2,2,2,1,2,1,0,0,0,0,25,4,0,2,2024,18-30,1,1,1
73,1,1,2,2,2,2,2,1,0,0,0,0,30,2,0,2,2024,70+,5,1,0
64,0,0,0,0,0,0,0,0,0,0,0,0,0,0,0,0,2024,56-70,4,0,0
71,1,1,2,2,2,2,2,1,0,0,0,0,30,2,0,2,2024,70+,5,1,0
23,1,1,1,2,2,2,2,1,2,1,0,0,30,3,0,1,2024,18-30,1,1,0
32,1,1,2,2,2,1,2,1,0,0,0,0,30,3,0,1,2024,31-45,2,1,1
45,1,2,2,2,2,2,0,0,0,0,0,0,0,0,3,1,2024,31-45,2,0,0
45,2,2,2,2,2,2,0,0,0,0,0,0,0,0,3,2,2024,31-45,2,0,0
43,1,1,2,2,2,1,2,1,0,0,0,0,25,3,0,1,2024,31-45,2,1,1
69,1,1,1,2,2,2,1,1,2,1,0,0,40,3,0,1,2024,56-70,4,1,0
27,1,2,2,2,2,2,0,0,0,0,0,0,0,0,1,1,2024,18-30,1,0,0
38,1,2,2,2,2,2,0,0,0,0,0,0,0,0,1,1,2024,31-45,2,0,0
33,2,2,2,2,2,2,0,0,0,0,0,0,0,0,1,2,2024,31-45,2,0,0
25,1,2,2,2,2,1,0,0,0,0,0,0,40,2,0,2,2024,18-30,1,0,1
42,1,2,2,2,2,2,0,0,0,0,0,0,0,0,1,2,2024,31-45,2,0,0
29,2,2,2,2,2,2,0,0,0,0,0,0,0,0,3,2,2024,18-30,1,0,0
39,2,2,2,2,2,2,0,0,0,0,0,0,0,0,4,2,2024,31-45,2,0,0
83,0,0,0,0,0,0,0,0,0,0,0,0,0,0,0,0,2024,70+,5,0,0
47,1,1,2,2,2,2,2,1,0,0,0,0,20,3,0,2,2024,46-55,3,1,0
36,1,1,2,2,2,1,2,1,0,0,0,0,20,3,0,1,2024,31-45,2,1,1
56,2,2,2,2,2,2,0,0,0,0,0,0,0,0,1,1,2024,56-70,4,0,0
25,2,1,2,2,2,2,2,1,0,0,0,0,30,3,0,1,2024,18-30,1,1,0
38,1,2,1,2,2,2,0,0,2,1,0,0,20,3,0,1,2024,31-45,2,1,0
47,1,1,2,2,2,2,2,1,0,0,0,0,38,2,0,1,2024,46-55,3,1,0
39,2,2,2,2,2,2,0,0,0,0,0,0,0,0,1,2,2024,31-45,2,0,0
68,2,2,2,2,2,2,0,0,0,0,0,0,0,0,1,2,2024,56-70,4,0,0
25,1,2,2,1,2,2,0,0,0,0,2,1,20,2,0,2,2024,18-30,1,1,0
30,1,1,2,2,2,1,1,2,0,0,0,0,40,3,0,1,2024,18-30,1,1,1
41,2,2,2,2,2,2,0,0,0,0,0,0,0,0,2,2,2024,31-45,2,0,0
38,1,1,2,2,2,1,2,1,0,0,0,0,20,3,0,1,2024,31-45,2,1,1
63,2,2,2,2,2,2,0,0,0,0,0,0,0,0,5,2,2024,56-70,4,0,0
53,2,2,2,2,2,2,0,0,0,0,0,0,0,0,1,2,2024,46-55,3,0,0
49,1,1,2,2,2,1,2,1,0,0,0,0,30,3,0,2,2024,46-55,3,1,1
50,1,1,2,2,2,2,1,1,0,0,0,0,30,3,0,1,2024,46-55,3,1,0
64,1,1,2,2,2,2,2,1,0,0,0,0,20,2,0,2,2024,56-70,4,1,0
67,2,2,2,1,2,2,0,0,0,0,2,1,15,2,0,1,2024,56-70,4,1,0
49,1,1,2,2,2,1,1,2,0,0,0,0,60,4,0,1,2024,46-55,3,1,1
39,1,1,2,1,2,1,2,1,0,0,2,1,20,2,0,1,2024,31-45,2,1,1
64,1,1,2,2,2,1,2,1,0,0,0,0,30,3,0,2,2024,56-70,4,1,1
57,2,2,2,2,2,2,0,0,0,0,0,0,0,0,3,2,2024,56-70,4,0,0
56,1,2,1,1,2,1,0,0,2,1,2,1,20,2,0,2,2024,56-70,4,1,1
37,2,2,2,2,2,1,0,0,0,0,0,0,30,4,0,2,2024,31-45,2,0,1
45,2,2,2,2,2,1,0,0,0,0,0,0,60,3,0,1,2024,31-45,2,0,1
29,1,2,2,2,2,1,0,0,0,0,0,0,30,3,0,1,2024,18-30,1,0,1
22,2,2,1,2,2,1,0,0,2,1,0,0,30,2,0,2,2024,18-30,1,1,1
52,1,1,2,2,2,2,2,1,0,0,0,0,10,3,0,2,2024,46-55,3,1,0
63,1,1,2,2,2,2,2,1,0,0,0,0,30,2,0,1,2024,56-70,4,1,0
38,1,2,1,2,2,1,0,0,2,1,0,0,30,3,0,2,2024,31-45,2,1,1
31,1,1,2,2,2,1,1,2,0,0,0,0,180,3,0,1,2024,31-45,2,1,1
33,1,1,1,2,2,1,2,1,2,1,0,0,30,3,0,2,2024,31-45,2,1,1
33,2,2,2,2,2,1,0,0,0,0,0,0,10,3,0,2,2024,31-45,2,0,1
34,1,2,2,2,2,1,0,0,0,0,0,0,30,3,0,1,2024,31-45,2,0,1
50,1,2,2,2,2,1,0,0,0,0,0,0,30,4,0,1,2024,46-55,3,0,1
65,2,2,2,2,2,2,0,0,0,0,0,0,0,0,3,2,2024,56-70,4,0,0
42,1,1,2,2,2,2,2,1,0,0,0,0,60,2,0,2,2024,31-45,2,1,0
32,1,1,1,2,2,1,2,1,2,1,0,0,60,3,0,1,2024,31-45,2,1,1
29,2,2,1,2,2,1,0,0,2,1,0,0,180,1,0,1,2024,18-30,1,1,1
74,2,2,2,2,2,2,0,0,0,0,0,0,0,0,5,2,2024,70+,5,0,0
32,1,1,2,2,2,1,1,1,0,0,0,0,30,3,0,1,2024,31-45,2,1,1
75,1,1,2,2,2,2,2,1,0,0,0,0,60,2,0,2,2024,70+,5,1,0
25,1,1,2,1,1,2,1,2,0,0,2,1,180,4,0,1,2024,18-30,1,1,0
51,1,2,2,1,2,2,0,0,0,0,2,1,10,3,0,2,2024,46-55,3,1,0
33,1,1,2,2,2,2,2,1,0,0,0,0,60,3,0,2,2024,31-45,2,1,0
32,1,2,1,1,2,1,0,0,1,2,2,1,30,3,0,2,2024,31-45,2,1,1
58,2,2,2,2,2,2,0,0,0,0,0,0,0,0,3,2,2024,56-70,4,0,0
63,2,2,2,2,2,2,0,0,0,0,0,0,0,0,3,1,2024,56-70,4,0,0
33,1,1,1,2,2,1,2,1,2,1,0,0,30,3,0,1,2024,31-45,2,1,1
53,1,2,1,2,2,2,0,0,2,1,0,0,15,2,0,2,2024,46-55,3,1,0
33,1,1,2,1,2,1,2,1,0,0,2,1,30,3,0,1,2024,31-45,2,1,1
30,1,1,2,2,2,2,1,2,0,0,0,0,30,4,0,1,2024,18-30,1,1,0
49,1,1,2,2,2,1,1,2,0,0,0,0,120,4,0,1,2024,46-55,3,1,1
69,1,1,1,2,2,2,2,1,2,1,0,0,60,2,0,2,2024,56-70,4,1,0
79,1,1,2,1,2,2,2,1,0,0,2,1,30,4,0,2,2024,70+,5,1,0
21,1,2,1,2,2,2,0,0,2,1,0,0,20,3,0,1,2024,18-30,1,1,0
52,1,1,1,1,1,1,2,1,2,1,2,1,30,2,0,2,2024,46-55,3,1,1
48,2,2,2,2,2,2,0,0,0,0,0,0,0,0,1,2,2024,46-55,3,0,0
63,1,1,2,1,2,2,2,1,0,0,2,1,120,3,0,1,2024,56-70,4,1,0
46,1,2,2,1,2,2,0,0,0,0,2,1,90,3,0,1,2024,46-55,3,1,0
23,1,1,2,1,2,1,2,1,0,0,2,1,30,1,0,1,2024,18-30,1,1,1
44,1,2,2,2,2,1,0,0,0,0,0,0,15,3,0,1,2024,31-45,2,0,1
41,2,2,2,2,2,1,0,0,0,0,0,0,10,2,0,2,2024,31-45,2,0,1
20,1,1,1,2,2,2,2,1,2,1,0,0,50,4,0,1,2024,18-30,1,1,0
53,2,2,2,2,2,2,0,0,0,0,0,0,0,0,5,1,2024,46-55,3,0,0
78,1,1,2,2,2,2,2,1,0,0,0,0,15,1,0,2,2024,70+,5,1,0
89,1,1,1,2,2,2,2,1,2,1,0,0,60,3,0,2,2024,70+,5,1,0
40,2,2,2,2,2,1,0,0,0,0,0,0,60,1,0,2,2024,31-45,2,0,1
43,1,2,1,1,1,1,0,0,2,1,2,1,30,3,0,2,2024,31-45,2,1,1
49,1,2,2,2,2,1,0,0,0,0,0,0,15,1,0,2,2024,46-55,3,0,1
27,1,1,2,2,1,1,2,1,0,0,0,0,30,3,0,2,2024,18-30,1,1,1
53,2,2,2,2,2,2,0,0,0,0,0,0,0,0,1,1,2024,46-55,3,0,0
46,1,2,2,2,2,1,0,0,0,0,0,0,30,4,0,1,2024,46-55,3,0,1
32,2,2,1,2,2,2,0,0,2,1,0,0,90,4,0,1,2024,31-45,2,1,0
41,1,2,1,2,2,2,0,0,2,1,0,0,60,3,0,1,2024,31-45,2,1,0
45,1,1,2,2,2,1,2,1,0,0,0,0,180,1,0,1,2024,31-45,2,1,1
59,1,1,2,2,2,2,2,1,0,0,0,0,20,4,0,2,2024,56-70,4,1,0
31,1,2,2,2,2,1,0,0,0,0,0,0,30,4,0,1,2024,31-45,2,0,1
44,1,1,2,2,2,1,2,1,0,0,0,0,60,3,0,1,2024,31-45,2,1,1
61,1,1,2,1,2,1,2,1,0,0,1,2,60,4,0,1,2024,56-70,4,1,1
66,1,1,2,2,2,1,1,1,0,0,0,0,240,3,0,1,2024,56-70,4,1,1
41,2,1,1,1,2,2,2,1,2,1,2,1,30,3,0,2,2024,31-45,2,1,0
34,1,1,2,1,2,2,2,1,0,0,1,2,25,3,0,1,2024,31-45,2,1,0
58,1,2,2,2,2,2,0,0,0,0,0,0,0,0,5,1,2024,56-70,4,0,0
23,2,2,1,2,2,2,0,0,1,2,0,0,30,3,0,1,2024,18-30,1,1,0
45,2,2,2,2,2,2,0,0,0,0,0,0,0,0,3,1,2024,31-45,2,0,0
62,1,1,2,2,2,1,2,1,0,0,0,0,15,3,0,1,2024,56-70,4,1,1
39,1,1,2,1,2,1,2,1,0,0,1,2,60,4,0,1,2024,31-45,2,1,1
47,1,2,1,1,2,2,0,0,2,1,2,1,35,3,0,1,2024,46-55,3,1,0
29,1,1,2,2,2,1,2,1,0,0,0,0,30,4,0,1,2024,18-30,1,1,1
44,2,2,2,2,2,2,0,0,0,0,0,0,0,0,1,2,2024,31-45,2,0,0
62,1,1,2,2,2,1,2,1,0,0,0,0,40,1,0,2,2024,56-70,4,1,1
29,1,1,1,2,2,2,2,1,2,1,0,0,40,4,0,2,2024,18-30,1,1,0
44,1,2,2,1,2,2,0,0,0,0,2,1,35,2,0,2,2024,31-45,2,1,0
20,2,1,2,2,2,2,2,1,0,0,0,0,15,2,0,1,2024,18-30,1,1,0
33,1,1,2,2,2,1,2,1,0,0,0,0,30,2,0,1,2024,31-45,2,1,1
72,2,2,2,2,2,2,0,0,0,0,0,0,0,0,3,2,2024,70+,5,0,0
76,0,0,0,0,0,0,0,0,0,0,0,0,0,0,0,0,2024,70+,5,0,0
20,1,1,2,1,2,1,2,1,0,0,2,1,20,3,0,1,2024,18-30,1,1,1
77,0,0,0,0,0,0,0,0,0,0,0,0,0,0,0,0,2024,70+,5,0,0
38,2,2,2,2,2,1,0,0,0,0,0,0,20,4,0,1,2024,31-45,2,0,1
24,2,2,2,2,2,1,0,0,0,0,0,0,15,3,0,1,2024,18-30,1,0,1
27,1,1,2,2,2,1,1,2,0,0,0,0,10,3,0,1,2024,18-30,1,1,1
39,2,2,2,2,2,2,0,0,0,0,0,0,0,0,3,1,2024,31-45,2,0,0
54,2,2,2,2,2,2,0,0,0,0,0,0,0,0,2,2,2024,46-55,3,0,0
79,2,2,2,2,2,2,0,0,0,0,0,0,0,0,5,1,2024,70+,5,0,0
19,1,2,2,2,2,1,0,0,0,0,0,0,25,2,0,1,2024,18-30,1,0,1
58,1,2,2,1,2,2,0,0,0,0,2,1,45,3,0,3,2024,56-70,4,1,0
50,0,0,0,0,0,0,0,0,0,0,0,0,0,0,0,0,2024,46-55,3,0,0
48,2,2,2,2,2,2,0,0,0,0,0,0,0,0,1,3,2024,46-55,3,0,0
33,2,2,2,2,2,2,0,0,0,0,0,0,0,0,3,2,2024,31-45,2,0,0
36,1,1,2,1,2,2,2,1,0,0,2,1,30,3,0,1,2024,31-45,2,1,0
30,2,2,2,2,2,2,0,0,0,0,0,0,0,0,3,2,2024,18-30,1,0,0
38,1,2,2,2,2,1,0,0,0,0,0,0,60,4,0,1,2024,31-45,2,0,1
55,2,2,2,2,2,2,0,0,0,0,0,0,0,0,3,1,2024,46-55,3,0,0
50,2,2,2,2,2,2,0,0,0,0,0,0,0,0,2,2,2024,46-55,3,0,0
74,2,2,2,2,2,2,0,0,0,0,0,0,0,0,5,2,2024,70+,5,0,0
65,1,1,2,1,2,2,2,1,0,0,2,1,45,4,0,1,2024,56-70,4,1,0
63,1,2,2,2,2,1,0,0,0,0,0,0,30,4,0,1,2024,56-70,4,0,1
59,1,2,2,2,2,1,0,0,0,0,0,0,60,4,0,1,2024,56-70,4,0,1
65,2,2,2,2,2,2,0,0,0,0,0,0,0,0,5,1,2024,56-70,4,0,0
28,1,1,1,2,2,2,1,1,1,2,0,0,120,3,0,1,2024,18-30,1,1,0
49,1,1,1,2,2,2,2,1,1,1,0,0,30,3,0,1,2024,46-55,3,1,0
39,1,2,2,1,2,2,0,0,0,0,2,1,30,3,0,2,2024,31-45,2,1,0
63,2,2,2,2,2,2,0,0,0,0,0,0,0,0,5,1,2024,56-70,4,0,0
32,1,1,2,2,2,2,2,1,0,0,0,0,60,4,0,1,2024,31-45,2,1,0
44,0,0,0,0,0,0,0,0,0,0,0,0,0,0,0,0,2024,31-45,2,0,0
44,2,2,2,2,2,2,0,0,0,0,0,0,0,0,1,2,2024,31-45,2,0,0
36,1,1,2,2,2,2,2,1,0,0,0,0,45,4,0,2,2024,31-45,2,1,0
46,2,2,2,1,2,2,0,0,0,0,2,1,30,4,0,1,2024,46-55,3,1,0
63,1,1,2,1,2,2,1,2,0,0,1,1,25,3,0,1,2024,56-70,4,1,0
38,2,2,2,2,2,2,0,0,0,0,0,0,0,0,1,1,2024,31-45,2,0,0
28,1,1,2,2,2,2,2,1,0,0,0,0,45,4,0,1,2024,18-30,1,1,0
55,2,2,2,2,2,2,0,0,0,0,0,0,0,0,2,2,2024,46-55,3,0,0
59,2,2,2,2,2,2,0,0,0,0,0,0,0,0,5,2,2024,56-70,4,0,0
50,2,2,2,2,2,2,0,0,0,0,0,0,0,0,2,3,2024,46-55,3,0,0
51,1,2,1,1,2,2,0,0,2,1,2,1,60,3,0,2,2024,46-55,3,1,0
21,1,1,2,2,2,1,1,1,0,0,0,0,120,4,0,1,2024,18-30,1,1,1
52,2,2,2,2,2,2,0,0,0,0,0,0,0,0,1,2,2024,46-55,3,0,0
41,2,2,2,2,2,2,0,0,0,0,0,0,0,0,1,2,2024,31-45,2,0,0
60,1,1,2,2,2,2,2,1,0,0,0,0,60,3,0,1,2024,56-70,4,1,0
24,1,1,2,2,2,2,2,1,0,0,0,0,60,3,0,1,2024,18-30,1,1,0
32,2,2,2,2,2,2,0,0,0,0,0,0,0,0,2,2,2024,31-45,2,0,0
75,2,2,2,2,2,2,0,0,0,0,0,0,0,0,5,1,2024,70+,5,0,0
47,2,2,2,2,2,2,0,0,0,0,0,0,0,0,1,3,2024,46-55,3,0,0
44,2,2,2,2,2,2,0,0,0,0,0,0,0,0,2,2,2024,31-45,2,0,0
58,2,2,2,2,2,2,0,0,0,0,0,0,0,0,4,3,2024,56-70,4,0,0
28,2,2,2,2,2,2,0,0,0,0,0,0,0,0,1,2,2024,18-30,1,0,0
66,2,2,2,2,2,2,0,0,0,0,0,0,0,0,5,1,2024,56-70,4,0,0
54,2,2,2,2,2,2,0,0,0,0,0,0,0,0,1,2,2024,46-55,3,0,0
39,1,1,1,1,2,1,2,1,2,1,2,1,20,3,0,1,2024,31-45,2,1,1
21,1,1,2,2,1,1,1,2,0,0,0,0,60,3,0,1,2024,18-30,1,1,1
18,1,1,2,2,2,2,1,1,0,0,0,0,120,1,0,1,2024,18-30,1,1,0
37,2,1,2,2,2,2,1,2,0,0,0,0,20,1,0,2,2024,31-45,2,1,0
35,1,1,2,2,2,1,1,1,0,0,0,0,10,3,0,2,2024,31-45,2,1,1
35,2,2,1,2,1,2,0,0,2,1,0,0,30,1,0,1,2024,31-45,2,1,0
47,1,1,2,2,2,1,1,1,0,0,0,0,30,3,0,2,2024,46-55,3,1,1
30,2,2,2,1,2,2,0,0,0,0,1,2,5,3,0,1,2024,18-30,1,1,0
21,2,2,1,2,1,1,0,0,2,1,0,0,15,2,0,1,2024,18-30,1,1,1
30,2,2,2,2,2,2,0,0,0,0,0,0,0,0,3,1,2024,18-30,1,0,0
69,1,1,1,2,2,2,2,1,2,1,0,0,30,1,0,2,2024,56-70,4,1,0
53,2,2,2,2,2,2,0,0,0,0,0,0,0,0,6,2,2024,46-55,3,0,0
74,2,2,2,2,2,2,0,0,0,0,0,0,0,0,1,2,2024,70+,5,0,0
53,1,1,2,2,2,2,2,1,0,0,0,0,30,2,0,1,2024,46-55,3,1,0
79,2,1,2,2,2,2,2,1,0,0,0,0,15,2,0,1,2024,70+,5,1,0
19,1,1,2,2,2,1,1,1,0,0,0,0,60,3,0,1,2024,18-30,1,1,1
63,2,2,2,2,2,2,0,0,0,0,0,0,0,0,3,2,2024,56-70,4,0,0
18,1,1,2,2,2,1,1,1,0,0,0,0,60,3,0,1,2024,18-30,1,1,1
42,1,1,2,2,2,2,2,1,0,0,0,0,20,4,0,2,2024,31-45,2,1,0
33,1,1,2,2,2,1,2,1,0,0,0,0,30,3,0,2,2024,31-45,2,1,1
47,2,2,2,2,2,1,0,0,0,0,0,0,10,3,0,1,2024,46-55,3,0,1
55,2,1,2,2,2,2,2,1,0,0,0,0,10,4,0,2,2024,46-55,3,1,0
64,0,0,0,0,0,0,0,0,0,0,0,0,0,0,0,0,2024,56-70,4,0,0
25,1,1,1,2,2,1,1,2,1,2,0,0,15,4,0,1,2024,18-30,1,1,1
36,1,1,2,2,2,1,1,2,0,0,0,0,120,3,0,2,2024,31-45,2,1,1
24,1,1,1,2,1,1,1,2,1,1,0,0,15,3,0,1,2024,18-30,1,1,1
38,1,2,2,2,2,1,0,0,0,0,0,0,15,4,0,1,2024,31-45,2,0,1
62,2,1,2,2,2,2,2,1,0,0,0,0,10,3,0,2,2024,56-70,4,1,0
65,1,1,2,2,2,2,2,1,0,0,0,0,30,4,0,1,2024,56-70,4,1,0
34,1,1,1,2,2,1,1,1,1,2,0,0,90,3,0,1,2024,31-45,2,1,1
34,2,2,1,2,2,1,0,0,2,1,0,0,20,3,0,1,2024,31-45,2,1,1
26,1,1,2,2,2,1,1,1,0,0,0,0,30,3,0,1,2024,18-30,1,1,1
40,2,2,2,2,2,1,0,0,0,0,0,0,5,3,0,1,2024,31-45,2,0,1
56,2,2,2,2,2,1,0,0,0,0,0,0,10,3,0,1,2024,56-70,4,0,1
64,2,1,1,2,2,2,2,1,2,1,0,0,5,1,0,2,2024,56-70,4,1,0
43,1,1,1,2,1,1,2,1,2,1,0,0,60,3,0,1,2024,31-45,2,1,1
65,0,0,0,0,0,0,0,0,0,0,0,0,0,0,0,0,2024,56-70,4,0,0
58,2,2,2,2,2,2,0,0,0,0,0,0,0,0,1,2,2024,56-70,4,0,0
34,1,2,1,2,2,1,0,0,2,1,0,0,20,2,0,2,2024,31-45,2,1,1
76,2,2,2,2,2,1,0,0,0,0,0,0,10,2,0,1,2024,70+,5,0,1
39,2,1,2,2,2,1,2,1,0,0,0,0,20,3,0,2,2024,31-45,2,1,1
53,2,1,2,1,2,2,2,1,0,0,2,1,60,1,0,2,2024,46-55,3,1,0
75,0,0,0,0,0,0,0,0,0,0,0,0,0,0,0,0,2024,70+,5,0,0
21,1,1,2,2,2,2,1,2,0,0,0,0,60,4,0,1,2024,18-30,1,1,0
24,2,2,2,2,2,2,0,0,0,0,0,0,0,0,2,1,2024,18-30,1,0,0
55,1,1,2,2,2,2,2,1,0,0,0,0,30,4,0,1,2024,46-55,3,1,0
23,1,1,2,2,2,2,2,1,0,0,0,0,120,2,0,1,2024,18-30,1,1,0
53,2,2,2,2,2,2,0,0,0,0,0,0,0,0,4,2,2024,46-55,3,0,0
22,2,2,2,2,2,2,0,0,0,0,0,0,0,0,1,1,2024,18-30,1,0,0
35,1,1,2,2,2,2,1,2,0,0,0,0,20,2,0,2,2024,31-45,2,1,0
64,2,2,2,2,2,2,0,0,0,0,0,0,0,0,5,2,2024,56-70,4,0,0
52,1,1,2,2,2,2,2,1,0,0,0,0,120,4,0,1,2024,46-55,3,1,0
51,2,2,2,2,2,2,0,0,0,0,0,0,0,0,1,1,2024,46-55,3,0,0
41,1,2,2,1,2,2,0,0,0,0,1,2,30,4,0,1,2024,31-45,2,1,0
55,2,2,2,2,2,2,0,0,0,0,0,0,0,0,1,2,2024,46-55,3,0,0
34,1,1,2,2,2,2,1,2,0,0,0,0,30,3,0,1,2024,31-45,2,1,0
43,2,2,2,2,2,2,0,0,0,0,0,0,0,0,3,2,2024,31-45,2,0,0
21,2,2,2,2,2,2,0,0,0,0,0,0,0,0,2,2,2024,18-30,1,0,0
44,2,2,2,2,2,2,0,0,0,0,0,0,0,0,3,1,2024,31-45,2,0,0
38,1,1,2,2,2,2,1,2,0,0,0,0,30,3,0,1,2024,31-45,2,1,0
19,1,1,2,2,2,2,2,1,0,0,0,0,30,3,0,1,2024,18-30,1,1,0
22,1,1,2,2,2,2,1,2,0,0,0,0,120,4,0,1,2024,18-30,1,1,0
31,2,1,2,2,2,2,1,2,0,0,0,0,30,3,0,1,2024,31-45,2,1,0
60,2,2,2,2,2,2,0,0,0,0,0,0,0,0,3,2,2024,56-70,4,0,0
37,1,1,2,2,2,2,1,2,0,0,0,0,60,2,0,1,2024,31-45,2,1,0
24,2,2,2,2,2,2,0,0,0,0,0,0,0,0,3,1,2024,18-30,1,0,0
24,1,1,2,2,2,2,1,2,0,0,0,0,60,3,0,1,2024,18-30,1,1,0
26,2,2,2,2,2,2,0,0,0,0,0,0,0,0,1,1,2024,18-30,1,0,0
58,2,1,2,2,2,1,2,1,0,0,0,0,40,3,0,1,2024,56-70,4,1,1
21,1,1,2,2,2,2,1,2,0,0,0,0,15,3,0,1,2024,18-30,1,1,0
62,1,1,2,2,2,2,2,1,0,0,0,0,30,1,0,2,2024,56-70,4,1,0
56,2,2,2,2,2,2,0,0,0,0,0,0,0,0,3,2,2024,56-70,4,0,0
76,0,0,0,0,0,0,0,0,0,0,0,0,0,0,0,0,2024,70+,5,0,0
25,2,2,2,2,2,2,0,0,0,0,0,0,0,0,3,1,2024,18-30,1,0,0
53,1,1,2,1,2,2,2,1,0,0,2,1,60,3,0,1,2024,46-55,3,1,0
48,2,2,2,2,2,2,0,0,0,0,0,0,0,0,3,1,2024,46-55,3,0,0
51,2,2,2,2,2,2,0,0,0,0,0,0,0,0,3,2,2024,46-55,3,0,0
20,2,2,2,2,2,2,0,0,0,0,0,0,0,0,3,1,2024,18-30,1,0,0
65,1,1,2,2,2,2,2,1,0,0,0,0,30,3,0,2,2024,56-70,4,1,0
51,2,2,2,2,2,2,0,0,0,0,0,0,0,0,1,2,2024,46-55,3,0,0
24,1,2,2,2,2,1,0,0,0,0,0,0,30,2,0,1,2024,18-30,1,0,1
40,2,2,2,2,2,2,0,0,0,0,0,0,0,0,1,2,2024,31-45,2,0,0
51,1,1,2,2,2,2,2,1,0,0,0,0,20,1,0,2,2024,46-55,3,1,0
62,1,1,2,2,2,2,2,1,0,0,0,0,20,4,0,2,2024,56-70,4,1,0
52,1,1,2,2,2,1,2,1,0,0,0,0,40,3,0,2,2024,46-55,3,1,1
18,1,1,2,2,2,1,2,1,0,0,0,0,120,3,0,2,2024,18-30,1,1,1
70,1,1,2,2,2,2,2,1,0,0,0,0,20,2,0,3,2024,56-70,4,1,0
64,1,1,2,2,2,2,2,1,0,0,0,0,120,3,0,1,2024,56-70,4,1,0
38,1,1,2,2,2,1,2,1,0,0,0,0,60,3,0,1,2024,31-45,2,1,1
83,2,2,2,2,2,2,0,0,0,0,0,0,0,0,2,2,2024,70+,5,0,0
65,1,2,2,1,2,2,0,0,0,0,2,1,35,3,0,2,2024,56-70,4,1,0
41,1,2,1,2,2,1,0,0,2,1,0,0,30,3,0,2,2024,31-45,2,1,1
51,2,2,2,2,2,2,0,0,0,0,0,0,0,0,1,2,2024,46-55,3,0,0
52,1,2,2,1,2,2,0,0,0,0,2,1,30,4,0,2,2024,46-55,3,1,0
60,1,2,1,2,2,2,0,0,2,1,0,0,20,3,0,2,2024,56-70,4,1,0
30,1,2,1,2,2,1,0,0,2,1,0,0,40,3,0,2,2024,18-30,1,1,1
25,1,2,1,2,2,1,0,0,2,1,0,0,45,4,0,1,2024,18-30,1,1,1
31,2,1,2,1,2,2,2,1,0,0,2,1,30,4,0,1,2024,31-45,2,1,0
37,2,2,2,1,2,2,0,0,0,0,2,1,15,4,0,2,2024,31-45,2,1,0
25,2,2,2,1,2,2,0,0,0,0,2,1,30,4,0,1,2024,18-30,1,1,0
37,2,2,2,2,2,2,0,0,0,0,0,0,0,0,1,2,2024,31-45,2,0,0
65,1,1,2,2,2,1,1,2,0,0,0,0,25,4,0,1,2024,56-70,4,1,1
56,1,2,2,2,2,1,0,0,0,0,0,0,90,3,0,1,2024,56-70,4,0,1
70,1,2,1,2,2,2,0,0,2,1,0,0,15,3,0,1,2024,56-70,4,1,0
57,1,1,2,2,2,1,2,1,0,0,0,0,30,3,0,1,2024,56-70,4,1,1
20,1,2,1,2,2,2,0,0,2,1,0,0,25,3,0,2,2024,18-30,1,1,0
41,1,2,2,1,2,2,0,0,0,0,2,1,30,3,0,2,2024,31-45,2,1,0
35,1,2,1,2,2,1,0,0,2,1,0,0,35,3,0,2,2024,31-45,2,1,1
38,2,2,2,2,2,2,0,0,0,0,0,0,0,0,3,2,2024,31-45,2,0,0
48,1,2,2,2,2,1,0,0,0,0,0,0,20,3,0,1,2024,46-55,3,0,1
53,1,1,2,2,2,1,2,1,0,0,0,0,60,3,0,1,2024,46-55,3,1,1
40,2,2,2,2,2,2,0,0,0,0,0,0,0,0,3,2,2024,31-45,2,0,0
64,1,2,2,2,2,2,0,0,0,0,0,0,0,0,3,2,2024,56-70,4,0,0
60,1,1,2,1,2,2,2,1,0,0,2,1,15,4,0,2,2024,56-70,4,1,0
40,1,2,1,2,2,2,0,0,2,1,0,0,30,3,0,1,2024,31-45,2,1,0
64,2,2,2,2,2,2,0,0,0,0,0,0,0,0,1,2,2024,56-70,4,0,0
53,1,2,1,2,2,1,0,0,2,1,0,0,30,3,0,1,2024,46-55,3,1,1
46,2,2,2,2,2,1,0,0,0,0,0,0,30,3,0,2,2024,46-55,3,0,1
58,1,1,2,2,2,1,2,1,0,0,0,0,60,4,0,2,2024,56-70,4,1,1
50,2,2,1,2,2,2,0,0,2,1,0,0,15,2,0,1,2024,46-55,3,1,0
44,2,2,2,2,2,2,0,0,0,0,0,0,0,0,1,1,2024,31-45,2,0,0
34,0,0,0,0,0,0,0,0,0,0,0,0,0,0,0,0,2024,31-45,2,0,0
25,1,1,1,2,2,2,1,1,2,1,0,0,120,4,0,1,2024,18-30,1,1,0
62,1,2,2,1,2,2,0,0,0,0,2,1,30,3,0,2,2024,56-70,4,1,0
36,1,1,1,2,2,2,1,2,2,1,0,0,60,4,0,1,2024,31-45,2,1,0
39,1,1,1,2,2,1,2,1,2,1,0,0,60,4,0,1,2024,31-45,2,1,1
58,1,2,2,1,2,2,0,0,0,0,2,1,10,4,0,2,2024,56-70,4,1,0
56,2,2,2,2,2,2,0,0,0,0,0,0,0,0,1,3,2024,56-70,4,0,0
40,1,2,2,1,2,2,0,0,0,0,2,1,15,4,0,2,2024,31-45,2,1,0
48,2,2,2,2,2,2,0,0,0,0,0,0,0,0,3,2,2024,46-55,3,0,0
55,2,2,1,1,2,2,0,0,2,1,2,1,15,3,0,1,2024,46-55,3,1,0
48,2,2,2,2,2,2,0,0,0,0,0,0,0,0,1,1,2024,46-55,3,0,0
28,2,2,1,1,2,2,0,0,2,1,2,1,25,3,0,1,2024,18-30,1,1,0
44,1,1,1,2,2,2,2,1,2,1,0,0,35,3,0,1,2024,31-45,2,1,0
41,1,1,1,1,2,1,2,1,2,1,2,1,40,3,0,1,2024,31-45,2,1,1
45,2,2,2,1,2,2,0,0,0,0,2,1,25,3,0,1,2024,31-45,2,1,0
47,2,2,2,1,2,2,0,0,0,0,2,1,35,3,0,1,2024,46-55,3,1,0
54,2,2,2,1,2,2,0,0,0,0,2,1,20,4,0,2,2024,46-55,3,1,0
32,2,2,2,1,2,2,0,0,0,0,2,1,30,4,0,2,2024,31-45,2,1,0
65,2,2,2,2,2,2,0,0,0,0,0,0,0,0,3,2,2024,56-70,4,0,0
46,1,1,2,1,2,2,2,1,0,0,2,1,30,3,0,1,2024,46-55,3,1,0
26,1,2,1,2,2,1,0,0,2,1,0,0,30,3,0,1,2024,18-30,1,1,1
24,1,2,2,2,2,1,0,0,0,0,0,0,30,3,0,2,2024,18-30,1,0,1
75,1,1,2,1,2,2,2,1,0,0,2,1,60,2,0,2,2024,70+,5,1,0
26,1,1,2,2,2,1,2,1,0,0,0,0,60,3,0,1,2024,18-30,1,1,1
35,2,2,2,1,2,1,0,0,0,0,2,1,30,3,0,2,2024,31-45,2,1,1
33,2,2,2,2,2,1,0,0,0,0,0,0,20,3,0,1,2024,31-45,2,0,1
54,2,2,2,2,2,1,0,0,0,0,0,0,20,3,0,1,2024,46-55,3,0,1
65,2,2,2,1,2,2,0,0,0,0,2,1,20,3,0,2,2024,56-70,4,1,0
46,1,2,2,1,2,2,0,0,0,0,2,1,25,4,0,2,2024,46-55,3,1,0
39,1,1,1,2,2,1,1,2,2,1,0,0,60,4,0,1,2024,31-45,2,1,1
70,2,2,2,2,2,2,0,0,0,0,0,0,0,0,1,2,2024,56-70,4,0,0
83,0,0,0,0,0,0,0,0,0,0,0,0,0,0,0,0,2024,70+,5,0,0
62,0,0,0,0,0,0,0,0,0,0,0,0,0,0,0,0,2024,56-70,4,0,0
61,2,2,2,2,2,2,0,0,0,0,0,0,0,0,3,1,2024,56-70,4,0,0
38,2,2,2,1,2,2,0,0,0,0,2,1,20,3,0,1,2024,31-45,2,1,0
53,2,2,1,2,2,2,0,0,2,1,0,0,25,3,0,1,2024,46-55,3,1,0
26,1,1,1,2,2,1,2,1,2,1,0,0,90,4,0,1,2024,18-30,1,1,1
58,2,2,2,2,2,2,0,0,0,0,0,0,0,0,1,2,2024,56-70,4,0,0
55,2,2,2,2,2,2,0,0,0,0,0,0,0,0,1,2,2024,46-55,3,0,0
92,2,2,2,2,2,2,0,0,0,0,0,0,0,0,5,2,2024,70+,5,0,0
36,1,1,1,2,2,2,2,1,2,1,0,0,30,3,0,1,2024,31-45,2,1,0
29,1,1,2,2,2,2,2,1,0,0,0,0,40,3,0,1,2024,18-30,1,1,0
59,1,1,1,2,2,2,2,1,2,1,0,0,35,3,0,1,2024,56-70,4,1,0
59,1,1,2,2,2,1,2,1,0,0,0,0,30,3,0,1,2024,56-70,4,1,1
31,2,2,1,2,2,2,0,0,2,1,0,0,10,3,0,1,2024,31-45,2,1,0
35,1,1,2,2,2,1,1,2,0,0,0,0,45,3,0,1,2024,31-45,2,1,1
44,1,1,1,2,2,1,2,1,1,2,0,0,20,3,0,1,2024,31-45,2,1,1
36,1,1,1,2,2,1,2,1,2,1,0,0,60,4,0,1,2024,31-45,2,1,1
29,1,1,1,2,2,2,2,1,2,1,0,0,90,4,0,1,2024,18-30,1,1,0
57,2,2,2,2,2,2,0,0,0,0,0,0,0,0,1,2,2024,56-70,4,0,0
61,1,2,1,2,2,2,0,0,2,1,0,0,40,4,0,2,2024,56-70,4,1,0
61,1,1,2,2,2,2,2,1,0,0,0,0,20,2,0,3,2024,56-70,4,1,0
77,1,1,2,2,2,2,2,1,0,0,0,0,20,2,0,3,2024,70+,5,1,0
38,1,1,2,2,2,1,2,1,0,0,0,0,35,2,0,1,2024,31-45,2,1,1
63,1,2,2,1,2,1,0,0,0,0,2,1,40,3,0,1,2024,56-70,4,1,1
76,2,2,2,2,2,2,0,0,0,0,0,0,0,0,5,1,2024,70+,5,0,0
74,1,1,1,1,2,2,2,1,2,1,2,1,120,4,0,1,2024,70+,5,1,0
88,2,2,2,2,2,2,0,0,0,0,0,0,0,0,5,1,2024,70+,5,0,0
56,1,1,2,1,2,2,2,1,0,0,2,1,90,4,0,1,2024,56-70,4,1,0
53,2,2,2,1,2,2,0,0,0,0,2,1,15,2,0,1,2024,46-55,3,1,0
48,1,1,2,1,2,2,2,1,0,0,2,1,25,3,0,1,2024,46-55,3,1,0
53,2,2,2,2,2,2,0,0,0,0,0,0,0,0,3,1,2024,46-55,3,0,0
54,2,2,1,2,2,2,0,0,2,1,0,0,15,2,0,1,2024,46-55,3,1,0
79,2,2,2,1,2,2,0,0,0,0,2,1,15,3,0,2,2024,70+,5,1,0
77,1,2,2,2,2,2,0,0,0,0,0,0,0,0,3,2,2024,70+,5,0,0
79,2,2,2,1,2,2,0,0,0,0,2,1,10,4,0,1,2024,70+,5,1,0
46,2,2,2,1,2,2,0,0,0,0,2,1,10,4,0,2,2024,46-55,3,1,0
66,1,1,2,2,2,1,2,1,0,0,0,0,45,4,0,2,2024,56-70,4,1,1
38,1,2,1,2,2,1,0,0,2,1,0,0,30,3,0,1,2024,31-45,2,1,1
67,2,2,2,2,2,2,0,0,0,0,0,0,0,0,2,2,2024,56-70,4,0,0
44,1,2,2,1,2,1,0,0,0,0,2,1,60,4,0,1,2024,31-45,2,1,1
36,2,2,2,2,2,2,0,0,0,0,0,0,0,0,3,1,2024,31-45,2,0,0
30,1,2,1,2,2,1,0,0,2,1,0,0,60,4,0,1,2024,18-30,1,1,1
57,1,1,1,1,2,2,1,2,2,1,2,1,90,4,0,1,2024,56-70,4,1,0
69,1,2,2,1,2,2,0,0,0,0,2,1,30,2,0,1,2024,56-70,4,1,0
33,1,1,2,2,2,1,2,1,0,0,0,0,20,4,0,1,2024,31-45,2,1,1
68,2,2,2,2,2,2,0,0,0,0,0,0,0,0,3,2,2024,56-70,4,0,0
28,1,1,2,2,1,1,2,1,0,0,0,0,20,3,0,1,2024,18-30,1,1,1
32,1,1,2,2,2,1,2,1,0,0,0,0,30,3,0,1,2024,31-45,2,1,1
35,1,2,2,2,1,2,0,0,0,0,0,0,30,3,0,1,2024,31-45,2,1,0
39,1,1,2,2,2,1,2,1,0,0,0,0,25,3,0,1,2024,31-45,2,1,1
59,2,2,2,2,2,2,0,0,0,0,0,0,0,0,3,2,2024,56-70,4,0,0
33,2,2,2,2,2,2,0,0,0,0,0,0,0,0,3,2,2024,31-45,2,0,0
25,2,2,2,2,2,2,0,0,0,0,0,0,0,0,3,2,2024,18-30,1,0,0
31,2,2,2,2,2,2,0,0,0,0,0,0,0,0,1,2,2024,31-45,2,0,0
30,1,2,2,2,2,2,0,0,0,0,0,0,0,0,3,2,2024,18-30,1,0,0
21,2,2,2,2,2,2,0,0,0,0,0,0,0,0,3,2,2024,18-30,1,0,0
32,1,1,1,1,2,2,2,1,2,1,2,1,60,4,0,2,2024,31-45,2,1,0
51,2,2,2,2,2,2,0,0,0,0,0,0,0,0,3,2,2024,46-55,3,0,0
67,1,1,2,2,2,2,2,1,0,0,0,0,30,3,0,2,2024,56-70,4,1,0
55,2,2,2,2,2,1,0,0,0,0,0,0,20,4,0,2,2024,46-55,3,0,1
66,1,1,2,2,2,2,2,1,0,0,0,0,60,1,0,2,2024,56-70,4,1,0
44,1,1,2,2,2,1,2,1,0,0,0,0,45,4,0,1,2024,31-45,2,1,1
26,2,2,2,2,2,2,0,0,0,0,0,0,0,0,3,1,2024,18-30,1,0,0
79,1,2,2,1,2,2,0,0,0,0,2,1,20,3,0,2,2024,70+,5,1,0
40,2,2,2,2,2,2,0,0,0,0,0,0,0,0,1,1,2024,31-45,2,0,0
69,2,2,2,2,2,2,0,0,0,0,0,0,0,0,5,2,2024,56-70,4,0,0
33,1,1,2,1,2,2,1,2,0,0,2,1,30,4,0,1,2024,31-45,2,1,0
37,1,2,2,1,2,2,0,0,0,0,2,1,30,4,0,2,2024,31-45,2,1,0
55,1,2,2,1,2,2,0,0,0,0,2,1,15,4,0,2,2024,46-55,3,1,0
43,1,1,2,2,2,1,2,1,0,0,0,0,60,3,0,1,2024,31-45,2,1,1
33,1,1,2,2,2,1,2,1,0,0,0,0,30,2,0,1,2024,31-45,2,1,1
31,2,2,2,2,2,1,0,0,0,0,0,0,30,3,0,1,2024,31-45,2,0,1
37,1,2,1,2,2,1,0,0,2,1,0,0,30,3,0,1,2024,31-45,2,1,1
21,1,2,1,2,2,1,0,0,2,1,0,0,25,3,0,2,2024,18-30,1,1,1
83,0,0,0,0,0,0,0,0,0,0,0,0,0,0,0,0,2024,70+,5,0,0
37,1,2,1,1,2,2,0,0,2,1,2,1,30,3,0,2,2024,31-45,2,1,0
75,2,2,2,2,2,2,0,0,0,0,0,0,0,0,1,2,2024,70+,5,0,0
38,1,1,1,1,2,2,2,1,2,1,2,1,35,3,0,1,2024,31-45,2,1,0
62,2,2,2,2,2,2,0,0,0,0,0,0,0,0,1,1,2024,56-70,4,0,0
45,2,2,2,1,2,2,0,0,0,0,2,1,25,3,0,1,2024,31-45,2,1,0
63,1,2,2,2,2,2,0,0,0,0,0,0,0,0,5,1,2024,56-70,4,0,0
56,0,0,0,0,0,0,0,0,0,0,0,0,0,0,0,0,2024,56-70,4,0,0
30,1,1,2,2,2,1,2,1,0,0,0,0,60,3,0,1,2024,18-30,1,1,1
25,1,1,2,2,2,1,2,1,0,0,0,0,35,3,0,1,2024,18-30,1,1,1
48,2,2,2,1,2,2,0,0,0,0,2,1,30,3,0,1,2024,46-55,3,1,0
33,2,2,2,1,2,2,0,0,0,0,2,1,20,3,0,1,2024,31-45,2,1,0
48,2,2,2,2,2,2,0,0,0,0,0,0,0,0,3,1,2024,46-55,3,0,0
60,2,1,1,2,2,2,2,1,2,1,0,0,30,2,0,1,2024,56-70,4,1,0
41,2,2,2,1,2,2,0,0,0,0,2,1,25,3,0,1,2024,31-45,2,1,0
35,1,1,1,2,2,2,2,1,2,1,0,0,35,3,0,1,2024,31-45,2,1,0
66,1,1,2,2,2,2,2,1,0,0,0,0,60,3,0,1,2024,56-70,4,1,0
85,1,1,2,1,2,1,2,1,0,0,2,1,120,3,0,1,2024,70+,5,1,1
60,1,1,2,2,2,1,2,1,0,0,0,0,70,3,0,1,2024,56-70,4,1,1
20,1,1,2,2,2,2,2,1,0,0,0,0,30,2,0,1,2024,18-30,1,1,0
68,1,2,2,1,2,2,0,0,0,0,2,1,30,2,0,2,2024,56-70,4,1,0
54,1,1,2,2,2,1,2,1,0,0,0,0,60,4,0,1,2024,46-55,3,1,1
29,2,2,2,2,2,2,0,0,0,0,0,0,0,0,3,2,2024,18-30,1,0,0
55,2,2,2,2,2,2,0,0,0,0,0,0,0,0,1,2,2024,46-55,3,0,0
32,2,2,2,1,2,2,0,0,0,0,2,1,15,4,0,2,2024,31-45,2,1,0
18,2,2,2,2,2,2,0,0,0,0,0,0,0,0,3,2,2024,18-30,1,0,0
65,1,1,1,2,2,1,2,1,2,1,0,0,30,3,0,1,2024,56-70,4,1,1
48,1,1,1,2,2,1,2,1,2,1,0,0,30,3,0,1,2024,46-55,3,1,1
25,2,2,2,2,2,1,0,0,0,0,0,0,30,3,0,2,2024,18-30,1,0,1
41,2,2,2,2,2,1,0,0,0,0,0,0,20,2,0,2,2024,31-45,2,0,1
66,2,2,2,2,2,2,0,0,0,0,0,0,0,0,2,1,2024,56-70,4,0,0
59,2,2,2,2,2,2,0,0,0,0,0,0,0,0,3,2,2024,56-70,4,0,0
49,2,2,1,1,2,2,0,0,2,1,2,1,30,3,0,1,2024,46-55,3,1,0
58,2,2,2,1,2,2,0,0,0,0,2,1,20,3,0,1,2024,56-70,4,1,0
26,1,1,1,1,2,2,2,1,2,1,2,1,40,3,0,1,2024,18-30,1,1,0
30,2,2,1,2,2,2,0,0,2,1,0,0,20,3,0,1,2024,18-30,1,1,0
25,2,2,1,2,2,2,0,0,2,1,0,0,20,3,0,1,2024,18-30,1,1,0
70,2,2,2,2,2,2,0,0,0,0,0,0,0,0,1,1,2024,56-70,4,0,0
58,2,2,2,2,2,2,0,0,0,0,0,0,0,0,3,1,2024,56-70,4,0,0
51,1,2,2,1,2,2,0,0,0,0,2,1,15,2,0,1,2024,46-55,3,1,0
55,1,2,2,1,2,2,0,0,0,0,2,1,30,3,0,2,2024,46-55,3,1,0
42,2,2,1,2,2,1,0,0,2,1,0,0,30,3,0,1,2024,31-45,2,1,1
43,2,2,2,2,2,2,0,0,0,0,0,0,0,0,3,2,2024,31-45,2,0,0
28,2,2,1,2,2,1,0,0,2,1,0,0,30,3,0,2,2024,18-30,1,1,1
71,2,2,2,2,2,2,0,0,0,0,0,0,0,0,1,2,2024,70+,5,0,0
57,1,1,2,1,2,2,2,1,0,0,2,1,120,4,0,1,2024,56-70,4,1,0
25,1,2,2,1,2,1,0,0,0,0,2,1,30,3,0,1,2024,18-30,1,1,1
65,2,2,2,2,2,2,0,0,0,0,0,0,0,0,1,1,2024,56-70,4,0,0
42,1,2,2,1,2,2,0,0,0,0,2,1,20,4,0,2,2024,31-45,2,1,0
70,2,2,2,2,2,2,0,0,0,0,0,0,0,0,3,2,2024,56-70,4,0,0
34,2,2,2,2,2,2,0,0,0,0,0,0,0,0,1,1,2024,31-45,2,0,0
60,2,2,2,2,2,2,0,0,0,0,0,0,0,0,3,1,2024,56-70,4,0,0
43,2,2,1,2,2,2,0,0,2,1,0,0,10,2,0,1,2024,31-45,2,1,0
50,2,2,2,2,2,2,0,0,0,0,0,0,0,0,1,1,2024,46-55,3,0,0
33,2,2,2,2,2,2,0,0,0,0,0,0,0,0,1,1,2024,31-45,2,0,0
60,2,2,2,1,2,2,0,0,0,0,2,1,15,2,0,1,2024,56-70,4,1,0
52,2,2,2,1,2,2,0,0,0,0,1,2,20,4,0,1,2024,46-55,3,1,0
70,2,2,2,2,2,2,0,0,0,0,0,0,0,0,1,2,2024,56-70,4,0,0
50,2,2,2,2,2,2,0,0,0,0,0,0,0,0,3,2,2024,46-55,3,0,0
84,2,2,2,2,2,2,0,0,0,0,0,0,0,0,3,2,2024,70+,5,0,0
60,2,2,1,2,2,2,0,0,2,1,0,0,20,2,0,1,2024,56-70,4,1,0
59,1,2,1,1,2,2,0,0,2,1,2,1,25,2,0,1,2024,56-70,4,1,0
56,2,2,2,2,2,2,0,0,0,0,0,0,0,0,1,1,2024,56-70,4,0,0
51,2,2,1,1,2,2,0,0,2,1,2,1,30,3,0,1,2024,46-55,3,1,0
30,2,2,2,2,2,1,0,0,0,0,0,0,10,3,0,2,2024,18-30,1,0,1
77,1,1,2,2,2,2,2,1,0,0,0,0,60,3,0,2,2024,70+,5,1,0
61,1,1,2,1,2,1,2,1,0,0,1,2,30,4,0,1,2024,56-70,4,1,1
20,1,1,2,2,2,1,1,2,0,0,0,0,25,3,0,1,2024,18-30,1,1,1
70,2,2,2,2,2,2,0,0,0,0,0,0,0,0,1,2,2024,56-70,4,0,0
72,1,2,2,1,2,2,0,0,0,0,2,1,30,4,0,2,2024,70+,5,1,0
53,1,2,1,2,2,2,0,0,2,1,0,0,20,3,0,2,2024,46-55,3,1,0
39,1,2,2,1,2,1,0,0,0,0,2,1,60,4,0,1,2024,31-45,2,1,1
46,1,2,2,2,2,1,0,0,0,0,0,0,30,3,0,2,2024,46-55,3,0,1
76,2,2,2,2,2,2,0,0,0,0,0,0,0,0,2,2,2024,70+,5,0,0
73,2,2,2,2,2,2,0,0,0,0,0,0,0,0,3,2,2024,70+,5,0,0
76,1,2,1,2,2,1,0,0,2,1,0,0,30,2,0,2,2024,70+,5,1,1
35,2,2,2,2,2,1,0,0,0,0,0,0,30,3,0,2,2024,31-45,2,0,1
62,2,2,2,2,2,2,0,0,0,0,0,0,0,0,1,2,2024,56-70,4,0,0
59,2,2,2,2,2,1,0,0,0,0,0,0,30,2,0,2,2024,56-70,4,0,1
45,1,1,2,1,2,1,1,2,0,0,2,1,35,3,0,2,2024,31-45,2,1,1
57,2,2,2,2,2,1,0,0,0,0,0,0,35,3,0,1,2024,56-70,4,0,1
49,2,2,2,2,2,1,0,0,0,0,0,0,40,2,0,2,2024,46-55,3,0,1
42,1,2,2,1,2,1,0,0,0,0,2,1,40,3,0,1,2024,31-45,2,1,1
21,2,2,2,2,2,1,0,0,0,0,0,0,20,3,0,2,2024,18-30,1,0,1
60,2,2,2,2,2,1,0,0,0,0,0,0,30,3,0,2,2024,56-70,4,0,1
30,1,2,2,1,2,1,0,0,0,0,2,1,15,3,0,1,2024,18-30,1,1,1
19,1,1,2,1,2,1,2,1,0,0,2,1,35,3,0,1,2024,18-30,1,1,1
77,1,2,1,2,2,1,0,0,2,1,0,0,60,2,0,1,2024,70+,5,1,1
51,1,2,2,1,2,1,0,0,0,0,2,1,20,3,0,2,2024,46-55,3,1,1
28,2,2,2,2,2,1,0,0,0,0,0,0,15,4,0,2,2024,18-30,1,0,1
47,1,2,1,2,2,2,0,0,2,1,0,0,30,1,0,2,2024,46-55,3,1,0
63,2,2,2,2,2,2,0,0,0,0,0,0,0,0,1,2,2024,56-70,4,0,0
28,1,2,2,1,2,1,0,0,0,0,2,1,20,3,0,2,2024,18-30,1,1,1
27,2,2,1,1,2,1,0,0,2,1,2,1,10,2,0,1,2024,18-30,1,1,1
74,2,2,2,2,2,2,0,0,0,0,0,0,0,0,5,2,2024,70+,5,0,0
31,2,2,2,2,2,2,0,0,0,0,0,0,0,0,3,2,2024,31-45,2,0,0
45,2,2,2,1,2,1,0,0,0,0,2,1,30,2,0,1,2024,31-45,2,1,1
41,1,2,2,1,2,1,0,0,0,0,2,1,20,2,0,1,2024,31-45,2,1,1
92,2,2,2,2,2,2,0,0,0,0,0,0,0,0,5,2,2024,70+,5,0,0
39,0,0,0,0,0,0,0,0,0,0,0,0,0,0,0,0,2024,31-45,2,0,0
53,2,2,2,1,2,2,0,0,0,0,2,1,20,2,0,2,2024,46-55,3,1,0
58,1,2,2,2,2,1,0,0,0,0,0,0,60,3,0,1,2024,56-70,4,0,1
34,2,2,2,2,2,2,0,0,0,0,0,0,0,0,3,2,2024,31-45,2,0,0
53,1,2,1,2,2,1,0,0,2,1,0,0,25,3,0,1,2024,46-55,3,1,1
22,1,1,2,2,2,1,2,1,0,0,0,0,25,3,0,1,2024,18-30,1,1,1
78,2,2,2,2,2,2,0,0,0,0,0,0,0,0,5,1,2024,70+,5,0,0
41,1,1,2,2,1,1,2,1,0,0,0,0,30,3,0,2,2024,31-45,2,1,1
38,1,1,2,2,2,1,1,2,0,0,0,0,40,3,0,1,2024,31-45,2,1,1
43,2,2,2,2,2,1,0,0,0,0,0,0,30,3,0,1,2024,31-45,2,0,1
31,1,1,2,2,2,1,1,2,0,0,0,0,15,3,0,1,2024,31-45,2,1,1
65,1,2,2,1,1,1,0,0,0,0,2,1,30,2,0,2,2024,56-70,4,1,1
47,1,2,1,1,2,1,0,0,2,1,2,1,20,3,0,1,2024,46-55,3,1,1
25,2,2,2,2,2,2,0,0,0,0,0,0,0,0,3,2,2024,18-30,1,0,0
21,1,1,2,2,2,1,1,2,0,0,0,0,20,3,0,2,2024,18-30,1,1,1
45,2,2,2,2,2,2,0,0,0,0,0,0,0,0,1,2,2024,31-45,2,0,0
20,1,2,1,1,2,2,0,0,2,1,2,1,20,2,0,1,2024,18-30,1,1,0
67,1,2,1,2,2,2,0,0,2,1,0,0,30,1,0,2,2024,56-70,4,1,0
34,1,1,1,1,2,1,2,1,2,1,2,1,30,3,0,1,2024,31-45,2,1,1
67,2,2,2,2,2,2,0,0,0,0,0,0,0,0,1,2,2024,56-70,4,0,0
26,2,2,2,2,2,2,0,0,0,0,0,0,0,0,3,1,2024,18-30,1,0,0
53,1,2,1,2,2,1,0,0,2,1,0,0,30,2,0,1,2024,46-55,3,1,1
41,1,1,2,2,2,1,2,1,0,0,0,0,60,4,0,1,2024,31-45,2,1,1
51,1,2,2,1,2,2,0,0,0,0,2,1,20,3,0,1,2024,46-55,3,1,0
75,2,2,2,2,2,2,0,0,0,0,0,0,0,0,2,3,2024,70+,5,0,0
72,2,2,2,2,2,2,0,0,0,0,0,0,0,0,5,1,2024,70+,5,0,0
36,2,2,2,2,2,1,0,0,0,0,0,0,120,3,0,1,2024,31-45,2,0,1
22,1,1,1,1,2,1,1,2,1,2,1,2,60,4,0,1,2024,18-30,1,1,1
35,2,2,2,2,2,2,0,0,0,0,0,0,0,0,3,1,2024,31-45,2,0,0
32,1,2,2,1,2,1,0,0,0,0,2,1,60,3,0,1,2024,31-45,2,1,1
25,1,1,2,2,2,2,2,1,0,0,0,0,20,4,0,1,2024,18-30,1,1,0
59,1,1,2,2,2,1,2,1,0,0,0,0,45,4,0,2,2024,56-70,4,1,1
55,1,2,2,1,2,2,0,0,0,0,2,1,20,3,0,2,2024,46-55,3,1,0
38,1,1,2,2,2,1,2,1,0,0,0,0,30,4,0,1,2024,31-45,2,1,1
57,2,2,2,2,2,2,0,0,0,0,0,0,0,0,5,1,2024,56-70,4,0,0
65,0,0,0,0,0,0,0,0,0,0,0,0,0,0,0,0,2024,56-70,4,0,0
49,1,1,2,1,2,2,2,1,0,0,2,1,30,2,0,1,2024,46-55,3,1,0
22,1,1,2,2,2,2,2,1,0,0,0,0,60,3,0,2,2024,18-30,1,1,0
59,1,1,2,2,2,2,2,1,0,0,0,0,20,3,0,2,2024,56-70,4,1,0
56,2,2,2,2,2,2,0,0,0,0,0,0,0,0,3,2,2024,56-70,4,0,0
50,1,2,2,2,2,2,0,0,0,0,0,0,0,0,2,1,2024,46-55,3,0,0
43,2,2,2,1,2,2,0,0,0,0,2,1,10,2,0,2,2024,31-45,2,1,0
50,2,2,2,2,2,2,0,0,0,0,0,0,0,0,1,2,2024,46-55,3,0,0
33,1,1,1,1,2,2,2,1,2,1,2,1,45,3,0,3,2024,31-45,2,1,0
26,1,1,2,2,2,2,1,2,0,0,0,0,60,3,0,1,2024,18-30,1,1,0
48,2,2,2,2,2,2,0,0,0,0,0,0,0,0,1,1,2024,46-55,3,0,0
23,1,1,2,2,2,2,2,1,0,0,0,0,30,1,0,2,2024,18-30,1,1,0
26,1,1,2,2,2,2,1,2,0,0,0,0,60,3,0,1,2024,18-30,1,1,0
49,1,2,2,2,2,1,0,0,0,0,0,0,20,3,0,2,2024,46-55,3,0,1
26,2,2,2,2,2,2,0,0,0,0,0,0,0,0,2,2,2024,18-30,1,0,0
58,1,2,1,2,2,2,0,0,2,1,0,0,15,4,0,2,2024,56-70,4,1,0
75,2,2,2,2,2,2,0,0,0,0,0,0,0,0,5,2,2024,70+,5,0,0
51,1,1,2,2,2,2,2,1,0,0,0,0,120,4,0,2,2024,46-55,3,1,0
35,1,2,1,1,2,2,0,0,1,1,2,1,15,3,0,1,2024,31-45,2,1,0
34,1,1,2,1,2,1,1,2,0,0,1,2,60,4,0,1,2024,31-45,2,1,1
43,2,1,2,2,2,2,2,1,0,0,0,0,30,2,0,1,2024,31-45,2,1,0
37,2,2,2,2,2,2,0,0,0,0,0,0,0,0,1,1,2024,31-45,2,0,0
54,2,2,2,2,2,2,0,0,0,0,0,0,0,0,1,2,2024,46-55,3,0,0
27,1,1,2,2,2,2,1,1,0,0,0,0,30,3,0,1,2024,18-30,1,1,0
65,1,1,2,2,2,2,2,1,0,0,0,0,45,2,0,2,2024,56-70,4,1,0
72,2,2,2,2,2,2,0,0,0,0,0,0,0,0,2,2,2024,70+,5,0,0
44,2,2,2,2,2,2,0,0,0,0,0,0,0,0,3,2,2024,31-45,2,0,0
37,1,2,1,2,2,1,0,0,2,1,0,0,30,3,0,2,2024,31-45,2,1,1
69,2,2,2,2,2,2,0,0,0,0,0,0,0,0,5,2,2024,56-70,4,0,0
50,1,1,2,2,2,2,2,1,0,0,0,0,45,3,0,1,2024,46-55,3,1,0
54,1,1,2,1,2,2,2,1,0,0,1,1,30,4,0,1,2024,46-55,3,1,0
66,2,2,2,2,2,2,0,0,0,0,0,0,0,0,1,2,2024,56-70,4,0,0
34,1,2,2,2,2,2,0,0,0,0,0,0,0,0,3,1,2024,31-45,2,0,0
61,2,2,2,2,2,2,0,0,0,0,0,0,0,0,5,1,2024,56-70,4,0,0
66,1,2,2,1,2,2,0,0,0,0,2,1,90,3,0,1,2024,56-70,4,1,0
83,1,2,2,1,2,2,0,0,0,0,2,1,60,1,0,2,2024,70+,5,1,0
48,1,1,2,1,2,1,1,2,0,0,1,2,25,4,0,1,2024,46-55,3,1,1
46,1,1,2,1,2,2,1,2,0,0,2,1,45,3,0,1,2024,46-55,3,1,0
54,2,2,2,2,2,2,0,0,0,0,0,0,0,0,1,2,2024,46-55,3,0,0
71,1,2,2,2,2,2,0,0,0,0,0,0,0,0,1,2,2024,70+,5,0,0
53,1,1,2,2,2,2,2,1,0,0,0,0,30,3,0,1,2024,46-55,3,1,0
49,2,2,2,2,2,2,0,0,0,0,0,0,0,0,3,2,2024,46-55,3,0,0
65,2,2,2,2,2,2,0,0,0,0,0,0,0,0,1,2,2024,56-70,4,0,0
65,2,2,2,2,2,2,0,0,0,0,0,0,0,0,1,2,2024,56-70,4,0,0
65,2,2,2,2,2,2,0,0,0,0,0,0,0,0,5,2,2024,56-70,4,0,0
36,1,1,1,2,2,1,2,1,2,1,0,0,90,3,0,1,2024,31-45,2,1,1
20,1,1,2,2,2,2,1,1,0,0,0,0,120,3,0,1,2024,18-30,1,1,0
63,1,1,2,1,2,2,2,1,0,0,2,1,30,3,0,2,2024,56-70,4,1,0
62,1,1,1,1,2,2,2,1,2,1,2,1,60,3,0,1,2024,56-70,4,1,0
79,2,2,2,2,2,2,0,0,0,0,0,0,0,0,2,1,2024,70+,5,0,0
59,1,1,1,1,2,1,1,2,1,2,1,1,120,3,0,1,2024,56-70,4,1,1
48,2,2,2,2,2,2,0,0,0,0,0,0,0,0,1,1,2024,46-55,3,0,0
48,2,2,2,1,2,2,0,0,0,0,2,1,15,3,0,1,2024,46-55,3,1,0
47,1,2,2,2,2,1,0,0,0,0,0,0,20,3,0,2,2024,46-55,3,0,1
30,1,2,2,2,2,1,0,0,0,0,0,0,60,3,0,1,2024,18-30,1,0,1
20,2,2,2,2,2,2,0,0,0,0,0,0,0,0,1,2,2024,18-30,1,0,0
77,2,2,2,2,2,2,0,0,0,0,0,0,0,0,1,1,2024,70+,5,0,0
39,1,2,2,1,2,2,0,0,0,0,2,1,60,3,0,1,2024,31-45,2,1,0
59,2,2,2,2,2,1,0,0,0,0,0,0,30,1,0,2,2024,56-70,4,0,1
74,1,1,2,2,2,2,2,1,0,0,0,0,120,2,0,2,2024,70+,5,1,0
62,2,2,2,2,2,2,0,0,0,0,0,0,0,0,1,2,2024,56-70,4,0,0
42,2,2,2,2,2,2,0,0,0,0,0,0,0,0,2,2,2024,31-45,2,0,0
45,1,1,2,2,2,2,2,1,0,0,0,0,60,3,0,1,2024,31-45,2,1,0
57,2,2,1,2,2,2,0,0,2,1,0,0,25,3,0,2,2024,56-70,4,1,0
54,2,2,1,2,2,2,0,0,2,1,0,0,25,3,0,2,2024,46-55,3,1,0
45,0,0,0,0,0,0,0,0,0,0,0,0,0,0,0,0,2024,31-45,2,0,0
53,2,2,2,2,2,2,0,0,0,0,0,0,0,0,3,2,2024,46-55,3,0,0
31,2,2,2,2,2,2,0,0,0,0,0,0,0,0,2,2,2024,31-45,2,0,0
34,2,2,2,2,2,2,0,0,0,0,0,0,0,0,3,2,2024,31-45,2,0,0
47,2,2,2,2,2,2,0,0,0,0,0,0,0,0,3,2,2024,46-55,3,0,0
29,2,2,2,2,2,2,0,0,0,0,0,0,0,0,2,2,2024,18-30,1,0,0
26,1,1,2,2,2,2,2,1,0,0,0,0,60,4,0,2,2024,18-30,1,1,0
48,1,1,2,2,2,2,2,1,0,0,0,0,30,3,0,2,2024,46-55,3,1,0
40,2,2,2,2,2,2,0,0,0,0,0,0,0,0,2,2,2024,31-45,2,0,0
27,1,1,2,2,2,2,2,1,0,0,0,0,90,3,0,1,2024,18-30,1,1,0
33,2,2,1,2,2,2,0,0,2,1,0,0,35,4,0,1,2024,31-45,2,1,0
28,1,1,2,2,2,2,2,1,0,0,0,0,30,3,0,2,2024,18-30,1,1,0
32,2,2,2,2,2,2,0,0,0,0,0,0,0,0,3,2,2024,31-45,2,0,0
68,2,2,2,2,2,2,0,0,0,0,0,0,0,0,2,2,2024,56-70,4,0,0
75,2,2,1,2,2,2,0,0,2,1,0,0,20,3,0,2,2024,70+,5,1,0
56,2,2,2,2,2,2,0,0,0,0,0,0,0,0,3,1,2024,56-70,4,0,0
36,2,2,1,2,2,2,0,0,2,1,0,0,25,4,0,2,2024,31-45,2,1,0
65,2,2,2,2,2,2,0,0,0,0,0,0,0,0,5,1,2024,56-70,4,0,0
43,2,2,2,2,2,2,0,0,0,0,0,0,0,0,2,2,2024,31-45,2,0,0
24,2,2,1,2,2,2,0,0,2,1,0,0,30,4,0,2,2024,18-30,1,1,0
52,2,2,1,2,2,2,0,0,2,1,0,0,30,4,0,2,2024,46-55,3,1,0
47,2,2,2,2,2,2,0,0,0,0,0,0,0,0,3,2,2024,46-55,3,0,0
86,0,0,0,0,0,0,0,0,0,0,0,0,0,0,0,0,2024,70+,5,0,0
20,1,1,2,2,2,2,2,1,0,0,0,0,60,3,0,2,2024,18-30,1,1,0
75,0,0,0,0,0,0,0,0,0,0,0,0,0,0,0,0,2024,70+,5,0,0
36,2,2,1,2,2,2,0,0,2,1,0,0,40,4,0,2,2024,31-45,2,1,0
57,2,2,1,2,2,2,0,0,2,1,0,0,25,3,0,2,2024,56-70,4,1,0
21,1,1,2,1,2,2,2,1,0,0,2,1,30,3,0,2,2024,18-30,1,1,0
33,2,2,2,2,2,2,0,0,0,0,0,0,0,0,3,2,2024,31-45,2,0,0
39,2,2,2,2,2,2,0,0,0,0,0,0,0,0,3,2,2024,31-45,2,0,0
44,2,2,2,1,2,2,0,0,0,0,2,1,20,4,0,2,2024,31-45,2,1,0
58,2,2,2,2,2,2,0,0,0,0,0,0,0,0,5,2,2024,56-70,4,0,0
63,2,2,2,2,2,2,0,0,0,0,0,0,0,0,1,2,2024,56-70,4,0,0
36,2,2,1,2,2,2,0,0,2,1,0,0,30,4,0,2,2024,31-45,2,1,0
44,2,2,2,2,2,2,0,0,0,0,0,0,0,0,5,2,2024,31-45,2,0,0
40,1,2,2,1,1,2,0,0,0,0,2,1,15,3,0,2,2024,31-45,2,1,0
26,1,1,1,2,2,1,1,2,2,1,0,0,180,3,0,1,2024,18-30,1,1,1
49,1,1,2,2,2,1,2,1,0,0,0,0,30,2,0,1,2024,46-55,3,1,1
66,1,1,1,1,2,1,2,1,2,1,1,2,60,4,0,1,2024,56-70,4,1,1
51,1,1,1,1,2,1,2,1,1,1,1,2,120,3,0,1,2024,46-55,3,1,1
61,1,2,2,1,2,2,0,0,0,0,2,1,10,4,0,1,2024,56-70,4,1,0
74,1,1,2,2,2,2,1,2,0,0,0,0,60,3,0,1,2024,70+,5,1,0
51,1,2,1,2,2,1,0,0,2,1,0,0,10,4,0,1,2024,46-55,3,1,1
54,1,1,1,1,2,2,2,1,1,2,1,2,30,4,0,1,2024,46-55,3,1,0
39,1,1,1,2,2,1,2,1,2,1,0,0,60,4,0,1,2024,31-45,2,1,1
67,1,2,1,2,2,2,0,0,1,2,0,0,30,1,0,2,2024,56-70,4,1,0
43,1,1,2,2,2,1,2,1,0,0,0,0,15,2,0,2,2024,31-45,2,1,1
42,1,2,2,2,2,1,0,0,0,0,0,0,60,3,0,1,2024,31-45,2,0,1
84,0,0,0,0,0,0,0,0,0,0,0,0,0,0,0,0,2024,70+,5,0,0
80,0,0,0,0,0,0,0,0,0,0,0,0,0,0,0,0,2024,70+,5,0,0
73,1,2,1,2,2,2,0,0,2,1,0,0,10,1,0,2,2024,70+,5,1,0
53,2,2,2,2,2,2,0,0,0,0,0,0,0,0,1,3,2024,46-55,3,0,0
35,1,1,2,2,2,1,2,1,0,0,0,0,30,3,0,1,2024,31-45,2,1,1
85,2,2,2,2,2,2,0,0,0,0,0,0,0,0,3,1,2024,70+,5,0,0
67,2,2,1,2,2,1,0,0,2,1,0,0,30,3,0,2,2024,56-70,4,1,1
32,1,1,2,2,2,2,2,1,0,0,0,0,30,4,0,1,2024,31-45,2,1,0
59,1,1,1,1,2,2,2,1,1,2,1,2,90,4,0,1,2024,56-70,4,1,0
67,1,1,1,2,2,1,2,1,2,1,0,0,60,3,0,1,2024,56-70,4,1,1
36,1,1,2,2,2,1,1,2,0,0,0,0,30,4,0,1,2024,31-45,2,1,1
61,1,1,1,2,2,1,1,2,1,2,0,0,30,3,0,1,2024,56-70,4,1,1
77,1,1,1,1,2,2,2,1,2,1,2,1,20,4,0,1,2024,70+,5,1,0
37,2,2,1,2,2,1,0,0,1,2,0,0,60,3,0,1,2024,31-45,2,1,1
36,1,1,2,1,2,1,1,1,0,0,2,1,30,4,0,1,2024,31-45,2,1,1
38,1,2,2,2,2,2,0,0,0,0,0,0,0,0,2,2,2024,31-45,2,0,0
28,2,2,2,2,2,1,0,0,0,0,0,0,30,4,0,2,2024,18-30,1,0,1
48,1,1,2,2,2,2,2,1,0,0,0,0,60,4,0,3,2024,46-55,3,1,0
89,0,0,0,0,0,0,0,0,0,0,0,0,0,0,0,0,2024,70+,5,0,0
36,1,2,1,2,2,2,0,0,1,2,0,0,40,4,0,1,2024,31-45,2,1,0
46,2,2,2,2,2,2,0,0,0,0,0,0,0,0,1,1,2024,46-55,3,0,0
41,1,2,2,2,2,1,0,0,0,0,0,0,10,4,0,2,2024,31-45,2,0,1
50,2,2,2,2,2,2,0,0,0,0,0,0,0,0,1,1,2024,46-55,3,0,0
40,1,1,1,2,2,1,2,1,2,1,0,0,15,4,0,1,2024,31-45,2,1,1
30,1,1,2,2,2,1,2,1,0,0,0,0,60,4,0,3,2024,18-30,1,1,1
45,1,1,2,2,2,2,2,1,0,0,0,0,60,2,0,2,2024,31-45,2,1,0
79,1,2,2,2,2,2,0,0,0,0,0,0,0,0,4,2,2024,70+,5,0,0
35,2,2,2,2,1,1,0,0,0,0,0,0,10,2,0,2,2024,31-45,2,1,1
60,1,2,1,2,2,2,0,0,2,1,0,0,30,3,0,1,2024,56-70,4,1,0
29,1,1,1,1,2,1,2,1,2,1,2,1,30,2,0,1,2024,18-30,1,1,1
78,1,1,1,1,2,2,2,1,2,1,2,1,60,3,0,1,2024,70+,5,1,0
67,1,1,1,1,2,1,2,1,2,1,2,1,180,3,0,2,2024,56-70,4,1,1
76,1,1,1,2,2,2,2,1,2,1,0,0,40,1,0,1,2024,70+,5,1,0
42,1,1,2,2,2,1,2,1,0,0,0,0,60,3,0,1,2024,31-45,2,1,1
65,2,2,2,2,2,2,0,0,0,0,0,0,0,0,1,2,2024,56-70,4,0,0
53,2,2,2,2,2,2,0,0,0,0,0,0,0,0,1,2,2024,46-55,3,0,0
33,1,1,2,2,2,2,2,1,0,0,0,0,25,4,0,1,2024,31-45,2,1,0
27,0,0,0,0,0,0,0,0,0,0,0,0,0,0,0,0,2024,18-30,1,0,0
40,2,2,2,2,2,2,0,0,0,0,0,0,0,0,3,2,2024,31-45,2,0,0
24,2,2,2,2,2,2,0,0,0,0,0,0,0,0,3,1,2024,18-30,1,0,0
71,0,0,0,0,0,0,0,0,0,0,0,0,0,0,0,0,2024,70+,5,0,0
38,2,2,2,2,2,1,0,0,0,0,0,0,25,3,0,1,2024,31-45,2,0,1
51,2,2,1,2,2,2,0,0,2,1,0,0,20,3,0,1,2024,46-55,3,1,0
33,1,1,2,2,2,1,2,1,0,0,0,0,20,3,0,1,2024,31-45,2,1,1
59,1,1,2,2,2,2,2,1,0,0,0,0,20,3,0,2,2024,56-70,4,1,0
23,1,1,2,2,2,2,2,1,0,0,0,0,60,4,0,1,2024,18-30,1,1,0
63,2,2,2,2,2,2,0,0,0,0,0,0,0,0,3,2,2024,56-70,4,0,0
53,1,1,1,1,2,2,1,1,2,1,2,1,60,3,0,1,2024,46-55,3,1,0
34,1,1,1,1,2,1,2,1,2,1,2,1,20,3,0,1,2024,31-45,2,1,1
48,1,1,1,2,2,2,2,1,2,1,0,0,40,3,0,1,2024,46-55,3,1,0
28,2,2,2,2,2,2,0,0,0,0,0,0,0,0,3,2,2024,18-30,1,0,0
47,1,1,2,2,2,2,2,1,0,0,0,0,60,3,0,2,2024,46-55,3,1,0
40,2,2,2,2,2,2,0,0,0,0,0,0,0,0,3,2,2024,31-45,2,0,0
38,2,2,1,2,2,2,0,0,2,1,0,0,15,2,0,1,2024,31-45,2,1,0
41,1,2,2,2,2,1,0,0,0,0,0,0,30,3,0,1,2024,31-45,2,0,1
54,1,2,1,1,2,2,0,0,2,1,2,1,15,2,0,1,2024,46-55,3,1,0
71,2,2,2,2,2,2,0,0,0,0,0,0,0,0,1,2,2024,70+,5,0,0
26,1,1,2,2,2,1,1,2,0,0,0,0,2,3,0,1,2024,18-30,1,1,1
52,1,1,2,2,2,2,2,1,0,0,0,0,30,4,0,1,2024,46-55,3,1,0
38,2,2,2,2,2,2,0,0,0,0,0,0,0,0,3,1,2024,31-45,2,0,0
65,1,1,1,2,2,2,1,2,2,1,0,0,15,2,0,1,2024,56-70,4,1,0
53,2,2,2,2,2,1,0,0,0,0,0,0,60,1,0,1,2024,46-55,3,0,1
38,2,2,2,2,2,2,0,0,0,0,0,0,0,0,3,2,2024,31-45,2,0,0
50,2,2,2,2,2,2,0,0,0,0,0,0,0,0,1,2,2024,46-55,3,0,0
31,2,2,2,2,2,2,0,0,0,0,0,0,0,0,1,2,2024,31-45,2,0,0
43,1,2,1,2,1,2,0,0,2,1,0,0,20,1,0,2,2024,31-45,2,1,0
56,2,2,2,2,2,1,0,0,0,0,0,0,30,1,0,1,2024,56-70,4,0,1
33,2,2,2,2,2,2,0,0,0,0,0,0,0,0,1,1,2024,31-45,2,0,0
50,2,2,2,2,2,2,0,0,0,0,0,0,0,0,1,1,2024,46-55,3,0,0
62,2,1,2,2,2,2,2,1,0,0,0,0,10,2,0,2,2024,56-70,4,1,0
52,1,2,1,2,2,2,0,0,2,1,0,0,30,1,0,1,2024,46-55,3,1,0
73,2,2,2,1,2,2,0,0,0,0,2,1,10,3,0,2,2024,70+,5,1,0
85,1,1,1,2,2,2,2,1,2,1,0,0,20,1,0,1,2024,70+,5,1,0
45,2,1,2,2,2,2,1,2,0,0,0,0,60,3,0,2,2024,31-45,2,1,0
76,2,2,2,2,2,2,0,0,0,0,0,0,0,0,5,2,2024,70+,5,0,0
54,1,1,2,1,2,1,2,1,0,0,1,2,60,3,0,1,2024,46-55,3,1,1
55,1,1,1,1,2,1,2,1,1,2,1,2,30,3,0,1,2024,46-55,3,1,1
86,2,2,2,2,2,2,0,0,0,0,0,0,0,0,1,1,2024,70+,5,0,0
44,1,1,2,2,2,1,1,2,0,0,0,0,40,3,0,1,2024,31-45,2,1,1
32,1,1,2,2,2,1,2,1,0,0,0,0,30,3,0,1,2024,31-45,2,1,1
54,2,1,2,2,2,2,2,1,0,0,0,0,20,3,0,1,2024,46-55,3,1,0
50,1,1,2,2,2,1,1,2,0,0,0,0,120,3,0,1,2024,46-55,3,1,1
53,1,2,2,2,2,2,0,0,0,0,0,0,0,0,3,1,2024,46-55,3,0,0
32,1,2,1,2,2,1,0,0,2,1,0,0,20,4,0,2,2024,31-45,2,1,1
52,2,2,2,2,2,2,0,0,0,0,0,0,0,0,2,1,2024,46-55,3,0,0
42,2,2,2,2,2,2,0,0,0,0,0,0,0,0,3,1,2024,31-45,2,0,0
27,2,2,2,2,2,2,0,0,0,0,0,0,0,0,3,1,2024,18-30,1,0,0
28,1,1,2,2,2,1,2,1,0,0,0,0,15,3,0,1,2024,18-30,1,1,1
30,1,1,2,1,2,1,2,1,0,0,2,1,15,3,0,1,2024,18-30,1,1,1
47,1,1,2,2,2,2,2,1,0,0,0,0,45,3,0,1,2024,46-55,3,1,0
30,1,1,2,2,2,2,2,1,0,0,0,0,20,3,0,1,2024,18-30,1,1,0
30,2,2,2,2,2,2,0,0,0,0,0,0,0,0,3,1,2024,18-30,1,0,0
40,2,2,2,2,2,2,0,0,0,0,0,0,0,0,2,1,2024,31-45,2,0,0
76,2,2,2,2,2,2,0,0,0,0,0,0,0,0,2,2,2024,70+,5,0,0
73,2,2,2,2,2,2,0,0,0,0,0,0,0,0,3,1,2024,70+,5,0,0
44,2,2,2,2,2,2,0,0,0,0,0,0,0,0,3,2,2024,31-45,2,0,0
32,1,1,2,2,2,1,2,1,0,0,0,0,60,3,0,1,2024,31-45,2,1,1
65,1,1,2,1,2,2,2,1,0,0,2,1,15,2,0,2,2024,56-70,4,1,0
27,1,1,1,2,2,2,2,1,2,1,0,0,30,1,0,1,2024,18-30,1,1,0
42,2,2,1,2,2,2,0,0,2,1,0,0,5,4,0,1,2024,31-45,2,1,0
70,1,1,1,2,2,2,2,1,2,1,0,0,30,3,0,1,2024,56-70,4,1,0
70,2,2,2,2,2,2,0,0,0,0,0,0,0,0,1,1,2024,56-70,4,0,0
24,2,2,2,2,2,1,0,0,0,0,0,0,60,4,0,2,2024,18-30,1,0,1
56,1,2,1,2,2,1,0,0,2,1,0,0,30,3,0,2,2024,56-70,4,1,1
74,1,2,1,2,2,2,0,0,2,1,0,0,30,4,0,1,2024,70+,5,1,0
52,1,1,2,2,2,2,2,1,0,0,0,0,20,3,0,1,2024,46-55,3,1,0
20,1,1,2,2,2,2,1,2,0,0,0,0,40,4,0,1,2024,18-30,1,1,0
41,1,1,1,2,2,1,2,1,2,1,0,0,30,3,0,1,2024,31-45,2,1,1
65,2,2,2,2,2,2,0,0,0,0,0,0,0,0,1,2,2024,56-70,4,0,0
55,1,2,2,2,2,1,0,0,0,0,0,0,60,3,0,2,2024,46-55,3,0,1
57,2,2,2,2,2,2,0,0,0,0,0,0,0,0,1,2,2024,56-70,4,0,0
29,1,1,2,2,2,2,1,2,0,0,0,0,30,4,0,1,2024,18-30,1,1,0
71,2,2,2,2,2,2,0,0,0,0,0,0,0,0,5,1,2024,70+,5,0,0
30,1,1,2,2,2,2,2,1,0,0,0,0,60,4,0,1,2024,18-30,1,1,0
81,1,2,1,2,2,2,0,0,2,1,0,0,15,1,0,1,2024,70+,5,1,0
29,1,2,2,2,2,1,0,0,0,0,0,0,25,4,0,1,2024,18-30,1,0,1
64,1,1,2,2,2,2,2,1,0,0,0,0,30,4,0,1,2024,56-70,4,1,0
26,1,1,2,1,2,1,2,1,0,0,2,1,30,3,0,1,2024,18-30,1,1,1
50,2,2,2,2,2,2,0,0,0,0,0,0,0,0,2,1,2024,46-55,3,0,0
26,1,1,2,2,2,2,2,1,0,0,0,0,15,4,0,1,2024,18-30,1,1,0
57,2,2,2,2,2,2,0,0,0,0,0,0,0,0,3,3,2024,56-70,4,0,0
45,2,2,2,2,2,2,0,0,0,0,0,0,0,0,3,2,2024,31-45,2,0,0
24,1,1,1,2,2,1,2,1,2,1,0,0,60,3,0,2,2024,18-30,1,1,1
59,1,2,2,2,2,2,0,0,0,0,0,0,0,0,1,2,2024,56-70,4,0,0
50,1,2,2,2,2,1,0,0,0,0,0,0,40,3,0,1,2024,46-55,3,0,1
35,1,1,1,2,2,2,1,2,2,1,0,0,30,3,0,1,2024,31-45,2,1,0
23,1,1,1,2,2,1,2,1,1,2,0,0,20,4,0,1,2024,18-30,1,1,1
81,1,1,1,2,2,2,2,1,2,1,0,0,40,1,0,2,2024,70+,5,1,0
48,1,1,1,2,2,1,2,1,2,1,0,0,30,3,0,1,2024,46-55,3,1,1
25,1,1,1,2,2,1,2,1,2,1,0,0,60,3,0,1,2024,18-30,1,1,1
75,1,1,1,2,2,2,2,1,2,1,0,0,30,3,0,1,2024,70+,5,1,0
38,2,2,2,2,2,1,0,0,0,0,0,0,15,4,0,2,2024,31-45,2,0,1
61,2,2,1,2,2,2,0,0,2,1,0,0,15,3,0,2,2024,56-70,4,1,0
23,2,2,2,2,2,2,0,0,0,0,0,0,0,0,1,2,2024,18-30,1,0,0
28,2,2,2,2,2,2,0,0,0,0,0,0,0,0,1,2,2024,18-30,1,0,0
37,2,2,2,2,2,2,0,0,0,0,0,0,0,0,1,2,2024,31-45,2,0,0
40,1,2,2,2,2,2,0,0,0,0,0,0,0,0,2,2,2024,31-45,2,0,0
41,2,2,2,2,2,2,0,0,0,0,0,0,0,0,3,2,2024,31-45,2,0,0
29,1,1,2,2,2,1,2,1,0,0,0,0,30,3,0,1,2024,18-30,1,1,1
33,2,2,2,2,2,2,0,0,0,0,0,0,0,0,3,1,2024,31-45,2,0,0
50,2,2,2,2,2,2,0,0,0,0,0,0,0,0,3,1,2024,46-55,3,0,0
30,1,1,2,2,2,2,2,1,0,0,0,0,45,2,0,1,2024,18-30,1,1,0
58,2,2,2,2,2,2,0,0,0,0,0,0,0,0,2,2,2024,56-70,4,0,0
51,1,1,2,2,2,2,2,1,0,0,0,0,30,3,0,1,2024,46-55,3,1,0
61,2,2,2,2,2,2,0,0,0,0,0,0,0,0,1,2,2024,56-70,4,0,0
78,2,2,2,2,2,2,0,0,0,0,0,0,0,0,1,2,2024,70+,5,0,0
87,2,2,2,2,2,2,0,0,0,0,0,0,0,0,1,2,2024,70+,5,0,0
38,1,2,2,2,2,2,0,0,0,0,0,0,0,0,1,2,2024,31-45,2,0,0
30,2,2,2,2,2,2,0,0,0,0,0,0,0,0,3,1,2024,18-30,1,0,0
75,1,1,1,2,2,2,2,1,2,1,0,0,20,1,0,1,2024,70+,5,1,0
26,1,1,2,1,2,1,2,1,0,0,2,1,45,3,0,2,2024,18-30,1,1,1
43,0,0,0,0,0,0,0,0,0,0,0,0,0,0,0,0,2024,31-45,2,0,0
63,1,2,1,2,2,2,0,0,2,1,0,0,20,2,0,2,2024,56-70,4,1,0
20,1,1,2,2,2,1,2,1,0,0,0,0,30,3,0,1,2024,18-30,1,1,1
74,2,2,2,2,2,2,0,0,0,0,0,0,0,0,5,2,2024,70+,5,0,0
81,2,2,2,2,2,2,0,0,0,0,0,0,0,0,5,2,2024,70+,5,0,0
45,2,2,2,2,2,2,0,0,0,0,0,0,0,0,3,1,2024,31-45,2,0,0
48,1,1,2,2,2,1,2,1,0,0,0,0,90,3,0,1,2024,46-55,3,1,1
37,1,1,2,2,2,2,2,1,0,0,0,0,30,3,0,1,2024,31-45,2,1,0
36,2,2,2,2,2,1,0,0,0,0,0,0,60,3,0,2,2024,31-45,2,0,1
21,2,2,2,2,2,2,0,0,0,0,0,0,0,0,3,2,2024,18-30,1,0,0
30,2,2,2,2,2,2,0,0,0,0,0,0,0,0,3,2,2024,18-30,1,0,0
65,0,0,0,0,0,0,0,0,0,0,0,0,0,0,0,0,2024,56-70,4,0,0
25,1,2,1,2,2,1,0,0,2,1,0,0,60,3,0,2,2024,18-30,1,1,1
23,2,2,2,2,2,2,0,0,0,0,0,0,0,0,2,2,2024,18-30,1,0,0
51,2,2,2,2,2,2,0,0,0,0,0,0,0,0,1,2,2024,46-55,3,0,0
37,2,2,2,2,2,1,0,0,0,0,0,0,90,3,0,2,2024,31-45,2,0,1
70,1,1,2,2,2,2,2,1,0,0,0,0,15,3,0,2,2024,56-70,4,1,0
37,2,2,2,2,2,1,0,0,0,0,0,0,60,3,0,2,2024,31-45,2,0,1
72,2,2,2,2,2,2,0,0,0,0,0,0,0,0,2,2,2024,70+,5,0,0
32,2,2,2,2,2,2,0,0,0,0,0,0,0,0,1,2,2024,31-45,2,0,0
64,1,2,2,2,2,2,0,0,0,0,0,0,0,0,3,2,2024,56-70,4,0,0
64,1,1,2,2,2,2,2,1,0,0,0,0,20,2,0,1,2024,56-70,4,1,0
38,2,2,2,2,2,2,0,0,0,0,0,0,0,0,3,1,2024,31-45,2,0,0
32,1,1,2,2,2,1,2,1,0,0,0,0,25,4,0,1,2024,31-45,2,1,1
80,2,2,2,2,2,2,0,0,0,0,0,0,0,0,1,2,2024,70+,5,0,0
81,2,2,2,2,2,2,0,0,0,0,0,0,0,0,1,2,2024,70+,5,0,0
30,2,2,2,2,2,2,0,0,0,0,0,0,0,0,3,2,2024,18-30,1,0,0
21,1,2,2,2,2,2,0,0,0,0,0,0,0,0,3,1,2024,18-30,1,0,0
46,1,1,1,2,2,2,2,1,2,1,0,0,45,4,0,2,2024,46-55,3,1,0
73,0,0,0,0,0,0,0,0,0,0,0,0,0,0,0,0,2024,70+,5,0,0
41,1,1,2,2,2,1,2,1,0,0,0,0,35,4,0,1,2024,31-45,2,1,1
42,2,2,2,2,2,2,0,0,0,0,0,0,0,0,3,2,2024,31-45,2,0,0
65,2,2,1,1,2,1,0,0,2,1,2,1,30,2,0,1,2024,56-70,4,1,1
36,2,2,1,2,2,1,0,0,2,1,0,0,15,2,0,1,2024,31-45,2,1,1
23,1,1,1,2,2,1,1,2,2,1,0,0,60,3,0,1,2024,18-30,1,1,1
32,2,2,2,2,2,2,0,0,0,0,0,0,0,0,1,1,2024,31-45,2,0,0
45,1,1,2,2,2,2,2,1,0,0,0,0,40,4,0,1,2024,31-45,2,1,0
60,1,1,1,2,2,2,2,1,2,1,0,0,15,3,0,1,2024,56-70,4,1,0
61,1,1,2,2,2,2,2,1,0,0,0,0,20,3,0,2,2024,56-70,4,1,0
73,1,1,2,2,2,2,2,1,0,0,0,0,20,3,0,1,2024,70+,5,1,0
44,2,2,2,2,2,1,0,0,0,0,0,0,10,3,0,2,2024,31-45,2,0,1
65,1,1,2,2,2,2,2,1,0,0,0,0,30,3,0,1,2024,56-70,4,1,0
65,2,2,2,2,2,2,0,0,0,0,0,0,0,0,3,1,2024,56-70,4,0,0
30,2,2,2,2,2,2,0,0,0,0,0,0,0,0,3,1,2024,18-30,1,0,0
47,1,2,2,2,2,2,0,0,0,0,0,0,0,0,3,2,2024,46-55,3,0,0
18,2,2,1,2,2,2,0,0,2,1,0,0,10,3,0,1,2024,18-30,1,1,0
26,1,1,2,2,2,1,2,1,0,0,0,0,60,3,0,1,2024,18-30,1,1,1
31,1,1,2,2,2,1,2,1,0,0,0,0,60,3,0,1,2024,31-45,2,1,1
23,1,1,1,2,2,1,1,2,2,1,0,0,45,2,0,2,2024,18-30,1,1,1
42,1,1,1,1,2,2,2,1,2,1,1,2,30,3,0,1,2024,31-45,2,1,0
37,0,0,0,0,0,0,0,0,0,0,0,0,0,0,0,0,2024,31-45,2,0,0
51,2,2,2,2,2,2,0,0,0,0,0,0,0,0,1,2,2024,46-55,3,0,0
63,2,2,2,2,2,2,0,0,0,0,0,0,0,0,5,2,2024,56-70,4,0,0
27,1,1,2,2,2,1,2,1,0,0,0,0,40,4,0,1,2024,18-30,1,1,1
38,2,2,2,2,2,1,0,0,0,0,0,0,10,4,0,1,2024,31-45,2,0,1
34,1,1,2,2,2,1,1,2,0,0,0,0,30,4,0,1,2024,31-45,2,1,1
60,1,1,2,2,2,1,2,1,0,0,0,0,35,4,0,1,2024,56-70,4,1,1
65,1,2,2,2,2,1,0,0,0,0,0,0,25,3,0,2,2024,56-70,4,0,1
38,1,1,2,2,2,1,2,1,0,0,0,0,35,4,0,1,2024,31-45,2,1,1
26,1,1,2,1,2,1,2,1,0,0,2,1,30,3,0,1,2024,18-30,1,1,1
22,2,2,2,2,2,1,0,0,0,0,0,0,20,2,0,2,2024,18-30,1,0,1
51,1,1,2,2,2,2,2,1,0,0,0,0,180,4,0,1,2024,46-55,3,1,0
28,2,2,2,2,2,2,0,0,0,0,0,0,0,0,3,1,2024,18-30,1,0,0
64,1,1,2,2,2,2,2,1,0,0,0,0,35,3,0,1,2024,56-70,4,1,0
28,1,1,2,2,2,1,2,1,0,0,0,0,45,3,0,1,2024,18-30,1,1,1
51,1,1,2,2,2,1,2,1,0,0,0,0,45,4,0,1,2024,46-55,3,1,1
65,1,1,2,2,2,2,2,1,0,0,0,0,20,3,0,1,2024,56-70,4,1,0
39,2,2,2,2,2,2,0,0,0,0,0,0,0,0,3,2,2024,31-45,2,0,0
64,1,1,2,2,2,2,2,1,0,0,0,0,30,3,0,2,2024,56-70,4,1,0
48,2,2,2,2,2,2,0,0,0,0,0,0,0,0,1,1,2024,46-55,3,0,0
47,1,1,1,1,2,1,2,1,2,1,2,1,180,2,0,1,2024,46-55,3,1,1
79,2,2,2,2,2,2,0,0,0,0,0,0,0,0,5,3,2024,70+,5,0,0
64,1,1,1,2,2,1,2,1,2,1,0,0,20,2,0,1,2024,56-70,4,1,1
73,2,2,1,2,2,2,0,0,2,1,0,0,20,2,0,2,2024,70+,5,1,0
66,2,2,2,2,2,2,0,0,0,0,0,0,0,0,5,1,2024,56-70,4,0,0
73,2,2,2,2,2,2,0,0,0,0,0,0,0,0,5,2,2024,70+,5,0,0
48,2,2,2,2,2,2,0,0,0,0,0,0,0,0,1,3,2024,46-55,3,0,0
38,2,2,2,2,2,2,0,0,0,0,0,0,0,0,1,2,2024,31-45,2,0,0
25,2,2,2,2,2,2,0,0,0,0,0,0,0,0,3,2,2024,18-30,1,0,0
48,2,2,2,2,2,2,0,0,0,0,0,0,0,0,1,2,2024,46-55,3,0,0
38,2,2,2,2,2,2,0,0,0,0,0,0,0,0,3,2,2024,31-45,2,0,0
52,1,1,2,2,2,1,2,1,0,0,0,0,60,3,0,1,2024,46-55,3,1,1
34,1,1,2,2,2,1,2,1,0,0,0,0,60,3,0,1,2024,31-45,2,1,1
56,2,2,1,2,2,2,0,0,2,1,0,0,15,2,0,2,2024,56-70,4,1,0
33,1,2,2,2,2,1,0,0,0,0,0,0,60,2,0,1,2024,31-45,2,0,1
47,2,2,2,2,2,2,0,0,0,0,0,0,0,0,3,1,2024,46-55,3,0,0
29,2,1,2,2,2,2,2,1,0,0,0,0,30,4,0,2,2024,18-30,1,1,0
34,2,2,2,2,2,2,0,0,0,0,0,0,0,0,3,1,2024,31-45,2,0,0
42,1,1,2,2,2,2,2,1,0,0,0,0,30,4,0,1,2024,31-45,2,1,0
65,1,1,2,2,2,1,2,1,0,0,0,0,120,4,0,1,2024,56-70,4,1,1
24,1,1,2,2,2,1,1,2,0,0,0,0,60,3,0,1,2024,18-30,1,1,1
78,1,2,1,1,2,2,0,0,1,1,2,1,30,2,0,3,2024,70+,5,1,0
35,1,1,2,2,2,1,2,1,0,0,0,0,45,3,0,1,2024,31-45,2,1,1
79,1,1,2,2,2,2,2,1,0,0,0,0,60,4,0,1,2024,70+,5,1,0
54,1,1,2,2,2,1,2,1,0,0,0,0,30,3,0,1,2024,46-55,3,1,1
62,1,1,2,2,2,2,2,1,0,0,0,0,60,3,0,1,2024,56-70,4,1,0
47,1,2,2,2,2,1,0,0,0,0,0,0,20,3,0,1,2024,46-55,3,0,1
28,1,1,1,2,2,1,1,2,2,1,0,0,60,4,0,1,2024,18-30,1,1,1
29,1,1,2,2,2,1,2,1,0,0,0,0,60,2,0,1,2024,18-30,1,1,1
40,1,1,2,2,2,1,2,1,0,0,0,0,30,4,0,1,2024,31-45,2,1,1
40,1,2,2,2,2,2,0,0,0,0,0,0,0,0,3,2,2024,31-45,2,0,0
26,2,2,2,2,2,2,0,0,0,0,0,0,0,0,3,2,2024,18-30,1,0,0
18,1,1,2,2,2,2,2,1,0,0,0,0,30,3,0,1,2024,18-30,1,1,0
37,2,2,2,2,2,1,0,0,0,0,0,0,15,3,0,2,2024,31-45,2,0,1
59,1,2,2,1,2,2,0,0,0,0,2,1,30,2,0,3,2024,56-70,4,1,0
27,1,1,2,1,2,1,2,1,0,0,1,2,60,3,0,1,2024,18-30,1,1,1
60,1,1,1,2,2,1,2,1,2,1,0,0,15,3,0,1,2024,56-70,4,1,1
77,2,2,2,2,2,2,0,0,0,0,0,0,0,0,3,1,2024,70+,5,0,0
39,1,1,1,1,2,1,1,2,1,2,1,2,120,3,0,1,2024,31-45,2,1,1
73,1,1,2,2,2,2,2,1,0,0,0,0,60,1,0,1,2024,70+,5,1,0
21,2,2,1,1,2,2,0,0,2,1,2,1,10,1,0,1,2024,18-30,1,1,0
26,1,1,2,2,2,1,2,1,0,0,0,0,120,3,0,1,2024,18-30,1,1,1
28,2,2,2,2,2,2,0,0,0,0,0,0,0,0,3,1,2024,18-30,1,0,0
42,2,2,2,2,2,2,0,0,0,0,0,0,0,0,3,2,2024,31-45,2,0,0
27,1,2,2,2,2,1,0,0,0,0,0,0,30,3,0,1,2024,18-30,1,0,1
30,2,2,2,2,2,1,0,0,0,0,0,0,20,3,0,1,2024,18-30,1,0,1
31,2,2,2,2,2,2,0,0,0,0,0,0,0,0,3,1,2024,31-45,2,0,0
22,1,1,2,2,2,2,2,1,0,0,0,0,20,3,0,1,2024,18-30,1,1,0
47,1,1,1,2,2,2,2,1,2,1,0,0,20,2,0,2,2024,46-55,3,1,0
49,2,2,2,2,2,2,0,0,0,0,0,0,0,0,3,2,2024,46-55,3,0,0
49,2,2,2,2,2,2,0,0,0,0,0,0,0,0,3,1,2024,46-55,3,0,0
66,2,2,2,2,2,2,0,0,0,0,0,0,0,0,3,2,2024,56-70,4,0,0
72,1,2,1,2,2,2,0,0,2,1,0,0,10,3,0,1,2024,70+,5,1,0
60,2,2,2,2,2,2,0,0,0,0,0,0,0,0,3,1,2024,56-70,4,0,0
51,2,2,2,2,2,2,0,0,0,0,0,0,0,0,3,2,2024,46-55,3,0,0
73,0,0,0,0,0,0,0,0,0,0,0,0,0,0,0,0,2024,70+,5,0,0
73,1,2,1,2,1,2,0,0,2,1,0,0,30,2,0,1,2024,70+,5,1,0
56,1,1,2,2,2,2,2,1,0,0,0,0,120,4,0,1,2024,56-70,4,1,0
53,1,1,2,1,2,1,2,1,0,0,2,1,60,4,0,1,2024,46-55,3,1,1
47,2,2,2,2,2,2,0,0,0,0,0,0,0,0,1,1,2024,46-55,3,0,0
86,2,2,2,2,2,2,0,0,0,0,0,0,0,0,5,1,2024,70+,5,0,0
28,2,2,2,2,2,1,0,0,0,0,0,0,20,3,0,1,2024,18-30,1,0,1
53,2,2,2,2,2,2,0,0,0,0,0,0,0,0,5,1,2024,46-55,3,0,0
56,2,2,2,2,2,2,0,0,0,0,0,0,0,0,2,2,2024,56-70,4,0,0
47,1,2,1,2,2,1,0,0,1,2,0,0,20,3,0,1,2024,46-55,3,1,1
52,1,1,2,2,2,2,2,1,0,0,0,0,30,2,0,1,2024,46-55,3,1,0
37,1,1,2,2,2,1,1,2,0,0,0,0,40,3,0,2,2024,31-45,2,1,1
49,2,2,2,2,2,2,0,0,0,0,0,0,0,0,3,1,2024,46-55,3,0,0
44,1,1,2,2,2,2,2,1,0,0,0,0,20,2,0,1,2024,31-45,2,1,0
59,1,2,2,2,2,1,0,0,0,0,0,0,10,3,0,1,2024,56-70,4,0,1
18,2,2,2,2,2,2,0,0,0,0,0,0,0,0,3,2,2024,18-30,1,0,0
21,1,1,1,2,2,1,1,2,2,1,0,0,60,3,0,1,2024,18-30,1,1,1
63,2,2,2,2,2,2,0,0,0,0,0,0,0,0,2,3,2024,56-70,4,0,0
38,2,2,2,2,2,1,0,0,0,0,0,0,10,3,0,1,2024,31-45,2,0,1
19,2,2,2,2,2,2,0,0,0,0,0,0,0,0,3,1,2024,18-30,1,0,0
40,1,1,2,2,2,2,1,2,0,0,0,0,10,4,0,1,2024,31-45,2,1,0
42,2,2,2,2,2,2,0,0,0,0,0,0,0,0,3,1,2024,31-45,2,0,0
25,2,2,2,2,2,1,0,0,0,0,0,0,30,3,0,1,2024,18-30,1,0,1
26,1,1,1,2,2,1,2,1,2,1,0,0,30,4,0,1,2024,18-30,1,1,1
21,2,2,2,2,2,2,0,0,0,0,0,0,0,0,3,1,2024,18-30,1,0,0
49,2,2,1,2,2,1,0,0,2,1,0,0,15,3,0,1,2024,46-55,3,1,1
19,1,1,2,2,2,1,2,1,0,0,0,0,60,3,0,1,2024,18-30,1,1,1
27,1,1,2,2,2,1,2,1,0,0,0,0,30,3,0,1,2024,18-30,1,1,1
53,2,2,2,2,2,2,0,0,0,0,0,0,0,0,5,1,2024,46-55,3,0,0
32,1,2,2,1,2,2,0,0,0,0,2,1,20,2,0,1,2024,31-45,2,1,0
41,2,2,2,2,2,2,0,0,0,0,0,0,0,0,1,3,2024,31-45,2,0,0
23,1,1,2,2,2,2,2,1,0,0,0,0,40,3,0,1,2024,18-30,1,1,0
44,2,2,2,2,2,1,0,0,0,0,0,0,20,3,0,1,2024,31-45,2,0,1
69,2,2,2,2,2,2,0,0,0,0,0,0,0,0,3,2,2024,56-70,4,0,0
76,2,2,2,2,2,2,0,0,0,0,0,0,0,0,5,1,2024,70+,5,0,0
38,1,1,1,2,2,1,1,2,2,1,0,0,70,4,0,1,2024,31-45,2,1,1
68,2,2,2,1,2,2,0,0,0,0,2,1,30,3,0,1,2024,56-70,4,1,0
52,1,1,1,2,2,1,2,1,2,1,0,0,30,3,0,1,2024,46-55,3,1,1
53,1,1,2,2,2,2,2,1,0,0,0,0,20,3,0,1,2024,46-55,3,1,0
25,1,1,2,2,2,2,2,1,0,0,0,0,30,3,0,1,2024,18-30,1,1,0
27,1,1,2,2,1,1,1,1,0,0,0,0,30,2,0,1,2024,18-30,1,1,1
56,2,2,2,2,2,1,0,0,0,0,0,0,60,3,0,1,2024,56-70,4,0,1
69,1,1,1,2,2,2,2,1,2,1,0,0,10,2,0,2,2024,56-70,4,1,0
36,1,1,1,2,1,2,2,1,2,1,0,0,30,4,0,1,2024,31-45,2,1,0
41,2,1,2,1,2,2,2,1,0,0,2,1,20,2,0,2,2024,31-45,2,1,0
72,1,2,2,2,1,2,0,0,0,0,0,0,30,4,0,1,2024,70+,5,1,0
44,2,2,2,2,2,2,0,0,0,0,0,0,0,0,5,2,2024,31-45,2,0,0
54,2,2,2,2,2,2,0,0,0,0,0,0,0,0,5,2,2024,46-55,3,0,0
79,1,1,1,2,2,1,2,1,2,1,0,0,15,3,0,1,2024,70+,5,1,1
39,1,1,2,2,2,2,2,1,0,0,0,0,40,4,0,1,2024,31-45,2,1,0
31,2,2,2,2,2,2,0,0,0,0,0,0,0,0,3,2,2024,31-45,2,0,0
36,2,2,2,2,2,2,0,0,0,0,0,0,0,0,3,1,2024,31-45,2,0,0
54,1,1,2,2,2,2,1,2,0,0,0,0,30,3,0,1,2024,46-55,3,1,0
57,1,1,2,2,2,1,2,1,0,0,0,0,30,3,0,2,2024,56-70,4,1,1
29,2,2,2,2,2,2,0,0,0,0,0,0,0,0,3,1,2024,18-30,1,0,0
21,2,2,2,2,2,2,0,0,0,0,0,0,0,0,3,3,2024,18-30,1,0,0
42,1,1,2,2,2,2,2,1,0,0,0,0,30,3,0,3,2024,31-45,2,1,0
39,2,2,2,2,2,2,0,0,0,0,0,0,0,0,3,2,2024,31-45,2,0,0
79,1,1,2,2,2,2,2,1,0,0,0,0,60,3,0,3,2024,70+,5,1,0
55,1,1,2,1,2,2,2,1,0,0,2,1,45,3,0,1,2024,46-55,3,1,0
54,2,2,2,2,2,2,0,0,0,0,0,0,0,0,3,1,2024,46-55,3,0,0
42,1,1,2,2,2,2,2,1,0,0,0,0,90,3,0,1,2024,31-45,2,1,0
63,2,2,2,2,2,2,0,0,0,0,0,0,0,0,4,2,2024,56-70,4,0,0
74,2,2,2,2,2,2,0,0,0,0,0,0,0,0,3,2,2024,70+,5,0,0
49,1,1,1,2,2,2,2,1,2,1,0,0,30,2,0,2,2024,46-55,3,1,0
49,2,2,2,2,2,2,0,0,0,0,0,0,0,0,1,1,2024,46-55,3,0,0
58,2,2,2,2,2,2,0,0,0,0,0,0,0,0,3,1,2024,56-70,4,0,0
54,1,2,2,1,2,2,0,0,0,0,2,1,30,3,0,1,2024,46-55,3,1,0
58,0,0,0,0,0,0,0,0,0,0,0,0,0,0,0,0,2024,56-70,4,0,0
42,2,2,2,2,2,2,0,0,0,0,0,0,0,0,3,1,2024,31-45,2,0,0
30,1,1,2,2,2,2,1,2,0,0,0,0,50,3,0,1,2024,18-30,1,1,0
34,2,2,2,2,2,2,0,0,0,0,0,0,0,0,3,1,2024,31-45,2,0,0
32,1,2,2,2,2,1,0,0,0,0,0,0,40,3,0,1,2024,31-45,2,0,1
63,2,2,2,2,2,2,0,0,0,0,0,0,0,0,2,2,2024,56-70,4,0,0
74,2,2,2,2,2,2,0,0,0,0,0,0,0,0,6,2,2024,70+,5,0,0
61,2,2,2,2,2,2,0,0,0,0,0,0,0,0,5,2,2024,56-70,4,0,0
79,2,2,2,2,2,2,0,0,0,0,0,0,0,0,5,2,2024,70+,5,0,0
32,2,2,2,2,2,2,0,0,0,0,0,0,0,0,3,2,2024,31-45,2,0,0
51,2,2,2,2,2,2,0,0,0,0,0,0,0,0,1,2,2024,46-55,3,0,0
29,2,2,2,2,2,2,0,0,0,0,0,0,0,0,2,3,2024,18-30,1,0,0
75,2,2,2,2,2,2,0,0,0,0,0,0,0,0,5,1,2024,70+,5,0,0
22,2,2,2,2,2,2,0,0,0,0,0,0,0,0,1,1,2024,18-30,1,0,0
29,1,1,2,2,2,1,1,2,0,0,0,0,20,4,0,1,2024,18-30,1,1,1
74,1,2,1,2,2,2,0,0,1,2,0,0,20,1,0,2,2024,70+,5,1,0
41,1,1,2,2,2,1,2,1,0,0,0,0,15,4,0,1,2024,31-45,2,1,1
41,2,2,2,2,2,2,0,0,0,0,0,0,0,0,3,1,2024,31-45,2,0,0
46,2,2,2,2,2,2,0,0,0,0,0,0,0,0,3,1,2024,46-55,3,0,0
49,1,1,1,1,2,2,2,1,1,2,1,2,30,3,0,1,2024,46-55,3,1,0
65,2,2,2,2,2,2,0,0,0,0,0,0,0,0,5,2,2024,56-70,4,0,0
64,2,2,2,2,2,2,0,0,0,0,0,0,0,0,5,1,2024,56-70,4,0,0
32,1,1,2,2,2,1,1,2,0,0,0,0,30,3,0,1,2024,31-45,2,1,1
39,1,2,1,2,2,1,0,0,2,1,0,0,30,3,0,2,2024,31-45,2,1,1
52,2,2,2,2,2,2,0,0,0,0,0,0,0,0,2,2,2024,46-55,3,0,0
35,2,2,2,2,2,2,0,0,0,0,0,0,0,0,2,1,2024,31-45,2,0,0
42,1,1,2,2,2,1,2,1,0,0,0,0,30,3,0,1,2024,31-45,2,1,1
60,2,2,2,2,2,2,0,0,0,0,0,0,0,0,2,1,2024,56-70,4,0,0
74,2,2,2,2,2,2,0,0,0,0,0,0,0,0,3,1,2024,70+,5,0,0
70,2,2,2,2,2,2,0,0,0,0,0,0,0,0,1,2,2024,56-70,4,0,0
37,2,2,2,2,2,2,0,0,0,0,0,0,0,0,1,2,2024,31-45,2,0,0
28,2,2,2,2,2,2,0,0,0,0,0,0,0,0,3,2,2024,18-30,1,0,0
58,2,2,2,2,2,2,0,0,0,0,0,0,0,0,4,2,2024,56-70,4,0,0
43,2,2,2,2,2,2,0,0,0,0,0,0,0,0,1,2,2024,31-45,2,0,0
78,2,2,2,2,2,2,0,0,0,0,0,0,0,0,5,2,2024,70+,5,0,0
38,2,2,2,2,2,2,0,0,0,0,0,0,0,0,3,1,2024,31-45,2,0,0
83,2,2,2,2,2,2,0,0,0,0,0,0,0,0,5,2,2024,70+,5,0,0
65,2,2,2,2,2,2,0,0,0,0,0,0,0,0,5,2,2024,56-70,4,0,0
41,1,1,2,2,2,1,2,1,0,0,0,0,120,3,0,1,2024,31-45,2,1,1
59,1,1,2,1,2,2,1,2,0,0,2,1,45,3,0,1,2024,56-70,4,1,0
47,1,1,2,2,2,1,1,2,0,0,0,0,60,3,0,1,2024,46-55,3,1,1
66,1,1,2,1,2,2,1,2,0,0,2,1,120,3,0,1,2024,56-70,4,1,0
73,1,1,2,1,2,1,1,2,0,0,1,2,120,4,0,1,2024,70+,5,1,1
58,1,1,2,2,2,1,1,2,0,0,0,0,120,3,0,1,2024,56-70,4,1,1
19,1,1,2,2,2,1,1,1,0,0,0,0,120,3,0,1,2024,18-30,1,1,1
37,1,1,2,2,2,1,1,1,0,0,0,0,60,3,0,1,2024,31-45,2,1,1
19,2,2,2,2,2,2,0,0,0,0,0,0,0,0,3,2,2024,18-30,1,0,0
65,2,2,2,2,2,2,0,0,0,0,0,0,0,0,1,2,2024,56-70,4,0,0
70,2,2,2,2,2,2,0,0,0,0,0,0,0,0,5,1,2024,56-70,4,0,0
76,2,2,2,2,2,2,0,0,0,0,0,0,0,0,1,2,2024,70+,5,0,0
42,1,1,2,2,2,1,1,2,0,0,0,0,120,3,0,1,2024,31-45,2,1,1
48,1,2,2,2,2,2,0,0,0,0,0,0,0,0,4,1,2024,46-55,3,0,0
22,1,1,2,2,2,1,1,2,0,0,0,0,120,3,0,1,2024,18-30,1,1,1
48,2,2,2,2,2,2,0,0,0,0,0,0,0,0,3,1,2024,46-55,3,0,0
50,2,2,2,2,2,2,0,0,0,0,0,0,0,0,3,2,2024,46-55,3,0,0
36,1,1,1,2,1,2,2,1,1,1,0,0,120,2,0,2,2024,31-45,2,1,0
52,2,2,2,2,2,2,0,0,0,0,0,0,0,0,2,2,2024,46-55,3,0,0
18,1,1,2,1,2,2,2,1,0,0,1,2,45,3,0,2,2024,18-30,1,1,0
45,1,1,1,2,1,2,2,1,2,1,0,0,120,3,0,2,2024,31-45,2,1,0
50,2,2,2,2,2,2,0,0,0,0,0,0,0,0,3,1,2024,46-55,3,0,0
60,1,2,1,2,2,2,0,0,2,1,0,0,60,3,0,2,2024,56-70,4,1,0
74,2,2,2,2,2,2,0,0,0,0,0,0,0,0,5,1,2024,70+,5,0,0
29,1,1,2,2,2,1,2,1,0,0,0,0,90,3,0,1,2024,18-30,1,1,1
58,1,1,2,2,2,1,1,2,0,0,0,0,45,3,0,1,2024,56-70,4,1,1
49,1,1,2,2,2,1,1,2,0,0,0,0,45,3,0,1,2024,46-55,3,1,1
46,2,2,2,2,2,2,0,0,0,0,0,0,0,0,3,1,2024,46-55,3,0,0
33,1,1,1,2,2,2,2,1,2,1,0,0,35,2,0,2,2024,31-45,2,1,0
36,2,2,2,2,2,2,0,0,0,0,0,0,0,0,3,2,2024,31-45,2,0,0
25,1,1,2,2,2,1,1,2,0,0,0,0,120,3,0,2,2024,18-30,1,1,1
59,0,0,0,0,0,0,0,0,0,0,0,0,0,0,0,0,2024,56-70,4,0,0
71,1,1,2,2,2,2,2,1,0,0,0,0,30,3,0,1,2024,70+,5,1,0
58,1,1,2,2,2,1,2,1,0,0,0,0,30,2,0,2,2024,56-70,4,1,1
23,1,2,1,2,2,1,0,0,1,2,0,0,45,2,0,1,2024,18-30,1,1,1
27,1,1,2,2,2,1,1,1,0,0,0,0,30,3,0,1,2024,18-30,1,1,1
47,1,2,2,1,2,1,0,0,0,0,2,1,60,3,0,2,2024,46-55,3,1,1
69,1,1,2,2,2,2,2,1,0,0,0,0,30,2,0,2,2024,56-70,4,1,0
65,2,2,2,2,2,2,0,0,0,0,0,0,0,0,3,2,2024,56-70,4,0,0
32,1,1,2,1,2,2,1,2,0,0,2,1,30,3,0,1,2024,31-45,2,1,0
35,2,2,2,2,2,2,0,0,0,0,0,0,0,0,1,2,2024,31-45,2,0,0
62,1,2,1,2,2,2,0,0,2,1,0,0,30,4,0,2,2024,56-70,4,1,0
41,1,1,2,2,2,1,2,1,0,0,0,0,90,4,0,1,2024,31-45,2,1,1
47,1,1,1,2,2,2,2,1,2,1,0,0,30,4,0,1,2024,46-55,3,1,0
37,2,2,2,2,2,2,0,0,0,0,0,0,0,0,3,1,2024,31-45,2,0,0
84,1,2,2,2,2,2,0,0,0,0,0,0,0,0,5,2,2024,70+,5,0,0
42,2,2,2,2,2,1,0,0,0,0,0,0,30,3,0,1,2024,31-45,2,0,1
70,2,2,2,2,2,2,0,0,0,0,0,0,0,0,1,2,2024,56-70,4,0,0
37,1,1,2,2,2,2,2,1,0,0,0,0,120,3,0,1,2024,31-45,2,1,0
55,1,2,2,2,2,1,0,0,0,0,0,0,10,1,0,1,2024,46-55,3,0,1
21,2,2,2,2,2,2,0,0,0,0,0,0,0,0,1,2,2024,18-30,1,0,0
33,1,2,2,2,2,1,0,0,0,0,0,0,30,2,0,1,2024,31-45,2,0,1
66,2,2,2,2,2,2,0,0,0,0,0,0,0,0,5,2,2024,56-70,4,0,0
41,1,1,2,2,2,2,2,1,0,0,0,0,60,3,0,1,2024,31-45,2,1,0
37,2,2,2,2,2,2,0,0,0,0,0,0,0,0,1,2,2024,31-45,2,0,0
23,1,1,2,2,2,1,2,1,0,0,0,0,180,3,0,1,2024,18-30,1,1,1
41,1,1,1,1,2,2,2,1,2,1,2,1,15,4,0,1,2024,31-45,2,1,0
39,1,2,2,2,2,2,0,0,0,0,0,0,0,0,5,3,2024,31-45,2,0,0
53,2,2,2,2,2,2,0,0,0,0,0,0,0,0,5,2,2024,46-55,3,0,0
33,1,1,2,2,2,2,1,2,0,0,0,0,60,4,0,1,2024,31-45,2,1,0
70,2,2,2,2,2,2,0,0,0,0,0,0,0,0,5,2,2024,56-70,4,0,0
56,1,1,2,2,2,1,2,1,0,0,0,0,30,4,0,1,2024,56-70,4,1,1
33,1,2,1,1,1,2,0,0,1,2,2,1,20,3,0,1,2024,31-45,2,1,0
57,2,2,2,2,2,2,0,0,0,0,0,0,0,0,3,1,2024,56-70,4,0,0
69,2,2,2,2,2,2,0,0,0,0,0,0,0,0,5,2,2024,56-70,4,0,0
45,1,1,2,2,2,1,1,1,0,0,0,0,60,3,0,1,2024,31-45,2,1,1
33,2,2,2,2,2,1,0,0,0,0,0,0,15,3,0,1,2024,31-45,2,0,1
72,0,0,0,0,0,0,0,0,0,0,0,0,0,0,0,0,2024,70+,5,0,0
57,0,0,0,0,0,0,0,0,0,0,0,0,0,0,0,0,2024,56-70,4,0,0
21,1,1,2,1,2,1,1,1,0,0,1,2,60,3,0,1,2024,18-30,1,1,1
46,1,2,2,2,2,2,0,0,0,0,0,0,0,0,3,2,2024,46-55,3,0,0
38,1,2,2,2,2,1,0,0,0,0,0,0,5,4,0,2,2024,31-45,2,0,1
69,0,0,0,0,0,0,0,0,0,0,0,0,0,0,0,0,2024,56-70,4,0,0
36,1,1,1,1,2,1,2,1,2,1,2,1,30,3,0,1,2024,31-45,2,1,1
50,1,2,2,2,2,2,0,0,0,0,0,0,0,0,3,2,2024,46-55,3,0,0
53,1,2,1,1,2,2,0,0,2,1,2,1,15,3,0,1,2024,46-55,3,1,0
44,1,1,1,2,2,1,2,1,1,2,0,0,30,4,0,1,2024,31-45,2,1,1
68,1,1,2,2,2,1,2,1,0,0,0,0,30,4,0,2,2024,56-70,4,1,1
47,1,1,2,2,2,2,2,1,0,0,0,0,60,3,0,1,2024,46-55,3,1,0
20,1,1,1,2,2,1,1,2,1,2,0,0,40,3,0,1,2024,18-30,1,1,1
54,1,2,1,2,2,1,0,0,1,2,0,0,30,3,0,2,2024,46-55,3,1,1
26,1,2,1,2,2,1,0,0,2,1,0,0,60,3,0,1,2024,18-30,1,1,1
64,1,1,2,2,2,2,2,1,0,0,0,0,60,2,0,2,2024,56-70,4,1,0
64,1,2,1,2,2,2,0,0,2,1,0,0,30,1,0,2,2024,56-70,4,1,0
60,1,2,2,2,2,1,0,0,0,0,0,0,60,4,0,2,2024,56-70,4,0,1
80,2,2,2,1,2,2,0,0,0,0,2,1,10,2,0,2,2024,70+,5,1,0
44,1,2,1,2,2,2,0,0,2,1,0,0,15,4,0,2,2024,31-45,2,1,0
76,1,1,2,2,2,2,2,1,0,0,0,0,30,4,0,1,2024,70+,5,1,0
47,1,2,1,2,2,1,0,0,2,1,0,0,30,4,0,1,2024,46-55,3,1,1
24,1,1,2,2,2,2,2,1,0,0,0,0,30,3,0,1,2024,18-30,1,1,0
54,2,2,2,2,2,2,0,0,0,0,0,0,0,0,6,2,2024,46-55,3,0,0
30,2,2,2,2,2,2,0,0,0,0,0,0,0,0,1,1,2024,18-30,1,0,0
39,1,1,1,1,2,1,1,2,1,1,2,1,40,2,0,1,2024,31-45,2,1,1
51,1,1,1,1,2,2,2,1,2,1,2,1,40,2,0,2,2024,46-55,3,1,0
61,2,2,2,2,2,2,0,0,0,0,0,0,0,0,3,2,2024,56-70,4,0,0
39,2,2,2,2,2,2,0,0,0,0,0,0,0,0,3,2,2024,31-45,2,0,0
46,1,1,1,1,2,1,2,1,2,1,2,1,10,2,0,2,2024,46-55,3,1,1
31,1,1,2,2,2,2,2,1,0,0,0,0,30,3,0,1,2024,31-45,2,1,0
74,2,2,2,2,2,2,0,0,0,0,0,0,0,0,1,2,2024,70+,5,0,0
37,1,1,1,2,2,1,1,2,1,2,0,0,30,4,0,1,2024,31-45,2,1,1
36,1,2,1,1,2,1,0,0,2,1,2,1,20,3,0,1,2024,31-45,2,1,1
25,2,2,1,2,2,1,0,0,2,1,0,0,10,4,0,1,2024,18-30,1,1,1
46,2,2,2,2,2,1,0,0,0,0,0,0,2,2,0,1,2024,46-55,3,0,1
48,2,2,1,2,2,1,0,0,1,2,0,0,30,3,0,2,2024,46-55,3,1,1
55,1,1,1,2,2,1,2,1,1,2,0,0,60,3,0,1,2024,46-55,3,1,1
18,2,2,2,2,2,2,0,0,0,0,0,0,0,0,1,1,2024,18-30,1,0,0
28,1,1,1,1,2,1,2,1,2,1,2,1,30,3,0,1,2024,18-30,1,1,1
63,1,1,2,2,2,1,2,1,0,0,0,0,60,4,0,1,2024,56-70,4,1,1
23,1,1,1,1,2,1,2,1,2,1,2,1,45,4,0,1,2024,18-30,1,1,1
67,1,1,2,2,2,2,2,1,0,0,0,0,60,4,0,2,2024,56-70,4,1,0
69,2,2,2,2,2,2,0,0,0,0,0,0,0,0,3,2,2024,56-70,4,0,0
36,1,2,1,2,1,1,0,0,1,2,0,0,30,3,0,2,2024,31-45,2,1,1
71,1,1,2,2,2,2,2,1,0,0,0,0,30,3,0,1,2024,70+,5,1,0
49,1,2,2,1,2,2,0,0,0,0,2,1,15,2,0,1,2024,46-55,3,1,0
38,1,1,2,2,2,1,2,1,0,0,0,0,30,1,0,1,2024,31-45,2,1,1
68,1,1,2,2,2,1,2,1,0,0,0,0,60,3,0,2,2024,56-70,4,1,1
66,2,2,2,2,2,2,0,0,0,0,0,0,0,0,5,3,2024,56-70,4,0,0
46,1,2,1,2,2,2,0,0,2,1,0,0,10,2,0,1,2024,46-55,3,1,0
54,2,2,2,2,2,1,0,0,0,0,0,0,15,3,0,2,2024,46-55,3,0,1
40,2,2,2,2,2,1,0,0,0,0,0,0,10,1,0,2,2024,31-45,2,0,1
53,1,2,1,2,2,2,0,0,2,1,0,0,30,1,0,2,2024,46-55,3,1,0
47,2,2,2,2,2,1,0,0,0,0,0,0,5,2,0,1,2024,46-55,3,0,1
50,1,1,1,1,2,1,2,1,1,2,1,2,60,3,0,1,2024,46-55,3,1,1
63,1,1,2,2,2,1,2,1,0,0,0,0,90,3,0,1,2024,56-70,4,1,1
54,2,2,2,2,2,2,0,0,0,0,0,0,0,0,3,1,2024,46-55,3,0,0
69,1,1,1,2,2,2,2,1,2,1,0,0,20,3,0,2,2024,56-70,4,1,0
52,1,1,2,2,2,1,2,1,0,0,0,0,60,4,0,2,2024,46-55,3,1,1
45,1,2,2,2,2,2,0,0,0,0,0,0,0,0,3,2,2024,31-45,2,0,0
35,1,1,2,2,2,1,1,1,0,0,0,0,30,4,0,1,2024,31-45,2,1,1
24,1,1,2,2,1,2,2,1,0,0,0,0,60,3,0,1,2024,18-30,1,1,0
59,1,2,2,2,2,1,0,0,0,0,0,0,10,4,0,1,2024,56-70,4,0,1
36,2,2,2,2,2,1,0,0,0,0,0,0,60,3,0,1,2024,31-45,2,0,1
34,2,2,2,2,2,1,0,0,0,0,0,0,25,2,0,1,2024,31-45,2,0,1
67,1,1,1,2,2,2,2,1,2,1,0,0,20,3,0,2,2024,56-70,4,1,0
49,2,2,2,2,2,2,0,0,0,0,0,0,0,0,3,1,2024,46-55,3,0,0
35,1,2,1,2,2,1,0,0,2,1,0,0,30,4,0,1,2024,31-45,2,1,1
50,1,2,1,2,2,1,0,0,2,1,0,0,30,4,0,2,2024,46-55,3,1,1
31,1,1,2,2,1,1,1,1,0,0,0,0,60,4,0,1,2024,31-45,2,1,1
30,1,1,2,1,2,1,2,1,0,0,2,1,20,3,0,1,2024,18-30,1,1,1
38,1,1,2,2,2,1,2,1,0,0,0,0,5,3,0,1,2024,31-45,2,1,1
30,1,1,1,2,1,1,2,1,2,1,0,0,30,4,0,2,2024,18-30,1,1,1
22,2,2,2,2,2,1,0,0,0,0,0,0,10,1,0,1,2024,18-30,1,0,1
77,2,2,2,2,2,2,0,0,0,0,0,0,0,0,3,2,2024,70+,5,0,0
54,2,2,2,2,2,1,0,0,0,0,0,0,5,2,0,1,2024,46-55,3,0,1
56,1,2,2,2,2,1,0,0,0,0,0,0,10,4,0,2,2024,56-70,4,0,1
94,2,2,2,2,2,2,0,0,0,0,0,0,0,0,5,2,2024,70+,5,0,0
63,1,1,2,1,2,1,2,1,0,0,1,2,20,3,0,1,2024,56-70,4,1,1
56,1,1,1,1,2,1,2,1,2,1,2,1,40,3,0,1,2024,56-70,4,1,1
80,1,1,2,2,2,2,2,1,0,0,0,0,30,3,0,2,2024,70+,5,1,0
84,2,1,2,2,2,2,2,1,0,0,0,0,60,3,0,1,2024,70+,5,1,0
54,1,1,1,2,2,2,1,2,1,2,0,0,30,4,0,1,2024,46-55,3,1,0
70,1,1,1,1,2,1,2,1,2,1,2,1,45,4,0,1,2024,56-70,4,1,1
47,1,1,2,2,2,2,2,1,0,0,0,0,60,3,0,2,2024,46-55,3,1,0
23,2,2,2,2,2,1,0,0,0,0,0,0,5,3,0,1,2024,18-30,1,0,1
26,1,2,1,2,2,1,0,0,1,2,0,0,30,4,0,1,2024,18-30,1,1,1
33,1,2,2,2,2,2,0,0,0,0,0,0,0,0,2,2,2024,31-45,2,0,0
50,1,2,1,2,2,1,0,0,1,2,0,0,15,2,0,1,2024,46-55,3,1,1
73,1,1,1,2,1,1,1,2,1,2,0,0,60,3,0,2,2024,70+,5,1,1
26,1,1,2,2,2,2,2,1,0,0,0,0,60,3,0,1,2024,18-30,1,1,0
62,2,2,2,2,2,2,0,0,0,0,0,0,0,0,3,2,2024,56-70,4,0,0
52,1,2,2,2,2,1,0,0,0,0,0,0,60,3,0,1,2024,46-55,3,0,1
25,2,2,2,1,2,2,0,0,0,0,2,1,30,2,0,1,2024,18-30,1,1,0
70,1,2,1,1,2,1,0,0,2,1,2,1,30,3,0,2,2024,56-70,4,1,1
81,1,2,1,2,2,2,0,0,2,1,0,0,60,2,0,1,2024,70+,5,1,0
75,2,2,2,2,2,1,0,0,0,0,0,0,10,4,0,1,2024,70+,5,0,1
66,2,2,2,2,2,2,0,0,0,0,0,0,0,0,2,2,2024,56-70,4,0,0
69,1,2,2,1,2,2,0,0,0,0,2,1,20,2,0,2,2024,56-70,4,1,0
39,1,2,1,2,2,1,0,0,1,2,0,0,30,3,0,1,2024,31-45,2,1,1
51,2,2,1,2,2,2,0,0,2,1,0,0,60,3,0,1,2024,46-55,3,1,0
40,1,1,2,1,2,1,2,1,0,0,2,1,30,3,0,1,2024,31-45,2,1,1
19,1,1,2,2,1,2,2,1,0,0,0,0,60,4,0,2,2024,18-30,1,1,0
37,1,1,2,2,2,2,2,1,0,0,0,0,60,2,0,1,2024,31-45,2,1,0
20,1,2,2,1,2,2,0,0,0,0,2,1,10,2,0,1,2024,18-30,1,1,0
32,2,2,2,1,2,2,0,0,0,0,2,1,30,4,0,1,2024,31-45,2,1,0
22,1,2,2,1,1,1,0,0,0,0,2,1,60,4,0,1,2024,18-30,1,1,1
39,2,2,2,2,2,2,0,0,0,0,0,0,0,0,1,2,2024,31-45,2,0,0
66,1,1,2,2,2,1,1,1,0,0,0,0,120,4,0,1,2024,56-70,4,1,1
49,1,1,2,2,2,1,2,1,0,0,0,0,30,3,0,1,2024,46-55,3,1,1
52,1,1,2,2,2,1,2,1,0,0,0,0,20,4,0,1,2024,46-55,3,1,1
27,1,1,2,2,2,1,1,1,0,0,0,0,120,3,0,1,2024,18-30,1,1,1
48,1,2,1,1,2,2,0,0,2,1,2,1,60,3,0,1,2024,46-55,3,1,0
61,1,1,2,2,2,2,2,1,0,0,0,0,30,3,0,1,2024,56-70,4,1,0
44,1,2,1,2,2,1,0,0,1,2,0,0,60,2,0,1,2024,31-45,2,1,1
42,1,2,2,2,2,2,0,0,0,0,0,0,0,0,2,1,2024,31-45,2,0,0
45,1,2,2,1,2,2,0,0,0,0,2,1,10,1,0,2,2024,31-45,2,1,0
25,2,2,1,1,2,2,0,0,2,1,2,1,15,1,0,1,2024,18-30,1,1,0
70,0,0,0,0,0,0,0,0,0,0,0,0,0,0,0,0,2024,56-70,4,0,0
61,2,2,2,2,2,2,0,0,0,0,0,0,0,0,2,2,2024,56-70,4,0,0
46,1,2,2,2,2,2,0,0,0,0,0,0,0,0,3,2,2024,46-55,3,0,0
33,1,1,2,2,2,2,2,1,0,0,0,0,30,4,0,2,2024,31-45,2,1,0
30,1,1,2,1,2,1,2,1,0,0,2,1,60,4,0,1,2024,18-30,1,1,1
68,1,1,1,1,2,1,2,1,2,1,2,1,60,3,0,1,2024,56-70,4,1,1
45,1,1,2,1,2,1,2,1,0,0,2,1,45,3,0,1,2024,31-45,2,1,1
50,1,1,1,1,2,1,1,2,1,2,2,1,90,4,0,1,2024,46-55,3,1,1
67,1,1,2,2,2,1,2,1,0,0,0,0,60,3,0,1,2024,56-70,4,1,1
87,2,2,2,2,2,2,0,0,0,0,0,0,0,0,6,1,2024,70+,5,0,0
26,2,1,1,2,2,1,2,1,2,1,0,0,60,4,0,1,2024,18-30,1,1,1
84,1,2,1,2,2,2,0,0,2,1,0,0,60,3,0,1,2024,70+,5,1,0
57,2,2,2,2,2,2,0,0,0,0,0,0,0,0,3,2,2024,56-70,4,0,0
45,1,1,2,2,2,1,1,2,0,0,0,0,60,2,0,1,2024,31-45,2,1,1
61,1,1,2,2,2,2,2,1,0,0,0,0,40,3,0,2,2024,56-70,4,1,0
49,1,1,1,1,2,2,2,1,2,1,2,1,60,3,0,1,2024,46-55,3,1,0
53,2,2,2,2,2,2,0,0,0,0,0,0,0,0,3,2,2024,46-55,3,0,0
31,1,1,1,2,2,2,1,2,2,1,0,0,15,3,0,2,2024,31-45,2,1,0
50,2,2,2,2,2,2,0,0,0,0,0,0,0,0,3,2,2024,46-55,3,0,0
60,1,1,2,2,2,2,1,2,0,0,0,0,60,3,0,2,2024,56-70,4,1,0
26,1,1,2,2,2,2,2,1,0,0,0,0,30,4,0,1,2024,18-30,1,1,0
61,1,2,1,2,2,2,0,0,2,1,0,0,30,3,0,1,2024,56-70,4,1,0
31,2,2,2,2,2,2,0,0,0,0,0,0,0,0,3,2,2024,31-45,2,0,0
30,1,1,1,2,2,2,1,2,2,1,0,0,30,3,0,2,2024,18-30,1,1,0
35,2,2,2,2,2,2,0,0,0,0,0,0,0,0,3,1,2024,31-45,2,0,0
29,1,1,2,2,2,2,1,2,0,0,0,0,30,3,0,1,2024,18-30,1,1,0
25,1,2,1,2,2,2,0,0,2,1,0,0,20,4,0,1,2024,18-30,1,1,0
57,2,2,2,2,2,2,0,0,0,0,0,0,0,0,3,1,2024,56-70,4,0,0
23,1,1,2,2,2,2,1,2,0,0,0,0,20,2,0,1,2024,18-30,1,1,0
50,1,1,2,2,2,2,2,1,0,0,0,0,30,3,0,1,2024,46-55,3,1,0
40,1,1,2,2,2,2,2,1,0,0,0,0,60,4,0,1,2024,31-45,2,1,0
45,2,2,2,2,2,2,0,0,0,0,0,0,0,0,3,2,2024,31-45,2,0,0
61,1,1,2,2,2,2,2,1,0,0,0,0,120,3,0,1,2024,56-70,4,1,0
52,2,2,2,2,2,2,0,0,0,0,0,0,0,0,2,2,2024,46-55,3,0,0
58,1,1,2,2,2,2,2,1,0,0,0,0,30,3,0,2,2024,56-70,4,1,0
69,1,1,2,2,2,2,2,1,0,0,0,0,30,4,0,1,2024,56-70,4,1,0
35,1,1,2,2,2,1,2,1,0,0,0,0,20,3,0,1,2024,31-45,2,1,1
55,2,2,2,2,2,2,0,0,0,0,0,0,0,0,3,2,2024,46-55,3,0,0
34,1,2,1,2,1,1,0,0,1,2,0,0,30,3,0,1,2024,31-45,2,1,1
27,2,2,2,2,2,2,0,0,0,0,0,0,0,0,3,2,2024,18-30,1,0,0
53,2,2,2,2,2,2,0,0,0,0,0,0,0,0,3,2,2024,46-55,3,0,0
35,2,2,2,2,2,2,0,0,0,0,0,0,0,0,3,2,2024,31-45,2,0,0
36,1,2,2,1,2,1,0,0,0,0,1,2,10,3,0,1,2024,31-45,2,1,1
72,2,2,2,2,2,1,0,0,0,0,0,0,20,4,0,1,2024,70+,5,0,1
33,2,2,2,2,2,2,0,0,0,0,0,0,0,0,3,1,2024,31-45,2,0,0
28,1,1,2,2,1,1,2,1,0,0,0,0,120,3,0,1,2024,18-30,1,1,1
36,1,2,2,1,2,2,0,0,0,0,1,2,30,3,0,1,2024,31-45,2,1,0
26,2,2,2,1,2,1,0,0,0,0,2,1,30,3,0,2,2024,18-30,1,1,1
68,1,1,1,1,2,1,1,1,2,1,2,1,60,4,0,1,2024,56-70,4,1,1
52,1,2,2,1,2,1,0,0,0,0,2,1,45,4,0,2,2024,46-55,3,1,1
57,1,1,2,1,2,2,2,1,0,0,2,1,30,2,0,2,2024,56-70,4,1,0
30,2,2,2,2,2,2,0,0,0,0,0,0,0,0,3,2,2024,18-30,1,0,0
19,1,1,1,2,1,1,2,1,1,2,0,0,90,2,0,2,2024,18-30,1,1,1
25,1,1,2,2,1,2,2,1,0,0,0,0,120,4,0,1,2024,18-30,1,1,0
65,2,2,2,2,2,1,0,0,0,0,0,0,20,2,0,1,2024,56-70,4,0,1
38,1,1,1,2,2,1,1,1,2,1,0,0,20,3,0,1,2024,31-45,2,1,1
36,1,1,1,2,2,1,1,2,1,2,0,0,30,3,0,1,2024,31-45,2,1,1
54,1,1,1,2,2,1,2,1,2,1,0,0,15,3,0,2,2024,46-55,3,1,1
22,1,1,2,2,2,1,1,2,0,0,0,0,60,3,0,2,2024,18-30,1,1,1
26,1,2,1,2,2,2,0,0,2,1,0,0,20,4,0,1,2024,18-30,1,1,0
21,1,2,1,2,2,1,0,0,1,2,0,0,10,3,0,1,2024,18-30,1,1,1
43,2,2,2,2,2,2,0,0,0,0,0,0,0,0,2,1,2024,31-45,2,0,0
60,2,2,2,2,2,2,0,0,0,0,0,0,0,0,2,2,2024,56-70,4,0,0
37,1,2,2,2,2,2,0,0,0,0,0,0,0,0,1,1,2024,31-45,2,0,0
46,1,2,2,2,2,1,0,0,0,0,0,0,60,2,0,1,2024,46-55,3,0,1
52,1,1,1,1,2,2,2,1,2,1,2,1,15,3,0,2,2024,46-55,3,1,0
22,1,2,1,2,2,1,0,0,1,2,0,0,15,2,0,2,2024,18-30,1,1,1
64,2,2,2,2,2,2,0,0,0,0,0,0,0,0,2,2,2024,56-70,4,0,0
34,1,1,2,2,2,1,2,1,0,0,0,0,60,4,0,2,2024,31-45,2,1,1
57,1,1,2,1,2,1,2,1,0,0,2,1,15,4,0,2,2024,56-70,4,1,1
51,2,2,2,2,2,2,0,0,0,0,0,0,0,0,1,1,2024,46-55,3,0,0
31,2,1,1,2,1,2,2,1,2,1,0,0,20,2,0,1,2024,31-45,2,1,0
60,1,2,1,2,2,1,0,0,2,1,0,0,20,2,0,2,2024,56-70,4,1,1
64,1,2,1,1,2,2,0,0,2,1,2,1,30,3,0,1,2024,56-70,4,1,0
54,1,2,2,1,2,2,0,0,0,0,2,1,30,3,0,2,2024,46-55,3,1,0
21,1,1,1,2,2,1,1,2,1,2,0,0,15,3,0,1,2024,18-30,1,1,1
35,1,1,2,2,2,1,2,1,0,0,0,0,60,3,0,1,2024,31-45,2,1,1
49,1,1,1,2,2,1,1,2,2,1,0,0,120,3,0,1,2024,46-55,3,1,1
44,1,1,2,2,2,2,2,1,0,0,0,0,30,3,0,2,2024,31-45,2,1,0
26,2,2,2,2,2,2,0,0,0,0,0,0,0,0,1,1,2024,18-30,1,0,0
52,2,2,2,2,2,2,0,0,0,0,0,0,0,0,3,2,2024,46-55,3,0,0
74,1,1,2,2,2,1,2,1,0,0,0,0,20,3,0,2,2024,70+,5,1,1
40,1,2,2,1,2,1,0,0,0,0,1,2,60,3,0,2,2024,31-45,2,1,1
61,1,1,2,1,2,1,1,1,0,0,2,1,90,3,0,1,2024,56-70,4,1,1
24,1,2,1,2,2,1,0,0,2,1,0,0,20,4,0,1,2024,18-30,1,1,1
47,1,1,1,1,1,1,2,1,1,1,2,1,60,3,0,1,2024,46-55,3,1,1
24,2,2,1,2,2,1,0,0,2,1,0,0,20,4,0,1,2024,18-30,1,1,1
75,1,2,2,1,1,2,0,0,0,0,2,1,30,4,0,2,2024,70+,5,1,0
83,1,2,2,1,2,2,0,0,0,0,2,1,25,3,0,2,2024,70+,5,1,0
70,1,2,2,2,2,2,0,0,0,0,0,0,0,0,4,2,2024,56-70,4,0,0
46,1,2,2,2,2,2,0,0,0,0,0,0,0,0,3,1,2024,46-55,3,0,0
24,1,1,1,2,2,2,1,2,2,1,0,0,20,4,0,1,2024,18-30,1,1,0
54,2,2,2,1,2,2,0,0,0,0,2,1,30,2,0,1,2024,46-55,3,1,0
37,1,1,2,2,2,1,2,1,0,0,0,0,30,4,0,1,2024,31-45,2,1,1
80,1,1,2,2,2,2,2,1,0,0,0,0,30,2,0,2,2024,70+,5,1,0
65,1,1,2,2,2,1,2,1,0,0,0,0,60,2,0,2,2024,56-70,4,1,1
50,2,2,1,2,2,2,0,0,2,1,0,0,60,3,0,1,2024,46-55,3,1,0
22,1,1,2,2,2,1,2,1,0,0,0,0,30,3,0,1,2024,18-30,1,1,1
57,1,2,1,1,2,1,0,0,2,1,2,1,60,3,0,1,2024,56-70,4,1,1
68,1,2,1,2,1,2,0,0,2,1,0,0,20,2,0,2,2024,56-70,4,1,0
20,1,1,1,2,2,1,2,1,1,2,0,0,20,3,0,1,2024,18-30,1,1,1
35,1,1,2,2,2,2,2,1,0,0,0,0,60,4,0,2,2024,31-45,2,1,0
52,1,2,2,1,2,2,0,0,0,0,2,1,30,3,0,2,2024,46-55,3,1,0
69,1,1,2,2,2,2,2,1,0,0,0,0,90,4,0,2,2024,56-70,4,1,0
48,2,2,2,2,2,2,0,0,0,0,0,0,0,0,3,2,2024,46-55,3,0,0
43,2,2,2,2,2,1,0,0,0,0,0,0,30,3,0,2,2024,31-45,2,0,1
51,1,1,2,2,2,1,2,1,0,0,0,0,120,3,0,2,2024,46-55,3,1,1
21,1,1,1,2,2,1,2,1,2,1,0,0,60,3,0,1,2024,18-30,1,1,1
67,1,2,1,1,2,2,0,0,2,1,2,1,30,3,0,1,2024,56-70,4,1,0
47,1,1,1,2,2,1,2,1,2,1,0,0,30,4,0,2,2024,46-55,3,1,1
69,2,2,2,2,2,2,0,0,0,0,0,0,0,0,5,2,2024,56-70,4,0,0
59,2,2,2,2,2,2,0,0,0,0,0,0,0,0,3,2,2024,56-70,4,0,0
21,1,1,2,2,2,1,2,1,0,0,0,0,60,3,0,2,2024,18-30,1,1,1
71,2,2,2,2,2,2,0,0,0,0,0,0,0,0,2,2,2024,70+,5,0,0
67,2,2,2,2,2,2,0,0,0,0,0,0,0,0,2,1,2024,56-70,4,0,0
58,1,1,1,1,2,2,2,1,2,1,2,1,60,2,0,1,2024,56-70,4,1,0
19,1,2,1,2,1,1,0,0,2,1,0,0,30,3,0,1,2024,18-30,1,1,1
58,1,1,2,2,2,2,2,1,0,0,0,0,30,3,0,1,2024,56-70,4,1,0
49,1,2,2,2,2,1,0,0,0,0,0,0,20,2,0,2,2024,46-55,3,0,1
56,1,2,2,1,2,2,0,0,0,0,2,1,30,3,0,2,2024,56-70,4,1,0
54,2,2,2,2,2,2,0,0,0,0,0,0,0,0,5,1,2024,46-55,3,0,0
69,2,2,2,2,2,2,0,0,0,0,0,0,0,0,1,2,2024,56-70,4,0,0
31,1,2,1,2,2,1,0,0,2,1,0,0,120,4,0,1,2024,31-45,2,1,1
32,1,1,2,2,2,2,2,1,0,0,0,0,30,3,0,1,2024,31-45,2,1,0
25,2,2,2,2,2,2,0,0,0,0,0,0,0,0,1,1,2024,18-30,1,0,0
26,1,1,2,2,2,2,2,1,0,0,0,0,20,3,0,2,2024,18-30,1,1,0
44,0,0,0,0,0,0,0,0,0,0,0,0,0,0,0,0,2024,31-45,2,0,0
26,1,1,2,2,2,2,1,2,0,0,0,0,90,3,0,1,2024,18-30,1,1,0
44,1,1,2,2,2,2,2,1,0,0,0,0,40,3,0,1,2024,31-45,2,1,0
52,2,2,2,2,2,2,0,0,0,0,0,0,0,0,2,1,2024,46-55,3,0,0
31,2,2,2,2,2,2,0,0,0,0,0,0,0,0,3,1,2024,31-45,2,0,0
44,1,2,1,2,2,1,0,0,1,2,0,0,10,3,0,1,2024,31-45,2,1,1
69,2,2,1,2,2,2,0,0,2,1,0,0,30,3,0,1,2024,56-70,4,1,0
62,2,2,2,2,2,2,0,0,0,0,0,0,0,0,3,2,2024,56-70,4,0,0
33,1,1,2,2,1,1,2,1,0,0,0,0,30,2,0,1,2024,31-45,2,1,1
55,2,2,2,2,2,2,0,0,0,0,0,0,0,0,3,1,2024,46-55,3,0,0
32,2,1,2,2,2,1,2,1,0,0,0,0,20,2,0,2,2024,31-45,2,1,1
29,1,1,2,2,2,1,2,1,0,0,0,0,10,3,0,1,2024,18-30,1,1,1
54,2,2,2,2,2,2,0,0,0,0,0,0,0,0,3,2,2024,46-55,3,0,0
50,1,1,2,2,2,2,2,1,0,0,0,0,120,3,0,1,2024,46-55,3,1,0
20,1,1,2,2,2,1,2,1,0,0,0,0,30,2,0,2,2024,18-30,1,1,1
28,2,2,2,2,2,2,0,0,0,0,0,0,0,0,3,1,2024,18-30,1,0,0
59,1,2,2,1,2,2,0,0,0,0,2,1,30,3,0,2,2024,56-70,4,1,0
29,2,2,2,2,2,2,0,0,0,0,0,0,0,0,3,1,2024,18-30,1,0,0
31,1,2,1,2,2,1,0,0,2,1,0,0,10,3,0,2,2024,31-45,2,1,1
24,2,2,1,1,2,1,0,0,1,2,1,2,10,3,0,2,2024,18-30,1,1,1
65,1,2,1,1,2,2,0,0,1,2,1,2,60,3,0,1,2024,56-70,4,1,0
41,2,1,2,2,1,1,2,1,0,0,0,0,30,3,0,1,2024,31-45,2,1,1
42,1,2,1,1,2,2,0,0,2,1,2,1,40,3,0,1,2024,31-45,2,1,0
50,2,2,1,2,2,1,0,0,1,2,0,0,20,3,0,1,2024,46-55,3,1,1
23,1,1,2,2,2,1,2,1,0,0,0,0,300,3,0,1,2024,18-30,1,1,1
41,1,2,1,1,1,2,0,0,2,1,2,1,60,3,0,2,2024,31-45,2,1,0
58,1,2,2,2,2,1,0,0,0,0,0,0,120,3,0,1,2024,56-70,4,0,1
34,1,1,2,2,2,1,1,2,0,0,0,0,30,3,0,2,2024,31-45,2,1,1
49,1,1,1,2,2,2,2,1,2,1,0,0,20,4,0,2,2024,46-55,3,1,0
29,2,2,1,1,2,2,0,0,2,1,2,1,30,4,0,1,2024,18-30,1,1,0
33,2,2,2,2,2,2,0,0,0,0,0,0,0,0,1,2,2024,31-45,2,0,0
20,1,1,2,2,2,1,2,1,0,0,0,0,40,3,0,1,2024,18-30,1,1,1
51,2,2,2,2,2,1,0,0,0,0,0,0,90,3,0,2,2024,46-55,3,0,1
41,1,1,1,2,1,1,1,2,1,2,0,0,60,3,0,1,2024,31-45,2,1,1
25,2,2,2,2,2,2,0,0,0,0,0,0,0,0,2,2,2024,18-30,1,0,0
19,1,2,2,2,2,1,0,0,0,0,0,0,60,3,0,2,2024,18-30,1,0,1
48,1,1,2,1,2,1,1,1,0,0,1,2,120,4,0,1,2024,46-55,3,1,1
26,1,1,2,2,2,2,2,1,0,0,0,0,60,3,0,2,2024,18-30,1,1,0
35,1,1,2,2,2,2,2,1,0,0,0,0,30,3,0,1,2024,31-45,2,1,0
75,2,2,2,2,2,2,0,0,0,0,0,0,0,0,5,2,2024,70+,5,0,0
73,2,2,2,2,2,2,0,0,0,0,0,0,0,0,5,3,2024,70+,5,0,0
79,1,1,2,2,2,2,2,1,0,0,0,0,15,3,0,1,2024,70+,5,1,0
74,1,2,2,1,2,2,0,0,0,0,2,1,60,3,0,2,2024,70+,5,1,0
57,2,2,2,1,2,2,0,0,0,0,1,2,180,3,0,2,2024,56-70,4,1,0
71,1,2,2,2,2,1,0,0,0,0,0,0,20,3,0,1,2024,70+,5,0,1
31,1,2,2,1,2,1,0,0,0,0,2,1,15,4,0,2,2024,31-45,2,1,1
42,0,0,0,0,0,0,0,0,0,0,0,0,0,0,0,0,2024,31-45,2,0,0
63,2,2,2,2,2,1,0,0,0,0,0,0,30,4,0,1,2024,56-70,4,0,1
47,2,2,2,2,2,2,0,0,0,0,0,0,0,0,3,2,2024,46-55,3,0,0
28,1,1,2,2,2,1,1,2,0,0,0,0,20,3,0,1,2024,18-30,1,1,1
51,2,2,2,2,2,2,0,0,0,0,0,0,0,0,1,2,2024,46-55,3,0,0
31,2,2,2,1,2,1,0,0,0,0,2,1,20,3,0,1,2024,31-45,2,1,1
48,1,2,2,2,2,2,0,0,0,0,0,0,0,0,4,2,2024,46-55,3,0,0
57,2,2,2,2,2,2,0,0,0,0,0,0,0,0,3,2,2024,56-70,4,0,0
21,1,1,1,2,1,1,2,1,2,1,0,0,60,3,0,1,2024,18-30,1,1,1
36,2,2,2,2,2,1,0,0,0,0,0,0,10,3,0,1,2024,31-45,2,0,1
84,1,1,1,2,2,2,2,1,2,1,0,0,60,1,0,2,2024,70+,5,1,0
25,1,1,2,2,2,1,2,1,0,0,0,0,20,2,0,1,2024,18-30,1,1,1
32,1,2,1,2,2,1,0,0,1,1,0,0,30,4,0,1,2024,31-45,2,1,1
48,1,1,2,2,2,1,2,1,0,0,0,0,15,4,0,1,2024,46-55,3,1,1
29,2,2,1,2,2,1,0,0,2,1,0,0,10,2,0,2,2024,18-30,1,1,1
79,1,2,2,2,2,2,0,0,0,0,0,0,0,0,6,2,2024,70+,5,0,0
42,2,2,2,2,2,1,0,0,0,0,0,0,30,3,0,1,2024,31-45,2,0,1
61,2,2,2,2,2,2,0,0,0,0,0,0,0,0,1,2,2024,56-70,4,0,0
68,1,1,1,1,1,1,1,1,1,1,1,2,60,4,0,1,2024,56-70,4,1,1
37,2,2,1,2,2,1,0,0,1,1,0,0,20,3,0,1,2024,31-45,2,1,1
24,1,1,1,2,1,1,1,1,1,2,0,0,35,4,0,1,2024,18-30,1,1,1
39,1,1,2,1,2,1,1,1,0,0,2,1,30,3,0,1,2024,31-45,2,1,1
24,1,1,2,2,1,2,1,1,0,0,0,0,120,4,0,1,2024,18-30,1,1,0
67,1,1,2,2,2,2,2,1,0,0,0,0,15,2,0,2,2024,56-70,4,1,0
66,2,2,2,2,2,2,0,0,0,0,0,0,0,0,5,2,2024,56-70,4,0,0
38,1,2,2,2,2,1,0,0,0,0,0,0,10,3,0,2,2024,31-45,2,0,1
29,2,2,2,2,1,2,0,0,0,0,0,0,30,3,0,1,2024,18-30,1,1,0
52,1,1,2,2,2,2,2,1,0,0,0,0,10,3,0,1,2024,46-55,3,1,0
39,1,1,2,1,2,2,2,1,0,0,2,1,20,3,0,2,2024,31-45,2,1,0
45,2,2,2,2,2,1,0,0,0,0,0,0,15,3,0,1,2024,31-45,2,0,1
45,1,1,1,1,2,1,2,1,2,1,2,1,240,4,0,1,2024,31-45,2,1,1
66,1,2,2,1,2,1,0,0,0,0,1,2,20,3,0,2,2024,56-70,4,1,1
25,1,1,2,2,2,1,1,2,0,0,0,0,30,3,0,1,2024,18-30,1,1,1
23,1,2,1,2,1,1,0,0,1,2,0,0,60,3,0,1,2024,18-30,1,1,1
43,1,1,2,2,2,1,2,1,0,0,0,0,20,3,0,1,2024,31-45,2,1,1
48,1,2,2,2,2,1,0,0,0,0,0,0,15,3,0,2,2024,46-55,3,0,1
58,2,2,2,2,2,2,0,0,0,0,0,0,0,0,5,2,2024,56-70,4,0,0
52,1,1,2,2,2,2,2,1,0,0,0,0,60,1,0,2,2024,46-55,3,1,0
44,1,2,1,2,2,1,0,0,1,2,0,0,30,3,0,1,2024,31-45,2,1,1
26,2,2,1,2,2,1,0,0,2,1,0,0,60,3,0,1,2024,18-30,1,1,1
30,1,1,1,2,2,1,2,1,2,1,0,0,30,2,0,2,2024,18-30,1,1,1
73,2,1,2,2,2,2,2,1,0,0,0,0,30,3,0,1,2024,70+,5,1,0
39,1,1,2,2,2,1,2,1,0,0,0,0,40,3,0,1,2024,31-45,2,1,1
22,1,1,1,2,2,1,2,1,2,1,0,0,90,3,0,1,2024,18-30,1,1,1
67,2,2,2,2,2,2,0,0,0,0,0,0,0,0,1,2,2024,56-70,4,0,0
49,1,1,2,2,2,1,1,2,0,0,0,0,45,3,0,1,2024,46-55,3,1,1
40,1,2,2,2,2,1,0,0,0,0,0,0,30,2,0,2,2024,31-45,2,0,1
41,2,2,2,2,2,2,0,0,0,0,0,0,0,0,3,2,2024,31-45,2,0,0
19,2,1,2,2,2,2,2,1,0,0,0,0,15,3,0,1,2024,18-30,1,1,0
27,2,2,2,2,2,1,0,0,0,0,0,0,60,3,0,1,2024,18-30,1,0,1
31,1,1,1,2,2,1,2,1,2,1,0,0,20,3,0,1,2024,31-45,2,1,1
42,1,2,2,1,2,1,0,0,0,0,2,1,60,4,0,1,2024,31-45,2,1,1
24,2,2,2,2,2,2,0,0,0,0,0,0,0,0,3,2,2024,18-30,1,0,0
36,1,2,1,2,2,1,0,0,1,2,0,0,15,4,0,2,2024,31-45,2,1,1
29,1,1,2,2,2,1,2,1,0,0,0,0,30,3,0,2,2024,18-30,1,1,1
52,1,2,2,2,2,2,0,0,0,0,0,0,0,0,3,2,2024,46-55,3,0,0
39,1,1,2,2,2,2,2,1,0,0,0,0,45,3,0,1,2024,31-45,2,1,0
22,2,2,1,2,2,2,0,0,2,1,0,0,15,3,0,1,2024,18-30,1,1,0
72,1,1,2,2,2,2,2,1,0,0,0,0,10,1,0,2,2024,70+,5,1,0
29,1,1,2,2,2,1,2,1,0,0,0,0,20,2,0,1,2024,18-30,1,1,1
83,1,1,2,2,2,2,2,1,0,0,0,0,40,3,0,2,2024,70+,5,1,0
28,2,2,2,2,2,2,0,0,0,0,0,0,0,0,3,1,2024,18-30,1,0,0
52,1,1,2,2,2,2,2,1,0,0,0,0,30,3,0,1,2024,46-55,3,1,0
62,2,2,2,2,2,2,0,0,0,0,0,0,0,0,1,1,2024,56-70,4,0,0
32,1,1,1,1,2,1,1,1,2,1,1,2,20,3,0,1,2024,31-45,2,1,1
30,2,2,2,2,2,2,0,0,0,0,0,0,0,0,3,2,2024,18-30,1,0,0
35,1,2,1,2,2,2,0,0,2,1,0,0,10,2,0,1,2024,31-45,2,1,0
50,1,1,1,2,2,1,2,1,2,1,0,0,60,3,0,1,2024,46-55,3,1,1
51,1,1,1,2,2,1,2,1,2,1,0,0,30,3,0,1,2024,46-55,3,1,1
56,2,2,2,2,2,1,0,0,0,0,0,0,40,3,0,1,2024,56-70,4,0,1
53,1,1,2,2,2,1,2,1,0,0,0,0,45,3,0,1,2024,46-55,3,1,1
46,1,1,1,1,2,1,2,1,1,2,1,2,120,4,0,1,2024,46-55,3,1,1
51,1,1,2,2,2,2,2,1,0,0,0,0,60,3,0,2,2024,46-55,3,1,0
18,1,1,2,2,1,2,2,1,0,0,0,0,30,4,0,1,2024,18-30,1,1,0
43,2,2,2,2,2,2,0,0,0,0,0,0,0,0,1,2,2024,31-45,2,0,0
25,2,2,2,2,2,1,0,0,0,0,0,0,20,3,0,1,2024,18-30,1,0,1
55,1,1,2,2,2,2,2,1,0,0,0,0,40,3,0,2,2024,46-55,3,1,0
63,2,2,2,2,2,2,0,0,0,0,0,0,0,0,3,2,2024,56-70,4,0,0
55,2,1,2,2,2,2,2,1,0,0,0,0,45,3,0,1,2024,46-55,3,1,0
21,1,1,1,2,2,1,2,1,2,1,0,0,90,3,0,1,2024,18-30,1,1,1
49,1,1,2,2,2,2,1,2,0,0,0,0,20,2,0,2,2024,46-55,3,1,0
21,2,1,2,2,2,1,2,1,0,0,0,0,30,3,0,1,2024,18-30,1,1,1
37,1,2,2,2,2,1,0,0,0,0,0,0,120,2,0,2,2024,31-45,2,0,1
31,2,2,2,2,2,2,0,0,0,0,0,0,0,0,3,2,2024,31-45,2,0,0
39,1,1,1,2,2,1,2,1,2,1,0,0,120,3,0,1,2024,31-45,2,1,1
38,2,2,2,2,2,2,0,0,0,0,0,0,0,0,3,2,2024,31-45,2,0,0
27,1,1,2,2,2,1,2,1,0,0,0,0,60,2,0,1,2024,18-30,1,1,1
70,1,2,2,2,2,1,0,0,0,0,0,0,30,2,0,1,2024,56-70,4,0,1
60,1,2,2,2,2,1,0,0,0,0,0,0,30,4,0,2,2024,56-70,4,0,1
18,2,2,2,2,2,2,0,0,0,0,0,0,0,0,3,3,2024,18-30,1,0,0
48,2,2,2,2,2,2,0,0,0,0,0,0,0,0,3,1,2024,46-55,3,0,0
50,1,1,2,2,2,2,2,1,0,0,0,0,60,3,0,2,2024,46-55,3,1,0
24,1,2,2,2,2,1,0,0,0,0,0,0,60,3,0,1,2024,18-30,1,0,1
26,1,1,2,2,2,1,2,1,0,0,0,0,60,3,0,1,2024,18-30,1,1,1
35,1,1,2,2,2,1,2,1,0,0,0,0,50,3,0,1,2024,31-45,2,1,1
55,1,1,2,2,2,2,2,1,0,0,0,0,90,3,0,1,2024,46-55,3,1,0
56,2,2,2,2,2,1,0,0,0,0,0,0,20,3,0,1,2024,56-70,4,0,1
35,1,2,2,1,2,1,0,0,0,0,1,2,30,3,0,1,2024,31-45,2,1,1
40,1,1,1,1,2,1,1,2,1,2,2,1,20,4,0,1,2024,31-45,2,1,1
53,1,1,2,2,1,2,1,2,0,0,0,0,60,4,0,1,2024,46-55,3,1,0
51,1,1,2,2,2,2,2,1,0,0,0,0,20,4,0,1,2024,46-55,3,1,0
27,1,1,1,2,2,2,2,1,2,1,0,0,30,1,0,2,2024,18-30,1,1,0
51,1,1,2,2,2,1,2,1,0,0,0,0,30,3,0,1,2024,46-55,3,1,1
20,2,1,2,2,2,2,2,1,0,0,0,0,120,4,0,1,2024,18-30,1,1,0
28,2,2,2,2,2,2,0,0,0,0,0,0,0,0,3,1,2024,18-30,1,0,0
64,1,2,2,2,2,1,0,0,0,0,0,0,60,3,0,2,2024,56-70,4,0,1
64,1,1,2,2,2,2,2,1,0,0,0,0,30,3,0,1,2024,56-70,4,1,0
60,1,1,1,2,2,1,2,1,2,1,0,0,40,3,0,1,2024,56-70,4,1,1
44,1,1,2,2,2,1,2,1,0,0,0,0,40,4,0,1,2024,31-45,2,1,1
60,1,1,2,2,2,1,2,1,0,0,0,0,90,4,0,1,2024,56-70,4,1,1
58,2,2,2,2,2,2,0,0,0,0,0,0,0,0,5,1,2024,56-70,4,0,0
34,1,1,2,2,2,2,2,1,0,0,0,0,20,2,0,2,2024,31-45,2,1,0
54,2,2,2,2,2,2,0,0,0,0,0,0,0,0,3,1,2024,46-55,3,0,0
82,2,2,2,2,2,2,0,0,0,0,0,0,0,0,5,3,2024,70+,5,0,0
47,1,1,1,2,2,2,2,1,1,1,0,0,20,3,0,1,2024,46-55,3,1,0
23,2,2,2,2,2,2,0,0,0,0,0,0,0,0,2,1,2024,18-30,1,0,0
53,1,2,2,2,2,2,0,0,0,0,0,0,0,0,1,1,2024,46-55,3,0,0
21,1,1,2,2,2,1,1,1,0,0,0,0,30,3,0,1,2024,18-30,1,1,1
49,2,2,2,2,2,2,0,0,0,0,0,0,0,0,3,2,2024,46-55,3,0,0
40,2,2,2,2,2,2,0,0,0,0,0,0,0,0,4,1,2024,31-45,2,0,0
23,2,2,2,2,2,2,0,0,0,0,0,0,0,0,1,1,2024,18-30,1,0,0
29,1,2,2,1,2,2,0,0,0,0,2,1,30,4,0,1,2024,18-30,1,1,0
54,1,2,1,1,2,2,0,0,2,1,2,1,60,4,0,2,2024,46-55,3,1,0
30,2,2,2,2,2,2,0,0,0,0,0,0,0,0,1,1,2024,18-30,1,0,0
32,1,1,1,2,2,1,2,1,1,2,0,0,30,4,0,1,2024,31-45,2,1,1
53,1,1,1,2,2,2,2,1,2,1,0,0,30,3,0,1,2024,46-55,3,1,0
37,1,1,1,1,2,1,2,1,2,1,1,2,40,3,0,2,2024,31-45,2,1,1
30,1,1,1,2,1,1,2,1,2,1,0,0,60,3,0,1,2024,18-30,1,1,1
40,2,2,2,2,2,2,0,0,0,0,0,0,0,0,3,1,2024,31-45,2,0,0
35,2,2,2,2,2,1,0,0,0,0,0,0,20,2,0,1,2024,31-45,2,0,1
36,2,1,2,2,2,1,2,1,0,0,0,0,30,3,0,1,2024,31-45,2,1,1
23,1,1,2,2,2,1,2,1,0,0,0,0,60,3,0,1,2024,18-30,1,1,1
34,1,1,1,1,2,1,1,2,1,1,1,1,20,3,0,1,2024,31-45,2,1,1
44,2,1,2,2,2,1,1,1,0,0,0,0,30,3,0,1,2024,31-45,2,1,1
82,1,1,2,1,2,2,2,1,0,0,2,1,20,3,0,1,2024,70+,5,1,0
29,2,2,2,2,2,2,0,0,0,0,0,0,0,0,3,1,2024,18-30,1,0,0
45,2,2,2,2,2,2,0,0,0,0,0,0,0,0,3,1,2024,31-45,2,0,0
58,2,2,2,2,2,2,0,0,0,0,0,0,0,0,5,2,2024,56-70,4,0,0
30,1,2,1,1,2,2,0,0,2,1,2,1,30,2,0,2,2024,18-30,1,1,0
55,1,1,2,2,2,2,2,1,0,0,0,0,30,2,0,2,2024,46-55,3,1,0
36,1,1,2,1,2,1,2,1,0,0,2,1,25,3,0,1,2024,31-45,2,1,1
77,1,1,1,2,2,2,2,1,2,1,0,0,30,2,0,1,2024,70+,5,1,0
28,2,1,2,2,2,1,1,2,0,0,0,0,30,2,0,1,2024,18-30,1,1,1
49,1,1,2,2,2,1,2,1,0,0,0,0,10,4,0,2,2024,46-55,3,1,1
40,2,2,1,2,2,2,0,0,2,1,0,0,15,3,0,2,2024,31-45,2,1,0
39,2,2,1,2,2,2,0,0,2,1,0,0,20,3,0,2,2024,31-45,2,1,0
20,2,2,1,2,2,2,0,0,2,1,0,0,20,3,0,3,2024,18-30,1,1,0
60,1,1,2,1,2,1,2,1,0,0,2,1,15,3,0,1,2024,56-70,4,1,1
68,2,1,1,2,2,2,2,1,2,1,0,0,10,3,0,2,2024,56-70,4,1,0
33,2,2,2,1,2,2,0,0,0,0,2,1,10,2,0,2,2024,31-45,2,1,0
18,2,2,2,2,2,1,0,0,0,0,0,0,30,2,0,1,2024,18-30,1,0,1
25,2,2,1,1,2,2,0,0,2,1,2,1,20,2,0,2,2024,18-30,1,1,0
66,2,2,2,2,2,2,0,0,0,0,0,0,0,0,3,2,2024,56-70,4,0,0
58,1,2,2,1,2,2,0,0,0,0,2,1,60,4,0,1,2024,56-70,4,1,0
42,2,2,2,2,2,2,0,0,0,0,0,0,0,0,3,1,2024,31-45,2,0,0
23,2,2,2,2,2,2,0,0,0,0,0,0,0,0,1,1,2024,18-30,1,0,0
58,2,1,2,2,2,2,2,1,0,0,0,0,30,3,0,2,2024,56-70,4,1,0
28,1,2,1,1,2,2,0,0,2,1,2,1,20,3,0,2,2024,18-30,1,1,0
30,1,1,1,2,2,1,2,1,2,1,0,0,60,3,0,1,2024,18-30,1,1,1
71,1,2,2,1,2,2,0,0,0,0,2,1,10,3,0,2,2024,70+,5,1,0
30,1,1,1,2,2,1,2,1,1,2,0,0,30,4,0,1,2024,18-30,1,1,1
18,1,1,2,1,2,2,1,2,0,0,2,1,30,3,0,1,2024,18-30,1,1,0
32,1,1,1,2,2,1,2,1,2,1,0,0,30,3,0,2,2024,31-45,2,1,1
36,1,1,2,1,2,2,2,1,0,0,2,1,35,3,0,1,2024,31-45,2,1,0
25,1,2,1,1,2,2,0,0,2,1,2,1,25,2,0,2,2024,18-30,1,1,0
34,1,1,1,2,2,1,2,1,2,1,0,0,25,3,0,1,2024,31-45,2,1,1
54,2,2,2,1,2,2,0,0,0,0,2,1,20,2,0,1,2024,46-55,3,1,0
65,2,2,2,2,2,2,0,0,0,0,0,0,0,0,3,1,2024,56-70,4,0,0
60,2,2,2,2,2,1,0,0,0,0,0,0,20,3,0,2,2024,56-70,4,0,1
30,1,1,2,1,2,1,2,1,0,0,2,1,20,3,0,1,2024,18-30,1,1,1
46,1,1,2,2,2,1,2,1,0,0,0,0,20,4,0,2,2024,46-55,3,1,1
35,1,2,2,2,2,2,0,0,0,0,0,0,0,0,3,1,2024,31-45,2,0,0
22,2,2,2,2,2,2,0,0,0,0,0,0,0,0,3,2,2024,18-30,1,0,0
55,2,2,2,2,2,2,0,0,0,0,0,0,0,0,3,2,2024,46-55,3,0,0
71,2,1,1,2,2,2,2,1,2,1,0,0,30,1,0,2,2024,70+,5,1,0
22,2,2,1,1,1,1,0,0,2,1,2,1,10,3,0,1,2024,18-30,1,1,1
46,1,1,2,2,2,2,2,1,0,0,0,0,20,4,0,2,2024,46-55,3,1,0
34,2,2,2,2,2,1,0,0,0,0,0,0,15,2,0,1,2024,31-45,2,0,1
66,2,2,2,2,2,2,0,0,0,0,0,0,0,0,3,2,2024,56-70,4,0,0
60,2,2,2,2,2,2,0,0,0,0,0,0,0,0,3,2,2024,56-70,4,0,0
58,2,2,2,2,2,2,0,0,0,0,0,0,0,0,3,3,2024,56-70,4,0,0
59,1,2,1,2,2,2,0,0,2,1,0,0,30,3,0,1,2024,56-70,4,1,0
69,1,1,1,1,2,2,2,1,2,1,2,1,30,3,0,3,2024,56-70,4,1,0
26,1,1,2,2,2,1,2,1,0,0,0,0,60,3,0,1,2024,18-30,1,1,1
31,1,1,2,2,2,1,2,1,0,0,0,0,60,3,0,1,2024,31-45,2,1,1
57,2,2,2,2,2,2,0,0,0,0,0,0,0,0,5,2,2024,56-70,4,0,0
27,1,1,2,2,2,2,2,1,0,0,0,0,20,4,0,1,2024,18-30,1,1,0
33,1,2,1,1,1,1,0,0,2,1,2,1,30,3,0,1,2024,31-45,2,1,1
30,1,1,2,2,2,1,2,1,0,0,0,0,30,3,0,1,2024,18-30,1,1,1
70,1,2,2,1,2,2,0,0,0,0,2,1,20,3,0,1,2024,56-70,4,1,0
41,2,2,2,2,2,2,0,0,0,0,0,0,0,0,3,2,2024,31-45,2,0,0
38,2,2,2,2,2,2,0,0,0,0,0,0,0,0,3,1,2024,31-45,2,0,0
24,2,2,2,1,2,2,0,0,0,0,2,1,20,4,0,2,2024,18-30,1,1,0
61,1,1,2,2,2,2,2,1,0,0,0,0,30,4,0,2,2024,56-70,4,1,0
24,1,1,2,2,2,1,2,1,0,0,0,0,60,3,0,1,2024,18-30,1,1,1
21,1,1,1,2,2,1,1,2,2,1,0,0,60,4,0,1,2024,18-30,1,1,1
44,1,1,1,1,2,1,2,1,2,1,2,1,30,3,0,1,2024,31-45,2,1,1
45,2,2,2,2,2,2,0,0,0,0,0,0,0,0,3,2,2024,31-45,2,0,0
35,2,2,2,2,2,2,0,0,0,0,0,0,0,0,3,2,2024,31-45,2,0,0
31,1,1,2,2,2,1,2,1,0,0,0,0,30,3,0,1,2024,31-45,2,1,1
22,1,1,2,2,2,1,2,1,0,0,0,0,60,3,0,1,2024,18-30,1,1,1
46,2,2,2,2,2,2,0,0,0,0,0,0,0,0,3,2,2024,46-55,3,0,0
32,1,1,2,2,2,2,2,1,0,0,0,0,20,3,0,1,2024,31-45,2,1,0
37,2,2,2,2,2,2,0,0,0,0,0,0,0,0,3,1,2024,31-45,2,0,0
35,1,1,1,1,2,1,2,1,2,1,1,2,60,3,0,1,2024,31-45,2,1,1
25,1,1,2,2,2,1,2,1,0,0,0,0,45,3,0,1,2024,18-30,1,1,1
71,2,2,2,2,2,2,0,0,0,0,0,0,0,0,3,3,2024,70+,5,0,0
45,1,1,1,2,2,1,2,1,2,1,0,0,30,3,0,2,2024,31-45,2,1,1
24,1,1,1,1,2,1,2,1,2,1,2,1,10,4,0,2,2024,18-30,1,1,1
57,2,2,2,2,2,2,0,0,0,0,0,0,0,0,3,2,2024,56-70,4,0,0
34,2,2,2,2,2,2,0,0,0,0,0,0,0,0,3,1,2024,31-45,2,0,0
61,1,1,2,2,2,2,2,1,0,0,0,0,30,3,0,1,2024,56-70,4,1,0
56,2,2,2,2,2,2,0,0,0,0,0,0,0,0,3,1,2024,56-70,4,0,0
51,1,1,2,2,2,2,2,1,0,0,0,0,30,3,0,2,2024,46-55,3,1,0
22,2,2,2,2,2,2,0,0,0,0,0,0,0,0,3,2,2024,18-30,1,0,0
45,2,1,2,2,2,2,2,1,0,0,0,0,25,2,0,2,2024,31-45,2,1,0
21,1,1,2,2,2,1,2,1,0,0,0,0,30,2,0,3,2024,18-30,1,1,1
24,2,2,2,2,2,2,0,0,0,0,0,0,0,0,3,1,2024,18-30,1,0,0
69,2,2,2,2,2,2,0,0,0,0,0,0,0,0,5,2,2024,56-70,4,0,0
48,2,2,2,2,2,2,0,0,0,0,0,0,0,0,3,2,2024,46-55,3,0,0
47,1,2,2,2,2,1,0,0,0,0,0,0,5,3,0,2,2024,46-55,3,0,1
45,1,1,2,2,2,2,2,1,0,0,0,0,30,3,0,2,2024,31-45,2,1,0
21,2,1,2,2,1,1,2,1,0,0,0,0,30,1,0,2,2024,18-30,1,1,1
40,1,2,1,1,2,1,0,0,2,1,2,1,120,3,0,2,2024,31-45,2,1,1
61,2,2,2,2,2,2,0,0,0,0,0,0,0,0,5,2,2024,56-70,4,0,0
65,2,2,2,2,2,2,0,0,0,0,0,0,0,0,1,2,2024,56-70,4,0,0
54,1,1,2,1,2,2,2,1,0,0,1,2,10,3,0,2,2024,46-55,3,1,0
47,2,2,2,2,2,2,0,0,0,0,0,0,0,0,3,2,2024,46-55,3,0,0
39,2,2,2,2,2,1,0,0,0,0,0,0,10,3,0,2,2024,31-45,2,0,1
45,1,2,2,1,2,1,0,0,0,0,2,1,5,3,0,1,2024,31-45,2,1,1
21,1,1,1,2,2,1,1,2,2,1,0,0,60,3,0,1,2024,18-30,1,1,1
20,1,1,2,2,2,2,1,2,0,0,0,0,20,3,0,1,2024,18-30,1,1,0
71,2,2,2,2,2,1,0,0,0,0,0,0,10,3,0,2,2024,70+,5,0,1
57,2,2,2,2,2,1,0,0,0,0,0,0,20,3,0,2,2024,56-70,4,0,1
45,2,2,1,2,2,1,0,0,2,1,0,0,5,4,0,2,2024,31-45,2,1,1
26,1,1,2,2,2,1,2,1,0,0,0,0,30,3,0,1,2024,18-30,1,1,1
44,1,1,1,1,1,1,1,2,1,2,1,2,30,3,0,2,2024,31-45,2,1,1
22,2,2,2,2,2,1,0,0,0,0,0,0,10,3,0,2,2024,18-30,1,0,1
55,2,2,2,2,2,2,0,0,0,0,0,0,0,0,3,1,2024,46-55,3,0,0
47,1,2,1,1,2,2,0,0,2,1,2,1,20,4,0,1,2024,46-55,3,1,0
59,1,2,1,2,2,1,0,0,2,1,0,0,30,2,0,1,2024,56-70,4,1,1
65,1,1,1,2,2,1,2,1,2,1,0,0,90,3,0,1,2024,56-70,4,1,1
61,1,1,1,1,2,2,2,1,1,2,1,2,20,4,0,2,2024,56-70,4,1,0
63,1,1,1,2,2,2,2,1,2,1,0,0,30,3,0,2,2024,56-70,4,1,0
67,1,1,2,2,1,1,2,1,0,0,0,0,60,4,0,1,2024,56-70,4,1,1
50,2,2,2,1,2,1,0,0,0,0,2,1,5,4,0,1,2024,46-55,3,1,1
25,0,0,0,0,0,0,0,0,0,0,0,0,0,0,0,0,2024,18-30,1,0,0
33,2,2,2,2,2,2,0,0,0,0,0,0,0,0,3,1,2024,31-45,2,0,0
51,2,2,2,1,2,2,0,0,0,0,2,1,5,2,0,2,2024,46-55,3,1,0
65,2,2,2,2,2,2,0,0,0,0,0,0,0,0,3,2,2024,56-70,4,0,0
21,1,1,2,2,1,2,1,2,0,0,0,0,30,3,0,1,2024,18-30,1,1,0
62,1,1,2,2,2,1,2,1,0,0,0,0,60,3,0,1,2024,56-70,4,1,1
31,1,1,2,1,2,1,2,1,0,0,2,1,60,4,0,1,2024,31-45,2,1,1
82,1,1,2,1,2,2,2,1,0,0,2,1,15,3,0,2,2024,70+,5,1,0
52,2,2,2,2,2,2,0,0,0,0,0,0,0,0,3,2,2024,46-55,3,0,0
53,1,1,2,2,2,2,1,2,0,0,0,0,45,3,0,1,2024,46-55,3,1,0
62,2,2,2,2,2,2,0,0,0,0,0,0,0,0,3,2,2024,56-70,4,0,0
60,2,2,2,2,2,2,0,0,0,0,0,0,0,0,1,1,2024,56-70,4,0,0
28,1,2,2,2,2,1,0,0,0,0,0,0,25,1,0,2,2024,18-30,1,0,1
67,1,2,2,1,2,2,0,0,0,0,1,2,30,3,0,1,2024,56-70,4,1,0
76,1,1,2,2,2,1,2,1,0,0,0,0,30,4,0,2,2024,70+,5,1,1
32,1,1,2,2,2,1,1,2,0,0,0,0,30,3,0,1,2024,31-45,2,1,1
46,1,2,2,2,2,1,0,0,0,0,0,0,20,3,0,2,2024,46-55,3,0,1
71,2,2,2,2,2,2,0,0,0,0,0,0,0,0,5,1,2024,70+,5,0,0
38,2,2,2,2,2,2,0,0,0,0,0,0,0,0,5,2,2024,31-45,2,0,0
51,2,2,2,2,2,2,0,0,0,0,0,0,0,0,1,1,2024,46-55,3,0,0
28,1,2,2,2,2,1,0,0,0,0,0,0,10,2,0,1,2024,18-30,1,0,1
58,1,2,1,2,2,2,0,0,2,1,0,0,20,4,0,1,2024,56-70,4,1,0
25,1,1,2,1,1,1,1,2,0,0,1,2,60,3,0,1,2024,18-30,1,1,1
35,1,1,2,2,2,2,2,1,0,0,0,0,30,3,0,1,2024,31-45,2,1,0
33,1,1,2,2,2,2,2,1,0,0,0,0,20,3,0,1,2024,31-45,2,1,0
60,1,1,2,1,2,1,2,1,0,0,1,2,30,4,0,1,2024,56-70,4,1,1
40,2,2,2,2,2,2,0,0,0,0,0,0,0,0,3,2,2024,31-45,2,0,0
29,2,2,2,1,2,1,0,0,0,0,2,1,5,3,0,1,2024,18-30,1,1,1
47,1,1,2,2,2,2,1,1,0,0,0,0,10,2,0,2,2024,46-55,3,1,0
42,1,2,1,1,2,1,0,0,2,1,2,1,30,2,0,1,2024,31-45,2,1,1
77,1,2,2,1,2,2,0,0,0,0,2,1,5,2,0,2,2024,70+,5,1,0
36,2,2,2,2,2,2,0,0,0,0,0,0,0,0,1,2,2024,31-45,2,0,0
19,2,1,2,2,2,2,2,1,0,0,0,0,20,1,0,1,2024,18-30,1,1,0
45,2,2,2,2,2,2,0,0,0,0,0,0,0,0,1,2,2024,31-45,2,0,0
26,2,2,2,2,2,2,0,0,0,0,0,0,0,0,1,1,2024,18-30,1,0,0
28,2,2,2,2,2,2,0,0,0,0,0,0,0,0,1,2,2024,18-30,1,0,0
30,1,1,2,2,1,1,2,1,0,0,0,0,60,2,0,1,2024,18-30,1,1,1
46,1,2,1,2,2,1,0,0,2,1,0,0,15,4,0,1,2024,46-55,3,1,1
54,2,2,2,2,2,2,0,0,0,0,0,0,0,0,1,2,2024,46-55,3,0,0
66,2,2,2,1,2,2,0,0,0,0,2,1,20,3,0,1,2024,56-70,4,1,0
54,2,2,2,2,2,1,0,0,0,0,0,0,20,4,0,1,2024,46-55,3,0,1
30,1,1,1,1,2,1,1,2,1,2,1,2,30,4,0,1,2024,18-30,1,1,1
56,1,1,1,2,2,1,1,2,1,1,0,0,60,3,0,2,2024,56-70,4,1,1
56,1,1,2,1,2,1,1,2,0,0,1,2,40,3,0,1,2024,56-70,4,1,1
43,2,2,2,2,2,2,0,0,0,0,0,0,0,0,2,1,2024,31-45,2,0,0
71,1,1,1,2,2,2,2,1,2,1,0,0,70,3,0,1,2024,70+,5,1,0
63,1,2,2,1,2,1,0,0,0,0,1,2,20,3,0,1,2024,56-70,4,1,1
44,1,2,2,1,2,1,0,0,0,0,1,1,20,3,0,1,2024,31-45,2,1,1
47,2,2,2,2,2,2,0,0,0,0,0,0,0,0,3,1,2024,46-55,3,0,0
47,1,2,2,2,2,1,0,0,0,0,0,0,30,3,0,1,2024,46-55,3,0,1
19,1,1,1,1,2,1,2,1,2,1,2,1,30,3,0,1,2024,18-30,1,1,1
58,2,2,2,2,2,2,0,0,0,0,0,0,0,0,1,1,2024,56-70,4,0,0
44,0,0,0,0,0,0,0,0,0,0,0,0,0,0,0,0,2024,31-45,2,0,0
43,1,1,2,1,2,1,1,2,0,0,1,2,60,3,0,2,2024,31-45,2,1,1
47,1,1,1,2,2,2,2,1,2,1,0,0,30,3,0,1,2024,46-55,3,1,0
32,1,1,2,2,2,1,2,1,0,0,0,0,30,3,0,1,2024,31-45,2,1,1
45,1,1,1,1,2,1,2,1,1,2,1,2,30,4,0,1,2024,31-45,2,1,1
68,1,1,2,1,2,2,2,1,0,0,1,2,45,4,0,1,2024,56-70,4,1,0
71,1,1,2,2,2,2,2,1,0,0,0,0,10,3,0,3,2024,70+,5,1,0
26,1,1,1,2,1,1,1,2,2,1,0,0,60,3,0,2,2024,18-30,1,1,1
46,1,1,2,1,2,1,2,1,0,0,1,2,30,3,0,1,2024,46-55,3,1,1
61,1,1,2,1,2,2,2,1,0,0,2,1,20,2,0,3,2024,56-70,4,1,0
34,1,1,2,2,2,2,2,1,0,0,0,0,5,2,0,1,2024,31-45,2,1,0
61,2,1,2,2,2,2,2,1,0,0,0,0,10,2,0,2,2024,56-70,4,1,0
28,2,2,2,2,2,2,0,0,0,0,0,0,0,0,1,2,2024,18-30,1,0,0
27,1,1,2,2,2,1,2,1,0,0,0,0,20,1,0,2,2024,18-30,1,1,1
39,1,1,2,2,2,1,2,1,0,0,0,0,30,3,0,2,2024,31-45,2,1,1
69,1,1,2,2,2,2,2,1,0,0,0,0,30,3,0,2,2024,56-70,4,1,0
46,1,2,2,2,2,1,0,0,0,0,0,0,5,4,0,2,2024,46-55,3,0,1
59,1,2,2,1,2,2,0,0,0,0,2,1,30,2,0,2,2024,56-70,4,1,0
57,1,1,2,2,2,2,2,1,0,0,0,0,10,3,0,1,2024,56-70,4,1,0
47,1,1,2,2,2,2,2,1,0,0,0,0,10,3,0,1,2024,46-55,3,1,0
47,2,2,2,2,2,2,0,0,0,0,0,0,0,0,3,1,2024,46-55,3,0,0
40,1,1,1,2,2,1,1,2,1,2,0,0,30,3,0,1,2024,31-45,2,1,1
49,1,1,2,2,2,1,1,2,0,0,0,0,180,4,0,1,2024,46-55,3,1,1
20,1,1,2,2,2,1,1,2,0,0,0,0,60,1,0,1,2024,18-30,1,1,1
74,2,2,2,2,2,2,0,0,0,0,0,0,0,0,1,2,2024,70+,5,0,0
65,1,1,2,2,1,2,1,2,0,0,0,0,30,1,0,2,2024,56-70,4,1,0
22,1,1,1,2,2,1,1,2,2,1,0,0,10,2,0,2,2024,18-30,1,1,1
62,0,0,0,0,0,0,0,0,0,0,0,0,0,0,0,0,2024,56-70,4,0,0
41,1,1,2,2,1,1,1,2,0,0,0,0,60,3,0,1,2024,31-45,2,1,1
42,1,1,1,2,1,1,2,1,2,1,0,0,20,2,0,1,2024,31-45,2,1,1
83,1,1,2,1,2,2,2,1,0,0,2,1,30,2,0,1,2024,70+,5,1,0
76,2,2,2,2,2,2,0,0,0,0,0,0,0,0,5,2,2024,70+,5,0,0
54,1,1,2,2,2,2,2,1,0,0,0,0,30,3,0,3,2024,46-55,3,1,0
32,1,1,2,2,2,1,1,2,0,0,0,0,10,3,0,2,2024,31-45,2,1,1
58,1,1,2,2,2,2,1,2,0,0,0,0,5,3,0,2,2024,56-70,4,1,0
73,1,1,2,2,2,2,2,1,0,0,0,0,10,2,0,3,2024,70+,5,1,0
25,1,1,2,2,1,1,1,2,0,0,0,0,15,1,0,1,2024,18-30,1,1,1
48,1,1,2,2,1,2,2,1,0,0,0,0,60,3,0,1,2024,46-55,3,1,0
37,1,1,2,1,2,1,1,2,0,0,1,2,25,4,0,1,2024,31-45,2,1,1
44,1,1,2,2,1,2,2,1,0,0,0,0,15,2,0,2,2024,31-45,2,1,0
46,2,2,2,2,2,1,0,0,0,0,0,0,20,3,0,2,2024,46-55,3,0,1
37,2,2,2,2,2,2,0,0,0,0,0,0,0,0,1,1,2024,31-45,2,0,0
24,2,2,2,2,2,2,0,0,0,0,0,0,0,0,3,2,2024,18-30,1,0,0
46,2,2,2,2,2,2,0,0,0,0,0,0,0,0,3,1,2024,46-55,3,0,0
73,2,2,2,2,2,2,0,0,0,0,0,0,0,0,3,1,2024,70+,5,0,0
36,1,1,2,2,2,2,1,2,0,0,0,0,60,3,0,1,2024,31-45,2,1,0
71,2,2,2,2,2,2,0,0,0,0,0,0,0,0,3,2,2024,70+,5,0,0
39,1,2,2,2,2,1,0,0,0,0,0,0,5,2,0,1,2024,31-45,2,0,1
77,1,1,2,2,2,2,2,1,0,0,0,0,40,3,0,1,2024,70+,5,1,0
30,1,1,2,2,2,2,2,1,0,0,0,0,40,2,0,2,2024,18-30,1,1,0
39,2,2,2,2,2,2,0,0,0,0,0,0,0,0,1,2,2024,31-45,2,0,0
49,2,2,2,2,2,1,0,0,0,0,0,0,30,3,0,2,2024,46-55,3,0,1
55,1,2,2,1,2,2,0,0,0,0,2,1,20,3,0,2,2024,46-55,3,1,0
35,1,1,2,2,2,1,2,1,0,0,0,0,40,3,0,2,2024,31-45,2,1,1
44,1,2,1,2,2,1,0,0,2,1,0,0,30,3,0,2,2024,31-45,2,1,1
35,1,1,2,2,2,2,2,1,0,0,0,0,30,2,0,2,2024,31-45,2,1,0
21,2,1,1,2,1,1,1,2,1,2,0,0,30,4,0,1,2024,18-30,1,1,1
36,2,2,2,2,2,1,0,0,0,0,0,0,30,2,0,1,2024,31-45,2,0,1
41,2,2,2,2,2,2,0,0,0,0,0,0,0,0,3,1,2024,31-45,2,0,0
21,2,2,2,2,2,1,0,0,0,0,0,0,30,4,0,1,2024,18-30,1,0,1
64,2,2,2,2,2,2,0,0,0,0,0,0,0,0,3,2,2024,56-70,4,0,0
24,2,2,2,2,2,1,0,0,0,0,0,0,35,2,0,2,2024,18-30,1,0,1
20,1,1,2,2,2,1,2,1,0,0,0,0,60,4,0,2,2024,18-30,1,1,1
25,2,2,2,2,2,2,0,0,0,0,0,0,0,0,1,2,2024,18-30,1,0,0
34,2,2,2,2,2,2,0,0,0,0,0,0,0,0,1,2,2024,31-45,2,0,0
24,2,2,2,2,2,2,0,0,0,0,0,0,0,0,3,2,2024,18-30,1,0,0
44,2,2,2,2,2,1,0,0,0,0,0,0,60,4,0,1,2024,31-45,2,0,1
38,1,2,2,2,2,1,0,0,0,0,0,0,60,3,0,3,2024,31-45,2,0,1
47,1,1,1,2,2,1,2,1,1,2,0,0,30,3,0,1,2024,46-55,3,1,1
55,2,2,2,2,2,2,0,0,0,0,0,0,0,0,3,1,2024,46-55,3,0,0
60,2,2,2,2,2,2,0,0,0,0,0,0,0,0,3,1,2024,56-70,4,0,0
53,1,2,2,2,2,1,0,0,0,0,0,0,40,2,0,2,2024,46-55,3,0,1
21,2,2,2,2,2,1,0,0,0,0,0,0,60,2,0,1,2024,18-30,1,0,1
40,2,2,2,2,2,1,0,0,0,0,0,0,5,1,0,2,2024,31-45,2,0,1
55,1,1,1,2,2,1,2,1,2,1,0,0,30,2,0,1,2024,46-55,3,1,1
87,0,0,0,0,0,0,0,0,0,0,0,0,0,0,0,0,2024,70+,5,0,0
68,2,2,2,2,2,2,0,0,0,0,0,0,0,0,1,2,2024,56-70,4,0,0
41,2,2,2,2,2,2,0,0,0,0,0,0,0,0,3,2,2024,31-45,2,0,0
51,2,2,2,2,2,2,0,0,0,0,0,0,0,0,1,2,2024,46-55,3,0,0
40,1,1,2,2,2,1,2,1,0,0,0,0,120,3,0,1,2024,31-45,2,1,1
60,1,2,2,2,2,1,0,0,0,0,0,0,15,4,0,1,2024,56-70,4,0,1
62,2,2,2,1,2,1,0,0,0,0,2,1,60,3,0,3,2024,56-70,4,1,1
47,2,2,2,2,2,2,0,0,0,0,0,0,0,0,3,2,2024,46-55,3,0,0
34,2,2,2,2,2,1,0,0,0,0,0,0,30,3,0,1,2024,31-45,2,0,1
44,2,2,2,2,2,2,0,0,0,0,0,0,0,0,3,2,2024,31-45,2,0,0
33,1,1,2,2,2,2,2,1,0,0,0,0,30,3,0,1,2024,31-45,2,1,0
33,1,1,2,2,1,2,2,1,0,0,0,0,15,1,0,2,2024,31-45,2,1,0
33,1,1,2,2,2,1,2,1,0,0,0,0,300,3,0,2,2024,31-45,2,1,1
71,1,2,2,2,2,2,0,0,0,0,0,0,0,0,5,2,2024,70+,5,0,0
19,1,1,2,1,2,1,2,1,0,0,1,2,30,3,0,1,2024,18-30,1,1,1
30,2,2,2,2,2,2,0,0,0,0,0,0,0,0,1,3,2024,18-30,1,0,0
31,2,2,2,2,2,2,0,0,0,0,0,0,0,0,1,3,2024,31-45,2,0,0
40,1,1,2,2,2,1,1,2,0,0,0,0,60,3,0,2,2024,31-45,2,1,1
62,2,2,2,2,2,2,0,0,0,0,0,0,0,0,1,2,2024,56-70,4,0,0
56,2,2,2,1,2,2,0,0,0,0,1,2,10,2,0,1,2024,56-70,4,1,0
38,2,2,2,2,2,2,0,0,0,0,0,0,0,0,3,1,2024,31-45,2,0,0
32,2,2,2,2,2,2,0,0,0,0,0,0,0,0,3,1,2024,31-45,2,0,0
23,1,2,2,2,1,1,0,0,0,0,0,0,10,3,0,1,2024,18-30,1,1,1
57,1,2,2,2,2,2,0,0,0,0,0,0,0,0,3,2,2024,56-70,4,0,0
67,1,1,2,1,2,2,2,1,0,0,2,1,60,3,0,1,2024,56-70,4,1,0
18,1,1,2,2,1,1,1,2,0,0,0,0,60,3,0,1,2024,18-30,1,1,1
19,1,1,2,2,2,1,2,1,0,0,0,0,15,3,0,1,2024,18-30,1,1,1
69,2,2,2,2,2,1,0,0,0,0,0,0,15,3,0,2,2024,56-70,4,0,1
30,2,2,1,2,2,1,0,0,1,2,0,0,20,3,0,1,2024,18-30,1,1,1
54,1,1,2,2,2,2,2,1,0,0,0,0,60,1,0,2,2024,46-55,3,1,0
45,1,1,2,2,2,2,2,1,0,0,0,0,40,2,0,2,2024,31-45,2,1,0
28,1,2,1,2,2,1,0,0,1,2,0,0,20,3,0,1,2024,18-30,1,1,1
44,2,2,2,2,2,2,0,0,0,0,0,0,0,0,1,2,2024,31-45,2,0,0
44,2,2,2,2,2,1,0,0,0,0,0,0,10,3,0,2,2024,31-45,2,0,1
55,1,2,2,2,2,1,0,0,0,0,0,0,10,2,0,1,2024,46-55,3,0,1
24,1,1,2,2,2,1,1,2,0,0,0,0,60,4,0,2,2024,18-30,1,1,1
20,1,2,2,2,2,1,0,0,0,0,0,0,10,3,0,1,2024,18-30,1,0,1
42,1,2,2,2,2,1,0,0,0,0,0,0,20,3,0,2,2024,31-45,2,0,1
28,2,2,2,2,2,2,0,0,0,0,0,0,0,0,3,2,2024,18-30,1,0,0
47,2,2,2,2,2,2,0,0,0,0,0,0,0,0,1,2,2024,46-55,3,0,0
51,2,2,2,2,2,2,0,0,0,0,0,0,0,0,1,2,2024,46-55,3,0,0
21,1,2,2,2,1,2,0,0,0,0,0,0,30,2,0,2,2024,18-30,1,1,0
55,1,1,1,1,2,1,1,2,1,2,1,2,120,4,0,1,2024,46-55,3,1,1
56,2,2,2,2,2,2,0,0,0,0,0,0,0,0,3,2,2024,56-70,4,0,0
51,1,1,2,1,2,2,2,1,0,0,2,1,15,3,0,1,2024,46-55,3,1,0
61,2,2,2,2,2,2,0,0,0,0,0,0,0,0,3,2,2024,56-70,4,0,0
44,1,2,2,2,2,1,0,0,0,0,0,0,60,3,0,2,2024,31-45,2,0,1
21,2,2,2,2,2,1,0,0,0,0,0,0,38,2,0,2,2024,18-30,1,0,1
68,1,2,2,2,2,2,0,0,0,0,0,0,0,0,3,3,2024,56-70,4,0,0
28,2,2,2,2,2,2,0,0,0,0,0,0,0,0,3,3,2024,18-30,1,0,0
29,2,2,1,2,2,2,0,0,2,1,0,0,20,3,0,3,2024,18-30,1,1,0
51,2,2,2,2,2,2,0,0,0,0,0,0,0,0,3,3,2024,46-55,3,0,0
37,1,1,1,2,2,2,2,1,2,1,0,0,10,3,0,2,2024,31-45,2,1,0
62,1,2,2,1,2,2,0,0,0,0,2,1,40,3,0,1,2024,56-70,4,1,0
60,1,2,1,1,2,2,0,0,1,2,2,1,30,4,0,2,2024,56-70,4,1,0
52,1,1,2,2,2,2,2,1,0,0,0,0,45,3,0,1,2024,46-55,3,1,0
37,1,1,2,2,2,1,2,1,0,0,0,0,60,4,0,1,2024,31-45,2,1,1
33,1,2,2,1,2,2,0,0,0,0,2,1,50,3,0,1,2024,31-45,2,1,0
60,1,1,2,2,2,2,2,1,0,0,0,0,20,3,0,1,2024,56-70,4,1,0
55,2,2,2,2,2,2,0,0,0,0,0,0,0,0,3,1,2024,46-55,3,0,0
63,1,1,2,1,2,2,2,1,0,0,2,1,60,3,0,1,2024,56-70,4,1,0
40,2,2,2,2,2,2,0,0,0,0,0,0,0,0,3,2,2024,31-45,2,0,0
51,1,1,2,1,2,2,2,1,0,0,2,1,45,3,0,1,2024,46-55,3,1,0
23,1,1,2,2,2,1,2,1,0,0,0,0,50,4,0,1,2024,18-30,1,1,1
57,2,2,2,2,2,2,0,0,0,0,0,0,0,0,3,3,2024,56-70,4,0,0
78,2,2,2,2,2,2,0,0,0,0,0,0,0,0,3,2,2024,70+,5,0,0
50,2,2,2,1,2,2,0,0,0,0,2,1,10,3,0,2,2024,46-55,3,1,0
38,1,1,2,2,2,1,2,1,0,0,0,0,60,4,0,1,2024,31-45,2,1,1
48,1,1,2,2,2,2,1,2,0,0,0,0,25,3,0,1,2024,46-55,3,1,0
33,2,2,2,2,2,2,0,0,0,0,0,0,0,0,3,3,2024,31-45,2,0,0
59,1,2,2,1,2,2,0,0,0,0,2,1,50,3,0,1,2024,56-70,4,1,0
51,1,2,1,2,2,2,0,0,1,2,0,0,30,3,0,1,2024,46-55,3,1,0
80,1,2,2,1,2,2,0,0,0,0,2,1,40,2,0,1,2024,70+,5,1,0
48,1,1,2,2,2,1,2,1,0,0,0,0,60,4,0,1,2024,46-55,3,1,1
44,1,1,2,2,2,2,2,1,0,0,0,0,70,3,0,1,2024,31-45,2,1,0
42,2,2,2,2,2,2,0,0,0,0,0,0,0,0,3,2,2024,31-45,2,0,0
75,0,0,0,0,0,0,0,0,0,0,0,0,0,0,0,0,2024,70+,5,0,0
77,1,2,1,1,2,2,0,0,2,1,2,1,10,3,0,2,2024,70+,5,1,0
25,2,2,1,2,2,2,0,0,2,1,0,0,20,3,0,3,2024,18-30,1,1,0
18,1,1,2,2,2,1,2,1,0,0,0,0,60,4,0,1,2024,18-30,1,1,1
35,1,2,1,1,2,2,0,0,2,1,2,1,50,3,0,1,2024,31-45,2,1,0
57,1,2,2,1,2,2,0,0,0,0,2,1,45,3,0,1,2024,56-70,4,1,0
41,1,1,2,2,2,2,2,1,0,0,0,0,60,3,0,1,2024,31-45,2,1,0
40,2,2,2,2,2,2,0,0,0,0,0,0,0,0,3,1,2024,31-45,2,0,0
61,1,1,2,2,2,2,2,1,0,0,0,0,60,3,0,1,2024,56-70,4,1,0
24,1,1,2,2,2,2,2,1,0,0,0,0,60,3,0,1,2024,18-30,1,1,0
22,1,1,2,2,2,1,2,1,0,0,0,0,60,2,0,1,2024,18-30,1,1,1
52,1,1,2,2,2,2,2,1,0,0,0,0,60,4,0,1,2024,46-55,3,1,0
45,1,2,1,2,2,1,0,0,2,1,0,0,10,3,0,1,2024,31-45,2,1,1
88,0,0,0,0,0,0,0,0,0,0,0,0,0,0,0,0,2024,70+,5,0,0
28,1,2,2,1,2,2,0,0,0,0,2,1,45,3,0,1,2024,18-30,1,1,0
69,1,1,2,2,2,2,2,1,0,0,0,0,40,3,0,1,2024,56-70,4,1,0
42,1,1,2,2,2,2,2,1,0,0,0,0,50,3,0,1,2024,31-45,2,1,0
60,1,2,2,1,2,2,0,0,0,0,2,1,40,2,0,1,2024,56-70,4,1,0
27,1,1,2,2,2,2,2,1,0,0,0,0,60,4,0,1,2024,18-30,1,1,0
31,1,2,2,1,2,2,0,0,0,0,2,1,5,1,0,2,2024,31-45,2,1,0
81,2,2,2,2,2,2,0,0,0,0,0,0,0,0,1,2,2024,70+,5,0,0
58,2,2,2,2,2,2,0,0,0,0,0,0,0,0,3,2,2024,56-70,4,0,0
23,2,2,1,2,1,1,0,0,2,1,0,0,40,3,0,1,2024,18-30,1,1,1
44,2,2,2,2,2,2,0,0,0,0,0,0,0,0,1,2,2024,31-45,2,0,0
35,1,1,1,2,2,1,1,2,1,2,0,0,120,3,0,2,2024,31-45,2,1,1
44,1,1,2,2,2,2,2,1,0,0,0,0,40,3,0,1,2024,31-45,2,1,0
31,1,1,2,2,2,1,1,2,0,0,0,0,60,3,0,1,2024,31-45,2,1,1
28,1,1,2,2,2,1,1,2,0,0,0,0,35,3,0,2,2024,18-30,1,1,1
24,2,1,1,2,2,1,2,1,2,1,0,0,30,3,0,1,2024,18-30,1,1,1
40,1,1,2,1,2,1,2,1,0,0,2,1,30,2,0,1,2024,31-45,2,1,1
61,1,1,2,1,2,1,1,2,0,0,1,2,20,4,0,1,2024,56-70,4,1,1
69,2,2,2,2,2,2,0,0,0,0,0,0,0,0,5,1,2024,56-70,4,0,0
33,1,1,1,2,2,2,2,1,2,1,0,0,20,3,0,2,2024,31-45,2,1,0
38,1,2,2,2,2,2,0,0,0,0,0,0,0,0,2,1,2024,31-45,2,0,0
66,1,1,2,2,2,2,2,1,0,0,0,0,120,3,0,2,2024,56-70,4,1,0
57,2,2,2,2,2,2,0,0,0,0,0,0,0,0,3,3,2024,56-70,4,0,0
63,1,2,1,2,2,2,0,0,2,1,0,0,15,2,0,2,2024,56-70,4,1,0
67,1,2,2,1,2,1,0,0,0,0,2,1,60,4,0,1,2024,56-70,4,1,1
35,2,2,2,1,2,2,0,0,0,0,2,1,30,3,0,2,2024,31-45,2,1,0
50,2,2,2,1,2,2,0,0,0,0,2,1,15,3,0,1,2024,46-55,3,1,0
72,1,1,2,2,2,1,2,1,0,0,0,0,30,3,0,3,2024,70+,5,1,1
64,1,2,2,2,2,1,0,0,0,0,0,0,120,3,0,1,2024,56-70,4,0,1
71,1,2,2,2,2,1,0,0,0,0,0,0,15,3,0,1,2024,70+,5,0,1
69,2,2,2,2,2,2,0,0,0,0,0,0,0,0,1,2,2024,56-70,4,0,0
67,2,2,2,2,2,2,0,0,0,0,0,0,0,0,3,3,2024,56-70,4,0,0
58,1,1,2,1,2,1,2,1,0,0,2,1,60,4,0,2,2024,56-70,4,1,1
67,2,2,2,2,2,2,0,0,0,0,0,0,0,0,1,2,2024,56-70,4,0,0
65,2,2,2,1,2,2,0,0,0,0,2,1,30,3,0,3,2024,56-70,4,1,0
64,2,2,1,2,1,1,0,0,2,1,0,0,10,3,0,1,2024,56-70,4,1,1
42,2,1,2,1,2,1,1,2,0,0,1,2,30,3,0,1,2024,31-45,2,1,1
64,0,0,0,0,0,0,0,0,0,0,0,0,0,0,0,0,2024,56-70,4,0,0
68,2,2,2,2,2,2,0,0,0,0,0,0,0,0,2,2,2024,56-70,4,0,0
22,2,2,1,2,2,1,0,0,1,2,0,0,30,3,0,2,2024,18-30,1,1,1
65,0,0,0,0,0,0,0,0,0,0,0,0,0,0,0,0,2024,56-70,4,0,0
70,1,2,2,1,2,1,0,0,0,0,2,1,30,2,0,3,2024,56-70,4,1,1
70,2,2,2,2,2,2,0,0,0,0,0,0,0,0,3,3,2024,56-70,4,0,0
29,2,2,1,2,1,1,0,0,2,1,0,0,20,2,0,2,2024,18-30,1,1,1
38,2,2,2,2,2,1,0,0,0,0,0,0,30,3,0,2,2024,31-45,2,0,1
53,2,2,2,2,2,2,0,0,0,0,0,0,0,0,1,1,2024,46-55,3,0,0
28,2,2,2,2,2,2,0,0,0,0,0,0,0,0,3,2,2024,18-30,1,0,0
19,2,1,2,1,1,1,1,2,0,0,2,1,120,3,0,2,2024,18-30,1,1,1
19,2,2,2,2,2,1,0,0,0,0,0,0,60,2,0,1,2024,18-30,1,0,1
67,1,1,2,2,2,1,1,1,0,0,0,0,120,4,0,2,2024,56-70,4,1,1
31,1,1,2,2,2,1,2,1,0,0,0,0,30,3,0,1,2024,31-45,2,1,1
40,1,1,2,2,2,1,2,1,0,0,0,0,30,2,0,1,2024,31-45,2,1,1
63,2,2,2,2,2,2,0,0,0,0,0,0,0,0,2,1,2024,56-70,4,0,0
64,1,2,2,2,2,1,0,0,0,0,0,0,30,3,0,1,2024,56-70,4,0,1
68,2,2,2,2,2,2,0,0,0,0,0,0,0,0,5,1,2024,56-70,4,0,0
78,1,1,2,2,2,2,2,1,0,0,0,0,30,2,0,1,2024,70+,5,1,0
33,1,1,1,2,2,1,2,1,2,1,0,0,30,3,0,1,2024,31-45,2,1,1
46,2,2,2,2,2,2,0,0,0,0,0,0,0,0,3,2,2024,46-55,3,0,0
31,2,2,1,2,2,2,0,0,2,1,0,0,20,3,0,1,2024,31-45,2,1,0
47,1,1,1,2,1,2,2,1,2,1,0,0,60,2,0,1,2024,46-55,3,1,0
19,2,2,2,2,2,1,0,0,0,0,0,0,30,3,0,1,2024,18-30,1,0,1
48,1,1,2,2,2,2,2,1,0,0,0,0,10,2,0,2,2024,46-55,3,1,0
41,2,2,2,2,2,2,0,0,0,0,0,0,0,0,3,1,2024,31-45,2,0,0
74,1,2,2,2,2,2,0,0,0,0,0,0,0,0,5,1,2024,70+,5,0,0
21,1,1,1,2,2,1,2,1,2,1,0,0,20,3,0,1,2024,18-30,1,1,1
33,1,1,2,2,2,2,2,1,0,0,0,0,60,4,0,1,2024,31-45,2,1,0
23,1,1,2,2,2,1,1,1,0,0,0,0,360,4,0,1,2024,18-30,1,1,1
44,1,1,2,2,2,1,2,1,0,0,0,0,30,3,0,1,2024,31-45,2,1,1
47,1,2,2,2,2,1,0,0,0,0,0,0,30,4,0,1,2024,46-55,3,0,1
25,2,1,1,2,1,1,1,2,1,2,0,0,60,3,0,1,2024,18-30,1,1,1
41,2,2,2,1,2,1,0,0,0,0,2,1,15,4,0,2,2024,31-45,2,1,1
63,1,2,2,2,2,2,0,0,0,0,0,0,0,0,3,1,2024,56-70,4,0,0
49,2,2,2,2,2,2,0,0,0,0,0,0,0,0,3,2,2024,46-55,3,0,0
53,1,2,1,2,2,1,0,0,2,1,0,0,5,3,0,2,2024,46-55,3,1,1
37,1,1,2,1,1,2,2,1,0,0,2,1,30,4,0,1,2024,31-45,2,1,0
76,1,1,2,2,2,2,2,1,0,0,0,0,15,2,0,2,2024,70+,5,1,0
47,1,1,2,2,2,2,2,1,0,0,0,0,60,3,0,1,2024,46-55,3,1,0
63,1,2,1,2,2,2,0,0,2,1,0,0,20,2,0,2,2024,56-70,4,1,0
61,1,1,2,2,2,1,2,1,0,0,0,0,10,3,0,1,2024,56-70,4,1,1
59,1,1,2,2,2,1,2,1,0,0,0,0,120,3,0,2,2024,56-70,4,1,1
36,1,1,2,2,2,1,1,1,0,0,0,0,30,4,0,1,2024,31-45,2,1,1
21,1,1,2,2,2,1,1,2,0,0,0,0,10,3,0,1,2024,18-30,1,1,1
51,2,2,2,2,2,2,0,0,0,0,0,0,0,0,3,1,2024,46-55,3,0,0
